  0
SECTION
  2
HEADER
  9
$ACADVER
  1
AC1014
  9
$ACADMAINTVER
 70
     9
  9
$DWGCODEPAGE
  3
ANSI_1252
  9
$INSBASE
 10
0.0
 20
0.0
 30
0.0
  9
$EXTMIN
 10
10.52507058529272
 20
7.079501328419347
 30
0.0
  9
$EXTMAX
 10
612.4023516535403
 20
1091.579501328423
 30
0.0
  9
$LIMMIN
 10
0.0
 20
0.0
  9
$LIMMAX
 10
12.0
 20
9.0
  9
$ORTHOMODE
 70
     0
  9
$REGENMODE
 70
     1
  9
$FILLMODE
 70
     1
  9
$QTEXTMODE
 70
     0
  9
$MIRRTEXT
 70
     0
  9
$DRAGMODE
 70
     2
  9
$LTSCALE
 40
1.0
  9
$OSMODE
 70
    37
  9
$ATTMODE
 70
     1
  9
$TEXTSIZE
 40
0.2
  9
$TRACEWID
 40
0.05
  9
$TEXTSTYLE
  7
STANDARD
  9
$CLAYER
  8
WALLS
  9
$CELTYPE
  6
BYLAYER
  9
$CECOLOR
 62
   256
  9
$CELTSCALE
 40
1.0
  9
$DELOBJ
 70
     1
  9
$DISPSILH
 70
     0
  9
$DIMSCALE
 40
1.0
  9
$DIMASZ
 40
0.18
  9
$DIMEXO
 40
0.0625
  9
$DIMDLI
 40
0.38
  9
$DIMRND
 40
0.0
  9
$DIMDLE
 40
0.0
  9
$DIMEXE
 40
0.18
  9
$DIMTP
 40
0.0
  9
$DIMTM
 40
0.0
  9
$DIMTXT
 40
0.18
  9
$DIMCEN
 40
0.09
  9
$DIMTSZ
 40
0.0
  9
$DIMTOL
 70
     0
  9
$DIMLIM
 70
     0
  9
$DIMTIH
 70
     1
  9
$DIMTOH
 70
     1
  9
$DIMSE1
 70
     0
  9
$DIMSE2
 70
     0
  9
$DIMTAD
 70
     0
  9
$DIMZIN
 70
     0
  9
$DIMBLK
  1

  9
$DIMASO
 70
     1
  9
$DIMSHO
 70
     1
  9
$DIMPOST
  1

  9
$DIMAPOST
  1

  9
$DIMALT
 70
     0
  9
$DIMALTD
 70
     2
  9
$DIMALTF
 40
25.4
  9
$DIMLFAC
 40
1.0
  9
$DIMTOFL
 70
     0
  9
$DIMTVP
 40
0.0
  9
$DIMTIX
 70
     0
  9
$DIMSOXD
 70
     0
  9
$DIMSAH
 70
     0
  9
$DIMBLK1
  1

  9
$DIMBLK2
  1

  9
$DIMSTYLE
  2
STANDARD
  9
$DIMCLRD
 70
     0
  9
$DIMCLRE
 70
     0
  9
$DIMCLRT
 70
     0
  9
$DIMTFAC
 40
1.0
  9
$DIMGAP
 40
0.09
  9
$DIMJUST
 70
     0
  9
$DIMSD1
 70
     0
  9
$DIMSD2
 70
     0
  9
$DIMTOLJ
 70
     1
  9
$DIMTZIN
 70
     0
  9
$DIMALTZ
 70
     0
  9
$DIMALTTZ
 70
     0
  9
$DIMFIT
 70
     3
  9
$DIMUPT
 70
     0
  9
$DIMUNIT
 70
     2
  9
$DIMDEC
 70
     4
  9
$DIMTDEC
 70
     4
  9
$DIMALTU
 70
     2
  9
$DIMALTTD
 70
     2
  9
$DIMTXSTY
  7
STANDARD
  9
$DIMAUNIT
 70
     0
  9
$LUNITS
 70
     2
  9
$LUPREC
 70
     4
  9
$SKETCHINC
 40
0.1
  9
$FILLETRAD
 40
0.0
  9
$AUNITS
 70
     0
  9
$AUPREC
 70
     0
  9
$MENU
  1
.
  9
$ELEVATION
 40
0.0
  9
$PELEVATION
 40
0.0
  9
$THICKNESS
 40
0.0
  9
$LIMCHECK
 70
     0
  9
$CHAMFERA
 40
0.0
  9
$CHAMFERB
 40
0.0
  9
$CHAMFERC
 40
0.0
  9
$CHAMFERD
 40
0.0
  9
$SKPOLY
 70
     0
  9
$TDCREATE
 40
2461136.17306713
  9
$TDUPDATE
 40
2461136.282541146
  9
$TDINDWG
 40
0.0178009259
  9
$TDUSRTIMER
 40
0.0178009259
  9
$USRTIMER
 70
     1
  9
$ANGBASE
 50
0.0
  9
$ANGDIR
 70
     0
  9
$PDMODE
 70
     0
  9
$PDSIZE
 40
0.0
  9
$PLINEWID
 40
0.0
  9
$COORDS
 70
     1
  9
$SPLFRAME
 70
     0
  9
$SPLINETYPE
 70
     6
  9
$SPLINESEGS
 70
     8
  9
$ATTDIA
 70
     0
  9
$ATTREQ
 70
     1
  9
$HANDLING
 70
     1
  9
$HANDSEED
  5
BAD
  9
$SURFTAB1
 70
     6
  9
$SURFTAB2
 70
     6
  9
$SURFTYPE
 70
     6
  9
$SURFU
 70
     6
  9
$SURFV
 70
     6
  9
$UCSNAME
  2

  9
$UCSORG
 10
0.0
 20
0.0
 30
0.0
  9
$UCSXDIR
 10
1.0
 20
0.0
 30
0.0
  9
$UCSYDIR
 10
0.0
 20
1.0
 30
0.0
  9
$PUCSNAME
  2

  9
$PUCSORG
 10
0.0
 20
0.0
 30
0.0
  9
$PUCSXDIR
 10
1.0
 20
0.0
 30
0.0
  9
$PUCSYDIR
 10
0.0
 20
1.0
 30
0.0
  9
$USERI1
 70
     0
  9
$USERI2
 70
     0
  9
$USERI3
 70
     0
  9
$USERI4
 70
     0
  9
$USERI5
 70
     0
  9
$USERR1
 40
0.0
  9
$USERR2
 40
0.0
  9
$USERR3
 40
0.0
  9
$USERR4
 40
0.0
  9
$USERR5
 40
0.0
  9
$WORLDVIEW
 70
     1
  9
$SHADEDGE
 70
     3
  9
$SHADEDIF
 70
    70
  9
$TILEMODE
 70
     1
  9
$MAXACTVP
 70
    64
  9
$PINSBASE
 10
0.0
 20
0.0
 30
0.0
  9
$PLIMCHECK
 70
     0
  9
$PEXTMIN
 10
0.0
 20
0.0
 30
0.0
  9
$PEXTMAX
 10
0.0
 20
0.0
 30
0.0
  9
$PLIMMIN
 10
0.0
 20
0.0
  9
$PLIMMAX
 10
12.0
 20
9.0
  9
$UNITMODE
 70
     0
  9
$VISRETAIN
 70
     1
  9
$PLINEGEN
 70
     0
  9
$PSLTSCALE
 70
     1
  9
$TREEDEPTH
 70
  3020
  9
$PICKSTYLE
 70
     1
  9
$CMLSTYLE
  2
STANDARD
  9
$CMLJUST
 70
     0
  9
$CMLSCALE
 40
1.0
  9
$PROXYGRAPHICS
 70
     1
  9
$MEASUREMENT
 70
     0
  0
ENDSEC
  0
SECTION
  2
CLASSES
  0
CLASS
  1
ACDBDICTIONARYWDFLT
  2
AcDbDictionaryWithDefault
  3
ObjectDBX Classes
 90
        0
280
     0
281
     0
  0
CLASS
  1
ACDBPLACEHOLDER
  2
AcDbPlaceHolder
  3
ObjectDBX Classes
 90
        0
280
     0
281
     0
  0
CLASS
  1
LAYOUT
  2
AcDbLayout
  3
ObjectDBX Classes
 90
        0
280
     0
281
     0
  0
CLASS
  1
DICTIONARYVAR
  2
AcDbDictionaryVar
  3
ObjectDBX Classes
 90
        0
280
     0
281
     0
  0
CLASS
  1
TABLESTYLE
  2
AcDbTableStyle
  3
ObjectDBX Classes
 90
     4095
280
     0
281
     0
  0
CLASS
  1
MATERIAL
  2
AcDbMaterial
  3
ObjectDBX Classes
 90
     1153
280
     0
281
     0
  0
CLASS
  1
VISUALSTYLE
  2
AcDbVisualStyle
  3
ObjectDBX Classes
 90
     4095
280
     0
281
     0
  0
CLASS
  1
SCALE
  2
AcDbScale
  3
ObjectDBX Classes
 90
     1153
280
     0
281
     0
  0
CLASS
  1
MLEADERSTYLE
  2
AcDbMLeaderStyle
  3
ACDB_MLEADERSTYLE_CLASS
 90
     4095
280
     0
281
     0
  0
CLASS
  1
CELLSTYLEMAP
  2
AcDbCellStyleMap
  3
ObjectDBX Classes
 90
     1152
280
     0
281
     0
  0
CLASS
  1
EXACXREFPANELOBJECT
  2
ExAcXREFPanelObject
  3
EXAC_ESW
 90
     1025
280
     1
281
     0
  0
CLASS
  1
NPOCOLLECTION
  2
AcDbImpNonPersistentObjectsCollection
  3
ObjectDBX Classes
 90
     1153
280
     1
281
     0
  0
CLASS
  1
LAYER_INDEX
  2
AcDbLayerIndex
  3
ObjectDBX Classes
 90
        0
280
     0
281
     0
  0
CLASS
  1
SPATIAL_INDEX
  2
AcDbSpatialIndex
  3
AutoCAD 2000
 90
        0
280
     0
281
     0
  0
CLASS
  1
IDBUFFER
  2
AcDbIdBuffer
  3
ObjectDBX Classes
 90
        0
280
     0
281
     0
  0
CLASS
  1
ACDBSECTIONVIEWSTYLE
  2
AcDbSectionViewStyle
  3
ObjectDBX Classes
 90
     1025
280
     0
281
     0
  0
CLASS
  1
ACDBDETAILVIEWSTYLE
  2
AcDbDetailViewStyle
  3
ObjectDBX Classes
 90
     1025
280
     0
281
     0
  0
CLASS
  1
SORTENTSTABLE
  2
AcDbSortentsTable
  3
ObjectDBX Classes
 90
        0
280
     0
281
     0
  0
CLASS
  1
SOLID_BACKGROUND
  2
AcDbSolidBackground
  3
SCENEOE
 90
     4095
280
     0
281
     0
  0
CLASS
  1
XRECORD
  2
AcDbXrecord
  3
ObjectDBX Classes
 90
        0
280
     0
281
     0
  0
CLASS
  1
LWPOLYLINE
  2
AcDbPolyline
  3
ObjectDBX Classes
 90
        0
280
     0
281
     1
  0
CLASS
  1
HATCH
  2
AcDbHatch
  3
ObjectDBX Classes
 90
        0
280
     0
281
     1
  0
ENDSEC
  0
SECTION
  2
TABLES
  0
TABLE
  2
VPORT
  5
8
102
{ACAD_XDICTIONARY
360
BA7
102
}
330
0
100
AcDbSymbolTable
 70
     1
  0
VPORT
  5
94
330
8
100
AcDbSymbolTableRecord
100
AcDbViewportTableRecord
  2
*ACTIVE
 70
     0
 10
0.0
 20
0.0
 11
1.0
 21
1.0
 12
78.79153248607145
 22
-172.6161032824895
 13
0.0
 23
0.0
 14
0.5
 24
0.5
 15
0.5
 25
0.5
 16
-7.958078640513122E-13
 26
0.0
 36
3588.782318765964
 17
310.5250778198242
 27
549.329484462738
 37
0.0
 40
424.6593012651889
 41
2.17704280155642
 42
50.0
 43
0.0
 44
0.0
 50
0.0
 51
0.0
 71
     0
 72
  1000
 73
     1
 74
     3
 75
     0
 76
     1
 77
     0
 78
     0
1001
ACAD_NAV_VCDISPLAY
1070
     3
  0
ENDTAB
  0
TABLE
  2
LTYPE
  5
5
330
0
100
AcDbSymbolTable
 70
     2
  0
LTYPE
  5
14
330
5
100
AcDbSymbolTableRecord
100
AcDbLinetypeTableRecord
  2
BYBLOCK
 70
     0
  3

 72
    65
 73
     0
 40
0.0
  0
LTYPE
  5
15
330
5
100
AcDbSymbolTableRecord
100
AcDbLinetypeTableRecord
  2
BYLAYER
 70
     0
  3

 72
    65
 73
     0
 40
0.0
  0
LTYPE
  5
16
330
5
100
AcDbSymbolTableRecord
100
AcDbLinetypeTableRecord
  2
CONTINUOUS
 70
     0
  3
Solid line
 72
    65
 73
     0
 40
0.0
  0
LTYPE
  5
79E
330
5
100
AcDbSymbolTableRecord
100
AcDbLinetypeTableRecord
  2
HIDDEN
 70
     0
  3
Hidden __ __ __ __ __ __ __ __ __ __ __ __ __ _
 72
    65
 73
     2
 40
0.375
 49
0.25
 74
     0
 49
-0.125
 74
     0
  0
ENDTAB
  0
TABLE
  2
LAYER
  5
2
102
{ACAD_XDICTIONARY
360
18E
102
}
330
0
100
AcDbSymbolTable
 70
    11
  0
LAYER
  5
10
330
2
100
AcDbSymbolTableRecord
100
AcDbLayerTableRecord
  2
0
 70
     0
 62
     7
  6
CONTINUOUS
  0
LAYER
  5
79F
330
2
100
AcDbSymbolTableRecord
100
AcDbLayerTableRecord
  2
LINE
 70
     0
 62
     7
  6
CONTINUOUS
1001
ACAECLAYERSTANDARD
1000

1000

  0
LAYER
  5
7A1
330
2
100
AcDbSymbolTableRecord
100
AcDbLayerTableRecord
  2
FURN
 70
     0
 62
   144
  6
CONTINUOUS
  0
LAYER
  5
7A3
330
2
100
AcDbSymbolTableRecord
100
AcDbLayerTableRecord
  2
FURNITURE
 70
     0
 62
    44
  6
CONTINUOUS
  0
LAYER
  5
7A5
330
2
100
AcDbSymbolTableRecord
100
AcDbLayerTableRecord
  2
1234
 70
     0
 62
     7
  6
CONTINUOUS
1001
ACAECLAYERSTANDARD
1000

1000

  0
LAYER
  5
7A7
330
2
100
AcDbSymbolTableRecord
100
AcDbLayerTableRecord
  2
WALLS
 70
     0
 62
     7
  6
CONTINUOUS
  0
LAYER
  5
B4B
330
2
100
AcDbSymbolTableRecord
100
AcDbLayerTableRecord
  2
LABELS
 70
     0
 62
    61
  6
CONTINUOUS
1001
ACAECLAYERSTANDARD
1000

1000

1001
ACCMTRANSPARENCY
1071
        0
  0
LAYER
  5
B5F
330
2
100
AcDbSymbolTableRecord
100
AcDbLayerTableRecord
  2
WINDOWS
 70
     0
 62
   140
  6
CONTINUOUS
1001
ACAECLAYERSTANDARD
1000

1000

1001
ACCMTRANSPARENCY
1071
        0
  0
LAYER
  5
B7F
330
2
100
AcDbSymbolTableRecord
100
AcDbLayerTableRecord
  2
DOORS
 70
     0
 62
    42
  6
CONTINUOUS
1001
ACAECLAYERSTANDARD
1000

1000

1001
ACCMTRANSPARENCY
1071
        0
  0
LAYER
  5
B80
330
2
100
AcDbSymbolTableRecord
100
AcDbLayerTableRecord
  2
STAIRS
 70
     0
 62
    41
  6
CONTINUOUS
1001
ACAECLAYERSTANDARD
1000

1000

1001
ACCMTRANSPARENCY
1071
        0
  0
LAYER
  5
B81
330
2
100
AcDbSymbolTableRecord
100
AcDbLayerTableRecord
  2
UP
 70
     0
 62
    41
  6
CONTINUOUS
1001
ACAECLAYERSTANDARD
1000

1000

1001
ACCMTRANSPARENCY
1071
        0
  0
ENDTAB
  0
TABLE
  2
STYLE
  5
3
330
0
100
AcDbSymbolTable
 70
     6
  0
STYLE
  5
11
330
3
100
AcDbSymbolTableRecord
100
AcDbTextStyleTableRecord
  2
STANDARD
 70
     0
 40
0.0
 41
1.0
 50
0.0
 71
     0
 42
0.2
  3
arial.ttf
  4

1001
ACAD
1000
Arial
1071
       34
  0
STYLE
  5
DC
330
3
100
AcDbSymbolTableRecord
100
AcDbTextStyleTableRecord
  2
ANNOTATIVE
 70
     0
 40
0.0
 41
1.0
 50
0.0
 71
     0
 42
0.2
  3
arial.ttf
  4

1001
ACADANNOTATIVE
1000
AnnotativeData
1002
{
1070
     1
1070
     1
1002
}
1001
ACAD
1000
Arial
1071
       34
  0
STYLE
  5
7A9
330
3
100
AcDbSymbolTableRecord
100
AcDbTextStyleTableRecord
  2
TECH
 70
     0
 40
4.5
 41
1.0
 50
0.0
 71
     0
 42
4.5
  3
techb___.ttf
  4

1001
ACAD
1000
TechnicBold
1071
      514
  0
STYLE
  5
7AA
330
3
100
AcDbSymbolTableRecord
100
AcDbTextStyleTableRecord
  2
DIM
 70
     0
 40
4.0
 41
1.0
 50
0.0
 71
     0
 42
2.5
  3
techb___.ttf
  4

1001
ACAD
1000
TechnicBold
1071
      514
  0
STYLE
  5
7AB
330
3
100
AcDbSymbolTableRecord
100
AcDbTextStyleTableRecord
  2
LUCID
 70
     0
 40
5.0
 41
1.0
 50
0.0
 71
     0
 42
5.0
  3

  4

1001
ACAD
1000
Lucida Sans
1071
 16777250
  0
STYLE
  5
7AC
330
3
100
AcDbSymbolTableRecord
100
AcDbTextStyleTableRecord
  2
DETAIL
 70
     0
 40
0.0
 41
1.0
 50
0.0
 71
     0
 42
1.5
  3
arial.ttf
  4

1001
ACAD
1000
Arial
1071
       34
  0
ENDTAB
  0
TABLE
  2
VIEW
  5
6
330
0
100
AcDbSymbolTable
 70
     0
  0
ENDTAB
  0
TABLE
  2
UCS
  5
7
330
0
100
AcDbSymbolTable
 70
     0
  0
ENDTAB
  0
TABLE
  2
APPID
  5
9
330
0
100
AcDbSymbolTable
 70
    12
  0
APPID
  5
12
330
9
100
AcDbSymbolTableRecord
100
AcDbRegAppTableRecord
  2
ACAD
 70
     0
  0
APPID
  5
DD
330
9
100
AcDbSymbolTableRecord
100
AcDbRegAppTableRecord
  2
ACADANNOPO
 70
     0
  0
APPID
  5
DE
330
9
100
AcDbSymbolTableRecord
100
AcDbRegAppTableRecord
  2
ACADANNOTATIVE
 70
     0
  0
APPID
  5
DF
330
9
100
AcDbSymbolTableRecord
100
AcDbRegAppTableRecord
  2
ACAD_DSTYLE_DIMJAG
 70
     0
  0
APPID
  5
E0
330
9
100
AcDbSymbolTableRecord
100
AcDbRegAppTableRecord
  2
ACAD_DSTYLE_DIMTALN
 70
     0
  0
APPID
  5
107
330
9
100
AcDbSymbolTableRecord
100
AcDbRegAppTableRecord
  2
ACAD_MLEADERVER
 70
     0
  0
APPID
  5
1A6
330
9
100
AcDbSymbolTableRecord
100
AcDbRegAppTableRecord
  2
ACAD_NAV_VCDISPLAY
 70
     0
  0
APPID
  5
7B1
330
9
100
AcDbSymbolTableRecord
100
AcDbRegAppTableRecord
  2
ACAECLAYERSTANDARD
 70
     0
  0
APPID
  5
7B2
330
9
100
AcDbSymbolTableRecord
100
AcDbRegAppTableRecord
  2
ACAD_PSEXT
 70
     0
  0
APPID
  5
7B3
330
9
100
AcDbSymbolTableRecord
100
AcDbRegAppTableRecord
  2
ACAD_DSTYLE_DIMJOGGED_JOGA
 70
     0
  0
APPID
  5
B44
330
9
100
AcDbSymbolTableRecord
100
AcDbRegAppTableRecord
  2
ACAD_EXEMPT_FROM_CAD_STAND
 70
     0
  0
APPID
  5
B4C
330
9
100
AcDbSymbolTableRecord
100
AcDbRegAppTableRecord
  2
ACCMTRANSPARENCY
 70
     0
  0
ENDTAB
  0
TABLE
  2
DIMSTYLE
  5
A
330
0
100
AcDbSymbolTable
 70
     6
  0
DIMSTYLE
105
27
330
A
100
AcDbSymbolTableRecord
100
AcDbDimStyleTableRecord
  2
STANDARD
 70
     0
  3

  4

  5

  6

  7

 40
1.0
 41
0.18
 42
0.0625
 43
0.38
 44
0.18
 45
0.0
 46
0.0
 47
0.0
 48
0.0
140
0.18
141
0.09
142
0.0
143
25.4
144
1.0
145
0.0
146
1.0
147
0.09
 71
     0
 72
     0
 73
     1
 74
     1
 75
     0
 76
     0
 77
     0
 78
     0
170
     0
171
     2
172
     0
173
     0
174
     0
175
     0
176
     0
177
     0
178
     0
270
     2
271
     4
272
     4
273
     2
274
     2
340
11
275
     0
280
     0
281
     0
282
     0
283
     1
284
     0
285
     0
286
     0
287
     3
288
     0
  0
DIMSTYLE
105
E1
330
A
100
AcDbSymbolTableRecord
100
AcDbDimStyleTableRecord
  2
ANNOTATIVE
 70
     0
  3

  4

  5

  6

  7

 40
0.0
 41
0.18
 42
0.0625
 43
0.38
 44
0.18
 45
0.0
 46
0.0
 47
0.0
 48
0.0
140
0.18
141
0.09
142
0.0
143
25.4
144
1.0
145
0.0
146
1.0
147
0.09
 71
     0
 72
     0
 73
     1
 74
     1
 75
     0
 76
     0
 77
     0
 78
     0
170
     0
171
     2
172
     0
173
     0
174
     0
175
     0
176
     0
177
     0
178
     0
270
     2
271
     4
272
     4
273
     2
274
     2
340
11
275
     0
280
     0
281
     0
282
     0
283
     1
284
     0
285
     0
286
     0
287
     3
288
     0
1001
ACADANNOTATIVE
1000
AnnotativeData
1002
{
1070
     1
1070
     1
1002
}
1001
ACAD_DSTYLE_DIMJAG
1070
   388
1040
1.5
1001
ACAD_DSTYLE_DIMTALN
1070
   392
1070
     0
  0
DIMSTYLE
105
7AD
330
A
100
AcDbSymbolTableRecord
100
AcDbDimStyleTableRecord
  2
TECH
 70
     0
  3

  4

  5
DOT
  6

  7

 40
1.0
 41
2.5
 42
1.5
 43
0.5
 44
2.5
 45
0.0
 46
0.0
 47
0.0
 48
0.0
140
3.5
141
1.0
142
0.0
143
25.4
144
1.0
145
0.0
146
0.6600000000000003
147
1.5
 71
     0
 72
     0
 73
     0
 74
     0
 75
     0
 76
     0
 77
     1
 78
     3
170
     0
171
     2
172
     1
173
     0
174
     0
175
     0
176
   256
177
   256
178
   256
270
     4
271
     2
272
     2
273
     2
274
     2
340
7A9
275
     0
280
     0
281
     0
282
     0
283
     1
284
     0
285
     0
286
     0
287
     5
288
     0
1001
ACAD_DSTYLE_DIMJOGGED_JOGA
1070
   384
1040
0.7853981633974483
  0
DIMSTYLE
105
7AE
330
A
100
AcDbSymbolTableRecord
100
AcDbDimStyleTableRecord
  2
DIM
 70
     0
  3

  4

  5
DOT
  6

  7

 40
1.0
 41
1.5
 42
0.25
 43
0.5
 44
1.375
 45
0.0
 46
0.0
 47
0.0
 48
0.0
140
2.0
141
0.0625
142
0.0
143
25.4
144
1.0
145
0.0
146
0.6600000000000003
147
0.625
 71
     0
 72
     0
 73
     0
 74
     1
 75
     0
 76
     0
 77
     1
 78
     3
170
     0
171
     2
172
     1
173
     0
174
     0
175
     0
176
   256
177
   256
178
   256
179
     1
270
     4
271
     2
272
     2
273
     6
274
     2
340
7AA
275
     0
280
     0
281
     0
282
     0
283
     1
284
     0
285
     0
286
     0
287
     5
288
     0
1001
ACAD_DSTYLE_DIMJAG
1070
   388
1040
1.5
1001
ACAD_DSTYLE_DIMTALN
1070
   392
1070
     0
  0
DIMSTYLE
105
7AF
330
A
100
AcDbSymbolTableRecord
100
AcDbDimStyleTableRecord
  2
LUCID
 70
     0
  3

  4

  5

  6

  7

 40
1.0
 41
3.0
 42
1.0
 43
0.5
 44
2.0
 45
0.0
 46
0.0
 47
0.0
 48
0.0
140
4.0
141
0.5
142
0.0
143
25.4
144
1.0
145
0.0
146
0.6600000000000003
147
1.5
 71
     0
 72
     0
 73
     0
 74
     1
 75
     0
 76
     0
 77
     1
 78
     3
170
     0
171
     2
172
     1
173
     0
174
     0
175
     0
176
   256
177
   256
178
   256
179
     1
270
     4
271
     2
272
     2
273
     6
274
     2
340
7AB
275
     0
280
     0
281
     0
282
     0
283
     1
284
     0
285
     0
286
     0
287
     5
288
     0
  0
DIMSTYLE
105
7B0
330
A
100
AcDbSymbolTableRecord
100
AcDbDimStyleTableRecord
  2
DETAIL
 70
     0
  3

  4

  5
ARCHTICK
  6

  7

 40
1.0
 41
2.0
 42
0.375
 43
0.125
 44
0.625
 45
0.0
 46
0.5
 47
0.0
 48
0.0
140
4.0
141
1.0
142
0.0
143
25.4
144
1.0
145
0.0
146
0.6600000000000003
147
0.75
 71
     0
 72
     0
 73
     0
 74
     0
 75
     0
 76
     0
 77
     1
 78
     3
170
     0
171
     2
172
     1
173
     0
174
     0
175
     0
176
   256
177
   256
178
   256
179
     1
270
     4
271
     2
272
     2
273
     6
274
     2
340
7AC
275
     0
280
     0
281
     0
282
     0
283
     1
284
     8
285
     0
286
     0
287
     5
288
     0
1001
ACAD_DSTYLE_DIMJOGGED_JOGA
1070
   384
1040
1.570796326794896
  0
ENDTAB
  0
TABLE
  2
BLOCK_RECORD
  5
1
330
0
100
AcDbSymbolTable
 70
    16
  0
BLOCK_RECORD
  5
1F
102
{ACAD_XDICTIONARY
360
15D
102
}
330
1
100
AcDbSymbolTableRecord
100
AcDbBlockTableRecord
  2
*MODEL_SPACE
  0
BLOCK_RECORD
  5
58
330
1
100
AcDbSymbolTableRecord
100
AcDbBlockTableRecord
  2
*PAPER_SPACE
  0
BLOCK_RECORD
  5
245
102
{ACAD_XDICTIONARY
360
246
102
}
330
1
100
AcDbSymbolTableRecord
100
AcDbBlockTableRecord
  2
_DOT
  0
BLOCK_RECORD
  5
24C
330
1
100
AcDbSymbolTableRecord
100
AcDbBlockTableRecord
  2
A$C092F29D2
  0
BLOCK_RECORD
  5
2A5
330
1
100
AcDbSymbolTableRecord
100
AcDbBlockTableRecord
  2
FURN-G6
  0
BLOCK_RECORD
  5
2B3
330
1
100
AcDbSymbolTableRecord
100
AcDbBlockTableRecord
  2
FURN-G5
  0
BLOCK_RECORD
  5
2B8
330
1
100
AcDbSymbolTableRecord
100
AcDbBlockTableRecord
  2
FURN-G7
  0
BLOCK_RECORD
  5
2FD
330
1
100
AcDbSymbolTableRecord
100
AcDbBlockTableRecord
  2
CORNER_TABLE_2X2
1001
ACAD
1000
DesignCenter Data
1002
{
1070
     1
1070
     1
1002
}
  0
BLOCK_RECORD
  5
30E
330
1
100
AcDbSymbolTableRecord
100
AcDbBlockTableRecord
  2
CARPET_RECT_OK
1001
ACAD
1000
DesignCenter Data
1002
{
1070
     1
1070
     1
1002
}
  0
BLOCK_RECORD
  5
495
330
1
100
AcDbSymbolTableRecord
100
AcDbBlockTableRecord
  2
FURN-G127
  0
BLOCK_RECORD
  5
4C4
330
1
100
AcDbSymbolTableRecord
100
AcDbBlockTableRecord
  2
FURN-G126
  0
BLOCK_RECORD
  5
4CC
330
1
100
AcDbSymbolTableRecord
100
AcDbBlockTableRecord
  2
FURN-G128
  0
BLOCK_RECORD
  5
505
102
{ACAD_XDICTIONARY
360
506
102
}
330
1
100
AcDbSymbolTableRecord
100
AcDbBlockTableRecord
  2
_ARCHTICK
  0
BLOCK_RECORD
  5
50B
330
1
100
AcDbSymbolTableRecord
100
AcDbBlockTableRecord
  2
AFDSAF
1001
ACAD
1000
DesignCenter Data
1002
{
1070
     1
1070
     1
1002
}
  0
BLOCK_RECORD
  5
6EE
330
1
100
AcDbSymbolTableRecord
100
AcDbBlockTableRecord
  2
AFEDADSDF
1001
ACAD
1000
DesignCenter Data
1002
{
1070
     1
1070
     1
1002
}
  0
BLOCK_RECORD
  5
75E
330
1
100
AcDbSymbolTableRecord
100
AcDbBlockTableRecord
  2
DAS
1001
ACAD
1000
DesignCenter Data
1002
{
1070
     1
1070
     1
1002
}
  0
BLOCK_RECORD
  5
767
102
{ACAD_XDICTIONARY
360
768
102
}
330
1
100
AcDbSymbolTableRecord
100
AcDbBlockTableRecord
  2
A$C798D1D60
1001
ACAD
1000
DesignCenter Data
1002
{
1070
     1
1070
     1
1002
}
  0
BLOCK_RECORD
  5
773
102
{ACAD_XDICTIONARY
360
774
102
}
330
1
100
AcDbSymbolTableRecord
100
AcDbBlockTableRecord
  2
A$C089D5E05
1001
ACAD
1000
DesignCenter Data
1002
{
1070
     1
1070
     1
1002
}
  0
ENDTAB
  0
ENDSEC
  0
SECTION
  2
BLOCKS
  0
BLOCK
  5
20
330
1F
100
AcDbEntity
  8
0
100
AcDbBlockBegin
  2
*MODEL_SPACE
 70
     0
 10
0.0
 20
0.0
 30
0.0
  3
*MODEL_SPACE
  1

  0
ENDBLK
  5
21
330
1F
100
AcDbEntity
  8
0
100
AcDbBlockEnd
  0
BLOCK
  5
5A
330
58
100
AcDbEntity
 67
     1
  8
0
100
AcDbBlockBegin
  2
*PAPER_SPACE
 70
     0
 10
0.0
 20
0.0
 30
0.0
  3
*PAPER_SPACE
  1

  0
ENDBLK
  5
5B
330
58
100
AcDbEntity
 67
     1
  8
0
100
AcDbBlockEnd
  0
BLOCK
  5
248
330
245
100
AcDbEntity
  8
0
100
AcDbBlockBegin
  2
_DOT
 70
     0
 10
0.0
 20
0.0
 30
0.0
  3
_DOT
  1

  0
LWPOLYLINE
  5
249
330
245
100
AcDbEntity
  8
0
  6
BYBLOCK
 62
     0
100
AcDbPolyline
 90
        2
 70
     1
 43
0.5
 10
-0.25
 20
0.0
 42
1.0
 10
0.25
 20
0.0
 42
1.0
  0
LINE
  5
24A
330
245
100
AcDbEntity
  8
0
  6
BYBLOCK
 62
     0
100
AcDbLine
 10
-0.5
 20
0.0
 30
0.0
 11
-1.0
 21
0.0
 31
0.0
  0
ENDBLK
  5
24B
330
245
100
AcDbEntity
  8
0
100
AcDbBlockEnd
  0
BLOCK
  5
24D
330
24C
100
AcDbEntity
  8
0
100
AcDbBlockBegin
  2
A$C092F29D2
 70
     0
 10
0.0
 20
0.0
 30
0.0
  3
A$C092F29D2
  1

  0
ARC
  5
24E
330
24C
100
AcDbEntity
  8
FURN
100
AcDbCircle
 10
50.11858636081662
 20
140.2155403838169
 30
0.0
 40
2.651066999999998
100
AcDbArc
 50
165.1674560000039
 51
242.8223879999979
  0
ARC
  5
24F
330
24C
100
AcDbEntity
  8
FURN
100
AcDbCircle
 10
25.40258436081649
 20
-1.660937616183218
 30
0.0
 40
144.497483
100
AcDbArc
 50
78.94309600000237
 51
87.3266250000175
  0
ARC
  5
250
330
24C
100
AcDbEntity
  8
FURN
100
AcDbCircle
 10
22.51647336081624
 20
-34.58581261618292
 30
0.0
 40
178.533788
100
AcDbArc
 50
79.6016389999827
 51
86.86687999998921
  0
ARC
  5
251
330
24C
100
AcDbEntity
  8
FURN
100
AcDbCircle
 10
30.81445636081618
 20
-40.17204661618325
 30
0.0
 40
129.036876
100
AcDbArc
 50
80.61652299998143
 51
89.37163700001135
  0
ARC
  5
252
330
24C
100
AcDbEntity
  8
FURN
100
AcDbCircle
 10
31.4115813608164
 20
44.52311338381696
 30
0.0
 40
59.55708000000001
100
AcDbArc
 50
67.1194399999839
 51
89.21303800000567
  0
ARC
  5
253
330
24C
100
AcDbEntity
  8
FURN
100
AcDbCircle
 10
31.5012873608166
 20
44.78887638381684
 30
0.0
 40
60.506261
100
AcDbArc
 50
69.6526400000131
 51
89.31033699999502
  0
LINE
  5
254
330
24C
100
AcDbEntity
  8
FURN
100
AcDbLine
 10
51.41286536081635
 20
41.62199038381685
 30
0.0
 11
32.22957636081628
 21
41.62199038381685
 31
0.0
  0
ARC
  5
255
330
24C
100
AcDbEntity
  8
FURN
100
AcDbCircle
 10
31.41333236081664
 20
220.8039073838167
 30
0.0
 40
198.48428
100
AcDbArc
 50
270.2356230000042
 51
277.3057789999986
  0
LINE
  5
256
330
24C
100
AcDbEntity
  8
FURN
100
AcDbLine
 10
51.29545136081651
 20
1.420510383816688
 30
0.0
 11
32.22957636081628
 21
1.420510383816688
 31
0.0
  0
LINE
  5
257
330
24C
100
AcDbEntity
  8
FURN
100
AcDbLine
 10
52.4576863608163
 20
0.0000003838167686
 30
0.0
 11
32.22957636081628
 21
0.0000003838167686
 31
0.0
  0
LINE
  5
258
330
24C
100
AcDbEntity
  8
FURN
100
AcDbLine
 10
5.31547436081655
 20
73.22345038381674
 30
0.0
 11
6.139562360816398
 21
95.7318863838168
 31
0.0
  0
ARC
  5
259
330
24C
100
AcDbEntity
  8
FURN
100
AcDbCircle
 10
1705.720021360816
 20
40.47671338381632
 30
0.0
 40
1703.538065
100
AcDbArc
 50
178.1412359999982
 51
178.9950260000049
  0
LINE
  5
25A
330
24C
100
AcDbEntity
  8
FURN
100
AcDbLine
 10
13.04628736081667
 20
41.62199038381685
 30
0.0
 11
13.04628736081667
 21
87.83403538381663
 31
0.0
  0
LINE
  5
25B
330
24C
100
AcDbEntity
  8
FURN
100
AcDbLine
 10
12.21927336081671
 20
49.96497738381687
 30
0.0
 11
12.21927336081671
 21
87.2940263838168
 31
0.0
  0
LINE
  5
25C
330
24C
100
AcDbEntity
  8
FURN
100
AcDbLine
 10
13.04628736081667
 20
41.62199038381685
 30
0.0
 11
32.22957636081628
 21
41.62199038381685
 31
0.0
  0
LINE
  5
25D
330
24C
100
AcDbEntity
  8
FURN
100
AcDbLine
 10
13.16370236081638
 20
1.420510383816688
 30
0.0
 11
32.22957636081628
 21
1.420510383816688
 31
0.0
  0
LINE
  5
25E
330
24C
100
AcDbEntity
  8
FURN
100
AcDbLine
 10
12.00146636081626
 20
0.0000003838167686
 30
0.0
 11
32.22957636081628
 21
0.0000003838167686
 31
0.0
  0
ARC
  5
25F
330
24C
100
AcDbEntity
  8
FURN
100
AcDbCircle
 10
33.02196836081658
 20
208.9749643838167
 30
0.0
 40
186.65534
100
AcDbArc
 50
262.465948999996
 51
269.7567670000021
  0
ARC
  5
260
330
24C
100
AcDbEntity
  8
FURN
100
AcDbCircle
 10
35.45754836081643
 20
26.50698438381687
 30
0.0
 40
27.031948
100
AcDbArc
 50
146.0027859999993
 51
185.4682199999942
  0
ARC
  5
261
330
24C
100
AcDbEntity
  8
FURN
100
AcDbCircle
 10
1538.266484360816
 20
84.17158538381635
 30
0.0
 40
1535.884626
100
AcDbArc
 50
180.5154150000094
 51
182.7715079999865
  0
ARC
  5
262
330
24C
100
AcDbEntity
  8
FURN
100
AcDbCircle
 10
13.16370236081638
 20
10.42051038381669
 30
0.0
 40
9.0
100
AcDbArc
 50
183.271955999994
 51
270.0
  0
ARC
  5
263
330
24C
100
AcDbEntity
  8
FURN
100
AcDbCircle
 10
12.00146636081626
 20
9.000000383816769
 30
0.0
 40
9.0
100
AcDbArc
 50
183.271955999994
 51
270.0
  0
LINE
  5
264
330
24C
100
AcDbEntity
  8
FURN
100
AcDbLine
 10
6.182994360816338
 20
42.28211138381674
 30
0.0
 11
5.31547436081655
 21
73.22345038381674
 31
0.0
  0
LINE
  5
265
330
24C
100
AcDbEntity
  8
FURN
100
AcDbLine
 10
6.182994360816338
 20
42.28211138381674
 30
0.0
 11
12.21927336081671
 21
49.96497738381687
 31
0.0
  0
TEXT
  5
266
330
24C
100
AcDbEntity
  8
FURN
100
AcDbText
 10
31.48100236081655
 20
3.695597383816675
 30
0.0
 40
2.7
  1
H
 41
1.25
100
AcDbText
  0
ARC
  5
267
330
24C
100
AcDbEntity
  8
FURN
100
AcDbCircle
 10
14.34056636081641
 20
140.2155403838169
 30
0.0
 40
2.651066999999998
100
AcDbArc
 50
297.1776120000022
 51
14.83254399999609
  0
ARC
  5
268
330
24C
100
AcDbEntity
  8
FURN
100
AcDbCircle
 10
38.82753236081635
 20
0.6976613838169216
 30
0.0
 40
142.138922
100
AcDbArc
 50
92.69580199999635
 51
101.1486319999927
  0
ARC
  5
269
330
24C
100
AcDbEntity
  8
FURN
100
AcDbCircle
 10
41.69418636081627
 20
-31.8625436161833
 30
0.0
 40
175.810568
100
AcDbArc
 50
93.1575820000028
 51
100.4788939999854
  0
ARC
  5
26A
330
24C
100
AcDbEntity
  8
FURN
100
AcDbCircle
 10
33.64469736081628
 20
-40.17204661618325
 30
0.0
 40
129.036876
100
AcDbArc
 50
90.62836299998868
 51
99.38347699999287
  0
ARC
  5
26B
330
24C
100
AcDbEntity
  8
FURN
100
AcDbCircle
 10
33.04757236081651
 20
44.52311338381696
 30
0.0
 40
59.55708000000001
100
AcDbArc
 50
90.78696199999436
 51
112.8805600000161
  0
ARC
  5
26C
330
24C
100
AcDbEntity
  8
FURN
100
AcDbCircle
 10
32.95786536081641
 20
44.78887638381684
 30
0.0
 40
60.506261
100
AcDbArc
 50
90.689663000005
 51
110.3473599999869
  0
ARC
  5
26D
330
24C
100
AcDbEntity
  8
FURN
100
AcDbCircle
 10
1228.941908360816
 20
11.2520883838165
 30
0.0
 40
1229.084827
100
AcDbArc
 50
174.5071149999869
 51
175.6659220000043
  0
ARC
  5
26E
330
24C
100
AcDbEntity
  8
FURN
100
AcDbCircle
 10
12.50125036081636
 20
94.66715738381664
 30
0.0
 40
5.39968
100
AcDbArc
 50
118.907588000005
 51
181.4497520000047
  0
LINE
  5
26F
330
24C
100
AcDbEntity
  8
FURN
100
AcDbLine
 10
7.103282360816594
 20
94.53055538381659
 30
0.0
 11
11.75754236081639
 21
87.5262343838167
 31
0.0
  0
ARC
  5
270
330
24C
100
AcDbEntity
  8
FURN
100
AcDbCircle
 10
12.45718836081642
 20
87.93437638381693
 30
0.0
 40
0.81
100
AcDbArc
 50
210.2564169999971
 51
280.6093319999853
  0
LWPOLYLINE
  5
271
330
24C
100
AcDbEntity
  8
FURN
100
AcDbPolyline
 90
        5
 70
     0
 43
0.0
 10
6.209772360816713
 20
98.51566538381668
 42
0.053925
 10
3.698566360816584
 20
98.37867638381658
 42
0.068663
 10
1.807881360816734
 20
97.79515638381645
 42
0.12092
 10
0.4453693608165852
 20
96.69978238381643
 42
0.217811
 10
0.2227443608162503
 20
95.72289438381675
  0
LINE
  5
272
330
24C
100
AcDbEntity
  8
FURN
100
AcDbLine
 10
6.335436360816402
 20
95.72953438381685
 30
0.0
 11
0.0000003608165571
 21
95.72953438381685
 31
0.0
  0
ARC
  5
273
330
24C
100
AcDbEntity
  8
FURN
100
AcDbCircle
 10
1705.720021360816
 20
40.47671338381632
 30
0.0
 40
1703.538065
100
AcDbArc
 50
177.8584150000005
 51
178.0563159999968
  0
LINE
  5
274
330
24C
100
AcDbEntity
  8
FURN
100
AcDbLine
 10
6.335436360816402
 20
95.85137038381664
 30
0.0
 11
6.335436360816402
 21
98.65358238381668
 31
0.0
  0
ARC
  5
275
330
24C
100
AcDbEntity
  8
FURN
100
AcDbCircle
 10
12.20982936081645
 20
134.2170243838168
 30
0.0
 40
6.0
100
AcDbArc
 50
98.29422699999851
 51
177.6821200000041
  0
ARC
  5
276
330
24C
100
AcDbEntity
  8
FURN
100
AcDbCircle
 10
11.25456036081641
 20
135.1523503838166
 30
0.0
 40
6.0
100
AcDbArc
 50
98.29422699999851
 51
177.6821200000041
  0
ARC
  5
277
330
24C
100
AcDbEntity
  8
FURN
100
AcDbCircle
 10
14.95556636081665
 20
131.1511333838166
 30
0.0
 40
6.706902999999998
100
AcDbArc
 50
89.07614799999355
 51
173.9573189999953
  0
ARC
  5
278
330
24C
100
AcDbEntity
  8
FURN
100
AcDbCircle
 10
6.312119360816268
 20
131.0822273838166
 30
0.0
 40
2.0
100
AcDbArc
 50
272.083252999982
 51
2.083253000008002
  0
LINE
  5
279
330
24C
100
AcDbEntity
  8
FURN
100
AcDbLine
 10
5.505636360816421
 20
129.0515683838165
 30
0.0
 11
6.384822360816544
 21
129.0835493838167
 31
0.0
  0
LINE
  5
27A
330
24C
100
AcDbEntity
  8
FURN
100
AcDbLine
 10
4.575192360816344
 20
129.3987003838165
 30
0.0
 11
4.5787893608167
 21
129.8864243838165
 31
0.0
  0
LINE
  5
27B
330
24C
100
AcDbEntity
  8
FURN
100
AcDbLine
 10
4.599085360816387
 20
129.4327053838165
 30
0.0
 11
4.579699360816448
 21
130.1013603838168
 31
0.0
  0
ARC
  5
27C
330
24C
100
AcDbEntity
  8
FURN
100
AcDbCircle
 10
1654.392723360816
 20
-79.00747861618356
 30
0.0
 40
1663.045447
100
AcDbArc
 50
172.5837120000044
 51
172.7767360000021
  0
ARC
  5
27D
330
24C
100
AcDbEntity
  8
FURN
100
AcDbCircle
 10
1655.347992360816
 20
-80.20206461618362
 30
0.0
 40
1663.045447
100
AcDbArc
 50
172.5837120000044
 51
172.7767360000021
  0
ARC
  5
27E
330
24C
100
AcDbEntity
  8
FURN
100
AcDbCircle
 10
6.57513736081637
 20
129.3839483838169
 30
0.0
 40
2.0
100
AcDbArc
 50
179.5773779999952
 51
232.4672309999989
  0
LINE
  5
27F
330
24C
100
AcDbEntity
  8
FURN
100
AcDbLine
 10
8.31079736081665
 20
131.1549303838164
 30
0.0
 11
8.29306736081662
 21
131.6423453838165
 31
0.0
  0
LINE
  5
280
330
24C
100
AcDbEntity
  8
FURN
100
AcDbLine
 10
8.28592936081668
 20
131.1882283838167
 30
0.0
 11
8.28592936081668
 21
131.8571643838168
 31
0.0
  0
LINE
  5
281
330
24C
100
AcDbEntity
  8
FURN
100
AcDbLine
 10
15.55144236081651
 20
137.8571643838168
 30
0.0
 11
15.06370536081658
 21
137.8571643838168
 31
0.0
  0
TEXT
  5
282
330
24C
100
AcDbEntity
  8
FURN
100
AcDbText
 10
31.48100236081655
 20
139.3292693838166
 30
0.0
 40
2.7
  1
H
 41
1.25
100
AcDbText
  0
LINE
  5
283
330
24C
100
AcDbEntity
  8
FURN
100
AcDbLine
 10
16.7736663608166
 20
140.7369323838165
 30
0.0
 11
16.90329536081662
 21
140.8942003838165
 31
0.0
  0
LINE
  5
284
330
24C
100
AcDbEntity
  8
FURN
100
AcDbLine
 10
47.68548736081674
 20
140.7369323838165
 30
0.0
 11
47.55585736081639
 21
140.8942003838165
 31
0.0
  0
LINE
  5
285
330
24C
100
AcDbEntity
  8
FURN
100
AcDbLine
 10
59.14367836081646
 20
73.22345038381674
 30
0.0
 11
58.31990536081639
 21
95.72330538381675
 31
0.0
  0
ARC
  5
286
330
24C
100
AcDbEntity
  8
FURN
100
AcDbCircle
 10
-1641.260867639183
 20
40.47671338381678
 30
0.0
 40
1703.538065
100
AcDbArc
 50
1.004973999995104
 51
1.850759999993108
  0
LINE
  5
287
330
24C
100
AcDbEntity
  8
FURN
100
AcDbLine
 10
51.41286536081635
 20
41.62199038381685
 30
0.0
 11
51.41286536081635
 21
87.83403538381663
 31
0.0
  0
LINE
  5
288
330
24C
100
AcDbEntity
  8
FURN
100
AcDbLine
 10
52.23987936081676
 20
49.96497738381687
 30
0.0
 11
52.23987936081676
 21
87.2940263838168
 31
0.0
  0
ARC
  5
289
330
24C
100
AcDbEntity
  8
FURN
100
AcDbCircle
 10
29.0902573608164
 20
25.38758338381695
 30
0.0
 40
27.601683
100
AcDbArc
 50
356.9750329999851
 51
36.02700200000346
  0
ARC
  5
28A
330
24C
100
AcDbEntity
  8
FURN
100
AcDbCircle
 10
-1473.807330639184
 20
84.17158538381682
 30
0.0
 40
1535.884626
100
AcDbArc
 50
357.2284919999877
 51
359.4845849999905
  0
ARC
  5
28B
330
24C
100
AcDbEntity
  8
FURN
100
AcDbCircle
 10
51.29545136081651
 20
10.42051038381669
 30
0.0
 40
9.0
100
AcDbArc
 50
270.0
 51
356.7280440000059
  0
ARC
  5
28C
330
24C
100
AcDbEntity
  8
FURN
100
AcDbCircle
 10
52.4576863608163
 20
9.000000383816769
 30
0.0
 40
9.0
100
AcDbArc
 50
270.0
 51
356.7280440000059
  0
LINE
  5
28D
330
24C
100
AcDbEntity
  8
FURN
100
AcDbLine
 10
58.27615836081668
 20
42.28211138381674
 30
0.0
 11
59.14367836081646
 21
73.22345038381674
 31
0.0
  0
LINE
  5
28E
330
24C
100
AcDbEntity
  8
FURN
100
AcDbLine
 10
58.27615836081668
 20
42.28211138381674
 30
0.0
 11
52.23987936081676
 21
49.96497738381687
 31
0.0
  0
ARC
  5
28F
330
24C
100
AcDbEntity
  8
FURN
100
AcDbCircle
 10
-1164.482755639184
 20
11.25208838381695
 30
0.0
 40
1229.084827
100
AcDbArc
 50
4.334077999995682
 51
5.492885000013112
  0
ARC
  5
290
330
24C
100
AcDbEntity
  8
FURN
100
AcDbCircle
 10
51.9579023608162
 20
94.66715738381664
 30
0.0
 40
5.39968
100
AcDbArc
 50
358.5502479999953
 51
61.09241199999491
  0
LINE
  5
291
330
24C
100
AcDbEntity
  8
FURN
100
AcDbLine
 10
57.35587036081643
 20
94.53055538381659
 30
0.0
 11
52.70161036081663
 21
87.5262343838167
 31
0.0
  0
ARC
  5
292
330
24C
100
AcDbEntity
  8
FURN
100
AcDbCircle
 10
52.0019643608166
 20
87.93437638381693
 30
0.0
 40
0.81
100
AcDbArc
 50
259.3906680000147
 51
329.743583000003
  0
LINE
  5
293
330
24C
100
AcDbEntity
  8
FURN
100
AcDbLine
 10
58.12371636081662
 20
95.72953438381685
 30
0.0
 11
64.45915336081634
 21
95.72953438381685
 31
0.0
  0
LWPOLYLINE
  5
294
330
24C
100
AcDbEntity
  8
FURN
100
AcDbPolyline
 90
        5
 70
     0
 43
0.0
 10
64.23640936081665
 20
95.72289438381675
 42
0.217811
 10
64.01378436081632
 20
96.69978238381643
 42
0.12092
 10
62.65127236081662
 20
97.79515638381645
 42
0.068663
 10
60.76058736081677
 20
98.37867638381658
 42
0.053925
 10
58.24938136081664
 20
98.51566538381668
  0
LINE
  5
295
330
24C
100
AcDbEntity
  8
FURN
100
AcDbLine
 10
58.12371636081662
 20
95.85137038381664
 30
0.0
 11
58.12371636081662
 21
98.65358238381668
 31
0.0
  0
ARC
  5
296
330
24C
100
AcDbEntity
  8
FURN
100
AcDbCircle
 10
-1641.260867639183
 20
40.47671338381678
 30
0.0
 40
1703.538065
100
AcDbArc
 50
1.943684000003179
 51
2.1415849999995
  0
ARC
  5
297
330
24C
100
AcDbEntity
  8
FURN
100
AcDbCircle
 10
53.20459336081649
 20
135.1523503838166
 30
0.0
 40
6.0
100
AcDbArc
 50
2.317879999995845
 51
81.70577300000149
  0
ARC
  5
298
330
24C
100
AcDbEntity
  8
FURN
100
AcDbCircle
 10
52.24932436081644
 20
134.2170243838168
 30
0.0
 40
6.0
100
AcDbArc
 50
2.317879999995845
 51
81.70577300000149
  0
ARC
  5
299
330
24C
100
AcDbEntity
  8
FURN
100
AcDbCircle
 10
49.50358636081636
 20
131.1511333838166
 30
0.0
 40
6.706902999999998
100
AcDbArc
 50
6.042681000004682
 51
90.92385200000643
  0
ARC
  5
29A
330
24C
100
AcDbEntity
  8
FURN
100
AcDbCircle
 10
58.14703336081628
 20
131.0822273838166
 30
0.0
 40
2.0
100
AcDbArc
 50
177.916746999992
 51
267.916746999992
  0
LINE
  5
29B
330
24C
100
AcDbEntity
  8
FURN
100
AcDbLine
 10
48.90771036081651
 20
137.8571643838168
 30
0.0
 11
49.39544736081643
 21
137.8571643838168
 31
0.0
  0
LINE
  5
29C
330
24C
100
AcDbEntity
  8
FURN
100
AcDbLine
 10
56.14835536081637
 20
131.1549303838164
 30
0.0
 11
56.1660853608164
 21
131.6423453838165
 31
0.0
  0
LINE
  5
29D
330
24C
100
AcDbEntity
  8
FURN
100
AcDbLine
 10
56.17322436081668
 20
131.1882283838167
 30
0.0
 11
56.17322436081668
 21
131.8571643838168
 31
0.0
  0
LINE
  5
29E
330
24C
100
AcDbEntity
  8
FURN
100
AcDbLine
 10
59.88396136081654
 20
129.3987003838165
 30
0.0
 11
59.88036336081677
 21
129.8864243838165
 31
0.0
  0
LINE
  5
29F
330
24C
100
AcDbEntity
  8
FURN
100
AcDbLine
 10
59.86006836081649
 20
129.4327053838165
 30
0.0
 11
59.87945336081658
 21
130.1013603838168
 31
0.0
  0
LINE
  5
2A0
330
24C
100
AcDbEntity
  8
FURN
100
AcDbLine
 10
58.9535163608166
 20
129.0515683838165
 30
0.0
 11
58.07433036081647
 21
129.0835493838167
 31
0.0
  0
ARC
  5
2A1
330
24C
100
AcDbEntity
  8
FURN
100
AcDbCircle
 10
-1589.933570639183
 20
-79.00747861618309
 30
0.0
 40
1663.045447
100
AcDbArc
 50
7.223263999997894
 51
7.416287999995532
  0
ARC
  5
2A2
330
24C
100
AcDbEntity
  8
FURN
100
AcDbCircle
 10
57.88401536081664
 20
129.3839483838169
 30
0.0
 40
2.0
100
AcDbArc
 50
307.5327690000011
 51
0.4226220000048308
  0
ARC
  5
2A3
330
24C
100
AcDbEntity
  8
FURN
100
AcDbCircle
 10
-1590.888839639183
 20
-80.20206461618318
 30
0.0
 40
1663.045447
100
AcDbArc
 50
7.223263999997894
 51
7.416287999995532
  0
ENDBLK
  5
2A4
330
24C
100
AcDbEntity
  8
0
100
AcDbBlockEnd
  0
BLOCK
  5
2A6
330
2A5
100
AcDbEntity
  8
0
100
AcDbBlockBegin
  2
FURN-G6
 70
     0
 10
0.0
 20
0.0
 30
0.0
  3
FURN-G6
  1

  0
LINE
  5
2A7
330
2A5
100
AcDbEntity
  8
FURNITURE
  6
CONTINUOUS
 62
     7
100
AcDbLine
 10
920.938348
 20
481.6026440000001
 30
0.0
 11
920.938348
 21
559.6026440000002
 31
0.0
  0
LINE
  5
2A8
330
2A5
100
AcDbEntity
  8
FURNITURE
  6
CONTINUOUS
 62
     7
100
AcDbLine
 10
848.938348
 20
481.6026440000001
 30
0.0
 11
848.938348
 21
559.6026440000002
 31
0.0
  0
LINE
  5
2A9
330
2A5
100
AcDbEntity
  8
FURNITURE
  6
CONTINUOUS
 62
     7
100
AcDbLine
 10
848.938348
 20
481.6026440000001
 30
0.0
 11
920.938348
 21
481.6026440000001
 31
0.0
  0
LINE
  5
2AA
330
2A5
100
AcDbEntity
  8
FURNITURE
  6
CONTINUOUS
 62
     7
100
AcDbLine
 10
848.938348
 20
559.6026440000002
 30
0.0
 11
920.938348
 21
559.6026440000002
 31
0.0
  0
LINE
  5
2AB
330
2A5
100
AcDbEntity
  8
FURNITURE
  6
CONTINUOUS
 62
     7
100
AcDbLine
 10
937.438348
 20
544.602644
 30
0.0
 11
922.438348
 21
544.602644
 31
0.0
  0
LINE
  5
2AC
330
2A5
100
AcDbEntity
  8
FURNITURE
  6
CONTINUOUS
 62
     7
100
AcDbLine
 10
922.438348
 20
559.6026440000002
 30
0.0
 11
922.438348
 21
544.602644
 31
0.0
  0
LINE
  5
2AD
330
2A5
100
AcDbEntity
  8
FURNITURE
  6
CONTINUOUS
 62
     7
100
AcDbLine
 10
937.438348
 20
559.6026440000002
 30
0.0
 11
937.438348
 21
544.602644
 31
0.0
  0
LINE
  5
2AE
330
2A5
100
AcDbEntity
  8
FURNITURE
  6
CONTINUOUS
 62
     7
100
AcDbLine
 10
937.438348
 20
559.6026440000002
 30
0.0
 11
922.438348
 21
559.6026440000002
 31
0.0
  0
LINE
  5
2AF
330
2A5
100
AcDbEntity
  8
FURNITURE
  6
CONTINUOUS
 62
     7
100
AcDbLine
 10
832.4383479999997
 20
544.602644
 30
0.0
 11
847.438348
 21
544.602644
 31
0.0
  0
LINE
  5
2B0
330
2A5
100
AcDbEntity
  8
FURNITURE
  6
CONTINUOUS
 62
     7
100
AcDbLine
 10
847.438348
 20
559.6026440000002
 30
0.0
 11
847.438348
 21
544.602644
 31
0.0
  0
LINE
  5
2B1
330
2A5
100
AcDbEntity
  8
FURNITURE
  6
CONTINUOUS
 62
     7
100
AcDbLine
 10
832.4383479999997
 20
559.6026440000002
 30
0.0
 11
847.438348
 21
559.6026440000002
 31
0.0
  0
ENDBLK
  5
2B2
330
2A5
100
AcDbEntity
  8
0
100
AcDbBlockEnd
  0
BLOCK
  5
2B4
330
2B3
100
AcDbEntity
  8
0
100
AcDbBlockBegin
  2
FURN-G5
 70
     0
 10
0.0
 20
0.0
 30
0.0
  3
FURN-G5
  1

  0
LINE
  5
2B5
330
2B3
100
AcDbEntity
  8
FURNITURE
  6
CONTINUOUS
 62
     7
100
AcDbLine
 10
832.4383479999997
 20
559.6026440000002
 30
0.0
 11
832.4383479999997
 21
544.602644
 31
0.0
  0
INSERT
  5
2B6
330
2B3
100
AcDbEntity
  8
FURNITURE
100
AcDbBlockReference
  2
FURN-G6
 10
0.0
 20
0.0
 30
0.0
  0
ENDBLK
  5
2B7
330
2B3
100
AcDbEntity
  8
0
100
AcDbBlockEnd
  0
BLOCK
  5
2B9
330
2B8
100
AcDbEntity
  8
FURNITURE
100
AcDbBlockBegin
  2
FURN-G7
 70
     0
 10
0.0
 20
0.0
 30
0.0
  3
FURN-G7
  1

  0
LINE
  5
2BA
330
2B8
100
AcDbEntity
  8
FURNITURE
  6
CONTINUOUS
 62
   181
100
AcDbLine
 10
920.938348
 20
540.0006440000002
 30
0.0
 11
848.938348
 21
540.0006440000002
 31
0.0
  0
LINE
  5
2BB
330
2B8
100
AcDbEntity
  8
FURNITURE
  6
CONTINUOUS
 62
   181
100
AcDbLine
 10
848.938348
 20
519.9996439999999
 30
0.0
 11
920.938348
 21
519.9996439999999
 31
0.0
  0
LINE
  5
2BC
330
2B8
100
AcDbEntity
  8
FURNITURE
  6
CONTINUOUS
 62
   181
100
AcDbLine
 10
920.938348
 20
500.0016440000001
 30
0.0
 11
848.938348
 21
500.0016440000001
 31
0.0
  0
LINE
  5
2BD
330
2B8
100
AcDbEntity
  8
FURNITURE
  6
CONTINUOUS
 62
   181
100
AcDbLine
 10
920.938348
 20
546.021644
 30
0.0
 11
848.938348
 21
546.021644
 31
0.0
  0
LINE
  5
2BE
330
2B8
100
AcDbEntity
  8
FURNITURE
  6
CONTINUOUS
 62
   181
100
AcDbLine
 10
848.938348
 20
526.0206440000002
 30
0.0
 11
920.938348
 21
526.0206440000002
 31
0.0
  0
LINE
  5
2BF
330
2B8
100
AcDbEntity
  8
FURNITURE
  6
CONTINUOUS
 62
   181
100
AcDbLine
 10
920.938348
 20
506.022644
 30
0.0
 11
848.938348
 21
506.022644
 31
0.0
  0
LINE
  5
2C0
330
2B8
100
AcDbEntity
  8
FURNITURE
  6
CONTINUOUS
 62
   181
100
AcDbLine
 10
862.519348
 20
486.021644
 30
0.0
 11
920.938348
 21
486.021644
 31
0.0
  0
LINE
  5
2C1
330
2B8
100
AcDbEntity
  8
FURNITURE
  6
CONTINUOUS
 62
   181
100
AcDbLine
 10
920.938348
 20
549.5436440000001
 30
0.0
 11
848.938348
 21
549.5436440000001
 31
0.0
  0
LINE
  5
2C2
330
2B8
100
AcDbEntity
  8
FURNITURE
  6
CONTINUOUS
 62
   181
100
AcDbLine
 10
848.938348
 20
529.5426439999999
 30
0.0
 11
920.938348
 21
529.5426439999999
 31
0.0
  0
LINE
  5
2C3
330
2B8
100
AcDbEntity
  8
FURNITURE
  6
CONTINUOUS
 62
   181
100
AcDbLine
 10
920.938348
 20
509.5446440000001
 30
0.0
 11
848.938348
 21
509.5446440000001
 31
0.0
  0
LINE
  5
2C4
330
2B8
100
AcDbEntity
  8
FURNITURE
  6
CONTINUOUS
 62
   181
100
AcDbLine
 10
858.9973479999999
 20
489.543644
 30
0.0
 11
920.938348
 21
489.543644
 31
0.0
  0
LINE
  5
2C5
330
2B8
100
AcDbEntity
  8
FURNITURE
  6
CONTINUOUS
 62
   181
100
AcDbLine
 10
920.938348
 20
552.042644
 30
0.0
 11
848.938348
 21
552.042644
 31
0.0
  0
LINE
  5
2C6
330
2B8
100
AcDbEntity
  8
FURNITURE
  6
CONTINUOUS
 62
   181
100
AcDbLine
 10
848.938348
 20
532.041644
 30
0.0
 11
920.938348
 21
532.041644
 31
0.0
  0
LINE
  5
2C7
330
2B8
100
AcDbEntity
  8
FURNITURE
  6
CONTINUOUS
 62
   181
100
AcDbLine
 10
920.938348
 20
512.0436440000001
 30
0.0
 11
848.938348
 21
512.0436440000001
 31
0.0
  0
LINE
  5
2C8
330
2B8
100
AcDbEntity
  8
FURNITURE
  6
CONTINUOUS
 62
   181
100
AcDbLine
 10
856.4983480000001
 20
492.0426440000001
 30
0.0
 11
920.938348
 21
492.0426440000001
 31
0.0
  0
LINE
  5
2C9
330
2B8
100
AcDbEntity
  8
FURNITURE
  6
CONTINUOUS
 62
   181
100
AcDbLine
 10
920.938348
 20
553.9806440000001
 30
0.0
 11
848.938348
 21
553.9806440000001
 31
0.0
  0
LINE
  5
2CA
330
2B8
100
AcDbEntity
  8
FURNITURE
  6
CONTINUOUS
 62
   181
100
AcDbLine
 10
848.938348
 20
533.9796439999999
 30
0.0
 11
920.938348
 21
533.9796439999999
 31
0.0
  0
LINE
  5
2CB
330
2B8
100
AcDbEntity
  8
FURNITURE
  6
CONTINUOUS
 62
   181
100
AcDbLine
 10
920.938348
 20
513.9816440000001
 30
0.0
 11
848.938348
 21
513.9816440000001
 31
0.0
  0
LINE
  5
2CC
330
2B8
100
AcDbEntity
  8
FURNITURE
  6
CONTINUOUS
 62
   181
100
AcDbLine
 10
854.5603480000001
 20
493.980644
 30
0.0
 11
920.938348
 21
493.980644
 31
0.0
  0
LINE
  5
2CD
330
2B8
100
AcDbEntity
  8
FURNITURE
  6
CONTINUOUS
 62
   181
100
AcDbLine
 10
920.938348
 20
535.5636440000001
 30
0.0
 11
848.938348
 21
535.5636440000001
 31
0.0
  0
LINE
  5
2CE
330
2B8
100
AcDbEntity
  8
FURNITURE
  6
CONTINUOUS
 62
   181
100
AcDbLine
 10
848.938348
 20
515.5626440000001
 30
0.0
 11
920.938348
 21
515.5626440000001
 31
0.0
  0
LINE
  5
2CF
330
2B8
100
AcDbEntity
  8
FURNITURE
  6
CONTINUOUS
 62
   181
100
AcDbLine
 10
920.938348
 20
495.564644
 30
0.0
 11
852.9763479999997
 21
495.564644
 31
0.0
  0
LINE
  5
2D0
330
2B8
100
AcDbEntity
  8
FURNITURE
  6
CONTINUOUS
 62
   181
100
AcDbLine
 10
920.938348
 20
536.901644
 30
0.0
 11
848.938348
 21
536.901644
 31
0.0
  0
LINE
  5
2D1
330
2B8
100
AcDbEntity
  8
FURNITURE
  6
CONTINUOUS
 62
   181
100
AcDbLine
 10
848.938348
 20
516.900644
 30
0.0
 11
920.938348
 21
516.900644
 31
0.0
  0
LINE
  5
2D2
330
2B8
100
AcDbEntity
  8
FURNITURE
  6
CONTINUOUS
 62
   181
100
AcDbLine
 10
920.938348
 20
496.9026440000001
 30
0.0
 11
851.6383480000001
 21
496.9026440000001
 31
0.0
  0
LINE
  5
2D3
330
2B8
100
AcDbEntity
  8
FURNITURE
  6
CONTINUOUS
 62
   181
100
AcDbLine
 10
920.938348
 20
538.0626440000002
 30
0.0
 11
848.938348
 21
538.0626440000002
 31
0.0
  0
LINE
  5
2D4
330
2B8
100
AcDbEntity
  8
FURNITURE
  6
CONTINUOUS
 62
   181
100
AcDbLine
 10
848.938348
 20
518.061644
 30
0.0
 11
920.938348
 21
518.061644
 31
0.0
  0
LINE
  5
2D5
330
2B8
100
AcDbEntity
  8
FURNITURE
  6
CONTINUOUS
 62
   181
100
AcDbLine
 10
920.938348
 20
498.0636440000001
 30
0.0
 11
850.477348
 21
498.0636440000001
 31
0.0
  0
LINE
  5
2D6
330
2B8
100
AcDbEntity
  8
FURNITURE
  6
CONTINUOUS
 62
   181
100
AcDbLine
 10
920.938348
 20
539.085644
 30
0.0
 11
848.938348
 21
539.085644
 31
0.0
  0
LINE
  5
2D7
330
2B8
100
AcDbEntity
  8
FURNITURE
  6
CONTINUOUS
 62
   181
100
AcDbLine
 10
848.938348
 20
519.084644
 30
0.0
 11
920.938348
 21
519.084644
 31
0.0
  0
LINE
  5
2D8
330
2B8
100
AcDbEntity
  8
FURNITURE
  6
CONTINUOUS
 62
   181
100
AcDbLine
 10
920.938348
 20
499.086644
 30
0.0
 11
849.4543480000001
 21
499.086644
 31
0.0
  0
LINE
  5
2D9
330
2B8
100
AcDbEntity
  8
FURNITURE
  6
CONTINUOUS
 62
   181
100
AcDbLine
 10
859.999348
 20
555.102644
 30
0.0
 11
859.999348
 21
488.541644
 31
0.0
  0
LINE
  5
2DA
330
2B8
100
AcDbEntity
  8
FURNITURE
  6
CONTINUOUS
 62
   181
100
AcDbLine
 10
880.000348
 20
481.605644
 30
0.0
 11
880.000348
 21
555.102644
 31
0.0
  0
LINE
  5
2DB
330
2B8
100
AcDbEntity
  8
FURNITURE
  6
CONTINUOUS
 62
   181
100
AcDbLine
 10
899.9983480000001
 20
555.102644
 30
0.0
 11
899.9983480000001
 21
481.605644
 31
0.0
  0
LINE
  5
2DC
330
2B8
100
AcDbEntity
  8
FURNITURE
  6
CONTINUOUS
 62
   181
100
AcDbLine
 10
919.999348
 20
481.605644
 30
0.0
 11
919.999348
 21
555.102644
 31
0.0
  0
LINE
  5
2DD
330
2B8
100
AcDbEntity
  8
FURNITURE
  6
CONTINUOUS
 62
   181
100
AcDbLine
 10
866.0203479999999
 20
555.102644
 30
0.0
 11
866.0203479999999
 21
482.5206440000001
 31
0.0
  0
LINE
  5
2DE
330
2B8
100
AcDbEntity
  8
FURNITURE
  6
CONTINUOUS
 62
   181
100
AcDbLine
 10
886.021348
 20
481.605644
 30
0.0
 11
886.021348
 21
555.102644
 31
0.0
  0
LINE
  5
2DF
330
2B8
100
AcDbEntity
  8
FURNITURE
  6
CONTINUOUS
 62
   181
100
AcDbLine
 10
906.019348
 20
555.102644
 30
0.0
 11
906.019348
 21
481.605644
 31
0.0
  0
LINE
  5
2E0
330
2B8
100
AcDbEntity
  8
FURNITURE
  6
CONTINUOUS
 62
   181
100
AcDbLine
 10
849.5413480000002
 20
555.102644
 30
0.0
 11
849.5413480000002
 21
498.999644
 31
0.0
  0
LINE
  5
2E1
330
2B8
100
AcDbEntity
  8
FURNITURE
  6
CONTINUOUS
 62
   181
100
AcDbLine
 10
869.5423480000001
 20
481.605644
 30
0.0
 11
869.5423480000001
 21
555.102644
 31
0.0
  0
LINE
  5
2E2
330
2B8
100
AcDbEntity
  8
FURNITURE
  6
CONTINUOUS
 62
   181
100
AcDbLine
 10
889.540348
 20
555.102644
 30
0.0
 11
889.540348
 21
481.605644
 31
0.0
  0
LINE
  5
2E3
330
2B8
100
AcDbEntity
  8
FURNITURE
  6
CONTINUOUS
 62
   181
100
AcDbLine
 10
909.541348
 20
481.605644
 30
0.0
 11
909.541348
 21
555.102644
 31
0.0
  0
LINE
  5
2E4
330
2B8
100
AcDbEntity
  8
FURNITURE
  6
CONTINUOUS
 62
   181
100
AcDbLine
 10
852.040348
 20
555.102644
 30
0.0
 11
852.040348
 21
496.500644
 31
0.0
  0
LINE
  5
2E5
330
2B8
100
AcDbEntity
  8
FURNITURE
  6
CONTINUOUS
 62
   181
100
AcDbLine
 10
872.0413480000003
 20
481.605644
 30
0.0
 11
872.0413480000003
 21
555.102644
 31
0.0
  0
LINE
  5
2E6
330
2B8
100
AcDbEntity
  8
FURNITURE
  6
CONTINUOUS
 62
   181
100
AcDbLine
 10
892.0393479999997
 20
555.102644
 30
0.0
 11
892.0393479999997
 21
481.605644
 31
0.0
  0
LINE
  5
2E7
330
2B8
100
AcDbEntity
  8
FURNITURE
  6
CONTINUOUS
 62
   181
100
AcDbLine
 10
912.040348
 20
481.605644
 30
0.0
 11
912.040348
 21
555.102644
 31
0.0
  0
LINE
  5
2E8
330
2B8
100
AcDbEntity
  8
FURNITURE
  6
CONTINUOUS
 62
   181
100
AcDbLine
 10
853.9783480000001
 20
555.102644
 30
0.0
 11
853.9783480000001
 21
494.562644
 31
0.0
  0
LINE
  5
2E9
330
2B8
100
AcDbEntity
  8
FURNITURE
  6
CONTINUOUS
 62
   181
100
AcDbLine
 10
873.9793480000002
 20
481.605644
 30
0.0
 11
873.9793480000002
 21
555.102644
 31
0.0
  0
LINE
  5
2EA
330
2B8
100
AcDbEntity
  8
FURNITURE
  6
CONTINUOUS
 62
   181
100
AcDbLine
 10
893.9773479999999
 20
555.102644
 30
0.0
 11
893.9773479999999
 21
481.605644
 31
0.0
  0
LINE
  5
2EB
330
2B8
100
AcDbEntity
  8
FURNITURE
  6
CONTINUOUS
 62
   181
100
AcDbLine
 10
913.9783480000001
 20
481.605644
 30
0.0
 11
913.9783480000001
 21
555.102644
 31
0.0
  0
LINE
  5
2EC
330
2B8
100
AcDbEntity
  8
FURNITURE
  6
CONTINUOUS
 62
   181
100
AcDbLine
 10
855.5623480000002
 20
555.102644
 30
0.0
 11
855.5623480000002
 21
492.9786439999999
 31
0.0
  0
LINE
  5
2ED
330
2B8
100
AcDbEntity
  8
FURNITURE
  6
CONTINUOUS
 62
   181
100
AcDbLine
 10
875.563348
 20
481.605644
 30
0.0
 11
875.563348
 21
555.102644
 31
0.0
  0
LINE
  5
2EE
330
2B8
100
AcDbEntity
  8
FURNITURE
  6
CONTINUOUS
 62
   181
100
AcDbLine
 10
895.5613480000001
 20
555.102644
 30
0.0
 11
895.5613480000001
 21
481.605644
 31
0.0
  0
LINE
  5
2EF
330
2B8
100
AcDbEntity
  8
FURNITURE
  6
CONTINUOUS
 62
   181
100
AcDbLine
 10
915.562348
 20
481.605644
 30
0.0
 11
915.562348
 21
555.102644
 31
0.0
  0
LINE
  5
2F0
330
2B8
100
AcDbEntity
  8
FURNITURE
  6
CONTINUOUS
 62
   181
100
AcDbLine
 10
856.9033479999997
 20
555.102644
 30
0.0
 11
856.9033479999997
 21
491.637644
 31
0.0
  0
LINE
  5
2F1
330
2B8
100
AcDbEntity
  8
FURNITURE
  6
CONTINUOUS
 62
   181
100
AcDbLine
 10
876.904348
 20
481.605644
 30
0.0
 11
876.904348
 21
555.102644
 31
0.0
  0
LINE
  5
2F2
330
2B8
100
AcDbEntity
  8
FURNITURE
  6
CONTINUOUS
 62
   181
100
AcDbLine
 10
896.9023480000001
 20
555.102644
 30
0.0
 11
896.9023480000001
 21
481.605644
 31
0.0
  0
LINE
  5
2F3
330
2B8
100
AcDbEntity
  8
FURNITURE
  6
CONTINUOUS
 62
   181
100
AcDbLine
 10
916.903348
 20
481.605644
 30
0.0
 11
916.903348
 21
555.102644
 31
0.0
  0
LINE
  5
2F4
330
2B8
100
AcDbEntity
  8
FURNITURE
  6
CONTINUOUS
 62
   181
100
AcDbLine
 10
858.0613480000001
 20
555.102644
 30
0.0
 11
858.0613480000001
 21
490.4796440000002
 31
0.0
  0
LINE
  5
2F5
330
2B8
100
AcDbEntity
  8
FURNITURE
  6
CONTINUOUS
 62
   181
100
AcDbLine
 10
878.062348
 20
481.605644
 30
0.0
 11
878.062348
 21
555.102644
 31
0.0
  0
LINE
  5
2F6
330
2B8
100
AcDbEntity
  8
FURNITURE
  6
CONTINUOUS
 62
   181
100
AcDbLine
 10
898.0603480000001
 20
555.102644
 30
0.0
 11
898.0603480000001
 21
481.605644
 31
0.0
  0
LINE
  5
2F7
330
2B8
100
AcDbEntity
  8
FURNITURE
  6
CONTINUOUS
 62
   181
100
AcDbLine
 10
918.061348
 20
481.605644
 30
0.0
 11
918.061348
 21
555.102644
 31
0.0
  0
LINE
  5
2F8
330
2B8
100
AcDbEntity
  8
FURNITURE
  6
CONTINUOUS
 62
   181
100
AcDbLine
 10
859.0843480000002
 20
555.102644
 30
0.0
 11
859.0843480000002
 21
489.456644
 31
0.0
  0
LINE
  5
2F9
330
2B8
100
AcDbEntity
  8
FURNITURE
  6
CONTINUOUS
 62
   181
100
AcDbLine
 10
879.0853480000001
 20
481.605644
 30
0.0
 11
879.0853480000001
 21
555.102644
 31
0.0
  0
LINE
  5
2FA
330
2B8
100
AcDbEntity
  8
FURNITURE
  6
CONTINUOUS
 62
   181
100
AcDbLine
 10
899.083348
 20
555.102644
 30
0.0
 11
899.083348
 21
481.605644
 31
0.0
  0
LINE
  5
2FB
330
2B8
100
AcDbEntity
  8
FURNITURE
  6
CONTINUOUS
 62
   181
100
AcDbLine
 10
919.084348
 20
481.605644
 30
0.0
 11
919.084348
 21
555.102644
 31
0.0
  0
ENDBLK
  5
2FC
330
2B8
100
AcDbEntity
  8
0
100
AcDbBlockEnd
  0
BLOCK
  5
2FE
330
2FD
100
AcDbEntity
  8
0
100
AcDbBlockBegin
  2
CORNER_TABLE_2X2
 70
     0
 10
0.0
 20
0.0
 30
0.0
  3
CORNER_TABLE_2X2
  1

  0
HATCH
  5
2FF
330
2FD
100
AcDbEntity
  8
0
 62
     4
100
AcDbHatch
 10
0.0
 20
0.0
 30
0.0
210
0.0
220
0.0
230
1.0
  2
CROSS,_O
 70
     0
 71
     1
 91
        1
 92
        7
 72
     1
 73
     1
 93
        2
 10
10.75
 20
0.0
 42
1.0
 10
-10.75
 20
0.0
 42
1.0
 97
        1
330
302
 75
     1
 76
     1
 52
180.0
 41
7.0
 77
     0
 78
     2
 53
180.0
 43
417.5305090827013
 44
118.5105306487206
 45
-1.75
 46
-1.749999999999999
 79
     2
 49
0.875
 49
-2.625
 53
270.0
 43
417.0930090827011
 44
118.9480306487206
 45
1.749999999999999
 46
-1.75
 79
     2
 49
0.875
 49
-2.625
 47
0.0832824977964669
 98
        1
 10
1.364078394301029
 20
-4.096138860657447
  0
HATCH
  5
300
330
2FD
100
AcDbEntity
  8
0
 62
    12
100
AcDbHatch
 10
0.0
 20
0.0
 30
0.0
210
0.0
220
0.0
230
1.0
  2
SOLID
 70
     1
 71
     1
 91
        4
 92
        7
 72
     1
 73
     1
 93
        5
 10
10.75
 20
0.0
 42
-0.0116326282252568
 10
10.73836579745726
 20
-0.5
 42
0.0
 10
11.25
 20
-0.5
 42
0.0
 10
11.25
 20
0.5
 42
0.0
 10
10.73836579745726
 20
0.5
 42
-0.0116326282252568
 97
        4
330
302
330
306
330
305
330
307
 92
        7
 72
     1
 73
     1
 93
        4
 10
-0.5
 20
-10.73836579745726
 42
0.0
 10
-0.5
 20
-11.25
 42
0.0
 10
0.5
 20
-11.25
 42
0.0
 10
0.5
 20
-10.73836579745726
 42
-0.0232684050854703
 97
        4
330
305
330
30A
330
302
330
30B
 92
        7
 72
     1
 73
     1
 93
        5
 10
-10.73836579745726
 20
0.5
 42
0.0
 10
-11.25
 20
0.5
 42
0.0
 10
-11.25
 20
-0.5
 42
0.0
 10
-10.73836579745726
 20
-0.5
 42
-0.0116326282252568
 10
-10.75
 20
0.0
 42
-0.0116326282252568
 97
        4
330
303
330
302
330
304
330
305
 92
        7
 72
     1
 73
     1
 93
        4
 10
0.5
 20
10.73836579745726
 42
0.0
 10
0.5
 20
11.25
 42
0.0
 10
-0.5
 20
11.25
 42
0.0
 10
-0.5
 20
10.73836579745726
 42
-0.0232684050854703
 97
        4
330
302
330
308
330
305
330
309
 75
     1
 76
     1
 47
0.0503991321656796
 98
        4
 10
10.95071724489935
 20
0.0887255138950423
 10
-0.0464213137383922
 20
-10.99908338842488
 10
-10.94265675644237
 20
0.0887255138950423
 10
-0.2986422806061455
 20
10.92454195065329
  0
LWPOLYLINE
  5
301
102
{ACAD_REACTORS
330
30C
102
}
330
2FD
100
AcDbEntity
  8
0
100
AcDbPolyline
 90
        8
 70
     1
 43
0.0
 10
11.0
 20
12.0
 10
-11.0
 20
12.0
 42
0.4142135623730951
 10
-12.0
 20
11.0
 10
-12.0
 20
-11.0
 42
0.4142135623730951
 10
-11.0
 20
-12.0
 10
11.0
 20
-12.0
 42
0.4142135623730951
 10
12.0
 20
-11.0
 10
12.0
 20
11.0
 42
0.4142135623730951
  0
CIRCLE
  5
302
102
{ACAD_REACTORS
330
2FF
330
300
330
30C
102
}
330
2FD
100
AcDbEntity
  8
0
 62
    12
100
AcDbCircle
 10
0.0
 20
0.0
 30
0.0
 40
10.75
  0
LINE
  5
303
102
{ACAD_REACTORS
330
300
102
}
330
2FD
100
AcDbEntity
  8
0
100
AcDbLine
 10
-10.73836579745739
 20
-0.5
 30
0.0
 11
-11.25
 21
-0.5
 31
0.0
  0
LINE
  5
304
102
{ACAD_REACTORS
330
300
102
}
330
2FD
100
AcDbEntity
  8
0
100
AcDbLine
 10
-10.73836579745739
 20
0.5
 30
0.0
 11
-11.25
 21
0.5
 31
0.0
  0
LWPOLYLINE
  5
305
102
{ACAD_REACTORS
330
300
330
30C
102
}
330
2FD
100
AcDbEntity
  8
0
100
AcDbPolyline
 90
        8
 70
     1
 43
0.0
 10
9.25
 20
11.25
 10
-9.25
 20
11.25
 42
0.4142135623730951
 10
-11.25
 20
9.25
 10
-11.25
 20
-9.25
 42
0.4142135623730959
 10
-9.25
 20
-11.25
 10
9.25
 20
-11.25
 42
0.4142135623730951
 10
11.25
 20
-9.25
 10
11.25
 20
9.25
 42
0.4142135623730951
  0
LINE
  5
306
102
{ACAD_REACTORS
330
300
102
}
330
2FD
100
AcDbEntity
  8
0
100
AcDbLine
 10
10.73836579745739
 20
-0.5
 30
0.0
 11
11.25
 21
-0.5
 31
0.0
  0
LINE
  5
307
102
{ACAD_REACTORS
330
300
102
}
330
2FD
100
AcDbEntity
  8
0
100
AcDbLine
 10
10.73836579745739
 20
0.5
 30
0.0
 11
11.25
 21
0.5
 31
0.0
  0
LINE
  5
308
102
{ACAD_REACTORS
330
300
102
}
330
2FD
100
AcDbEntity
  8
0
100
AcDbLine
 10
0.5
 20
10.73836579745727
 30
0.0
 11
0.5
 21
11.25
 31
0.0
  0
LINE
  5
309
102
{ACAD_REACTORS
330
300
102
}
330
2FD
100
AcDbEntity
  8
0
100
AcDbLine
 10
-0.5
 20
10.73836579745727
 30
0.0
 11
-0.5
 21
11.25
 31
0.0
  0
LINE
  5
30A
102
{ACAD_REACTORS
330
300
102
}
330
2FD
100
AcDbEntity
  8
0
100
AcDbLine
 10
0.5
 20
-10.73836579745727
 30
0.0
 11
0.5
 21
-11.25
 31
0.0
  0
LINE
  5
30B
102
{ACAD_REACTORS
330
300
102
}
330
2FD
100
AcDbEntity
  8
0
100
AcDbLine
 10
-0.5
 20
-10.73836579745727
 30
0.0
 11
-0.5
 21
-11.25
 31
0.0
  0
HATCH
  5
30C
330
2FD
100
AcDbEntity
  8
0
 62
    12
100
AcDbHatch
 10
0.0
 20
0.0
 30
0.0
210
0.0
220
0.0
230
1.0
  2
SOLID
 70
     1
 71
     1
 91
        3
 92
        7
 72
     1
 73
     1
 93
        8
 10
11.0
 20
-12.0
 42
0.4142135623730951
 10
12.0
 20
-11.0
 42
0.0
 10
12.0
 20
11.0
 42
0.4142135623730951
 10
11.0
 20
12.0
 42
0.0
 10
-11.0
 20
12.0
 42
0.4142135623730951
 10
-12.0
 20
11.0
 42
0.0
 10
-12.0
 20
-11.0
 42
0.4142135623730951
 10
-11.0
 20
-12.0
 42
0.0
 97
        1
330
301
 92
       22
 72
     1
 73
     1
 93
        8
 10
-9.25
 20
-11.25
 42
-0.4142135623730951
 10
-11.25
 20
-9.25
 42
0.0
 10
-11.25
 20
9.25
 42
-0.4142135623730951
 10
-9.25
 20
11.25
 42
0.0
 10
9.25
 20
11.25
 42
-0.4142135623730951
 10
11.25
 20
9.25
 42
0.0
 10
11.25
 20
-9.25
 42
-0.4142135623730951
 10
9.25
 20
-11.25
 42
0.0
 97
        1
330
305
 92
        6
 72
     1
 73
     1
 93
        2
 10
-10.75
 20
0.0
 42
-1.0
 10
10.75
 20
0.0
 42
-1.0
 97
        1
330
302
 75
     1
 76
     1
 47
0.05997495987668
 98
        3
 10
8.43953810093808
 20
-11.51542067629179
 10
8.43953810093808
 20
-11.51542067629179
 10
8.43953810093808
 20
-11.51542067629179
  0
ENDBLK
  5
30D
330
2FD
100
AcDbEntity
  8
0
100
AcDbBlockEnd
  0
BLOCK
  5
30F
330
30E
100
AcDbEntity
  8
0
100
AcDbBlockBegin
  2
CARPET_RECT_OK
 70
     0
 10
0.0
 20
0.0
 30
0.0
  3
CARPET_RECT_OK
  1

  0
SOLID
  5
310
330
30E
100
AcDbEntity
  8
0
  6
CONTINUOUS
 62
    13
100
AcDbTrace
 10
-15.94977743971913
 20
-32.5873795252769
 30
0.0
 11
-15.94977743971913
 21
30.19996847472203
 31
0.0
 12
14.8812855602805
 22
-32.5873795252769
 32
0.0
 13
14.8812855602805
 23
30.19996847472203
 33
0.0
  0
SOLID
  5
311
330
30E
100
AcDbEntity
  8
0
  6
CONTINUOUS
 62
    23
100
AcDbTrace
 10
-0.6467684397180165
 20
-31.23711352527744
 30
0.0
 11
-0.6467684397180165
 21
-30.78702552527784
 31
0.0
 12
12.63084356028002
 22
-30.78702552527784
 32
0.0
 13
12.63084356028002
 23
-30.78702552527784
 33
0.0
  0
SOLID
  5
312
330
30E
100
AcDbEntity
  8
0
  6
CONTINUOUS
 62
    23
100
AcDbTrace
 10
13.30597656028249
 20
-31.23711352527744
 30
0.0
 11
-0.6467684397180165
 21
-31.23711352527744
 31
0.0
 12
12.63084356028002
 22
-30.78702552527784
 32
0.0
 13
12.63084356028002
 23
-30.78702552527784
 33
0.0
  0
SOLID
  5
313
330
30E
100
AcDbEntity
  8
0
  6
CONTINUOUS
 62
    23
100
AcDbTrace
 10
12.63084356028002
 20
28.39961447472206
 30
0.0
 11
-0.6467684397180165
 21
28.39961447472206
 31
0.0
 12
-0.6467684397180165
 22
28.84970347472381
 32
0.0
 13
-0.6467684397180165
 23
28.84970347472381
 33
0.0
  0
SOLID
  5
314
330
30E
100
AcDbEntity
  8
0
  6
CONTINUOUS
 62
    23
100
AcDbTrace
 10
12.63084356028002
 20
28.39961447472206
 30
0.0
 11
-0.6467684397180165
 21
28.84970347472381
 31
0.0
 12
13.30597656028249
 22
28.84970347472381
 32
0.0
 13
13.30597656028249
 23
28.84970347472381
 33
0.0
  0
SOLID
  5
315
330
30E
100
AcDbEntity
  8
0
  6
CONTINUOUS
 62
    23
100
AcDbTrace
 10
12.63084356028002
 20
28.39961447472206
 30
0.0
 11
13.30597656028249
 21
28.84970347472381
 31
0.0
 12
13.30597656028249
 22
-31.23711352527744
 32
0.0
 13
13.30597656028249
 23
-31.23711352527744
 33
0.0
  0
SOLID
  5
316
330
30E
100
AcDbEntity
  8
0
  6
CONTINUOUS
 62
    23
100
AcDbTrace
 10
13.30597656028249
 20
-31.23711352527744
 30
0.0
 11
12.63084356028002
 21
-30.78702552527784
 31
0.0
 12
12.63084356028002
 22
28.39961447472206
 32
0.0
 13
12.63084356028002
 23
28.39961447472206
 33
0.0
  0
SOLID
  5
317
330
30E
100
AcDbEntity
  8
0
  6
CONTINUOUS
 62
    23
100
AcDbTrace
 10
-0.6467684397180165
 20
28.84970347472381
 30
0.0
 11
-0.6467684397180165
 21
28.39961447472206
 31
0.0
 12
-13.69933543971683
 22
28.39961447472206
 32
0.0
 13
-13.69933543971683
 23
28.39961447472206
 33
0.0
  0
SOLID
  5
318
330
30E
100
AcDbEntity
  8
0
  6
CONTINUOUS
 62
    23
100
AcDbTrace
 10
-14.37446743971895
 20
28.84970347472381
 30
0.0
 11
-0.6467684397180165
 21
28.84970347472381
 31
0.0
 12
-13.69933543971683
 22
28.39961447472206
 32
0.0
 13
-13.69933543971683
 23
28.39961447472206
 33
0.0
  0
SOLID
  5
319
330
30E
100
AcDbEntity
  8
0
  6
CONTINUOUS
 62
    23
100
AcDbTrace
 10
-13.69933543971683
 20
-30.78702552527784
 30
0.0
 11
-0.6467684397180165
 21
-30.78702552527784
 31
0.0
 12
-0.6467684397180165
 22
-31.23711352527744
 32
0.0
 13
-0.6467684397180165
 23
-31.23711352527744
 33
0.0
  0
SOLID
  5
31A
330
30E
100
AcDbEntity
  8
0
  6
CONTINUOUS
 62
    23
100
AcDbTrace
 10
-13.69933543971683
 20
-30.78702552527784
 30
0.0
 11
-0.6467684397180165
 21
-31.23711352527744
 31
0.0
 12
-14.37446743971895
 22
-31.23711352527744
 32
0.0
 13
-14.37446743971895
 23
-31.23711352527744
 33
0.0
  0
SOLID
  5
31B
330
30E
100
AcDbEntity
  8
0
  6
CONTINUOUS
 62
    23
100
AcDbTrace
 10
-14.37446743971895
 20
28.84970347472381
 30
0.0
 11
-13.69933543971683
 21
28.39961447472206
 31
0.0
 12
-13.69933543971683
 22
-30.78702552527784
 32
0.0
 13
-13.69933543971683
 23
-30.78702552527784
 33
0.0
  0
SOLID
  5
31C
330
30E
100
AcDbEntity
  8
0
  6
CONTINUOUS
 62
    23
100
AcDbTrace
 10
-13.69933543971683
 20
-30.78702552527784
 30
0.0
 11
-14.37446743971895
 21
-31.23711352527744
 31
0.0
 12
-14.37446743971895
 22
28.84970347472381
 32
0.0
 13
-14.37446743971895
 23
28.84970347472381
 33
0.0
  0
LWPOLYLINE
  5
31D
330
30E
100
AcDbEntity
  8
0
  6
CONTINUOUS
 62
    43
100
AcDbPolyline
 90
       98
 70
     1
 43
0.0
 10
-10.3236714397176
 20
25.02395047472191
 10
-9.873582439715843
 20
25.02395047472191
 10
-9.648538439716956
 20
25.02395047472191
 10
-9.648538439716956
 20
24.79890647472303
 10
-9.648538439716956
 20
24.79890647472303
 10
-9.648538439716956
 20
24.57386247472232
 10
-9.648538439716956
 20
24.34881847472252
 10
-9.648538439716956
 20
24.12377347472239
 10
-9.648538439716956
 20
24.12377347472239
 10
-9.423494439718068
 20
23.89872947472259
 10
-9.423494439718068
 20
23.6736854747237
 10
-9.198449439718841
 20
23.6736854747237
 10
-9.198449439718841
 20
23.44864147472208
 10
-8.973405439718134
 20
23.22359647472376
 10
-8.748361439719247
 20
22.99855247472215
 10
-8.523317439720358
 20
22.99855247472215
 10
-8.523317439720358
 20
22.77350847472235
 10
-8.298272439719312
 20
22.54846347472221
 10
-8.073228439718605
 20
22.54846347472221
 10
-8.298272439719312
 20
22.32341947472241
 10
-8.523317439720358
 20
22.09837547472262
 10
-8.523317439720358
 20
21.87333147472191
 10
-8.748361439719247
 20
21.64828647472359
 10
-8.973405439718134
 20
21.64828647472359
 10
-9.198449439718841
 20
21.42324247472379
 10
-9.198449439718841
 20
21.19819847472218
 10
-9.423494439718068
 20
20.97315447472238
 10
-9.648538439716956
 20
20.97315447472238
 10
-9.648538439716956
 20
20.74810947472224
 10
-9.648538439716956
 20
20.74810947472224
 10
-9.648538439716956
 20
20.52306547472245
 10
-9.648538439716956
 20
20.29802147472356
 10
-9.648538439716956
 20
20.29802147472356
 10
-9.648538439716956
 20
20.07297747472103
 10
-9.648538439716956
 20
19.84793247472362
 10
-9.873582439715843
 20
19.84793247472362
 10
-10.3236714397176
 20
19.84793247472362
 10
-10.3236714397176
 20
20.07297747472103
 10
-10.3236714397176
 20
20.07297747472103
 10
-10.09862643971837
 20
20.07297747472103
 10
-9.873582439715843
 20
20.07297747472103
 10
-9.873582439715843
 20
20.07297747472103
 10
-9.873582439715843
 20
20.29802147472356
 10
-9.873582439715843
 20
20.29802147472356
 10
-9.873582439715843
 20
20.29802147472356
 10
-9.873582439715843
 20
20.52306547472245
 10
-9.873582439715843
 20
20.74810947472224
 10
-9.873582439715843
 20
20.74810947472224
 10
-9.648538439716956
 20
20.97315447472238
 10
-10.09862643971837
 20
20.52306547472245
 10
-10.09862643971837
 20
20.52306547472245
 10
-10.09862643971837
 20
20.52306547472245
 10
-10.09862643971837
 20
20.29802147472356
 10
-10.09862643971837
 20
20.29802147472356
 10
-10.09862643971837
 20
20.29802147472356
 10
-10.3236714397176
 20
20.29802147472356
 10
-10.3236714397176
 20
20.29802147472356
 10
-10.3236714397176
 20
20.74810947472224
 10
-10.3236714397176
 20
20.74810947472224
 10
-10.09862643971837
 20
20.74810947472224
 10
-9.873582439715843
 20
20.97315447472238
 10
-10.09862643971837
 20
20.97315447472238
 10
-10.3236714397176
 20
20.97315447472238
 10
-10.3236714397176
 20
20.97315447472238
 10
-10.3236714397176
 20
20.97315447472238
 10
-9.873582439715843
 20
21.19819847472218
 10
-9.648538439716956
 20
21.19819847472218
 10
-8.523317439720358
 20
22.54846347472221
 10
-9.648538439716956
 20
23.6736854747237
 10
-9.873582439715843
 20
23.6736854747237
 10
-10.3236714397176
 20
23.89872947472259
 10
-10.3236714397176
 20
23.89872947472259
 10
-10.3236714397176
 20
24.12377347472239
 10
-10.09862643971837
 20
23.89872947472259
 10
-9.873582439715843
 20
23.89872947472259
 10
-10.09862643971837
 20
24.12377347472239
 10
-10.3236714397176
 20
24.12377347472239
 10
-10.3236714397176
 20
24.12377347472239
 10
-10.3236714397176
 20
24.57386247472232
 10
-10.3236714397176
 20
24.57386247472232
 10
-10.09862643971837
 20
24.57386247472232
 10
-10.09862643971837
 20
24.57386247472232
 10
-10.09862643971837
 20
24.57386247472232
 10
-10.09862643971837
 20
24.34881847472252
 10
-10.09862643971837
 20
24.34881847472252
 10
-10.09862643971837
 20
24.34881847472252
 10
-9.873582439715843
 20
23.89872947472259
 10
-9.873582439715843
 20
24.12377347472239
 10
-9.873582439715843
 20
24.12377347472239
 10
-9.873582439715843
 20
24.34881847472252
 10
-9.873582439715843
 20
24.34881847472252
 10
-9.873582439715843
 20
24.57386247472232
 10
-9.873582439715843
 20
24.57386247472232
 10
-9.873582439715843
 20
24.79890647472303
 10
-9.873582439715843
 20
24.79890647472303
 10
-10.09862643971837
 20
24.79890647472303
 10
-10.3236714397176
 20
24.79890647472303
 10
-10.3236714397176
 20
24.79890647472303
  0
LWPOLYLINE
  5
31E
330
30E
100
AcDbEntity
  8
0
  6
CONTINUOUS
 62
    43
100
AcDbPolyline
 90
       98
 70
     1
 43
0.0
 10
-10.3236714397176
 20
17.1474014747223
 10
-9.873582439715843
 20
17.1474014747223
 10
-9.648538439716956
 20
17.1474014747223
 10
-9.648538439716956
 20
16.92235747472341
 10
-9.648538439716956
 20
16.92235747472341
 10
-9.648538439716956
 20
16.69731347472088
 10
-9.648538439716956
 20
16.472269474722
 10
-9.648538439716956
 20
16.24722447472185
 10
-9.648538439716956
 20
16.24722447472185
 10
-9.423494439718068
 20
16.02218047472206
 10
-9.423494439718068
 20
15.79713647472226
 10
-9.198449439718841
 20
15.79713647472226
 10
-9.198449439718841
 20
15.57209147472213
 10
-8.973405439718134
 20
15.34704747472233
 10
-8.748361439719247
 20
15.12200347472344
 10
-8.523317439720358
 20
15.12200347472344
 10
-8.523317439720358
 20
14.89695947472182
 10
-8.298272439719312
 20
14.67191447472351
 10
-8.073228439718605
 20
14.44687047472189
 10
-8.298272439719312
 20
14.44687047472189
 10
-8.523317439720358
 20
14.22182647472209
 10
-8.523317439720358
 20
13.99678247472229
 10
-8.748361439719247
 20
13.77173747472216
 10
-8.973405439718134
 20
13.77173747472216
 10
-9.198449439718841
 20
13.54669347472236
 10
-9.198449439718841
 20
13.32164947472074
 10
-9.423494439718068
 20
13.09660547472185
 10
-9.648538439716956
 20
13.09660547472185
 10
-9.648538439716956
 20
12.87156047472263
 10
-9.648538439716956
 20
12.64651647472192
 10
-9.648538439716956
 20
12.64651647472192
 10
-9.648538439716956
 20
12.42147247472121
 10
-9.648538439716956
 20
12.19642847472232
 10
-9.648538439716956
 20
11.97138347472219
 10
-9.648538439716956
 20
11.97138347472219
 10
-9.873582439715843
 20
11.97138347472219
 10
-10.3236714397176
 20
11.97138347472219
 10
-10.3236714397176
 20
12.19642847472232
 10
-10.3236714397176
 20
12.19642847472232
 10
-10.09862643971837
 20
12.19642847472232
 10
-9.873582439715843
 20
12.19642847472232
 10
-9.873582439715843
 20
12.19642847472232
 10
-9.873582439715843
 20
12.19642847472232
 10
-9.873582439715843
 20
12.42147247472121
 10
-9.873582439715843
 20
12.42147247472121
 10
-9.873582439715843
 20
12.64651647472192
 10
-9.873582439715843
 20
12.87156047472263
 10
-9.873582439715843
 20
12.87156047472263
 10
-9.648538439716956
 20
13.09660547472185
 10
-10.09862643971837
 20
12.64651647472192
 10
-10.09862643971837
 20
12.64651647472192
 10
-10.09862643971837
 20
12.42147247472121
 10
-10.09862643971837
 20
12.42147247472121
 10
-10.09862643971837
 20
12.42147247472121
 10
-10.09862643971837
 20
12.19642847472232
 10
-10.3236714397176
 20
12.19642847472232
 10
-10.3236714397176
 20
12.19642847472232
 10
-10.3236714397176
 20
12.87156047472263
 10
-10.3236714397176
 20
12.87156047472263
 10
-10.09862643971837
 20
12.64651647472192
 10
-9.873582439715843
 20
13.09660547472185
 10
-10.09862643971837
 20
13.09660547472185
 10
-10.3236714397176
 20
12.87156047472263
 10
-10.3236714397176
 20
13.09660547472185
 10
-10.3236714397176
 20
13.09660547472185
 10
-9.873582439715843
 20
13.09660547472185
 10
-9.648538439716956
 20
13.32164947472074
 10
-8.523317439720358
 20
14.44687047472189
 10
-9.648538439716956
 20
15.57209147472213
 10
-9.873582439715843
 20
15.79713647472226
 10
-10.3236714397176
 20
16.02218047472206
 10
-10.3236714397176
 20
16.02218047472206
 10
-10.3236714397176
 20
16.24722447472185
 10
-10.09862643971837
 20
16.02218047472206
 10
-9.873582439715843
 20
16.02218047472206
 10
-10.09862643971837
 20
16.24722447472185
 10
-10.3236714397176
 20
16.24722447472185
 10
-10.3236714397176
 20
16.24722447472185
 10
-10.3236714397176
 20
16.69731347472088
 10
-10.3236714397176
 20
16.69731347472088
 10
-10.09862643971837
 20
16.69731347472088
 10
-10.09862643971837
 20
16.69731347472088
 10
-10.09862643971837
 20
16.69731347472088
 10
-10.09862643971837
 20
16.472269474722
 10
-10.09862643971837
 20
16.472269474722
 10
-10.09862643971837
 20
16.24722447472185
 10
-9.873582439715843
 20
16.02218047472206
 10
-9.873582439715843
 20
16.24722447472185
 10
-9.873582439715843
 20
16.24722447472185
 10
-9.873582439715843
 20
16.472269474722
 10
-9.873582439715843
 20
16.472269474722
 10
-9.873582439715843
 20
16.69731347472088
 10
-9.873582439715843
 20
16.69731347472088
 10
-9.873582439715843
 20
16.92235747472341
 10
-9.873582439715843
 20
16.92235747472341
 10
-10.09862643971837
 20
16.92235747472341
 10
-10.3236714397176
 20
16.92235747472341
 10
-10.3236714397176
 20
16.92235747472341
  0
LWPOLYLINE
  5
31F
330
30E
100
AcDbEntity
  8
0
  6
CONTINUOUS
 62
    43
100
AcDbPolyline
 90
       98
 70
     1
 43
0.0
 10
-10.3236714397176
 20
9.270852474721774
 10
-9.873582439715843
 20
9.04580847472107
 10
-9.648538439716956
 20
9.270852474721774
 10
-9.648538439716956
 20
9.04580847472107
 10
-9.648538439716956
 20
8.820764474722182
 10
-9.648538439716956
 20
8.820764474722182
 10
-9.648538439716956
 20
8.595719474722044
 10
-9.648538439716956
 20
8.370675474723157
 10
-9.648538439716956
 20
8.145631474720629
 10
-9.423494439718068
 20
8.145631474720629
 10
-9.423494439718068
 20
7.920587474721741
 10
-9.198449439718841
 20
7.920587474721741
 10
-9.198449439718841
 20
7.695542474722514
 10
-8.973405439718134
 20
7.470498474721805
 10
-8.748361439719247
 20
7.245454474721099
 10
-8.523317439720358
 20
7.245454474721099
 10
-8.523317439720358
 20
7.020410474722212
 10
-8.298272439719312
 20
6.795365474722075
 10
-8.073228439718605
 20
6.570321474722277
 10
-8.298272439719312
 20
6.570321474722277
 10
-8.523317439720358
 20
6.345277474721567
 10
-8.523317439720358
 20
6.120233474720862
 10
-8.748361439719247
 20
5.895188474721633
 10
-8.973405439718134
 20
5.670144474720927
 10
-9.198449439718841
 20
5.670144474720927
 10
-9.198449439718841
 20
5.445100474722039
 10
-9.423494439718068
 20
5.220056474722242
 10
-9.648538439716956
 20
5.220056474722242
 10
-9.648538439716956
 20
4.995011474722105
 10
-9.648538439716956
 20
4.769967474722307
 10
-9.648538439716956
 20
4.769967474722307
 10
-9.648538439716956
 20
4.544923474721597
 10
-9.648538439716956
 20
4.319879474722711
 10
-9.648538439716956
 20
4.319879474722711
 10
-9.648538439716956
 20
4.094834474721665
 10
-9.873582439715843
 20
4.094834474721665
 10
-10.3236714397176
 20
4.094834474721665
 10
-10.3236714397176
 20
4.319879474722711
 10
-10.3236714397176
 20
4.319879474722711
 10
-10.09862643971837
 20
4.319879474722711
 10
-9.873582439715843
 20
4.319879474722711
 10
-9.873582439715843
 20
4.319879474722711
 10
-9.873582439715843
 20
4.544923474721597
 10
-9.873582439715843
 20
4.544923474721597
 10
-9.873582439715843
 20
4.544923474721597
 10
-9.873582439715843
 20
4.769967474722307
 10
-9.873582439715843
 20
4.769967474722307
 10
-9.873582439715843
 20
4.995011474722105
 10
-9.648538439716956
 20
5.220056474722242
 10
-10.09862643971837
 20
4.769967474722307
 10
-10.09862643971837
 20
4.769967474722307
 10
-10.09862643971837
 20
4.544923474721597
 10
-10.09862643971837
 20
4.544923474721597
 10
-10.09862643971837
 20
4.544923474721597
 10
-10.09862643971837
 20
4.544923474721597
 10
-10.3236714397176
 20
4.319879474722711
 10
-10.3236714397176
 20
4.319879474722711
 10
-10.3236714397176
 20
4.995011474722105
 10
-10.3236714397176
 20
4.995011474722105
 10
-10.09862643971837
 20
4.769967474722307
 10
-9.873582439715843
 20
5.220056474722242
 10
-10.09862643971837
 20
4.995011474722105
 10
-10.3236714397176
 20
4.995011474722105
 10
-10.3236714397176
 20
5.220056474722242
 10
-10.3236714397176
 20
5.220056474722242
 10
-9.873582439715843
 20
5.220056474722242
 10
-9.648538439716956
 20
5.445100474722039
 10
-8.523317439720358
 20
6.570321474722277
 10
-9.648538439716956
 20
7.695542474722514
 10
-9.873582439715843
 20
7.920587474721741
 10
-10.3236714397176
 20
8.145631474720629
 10
-10.3236714397176
 20
8.145631474720629
 10
-10.3236714397176
 20
8.145631474720629
 10
-10.09862643971837
 20
8.145631474720629
 10
-9.873582439715843
 20
8.145631474720629
 10
-10.09862643971837
 20
8.370675474723157
 10
-10.3236714397176
 20
8.370675474723157
 10
-10.3236714397176
 20
8.370675474723157
 10
-10.3236714397176
 20
8.820764474722182
 10
-10.3236714397176
 20
8.820764474722182
 10
-10.09862643971837
 20
8.820764474722182
 10
-10.09862643971837
 20
8.820764474722182
 10
-10.09862643971837
 20
8.595719474722044
 10
-10.09862643971837
 20
8.595719474722044
 10
-10.09862643971837
 20
8.595719474722044
 10
-10.09862643971837
 20
8.370675474723157
 10
-9.873582439715843
 20
8.145631474720629
 10
-9.873582439715843
 20
8.370675474723157
 10
-9.873582439715843
 20
8.370675474723157
 10
-9.873582439715843
 20
8.595719474722044
 10
-9.873582439715843
 20
8.595719474722044
 10
-9.873582439715843
 20
8.820764474722182
 10
-9.873582439715843
 20
8.820764474722182
 10
-9.873582439715843
 20
9.04580847472107
 10
-9.873582439715843
 20
9.04580847472107
 10
-10.09862643971837
 20
9.04580847472107
 10
-10.3236714397176
 20
9.04580847472107
 10
-10.3236714397176
 20
9.04580847472107
  0
LWPOLYLINE
  5
320
330
30E
100
AcDbEntity
  8
0
  6
CONTINUOUS
 62
    43
100
AcDbPolyline
 90
       98
 70
     1
 43
0.0
 10
-10.3236714397176
 20
1.169259474723274
 10
-9.873582439715843
 20
1.169259474723274
 10
-9.648538439716956
 20
1.394303474722162
 10
-9.648538439716956
 20
1.169259474723274
 10
-9.648538439716956
 20
0.9442154747225686
 10
-9.648538439716956
 20
0.9442154747225686
 10
-9.648538439716956
 20
0.7191704747215228
 10
-9.648538439716956
 20
0.4941264747208153
 10
-9.648538439716956
 20
0.2690824747228362
 10
-9.423494439718068
 20
0.2690824747228362
 10
-9.423494439718068
 20
0.0440384747221288
 10
-9.198449439718841
 20
-0.1810065252789172
 10
-9.198449439718841
 20
-0.1810065252789172
 10
-8.973405439718134
 20
-0.4060505252778058
 10
-8.748361439719247
 20
-0.6310945252776037
 10
-8.523317439720358
 20
-0.8561385252774016
 10
-8.523317439720358
 20
-0.8561385252774016
 10
-8.298272439719312
 20
-1.081183525277537
 10
-8.073228439718605
 20
-1.306227525276426
 10
-8.298272439719312
 20
-1.306227525276426
 10
-8.523317439720358
 20
-1.531271525276224
 10
-8.523317439720358
 20
-1.75631552527784
 10
-8.748361439719247
 20
-1.981360525277975
 10
-8.973405439718134
 20
-2.206404525276865
 10
-9.198449439718841
 20
-2.206404525276865
 10
-9.198449439718841
 20
-2.431448525277573
 10
-9.423494439718068
 20
-2.656492525276461
 10
-9.648538439716956
 20
-2.656492525276461
 10
-9.648538439716956
 20
-2.881537525277508
 10
-9.648538439716956
 20
-3.106581525277306
 10
-9.648538439716956
 20
-3.106581525277306
 10
-9.648538439716956
 20
-3.331625525278013
 10
-9.648538439716956
 20
-3.556670525279058
 10
-9.648538439716956
 20
-3.781714525277038
 10
-9.648538439716956
 20
-3.781714525277038
 10
-9.873582439715843
 20
-3.781714525277038
 10
-10.3236714397176
 20
-3.781714525277038
 10
-10.3236714397176
 20
-3.556670525279058
 10
-10.3236714397176
 20
-3.556670525279058
 10
-10.09862643971837
 20
-3.556670525279058
 10
-9.873582439715843
 20
-3.556670525279058
 10
-9.873582439715843
 20
-3.556670525279058
 10
-9.873582439715843
 20
-3.556670525279058
 10
-9.873582439715843
 20
-3.331625525278013
 10
-9.873582439715843
 20
-3.331625525278013
 10
-9.873582439715843
 20
-3.106581525277306
 10
-9.873582439715843
 20
-3.106581525277306
 10
-9.873582439715843
 20
-2.881537525277508
 10
-9.648538439716956
 20
-2.881537525277508
 10
-10.09862643971837
 20
-3.106581525277306
 10
-10.09862643971837
 20
-3.106581525277306
 10
-10.09862643971837
 20
-3.331625525278013
 10
-10.09862643971837
 20
-3.331625525278013
 10
-10.09862643971837
 20
-3.331625525278013
 10
-10.09862643971837
 20
-3.556670525279058
 10
-10.3236714397176
 20
-3.556670525279058
 10
-10.3236714397176
 20
-3.556670525279058
 10
-10.3236714397176
 20
-2.881537525277508
 10
-10.3236714397176
 20
-2.881537525277508
 10
-10.09862643971837
 20
-3.106581525277306
 10
-9.873582439715843
 20
-2.656492525276461
 10
-10.09862643971837
 20
-2.881537525277508
 10
-10.3236714397176
 20
-2.881537525277508
 10
-10.3236714397176
 20
-2.656492525276461
 10
-10.3236714397176
 20
-2.656492525276461
 10
-9.873582439715843
 20
-2.656492525276461
 10
-9.648538439716956
 20
-2.431448525277573
 10
-8.523317439720358
 20
-1.306227525276426
 10
-9.648538439716956
 20
-0.1810065252789172
 10
-9.873582439715843
 20
0.0440384747221288
 10
-10.3236714397176
 20
0.2690824747228362
 10
-10.3236714397176
 20
0.2690824747228362
 10
-10.3236714397176
 20
0.2690824747228362
 10
-10.09862643971837
 20
0.2690824747228362
 10
-9.873582439715843
 20
0.2690824747228362
 10
-10.09862643971837
 20
0.4941264747208153
 10
-10.3236714397176
 20
0.4941264747208153
 10
-10.3236714397176
 20
0.4941264747208153
 10
-10.3236714397176
 20
0.9442154747225686
 10
-10.3236714397176
 20
0.9442154747225686
 10
-10.09862643971837
 20
0.9442154747225686
 10
-10.09862643971837
 20
0.9442154747225686
 10
-10.09862643971837
 20
0.7191704747215228
 10
-10.09862643971837
 20
0.7191704747215228
 10
-10.09862643971837
 20
0.7191704747215228
 10
-10.09862643971837
 20
0.4941264747208153
 10
-9.873582439715843
 20
0.2690824747228362
 10
-9.873582439715843
 20
0.4941264747208153
 10
-9.873582439715843
 20
0.4941264747208153
 10
-9.873582439715843
 20
0.7191704747215228
 10
-9.873582439715843
 20
0.7191704747215228
 10
-9.873582439715843
 20
0.9442154747225686
 10
-9.873582439715843
 20
0.9442154747225686
 10
-9.873582439715843
 20
1.169259474723274
 10
-9.873582439715843
 20
1.169259474723274
 10
-10.09862643971837
 20
1.169259474723274
 10
-10.3236714397176
 20
1.169259474723274
 10
-10.3236714397176
 20
1.169259474723274
  0
LWPOLYLINE
  5
321
330
30E
100
AcDbEntity
  8
0
  6
CONTINUOUS
 62
    43
100
AcDbPolyline
 90
       98
 70
     1
 43
0.0
 10
-10.3236714397176
 20
-6.707289525276338
 10
-9.873582439715843
 20
-6.707289525276338
 10
-9.648538439716956
 20
-6.482245525277448
 10
-9.648538439716956
 20
-6.707289525276338
 10
-9.648538439716956
 20
-6.932333525277954
 10
-9.648538439716956
 20
-7.15737852527627
 10
-9.648538439716956
 20
-7.15737852527627
 10
-9.648538439716956
 20
-7.382422525277888
 10
-9.648538439716956
 20
-7.607466525277684
 10
-9.423494439718068
 20
-7.607466525277684
 10
-9.423494439718068
 20
-7.832510525277482
 10
-9.198449439718841
 20
-8.057555525277621
 10
-9.198449439718841
 20
-8.057555525277621
 10
-8.973405439718134
 20
-8.28259952527742
 10
-8.748361439719247
 20
-8.507643525278127
 10
-8.523317439720358
 20
-8.732687525277923
 10
-8.523317439720358
 20
-8.732687525277923
 10
-8.298272439719312
 20
-8.957732525276242
 10
-8.073228439718605
 20
-9.182776525277859
 10
-8.298272439719312
 20
-9.407820525277657
 10
-8.523317439720358
 20
-9.407820525277657
 10
-8.523317439720358
 20
-9.632865525277793
 10
-8.748361439719247
 20
-9.857909525277591
 10
-8.973405439718134
 20
-10.08295352527648
 10
-9.198449439718841
 20
-10.08295352527648
 10
-9.198449439718841
 20
-10.30799752527809
 10
-9.423494439718068
 20
-10.53304252527641
 10
-9.648538439716956
 20
-10.53304252527641
 10
-9.648538439716956
 20
-10.75808652527803
 10
-9.648538439716956
 20
-10.98313052527783
 10
-9.648538439716956
 20
-10.98313052527783
 10
-9.648538439716956
 20
-11.20817452527762
 10
-9.648538439716956
 20
-11.43321952527776
 10
-9.648538439716956
 20
-11.65826352527756
 10
-9.648538439716956
 20
-11.65826352527756
 10
-9.873582439715843
 20
-11.65826352527756
 10
-10.3236714397176
 20
-11.65826352527756
 10
-10.3236714397176
 20
-11.43321952527776
 10
-10.3236714397176
 20
-11.43321952527776
 10
-10.09862643971837
 20
-11.43321952527776
 10
-9.873582439715843
 20
-11.65826352527756
 10
-9.873582439715843
 20
-11.43321952527776
 10
-9.873582439715843
 20
-11.43321952527776
 10
-9.873582439715843
 20
-11.20817452527762
 10
-9.873582439715843
 20
-11.20817452527762
 10
-9.873582439715843
 20
-10.98313052527783
 10
-9.873582439715843
 20
-10.98313052527783
 10
-9.873582439715843
 20
-10.75808652527803
 10
-9.648538439716956
 20
-10.75808652527803
 10
-10.09862643971837
 20
-10.98313052527783
 10
-10.09862643971837
 20
-10.98313052527783
 10
-10.09862643971837
 20
-11.20817452527762
 10
-10.09862643971837
 20
-11.20817452527762
 10
-10.09862643971837
 20
-11.20817452527762
 10
-10.09862643971837
 20
-11.43321952527776
 10
-10.3236714397176
 20
-11.43321952527776
 10
-10.3236714397176
 20
-11.43321952527776
 10
-10.3236714397176
 20
-10.98313052527783
 10
-10.3236714397176
 20
-10.98313052527783
 10
-10.09862643971837
 20
-10.98313052527783
 10
-9.873582439715843
 20
-10.53304252527641
 10
-10.09862643971837
 20
-10.75808652527803
 10
-10.3236714397176
 20
-10.75808652527803
 10
-10.3236714397176
 20
-10.53304252527641
 10
-10.3236714397176
 20
-10.53304252527641
 10
-9.873582439715843
 20
-10.53304252527641
 10
-9.648538439716956
 20
-10.30799752527809
 10
-8.523317439720358
 20
-9.182776525277859
 10
-9.648538439716956
 20
-8.057555525277621
 10
-9.873582439715843
 20
-7.832510525277482
 10
-10.3236714397176
 20
-7.832510525277482
 10
-10.3236714397176
 20
-7.832510525277482
 10
-10.3236714397176
 20
-7.607466525277684
 10
-10.09862643971837
 20
-7.607466525277684
 10
-9.873582439715843
 20
-7.607466525277684
 10
-10.09862643971837
 20
-7.382422525277888
 10
-10.3236714397176
 20
-7.382422525277888
 10
-10.3236714397176
 20
-7.382422525277888
 10
-10.3236714397176
 20
-6.932333525277954
 10
-10.3236714397176
 20
-6.932333525277954
 10
-10.09862643971837
 20
-6.932333525277954
 10
-10.09862643971837
 20
-6.932333525277954
 10
-10.09862643971837
 20
-7.15737852527627
 10
-10.09862643971837
 20
-7.15737852527627
 10
-10.09862643971837
 20
-7.15737852527627
 10
-10.09862643971837
 20
-7.382422525277888
 10
-9.873582439715843
 20
-7.607466525277684
 10
-9.873582439715843
 20
-7.607466525277684
 10
-9.873582439715843
 20
-7.382422525277888
 10
-9.873582439715843
 20
-7.15737852527627
 10
-9.873582439715843
 20
-7.15737852527627
 10
-9.873582439715843
 20
-6.932333525277954
 10
-9.873582439715843
 20
-6.932333525277954
 10
-9.873582439715843
 20
-6.932333525277954
 10
-9.873582439715843
 20
-6.707289525276338
 10
-10.09862643971837
 20
-6.707289525276338
 10
-10.3236714397176
 20
-6.707289525276338
 10
-10.3236714397176
 20
-6.707289525276338
  0
LWPOLYLINE
  5
322
330
30E
100
AcDbEntity
  8
0
  6
CONTINUOUS
 62
    43
100
AcDbPolyline
 90
       98
 70
     1
 43
0.0
 10
-10.3236714397176
 20
-14.58383852527868
 10
-9.873582439715843
 20
-14.58383852527868
 10
-9.648538439716956
 20
-14.35879452527797
 10
-9.648538439716956
 20
-14.58383852527868
 10
-9.648538439716956
 20
-14.80888252527757
 10
-9.648538439716956
 20
-15.03392752527769
 10
-9.648538439716956
 20
-15.03392752527769
 10
-9.648538439716956
 20
-15.25897152527659
 10
-9.648538439716956
 20
-15.48401552527912
 10
-9.423494439718068
 20
-15.48401552527912
 10
-9.423494439718068
 20
-15.70905952527801
 10
-9.198449439718841
 20
-15.93410452527814
 10
-9.198449439718841
 20
-15.93410452527814
 10
-8.973405439718134
 20
-16.15914852527794
 10
-8.748361439719247
 20
-16.38419252527774
 10
-8.523317439720358
 20
-16.60923752527788
 10
-8.523317439720358
 20
-16.83428152527767
 10
-8.298272439719312
 20
-16.83428152527767
 10
-8.073228439718605
 20
-17.05932552527838
 10
-8.298272439719312
 20
-17.28436952527818
 10
-8.523317439720358
 20
-17.5094145252774
 10
-8.523317439720358
 20
-17.5094145252774
 10
-8.748361439719247
 20
-17.73445852527811
 10
-8.973405439718134
 20
-17.95950252527882
 10
-9.198449439718841
 20
-18.18454652527771
 10
-9.198449439718841
 20
-18.18454652527771
 10
-9.423494439718068
 20
-18.40959152527785
 10
-9.648538439716956
 20
-18.63463552527673
 10
-9.648538439716956
 20
-18.63463552527673
 10
-9.648538439716956
 20
-18.85967952527926
 10
-9.648538439716956
 20
-19.08472352527815
 10
-9.648538439716956
 20
-19.08472352527815
 10
-9.648538439716956
 20
-19.30976852527829
 10
-9.648538439716956
 20
-19.53481252527808
 10
-9.648538439716956
 20
-19.75985652527788
 10
-9.873582439715843
 20
-19.53481252527808
 10
-10.3236714397176
 20
-19.53481252527808
 10
-10.3236714397176
 20
-19.53481252527808
 10
-10.3236714397176
 20
-19.53481252527808
 10
-10.09862643971837
 20
-19.53481252527808
 10
-9.873582439715843
 20
-19.53481252527808
 10
-9.873582439715843
 20
-19.30976852527829
 10
-9.873582439715843
 20
-19.30976852527829
 10
-9.873582439715843
 20
-19.08472352527815
 10
-9.873582439715843
 20
-19.08472352527815
 10
-9.873582439715843
 20
-18.85967952527926
 10
-9.873582439715843
 20
-18.85967952527926
 10
-9.873582439715843
 20
-18.63463552527673
 10
-9.648538439716956
 20
-18.63463552527673
 10
-10.09862643971837
 20
-18.85967952527926
 10
-10.09862643971837
 20
-19.08472352527815
 10
-10.09862643971837
 20
-19.08472352527815
 10
-10.09862643971837
 20
-19.08472352527815
 10
-10.09862643971837
 20
-19.30976852527829
 10
-10.09862643971837
 20
-19.30976852527829
 10
-10.3236714397176
 20
-19.30976852527829
 10
-10.3236714397176
 20
-19.30976852527829
 10
-10.3236714397176
 20
-18.85967952527926
 10
-10.3236714397176
 20
-18.85967952527926
 10
-10.09862643971837
 20
-18.85967952527926
 10
-9.873582439715843
 20
-18.40959152527785
 10
-10.09862643971837
 20
-18.63463552527673
 10
-10.3236714397176
 20
-18.63463552527673
 10
-10.3236714397176
 20
-18.40959152527785
 10
-10.3236714397176
 20
-18.40959152527785
 10
-9.873582439715843
 20
-18.40959152527785
 10
-9.648538439716956
 20
-18.18454652527771
 10
-8.523317439720358
 20
-17.05932552527838
 10
-9.648538439716956
 20
-15.93410452527814
 10
-9.873582439715843
 20
-15.70905952527801
 10
-10.3236714397176
 20
-15.70905952527801
 10
-10.3236714397176
 20
-15.70905952527801
 10
-10.3236714397176
 20
-15.48401552527912
 10
-10.09862643971837
 20
-15.48401552527912
 10
-9.873582439715843
 20
-15.70905952527801
 10
-10.09862643971837
 20
-15.25897152527659
 10
-10.3236714397176
 20
-15.25897152527659
 10
-10.3236714397176
 20
-15.25897152527659
 10
-10.3236714397176
 20
-14.80888252527757
 10
-10.3236714397176
 20
-14.80888252527757
 10
-10.09862643971837
 20
-14.80888252527757
 10
-10.09862643971837
 20
-15.03392752527769
 10
-10.09862643971837
 20
-15.03392752527769
 10
-10.09862643971837
 20
-15.03392752527769
 10
-10.09862643971837
 20
-15.25897152527659
 10
-10.09862643971837
 20
-15.25897152527659
 10
-9.873582439715843
 20
-15.48401552527912
 10
-9.873582439715843
 20
-15.48401552527912
 10
-9.873582439715843
 20
-15.25897152527659
 10
-9.873582439715843
 20
-15.25897152527659
 10
-9.873582439715843
 20
-15.03392752527769
 10
-9.873582439715843
 20
-15.03392752527769
 10
-9.873582439715843
 20
-14.80888252527757
 10
-9.873582439715843
 20
-14.80888252527757
 10
-9.873582439715843
 20
-14.58383852527868
 10
-10.09862643971837
 20
-14.80888252527757
 10
-10.3236714397176
 20
-14.80888252527757
 10
-10.3236714397176
 20
-14.80888252527757
  0
LWPOLYLINE
  5
323
330
30E
100
AcDbEntity
  8
0
  6
CONTINUOUS
 62
    43
100
AcDbPolyline
 90
       98
 70
     1
 43
0.0
 10
-10.3236714397176
 20
-22.46038752527828
 10
-9.873582439715843
 20
-22.46038752527828
 10
-9.648538439716956
 20
-22.46038752527828
 10
-9.648538439716956
 20
-22.46038752527828
 10
-9.648538439716956
 20
-22.68543252527752
 10
-9.648538439716956
 20
-22.91047652527823
 10
-9.648538439716956
 20
-23.13552052527894
 10
-9.648538439716956
 20
-23.13552052527894
 10
-9.648538439716956
 20
-23.36056452527782
 10
-9.423494439718068
 20
-23.58560952527796
 10
-9.423494439718068
 20
-23.58560952527796
 10
-9.198449439718841
 20
-23.81065352527776
 10
-9.198449439718841
 20
-24.03569752527938
 10
-8.973405439718134
 20
-24.03569752527938
 10
-8.748361439719247
 20
-24.26074152527827
 10
-8.523317439720358
 20
-24.4857865252784
 10
-8.523317439720358
 20
-24.71083052527911
 10
-8.298272439719312
 20
-24.71083052527911
 10
-8.073228439718605
 20
-24.935874525278
 10
-8.298272439719312
 20
-25.16091852527779
 10
-8.523317439720358
 20
-25.38596352527793
 10
-8.523317439720358
 20
-25.38596352527793
 10
-8.748361439719247
 20
-25.61100752527773
 10
-8.973405439718134
 20
-25.83605152527662
 10
-9.198449439718841
 20
-26.06109552527732
 10
-9.198449439718841
 20
-26.06109552527732
 10
-9.423494439718068
 20
-26.28614052527837
 10
-9.648538439716956
 20
-26.51118452527908
 10
-9.648538439716956
 20
-26.51118452527908
 10
-9.648538439716956
 20
-26.73622852527797
 10
-9.648538439716956
 20
-26.96127252527777
 10
-9.648538439716956
 20
-27.1863175252779
 10
-9.648538439716956
 20
-27.1863175252779
 10
-9.648538439716956
 20
-27.4113615252777
 10
-9.648538439716956
 20
-27.6364055252775
 10
-9.873582439715843
 20
-27.4113615252777
 10
-10.3236714397176
 20
-27.4113615252777
 10
-10.3236714397176
 20
-27.4113615252777
 10
-10.3236714397176
 20
-27.4113615252777
 10
-10.09862643971837
 20
-27.4113615252777
 10
-9.873582439715843
 20
-27.4113615252777
 10
-9.873582439715843
 20
-27.1863175252779
 10
-9.873582439715843
 20
-27.1863175252779
 10
-9.873582439715843
 20
-27.1863175252779
 10
-9.873582439715843
 20
-26.96127252527777
 10
-9.873582439715843
 20
-26.96127252527777
 10
-9.873582439715843
 20
-26.73622852527797
 10
-9.873582439715843
 20
-26.51118452527908
 10
-9.648538439716956
 20
-26.51118452527908
 10
-10.09862643971837
 20
-26.73622852527797
 10
-10.09862643971837
 20
-26.96127252527777
 10
-10.09862643971837
 20
-26.96127252527777
 10
-10.09862643971837
 20
-26.96127252527777
 10
-10.09862643971837
 20
-27.1863175252779
 10
-10.09862643971837
 20
-27.1863175252779
 10
-10.3236714397176
 20
-27.1863175252779
 10
-10.3236714397176
 20
-27.1863175252779
 10
-10.3236714397176
 20
-26.73622852527797
 10
-10.3236714397176
 20
-26.73622852527797
 10
-10.09862643971837
 20
-26.73622852527797
 10
-9.873582439715843
 20
-26.51118452527908
 10
-10.09862643971837
 20
-26.51118452527908
 10
-10.3236714397176
 20
-26.51118452527908
 10
-10.3236714397176
 20
-26.28614052527837
 10
-10.3236714397176
 20
-26.28614052527837
 10
-9.873582439715843
 20
-26.28614052527837
 10
-9.648538439716956
 20
-26.06109552527732
 10
-8.523317439720358
 20
-24.935874525278
 10
-9.648538439716956
 20
-23.81065352527776
 10
-9.873582439715843
 20
-23.58560952527796
 10
-10.3236714397176
 20
-23.58560952527796
 10
-10.3236714397176
 20
-23.58560952527796
 10
-10.3236714397176
 20
-23.36056452527782
 10
-10.09862643971837
 20
-23.36056452527782
 10
-9.873582439715843
 20
-23.58560952527796
 10
-10.09862643971837
 20
-23.13552052527894
 10
-10.3236714397176
 20
-23.13552052527894
 10
-10.3236714397176
 20
-23.13552052527894
 10
-10.3236714397176
 20
-22.68543252527752
 10
-10.3236714397176
 20
-22.68543252527752
 10
-10.09862643971837
 20
-22.68543252527752
 10
-10.09862643971837
 20
-22.91047652527823
 10
-10.09862643971837
 20
-22.91047652527823
 10
-10.09862643971837
 20
-22.91047652527823
 10
-10.09862643971837
 20
-23.13552052527894
 10
-10.09862643971837
 20
-23.13552052527894
 10
-9.873582439715843
 20
-23.58560952527796
 10
-9.873582439715843
 20
-23.36056452527782
 10
-9.873582439715843
 20
-23.13552052527894
 10
-9.873582439715843
 20
-23.13552052527894
 10
-9.873582439715843
 20
-22.91047652527823
 10
-9.873582439715843
 20
-22.91047652527823
 10
-9.873582439715843
 20
-22.68543252527752
 10
-9.873582439715843
 20
-22.68543252527752
 10
-9.873582439715843
 20
-22.46038752527828
 10
-10.09862643971837
 20
-22.68543252527752
 10
-10.3236714397176
 20
-22.68543252527752
 10
-10.3236714397176
 20
-22.68543252527752
  0
LWPOLYLINE
  5
324
330
30E
100
AcDbEntity
  8
0
  6
CONTINUOUS
 62
    43
100
AcDbPolyline
 90
       50
 70
     1
 43
0.0
 10
-10.3236714397176
 20
25.02395047472191
 10
-10.3236714397176
 20
25.02395047472191
 10
-10.54871543971831
 20
25.02395047472191
 10
-10.99880343971972
 20
25.24899547472205
 10
-12.12402543971666
 20
26.37421647472229
 10
-12.57411343971625
 20
26.37421647472229
 10
-12.34906943971919
 20
26.14917247472249
 10
-12.12402543971666
 20
26.14917247472249
 10
-11.89898043971925
 20
25.92412747472236
 10
-11.89898043971925
 20
25.69908347472347
 10
-11.67393643971854
 20
25.47403947472367
 10
-11.44889243971966
 20
25.24899547472205
 10
-11.22384843971713
 20
25.24899547472205
 10
-11.22384843971713
 20
25.02395047472191
 10
-10.99880343971972
 20
25.02395047472191
 10
-10.99880343971972
 20
24.79890647472303
 10
-10.77375943971538
 20
24.57386247472232
 10
-10.77375943971538
 20
24.34881847472252
 10
-10.77375943971538
 20
24.34881847472252
 10
-10.77375943971538
 20
24.12377347472239
 10
-10.77375943971538
 20
23.89872947472259
 10
-10.99880343971972
 20
23.6736854747237
 10
-10.54871543971831
 20
23.89872947472259
 10
-10.3236714397176
 20
23.89872947472259
 10
-10.3236714397176
 20
24.12377347472239
 10
-10.3236714397176
 20
24.12377347472239
 10
-10.54871543971831
 20
24.12377347472239
 10
-10.77375943971538
 20
23.89872947472259
 10
-10.77375943971538
 20
24.12377347472239
 10
-10.77375943971538
 20
24.12377347472239
 10
-10.77375943971538
 20
24.34881847472252
 10
-10.77375943971538
 20
24.34881847472252
 10
-10.77375943971538
 20
24.57386247472232
 10
-10.77375943971538
 20
24.57386247472232
 10
-10.77375943971538
 20
24.79890647472303
 10
-10.77375943971538
 20
24.79890647472303
 10
-10.54871543971831
 20
24.57386247472232
 10
-10.54871543971831
 20
24.34881847472252
 10
-10.54871543971831
 20
24.34881847472252
 10
-10.54871543971831
 20
24.34881847472252
 10
-10.54871543971831
 20
24.12377347472239
 10
-10.3236714397176
 20
24.12377347472239
 10
-10.3236714397176
 20
24.12377347472239
 10
-10.3236714397176
 20
24.12377347472239
 10
-10.3236714397176
 20
24.57386247472232
 10
-10.3236714397176
 20
24.57386247472232
 10
-10.54871543971831
 20
24.57386247472232
 10
-10.77375943971538
 20
25.02395047472191
 10
-10.54871543971831
 20
24.79890647472303
 10
-10.3236714397176
 20
24.79890647472303
  0
LWPOLYLINE
  5
325
330
30E
100
AcDbEntity
  8
0
  6
CONTINUOUS
 62
    43
100
AcDbPolyline
 90
       98
 70
     1
 43
0.0
 10
-10.3236714397176
 20
20.97315447472238
 10
-10.54871543971831
 20
20.97315447472238
 10
-10.99880343971972
 20
20.97315447472238
 10
-10.77375943971538
 20
20.97315447472238
 10
-10.77375943971538
 20
20.74810947472224
 10
-10.77375943971538
 20
20.52306547472245
 10
-10.77375943971538
 20
20.52306547472245
 10
-10.77375943971538
 20
20.29802147472356
 10
-10.99880343971972
 20
20.07297747472103
 10
-10.99880343971972
 20
20.07297747472103
 10
-11.22384843971713
 20
19.84793247472362
 10
-11.22384843971713
 20
19.622888474722
 10
-11.44889243971966
 20
19.622888474722
 10
-11.67393643971854
 20
19.3978444747222
 10
-11.89898043971925
 20
19.17280047472241
 10
-11.89898043971925
 20
18.94775547472226
 10
-12.12402543971666
 20
18.72271147472247
 10
-12.34906943971919
 20
18.72271147472247
 10
-12.57411343971625
 20
18.49766747472358
 10
-12.34906943971919
 20
18.27262347472197
 10
-12.12402543971666
 20
18.04757847472365
 10
-11.89898043971925
 20
18.04757847472365
 10
-11.89898043971925
 20
17.82253447472203
 10
-11.67393643971854
 20
17.59749047472223
 10
-11.44889243971966
 20
17.37244647472244
 10
-11.22384843971713
 20
17.37244647472244
 10
-11.22384843971713
 20
17.1474014747223
 10
-10.99880343971972
 20
16.92235747472341
 10
-10.99880343971972
 20
16.92235747472341
 10
-10.77375943971538
 20
16.69731347472088
 10
-10.77375943971538
 20
16.472269474722
 10
-10.77375943971538
 20
16.472269474722
 10
-10.77375943971538
 20
16.24722447472185
 10
-10.77375943971538
 20
16.02218047472206
 10
-10.99880343971972
 20
15.79713647472226
 10
-10.54871543971831
 20
16.02218047472206
 10
-10.3236714397176
 20
16.02218047472206
 10
-10.3236714397176
 20
16.24722447472185
 10
-10.3236714397176
 20
16.24722447472185
 10
-10.54871543971831
 20
16.24722447472185
 10
-10.77375943971538
 20
16.02218047472206
 10
-10.77375943971538
 20
16.24722447472185
 10
-10.77375943971538
 20
16.24722447472185
 10
-10.77375943971538
 20
16.24722447472185
 10
-10.77375943971538
 20
16.472269474722
 10
-10.77375943971538
 20
16.69731347472088
 10
-10.77375943971538
 20
16.69731347472088
 10
-10.77375943971538
 20
16.92235747472341
 10
-10.77375943971538
 20
16.92235747472341
 10
-10.54871543971831
 20
16.69731347472088
 10
-10.54871543971831
 20
16.472269474722
 10
-10.54871543971831
 20
16.472269474722
 10
-10.54871543971831
 20
16.472269474722
 10
-10.54871543971831
 20
16.24722447472185
 10
-10.3236714397176
 20
16.24722447472185
 10
-10.3236714397176
 20
16.24722447472185
 10
-10.3236714397176
 20
16.24722447472185
 10
-10.3236714397176
 20
16.69731347472088
 10
-10.3236714397176
 20
16.69731347472088
 10
-10.54871543971831
 20
16.69731347472088
 10
-10.77375943971538
 20
17.1474014747223
 10
-10.54871543971831
 20
16.92235747472341
 10
-10.3236714397176
 20
16.92235747472341
 10
-10.3236714397176
 20
17.1474014747223
 10
-10.3236714397176
 20
17.1474014747223
 10
-10.54871543971831
 20
17.1474014747223
 10
-10.99880343971972
 20
17.37244647472244
 10
-12.12402543971666
 20
18.49766747472358
 10
-10.99880343971972
 20
19.622888474722
 10
-10.54871543971831
 20
19.84793247472362
 10
-10.3236714397176
 20
19.84793247472362
 10
-10.3236714397176
 20
19.84793247472362
 10
-10.3236714397176
 20
20.07297747472103
 10
-10.54871543971831
 20
20.07297747472103
 10
-10.77375943971538
 20
19.84793247472362
 10
-10.3236714397176
 20
20.29802147472356
 10
-10.3236714397176
 20
20.29802147472356
 10
-10.3236714397176
 20
20.29802147472356
 10
-10.3236714397176
 20
20.74810947472224
 10
-10.3236714397176
 20
20.74810947472224
 10
-10.3236714397176
 20
20.74810947472224
 10
-10.54871543971831
 20
20.52306547472245
 10
-10.54871543971831
 20
20.52306547472245
 10
-10.54871543971831
 20
20.52306547472245
 10
-10.54871543971831
 20
20.29802147472356
 10
-10.54871543971831
 20
20.29802147472356
 10
-10.77375943971538
 20
20.07297747472103
 10
-10.77375943971538
 20
20.07297747472103
 10
-10.77375943971538
 20
20.29802147472356
 10
-10.77375943971538
 20
20.29802147472356
 10
-10.54871543971831
 20
20.52306547472245
 10
-10.54871543971831
 20
20.52306547472245
 10
-10.54871543971831
 20
20.74810947472224
 10
-10.54871543971831
 20
20.74810947472224
 10
-10.77375943971538
 20
20.97315447472238
 10
-10.54871543971831
 20
20.97315447472238
 10
-10.3236714397176
 20
20.97315447472238
 10
-10.3236714397176
 20
20.97315447472238
  0
LWPOLYLINE
  5
326
330
30E
100
AcDbEntity
  8
0
  6
CONTINUOUS
 62
    43
100
AcDbPolyline
 90
       98
 70
     1
 43
0.0
 10
-10.3236714397176
 20
13.09660547472185
 10
-10.54871543971831
 20
13.09660547472185
 10
-10.99880343971972
 20
13.09660547472185
 10
-10.77375943971538
 20
13.09660547472185
 10
-10.77375943971538
 20
12.87156047472263
 10
-10.77375943971538
 20
12.64651647472192
 10
-10.77375943971538
 20
12.42147247472121
 10
-10.77375943971538
 20
12.42147247472121
 10
-10.99880343971972
 20
12.19642847472232
 10
-10.99880343971972
 20
11.97138347472219
 10
-11.22384843971713
 20
11.97138347472219
 10
-11.22384843971713
 20
11.7463394747233
 10
-11.44889243971966
 20
11.52129547472077
 10
-11.67393643971854
 20
11.52129547472077
 10
-11.89898043971925
 20
11.29625147472188
 10
-11.89898043971925
 20
11.07120647472175
 10
-12.12402543971666
 20
10.84616247472195
 10
-12.34906943971919
 20
10.84616247472195
 10
-12.57411343971625
 20
10.62111847472215
 10
-12.34906943971919
 20
10.39607447472053
 10
-12.12402543971666
 20
10.17102947472221
 10
-11.89898043971925
 20
9.94598547472242
 10
-11.89898043971925
 20
9.94598547472242
 10
-11.67393643971854
 20
9.720941474721712
 10
-11.44889243971966
 20
9.495896474722484
 10
-11.22384843971713
 20
9.270852474721774
 10
-11.22384843971713
 20
9.270852474721774
 10
-10.99880343971972
 20
9.04580847472107
 10
-10.99880343971972
 20
9.04580847472107
 10
-10.77375943971538
 20
8.820764474722182
 10
-10.77375943971538
 20
8.595719474722044
 10
-10.77375943971538
 20
8.595719474722044
 10
-10.77375943971538
 20
8.370675474723157
 10
-10.77375943971538
 20
8.145631474720629
 10
-10.99880343971972
 20
7.920587474721741
 10
-10.54871543971831
 20
8.145631474720629
 10
-10.3236714397176
 20
8.145631474720629
 10
-10.3236714397176
 20
8.145631474720629
 10
-10.3236714397176
 20
8.145631474720629
 10
-10.54871543971831
 20
8.145631474720629
 10
-10.77375943971538
 20
8.145631474720629
 10
-10.77375943971538
 20
8.145631474720629
 10
-10.77375943971538
 20
8.370675474723157
 10
-10.77375943971538
 20
8.370675474723157
 10
-10.77375943971538
 20
8.595719474722044
 10
-10.77375943971538
 20
8.595719474722044
 10
-10.77375943971538
 20
8.820764474722182
 10
-10.77375943971538
 20
8.820764474722182
 10
-10.77375943971538
 20
9.04580847472107
 10
-10.54871543971831
 20
8.820764474722182
 10
-10.54871543971831
 20
8.595719474722044
 10
-10.54871543971831
 20
8.595719474722044
 10
-10.54871543971831
 20
8.595719474722044
 10
-10.54871543971831
 20
8.370675474723157
 10
-10.3236714397176
 20
8.370675474723157
 10
-10.3236714397176
 20
8.370675474723157
 10
-10.3236714397176
 20
8.370675474723157
 10
-10.3236714397176
 20
8.820764474722182
 10
-10.3236714397176
 20
8.820764474722182
 10
-10.54871543971831
 20
8.820764474722182
 10
-10.77375943971538
 20
9.270852474721774
 10
-10.54871543971831
 20
9.04580847472107
 10
-10.3236714397176
 20
9.04580847472107
 10
-10.3236714397176
 20
9.270852474721774
 10
-10.3236714397176
 20
9.270852474721774
 10
-10.54871543971831
 20
9.270852474721774
 10
-10.99880343971972
 20
9.495896474722484
 10
-12.12402543971666
 20
10.62111847472215
 10
-10.99880343971972
 20
11.7463394747233
 10
-10.54871543971831
 20
11.97138347472219
 10
-10.3236714397176
 20
11.97138347472219
 10
-10.3236714397176
 20
11.97138347472219
 10
-10.3236714397176
 20
12.19642847472232
 10
-10.54871543971831
 20
12.19642847472232
 10
-10.77375943971538
 20
11.97138347472219
 10
-10.3236714397176
 20
12.42147247472121
 10
-10.3236714397176
 20
12.19642847472232
 10
-10.3236714397176
 20
12.19642847472232
 10
-10.3236714397176
 20
12.87156047472263
 10
-10.3236714397176
 20
12.87156047472263
 10
-10.3236714397176
 20
12.87156047472263
 10
-10.54871543971831
 20
12.64651647472192
 10
-10.54871543971831
 20
12.64651647472192
 10
-10.54871543971831
 20
12.64651647472192
 10
-10.54871543971831
 20
12.42147247472121
 10
-10.54871543971831
 20
12.42147247472121
 10
-10.77375943971538
 20
11.97138347472219
 10
-10.77375943971538
 20
12.19642847472232
 10
-10.77375943971538
 20
12.42147247472121
 10
-10.77375943971538
 20
12.42147247472121
 10
-10.54871543971831
 20
12.64651647472192
 10
-10.54871543971831
 20
12.64651647472192
 10
-10.54871543971831
 20
12.87156047472263
 10
-10.54871543971831
 20
12.87156047472263
 10
-10.77375943971538
 20
12.87156047472263
 10
-10.54871543971831
 20
12.87156047472263
 10
-10.3236714397176
 20
12.87156047472263
 10
-10.3236714397176
 20
12.87156047472263
  0
LWPOLYLINE
  5
327
330
30E
100
AcDbEntity
  8
0
  6
CONTINUOUS
 62
    43
100
AcDbPolyline
 90
       98
 70
     1
 43
0.0
 10
-10.3236714397176
 20
5.220056474722242
 10
-10.54871543971831
 20
5.220056474722242
 10
-10.99880343971972
 20
5.220056474722242
 10
-10.77375943971538
 20
5.220056474722242
 10
-10.77375943971538
 20
4.995011474722105
 10
-10.77375943971538
 20
4.769967474722307
 10
-10.77375943971538
 20
4.544923474721597
 10
-10.77375943971538
 20
4.544923474721597
 10
-10.99880343971972
 20
4.319879474722711
 10
-10.99880343971972
 20
4.094834474721665
 10
-11.22384843971713
 20
4.094834474721665
 10
-11.22384843971713
 20
3.869790474720957
 10
-11.44889243971966
 20
3.644746474722068
 10
-11.67393643971854
 20
3.644746474722068
 10
-11.89898043971925
 20
3.419701474721931
 10
-11.89898043971925
 20
3.194657474722133
 10
-12.12402543971666
 20
2.969613474723243
 10
-12.34906943971919
 20
2.969613474723243
 10
-12.57411343971625
 20
2.744569474722538
 10
-12.34906943971919
 20
2.51952447472149
 10
-12.12402543971666
 20
2.294480474720784
 10
-11.89898043971925
 20
2.294480474720784
 10
-11.89898043971925
 20
2.069436474721896
 10
-11.67393643971854
 20
1.844392474722098
 10
-11.44889243971966
 20
1.619347474721958
 10
-11.22384843971713
 20
1.394303474722162
 10
-11.22384843971713
 20
1.394303474722162
 10
-10.99880343971972
 20
1.169259474723274
 10
-10.99880343971972
 20
1.169259474723274
 10
-10.77375943971538
 20
0.9442154747225686
 10
-10.77375943971538
 20
0.7191704747215228
 10
-10.77375943971538
 20
0.4941264747208153
 10
-10.77375943971538
 20
0.4941264747208153
 10
-10.77375943971538
 20
0.2690824747228362
 10
-10.99880343971972
 20
0.0440384747221288
 10
-10.54871543971831
 20
0.2690824747228362
 10
-10.3236714397176
 20
0.2690824747228362
 10
-10.3236714397176
 20
0.2690824747228362
 10
-10.3236714397176
 20
0.2690824747228362
 10
-10.54871543971831
 20
0.2690824747228362
 10
-10.77375943971538
 20
0.2690824747228362
 10
-10.77375943971538
 20
0.2690824747228362
 10
-10.77375943971538
 20
0.4941264747208153
 10
-10.77375943971538
 20
0.4941264747208153
 10
-10.77375943971538
 20
0.7191704747215228
 10
-10.77375943971538
 20
0.7191704747215228
 10
-10.77375943971538
 20
0.9442154747225686
 10
-10.77375943971538
 20
1.169259474723274
 10
-10.77375943971538
 20
1.169259474723274
 10
-10.54871543971831
 20
0.9442154747225686
 10
-10.54871543971831
 20
0.7191704747215228
 10
-10.54871543971831
 20
0.7191704747215228
 10
-10.54871543971831
 20
0.7191704747215228
 10
-10.54871543971831
 20
0.4941264747208153
 10
-10.3236714397176
 20
0.4941264747208153
 10
-10.3236714397176
 20
0.4941264747208153
 10
-10.3236714397176
 20
0.4941264747208153
 10
-10.3236714397176
 20
0.9442154747225686
 10
-10.3236714397176
 20
0.9442154747225686
 10
-10.54871543971831
 20
0.9442154747225686
 10
-10.77375943971538
 20
1.169259474723274
 10
-10.54871543971831
 20
1.169259474723274
 10
-10.3236714397176
 20
1.169259474723274
 10
-10.3236714397176
 20
1.169259474723274
 10
-10.3236714397176
 20
1.169259474723274
 10
-10.54871543971831
 20
1.394303474722162
 10
-10.99880343971972
 20
1.619347474721958
 10
-12.12402543971666
 20
2.744569474722538
 10
-10.99880343971972
 20
3.869790474720957
 10
-10.54871543971831
 20
4.094834474721665
 10
-10.3236714397176
 20
4.094834474721665
 10
-10.3236714397176
 20
4.094834474721665
 10
-10.3236714397176
 20
4.319879474722711
 10
-10.54871543971831
 20
4.319879474722711
 10
-10.77375943971538
 20
4.094834474721665
 10
-10.3236714397176
 20
4.544923474721597
 10
-10.3236714397176
 20
4.319879474722711
 10
-10.3236714397176
 20
4.319879474722711
 10
-10.3236714397176
 20
4.995011474722105
 10
-10.3236714397176
 20
4.995011474722105
 10
-10.3236714397176
 20
4.995011474722105
 10
-10.54871543971831
 20
4.769967474722307
 10
-10.54871543971831
 20
4.769967474722307
 10
-10.54871543971831
 20
4.769967474722307
 10
-10.54871543971831
 20
4.544923474721597
 10
-10.54871543971831
 20
4.544923474721597
 10
-10.77375943971538
 20
4.094834474721665
 10
-10.77375943971538
 20
4.319879474722711
 10
-10.77375943971538
 20
4.544923474721597
 10
-10.77375943971538
 20
4.544923474721597
 10
-10.54871543971831
 20
4.769967474722307
 10
-10.54871543971831
 20
4.769967474722307
 10
-10.54871543971831
 20
4.995011474722105
 10
-10.54871543971831
 20
4.995011474722105
 10
-10.77375943971538
 20
5.220056474722242
 10
-10.54871543971831
 20
4.995011474722105
 10
-10.3236714397176
 20
4.995011474722105
 10
-10.3236714397176
 20
4.995011474722105
  0
LWPOLYLINE
  5
328
330
30E
100
AcDbEntity
  8
0
  6
CONTINUOUS
 62
    43
100
AcDbPolyline
 90
       98
 70
     1
 43
0.0
 10
-10.3236714397176
 20
-2.656492525276461
 10
-10.54871543971831
 20
-2.656492525276461
 10
-10.99880343971972
 20
-2.656492525276461
 10
-10.77375943971538
 20
-2.881537525277508
 10
-10.77375943971538
 20
-2.881537525277508
 10
-10.77375943971538
 20
-3.106581525277306
 10
-10.77375943971538
 20
-3.331625525278013
 10
-10.77375943971538
 20
-3.331625525278013
 10
-10.99880343971972
 20
-3.556670525279058
 10
-10.99880343971972
 20
-3.781714525277038
 10
-11.22384843971713
 20
-3.781714525277038
 10
-11.22384843971713
 20
-4.006758525277746
 10
-11.44889243971966
 20
-4.231802525277543
 10
-11.67393643971854
 20
-4.231802525277543
 10
-11.89898043971925
 20
-4.456847525277678
 10
-11.89898043971925
 20
-4.681891525276568
 10
-12.12402543971666
 20
-4.906935525277277
 10
-12.34906943971919
 20
-4.906935525277277
 10
-12.57411343971625
 20
-5.131979525277983
 10
-12.34906943971919
 20
-5.357024525276298
 10
-12.12402543971666
 20
-5.582068525277009
 10
-11.89898043971925
 20
-5.807112525277712
 10
-11.89898043971925
 20
-5.807112525277712
 10
-11.67393643971854
 20
-6.032156525277514
 10
-11.44889243971966
 20
-6.25720152527765
 10
-11.22384843971713
 20
-6.482245525277448
 10
-11.22384843971713
 20
-6.482245525277448
 10
-10.99880343971972
 20
-6.707289525276338
 10
-10.99880343971972
 20
-6.932333525277954
 10
-10.77375943971538
 20
-6.932333525277954
 10
-10.77375943971538
 20
-7.15737852527627
 10
-10.77375943971538
 20
-7.382422525277888
 10
-10.77375943971538
 20
-7.382422525277888
 10
-10.77375943971538
 20
-7.607466525277684
 10
-10.99880343971972
 20
-7.832510525277482
 10
-10.54871543971831
 20
-7.607466525277684
 10
-10.3236714397176
 20
-7.832510525277482
 10
-10.3236714397176
 20
-7.607466525277684
 10
-10.3236714397176
 20
-7.607466525277684
 10
-10.54871543971831
 20
-7.607466525277684
 10
-10.77375943971538
 20
-7.607466525277684
 10
-10.77375943971538
 20
-7.607466525277684
 10
-10.77375943971538
 20
-7.382422525277888
 10
-10.77375943971538
 20
-7.382422525277888
 10
-10.77375943971538
 20
-7.15737852527627
 10
-10.77375943971538
 20
-7.15737852527627
 10
-10.77375943971538
 20
-6.932333525277954
 10
-10.77375943971538
 20
-6.932333525277954
 10
-10.77375943971538
 20
-6.707289525276338
 10
-10.54871543971831
 20
-7.15737852527627
 10
-10.54871543971831
 20
-7.15737852527627
 10
-10.54871543971831
 20
-7.15737852527627
 10
-10.54871543971831
 20
-7.382422525277888
 10
-10.54871543971831
 20
-7.382422525277888
 10
-10.3236714397176
 20
-7.382422525277888
 10
-10.3236714397176
 20
-7.382422525277888
 10
-10.3236714397176
 20
-7.382422525277888
 10
-10.3236714397176
 20
-6.932333525277954
 10
-10.3236714397176
 20
-6.932333525277954
 10
-10.54871543971831
 20
-6.932333525277954
 10
-10.77375943971538
 20
-6.707289525276338
 10
-10.54871543971831
 20
-6.707289525276338
 10
-10.3236714397176
 20
-6.707289525276338
 10
-10.3236714397176
 20
-6.707289525276338
 10
-10.3236714397176
 20
-6.707289525276338
 10
-10.54871543971831
 20
-6.482245525277448
 10
-10.99880343971972
 20
-6.25720152527765
 10
-12.12402543971666
 20
-5.131979525277983
 10
-10.99880343971972
 20
-4.006758525277746
 10
-10.54871543971831
 20
-3.781714525277038
 10
-10.3236714397176
 20
-3.781714525277038
 10
-10.3236714397176
 20
-3.781714525277038
 10
-10.3236714397176
 20
-3.556670525279058
 10
-10.54871543971831
 20
-3.556670525279058
 10
-10.77375943971538
 20
-3.781714525277038
 10
-10.3236714397176
 20
-3.556670525279058
 10
-10.3236714397176
 20
-3.556670525279058
 10
-10.3236714397176
 20
-3.556670525279058
 10
-10.3236714397176
 20
-2.881537525277508
 10
-10.3236714397176
 20
-2.881537525277508
 10
-10.3236714397176
 20
-3.106581525277306
 10
-10.54871543971831
 20
-3.106581525277306
 10
-10.54871543971831
 20
-3.106581525277306
 10
-10.54871543971831
 20
-3.106581525277306
 10
-10.54871543971831
 20
-3.331625525278013
 10
-10.54871543971831
 20
-3.331625525278013
 10
-10.77375943971538
 20
-3.781714525277038
 10
-10.77375943971538
 20
-3.556670525279058
 10
-10.77375943971538
 20
-3.331625525278013
 10
-10.77375943971538
 20
-3.331625525278013
 10
-10.54871543971831
 20
-3.106581525277306
 10
-10.54871543971831
 20
-3.106581525277306
 10
-10.54871543971831
 20
-2.881537525277508
 10
-10.54871543971831
 20
-2.881537525277508
 10
-10.77375943971538
 20
-2.881537525277508
 10
-10.54871543971831
 20
-2.881537525277508
 10
-10.3236714397176
 20
-2.881537525277508
 10
-10.3236714397176
 20
-2.881537525277508
  0
LWPOLYLINE
  5
329
330
30E
100
AcDbEntity
  8
0
  6
CONTINUOUS
 62
    43
100
AcDbPolyline
 90
       98
 70
     1
 43
0.0
 10
-10.3236714397176
 20
-10.53304252527641
 10
-10.54871543971831
 20
-10.53304252527641
 10
-10.99880343971972
 20
-10.53304252527641
 10
-10.77375943971538
 20
-10.75808652527803
 10
-10.77375943971538
 20
-10.75808652527803
 10
-10.77375943971538
 20
-10.98313052527783
 10
-10.77375943971538
 20
-11.20817452527762
 10
-10.77375943971538
 20
-11.43321952527776
 10
-10.99880343971972
 20
-11.43321952527776
 10
-10.99880343971972
 20
-11.65826352527756
 10
-11.22384843971713
 20
-11.65826352527756
 10
-11.22384843971713
 20
-11.88330752527645
 10
-11.44889243971966
 20
-12.10835152527806
 10
-11.67393643971854
 20
-12.33339652527638
 10
-11.89898043971925
 20
-12.33339652527638
 10
-11.89898043971925
 20
-12.558440525278
 10
-12.12402543971666
 20
-12.7834845252778
 10
-12.34906943971919
 20
-13.0085285252776
 10
-12.57411343971625
 20
-13.0085285252776
 10
-12.34906943971919
 20
-13.23357352527773
 10
-12.12402543971666
 20
-13.45861752527753
 10
-11.89898043971925
 20
-13.68366152527824
 10
-11.89898043971925
 20
-13.68366152527824
 10
-11.67393643971854
 20
-13.90870552527804
 10
-11.44889243971966
 20
-14.13375052527817
 10
-11.22384843971713
 20
-14.35879452527797
 10
-11.22384843971713
 20
-14.35879452527797
 10
-10.99880343971972
 20
-14.58383852527868
 10
-10.99880343971972
 20
-14.80888252527757
 10
-10.77375943971538
 20
-14.80888252527757
 10
-10.77375943971538
 20
-15.03392752527769
 10
-10.77375943971538
 20
-15.25897152527659
 10
-10.77375943971538
 20
-15.48401552527912
 10
-10.77375943971538
 20
-15.48401552527912
 10
-10.99880343971972
 20
-15.70905952527801
 10
-10.54871543971831
 20
-15.70905952527801
 10
-10.3236714397176
 20
-15.70905952527801
 10
-10.3236714397176
 20
-15.48401552527912
 10
-10.3236714397176
 20
-15.48401552527912
 10
-10.54871543971831
 20
-15.48401552527912
 10
-10.77375943971538
 20
-15.48401552527912
 10
-10.77375943971538
 20
-15.48401552527912
 10
-10.77375943971538
 20
-15.25897152527659
 10
-10.77375943971538
 20
-15.25897152527659
 10
-10.77375943971538
 20
-15.03392752527769
 10
-10.77375943971538
 20
-15.03392752527769
 10
-10.77375943971538
 20
-14.80888252527757
 10
-10.77375943971538
 20
-14.80888252527757
 10
-10.77375943971538
 20
-14.58383852527868
 10
-10.54871543971831
 20
-15.03392752527769
 10
-10.54871543971831
 20
-15.03392752527769
 10
-10.54871543971831
 20
-15.03392752527769
 10
-10.54871543971831
 20
-15.25897152527659
 10
-10.54871543971831
 20
-15.25897152527659
 10
-10.3236714397176
 20
-15.25897152527659
 10
-10.3236714397176
 20
-15.25897152527659
 10
-10.3236714397176
 20
-15.25897152527659
 10
-10.3236714397176
 20
-14.80888252527757
 10
-10.3236714397176
 20
-14.80888252527757
 10
-10.54871543971831
 20
-14.80888252527757
 10
-10.77375943971538
 20
-14.58383852527868
 10
-10.54871543971831
 20
-14.58383852527868
 10
-10.3236714397176
 20
-14.80888252527757
 10
-10.3236714397176
 20
-14.58383852527868
 10
-10.3236714397176
 20
-14.58383852527868
 10
-10.54871543971831
 20
-14.35879452527797
 10
-10.99880343971972
 20
-14.35879452527797
 10
-12.12402543971666
 20
-13.0085285252776
 10
-10.99880343971972
 20
-11.88330752527645
 10
-10.54871543971831
 20
-11.88330752527645
 10
-10.3236714397176
 20
-11.65826352527756
 10
-10.3236714397176
 20
-11.65826352527756
 10
-10.3236714397176
 20
-11.43321952527776
 10
-10.54871543971831
 20
-11.65826352527756
 10
-10.77375943971538
 20
-11.65826352527756
 10
-10.3236714397176
 20
-11.43321952527776
 10
-10.3236714397176
 20
-11.43321952527776
 10
-10.3236714397176
 20
-11.43321952527776
 10
-10.3236714397176
 20
-10.98313052527783
 10
-10.3236714397176
 20
-10.98313052527783
 10
-10.3236714397176
 20
-10.98313052527783
 10
-10.54871543971831
 20
-10.98313052527783
 10
-10.54871543971831
 20
-10.98313052527783
 10
-10.54871543971831
 20
-11.20817452527762
 10
-10.54871543971831
 20
-11.20817452527762
 10
-10.54871543971831
 20
-11.20817452527762
 10
-10.77375943971538
 20
-11.65826352527756
 10
-10.77375943971538
 20
-11.43321952527776
 10
-10.77375943971538
 20
-11.43321952527776
 10
-10.77375943971538
 20
-11.20817452527762
 10
-10.54871543971831
 20
-10.98313052527783
 10
-10.54871543971831
 20
-10.98313052527783
 10
-10.54871543971831
 20
-10.98313052527783
 10
-10.54871543971831
 20
-10.75808652527803
 10
-10.77375943971538
 20
-10.75808652527803
 10
-10.54871543971831
 20
-10.75808652527803
 10
-10.3236714397176
 20
-10.75808652527803
 10
-10.3236714397176
 20
-10.75808652527803
  0
LWPOLYLINE
  5
32A
330
30E
100
AcDbEntity
  8
0
  6
CONTINUOUS
 62
    43
100
AcDbPolyline
 90
       98
 70
     1
 43
0.0
 10
-10.3236714397176
 20
-18.40959152527785
 10
-10.54871543971831
 20
-18.40959152527785
 10
-10.99880343971972
 20
-18.40959152527785
 10
-10.77375943971538
 20
-18.63463552527673
 10
-10.77375943971538
 20
-18.63463552527673
 10
-10.77375943971538
 20
-18.85967952527926
 10
-10.77375943971538
 20
-19.08472352527815
 10
-10.77375943971538
 20
-19.30976852527829
 10
-10.99880343971972
 20
-19.30976852527829
 10
-10.99880343971972
 20
-19.53481252527808
 10
-11.22384843971713
 20
-19.75985652527788
 10
-11.22384843971713
 20
-19.75985652527788
 10
-11.44889243971966
 20
-19.98490052527859
 10
-11.67393643971854
 20
-20.20994552527782
 10
-11.89898043971925
 20
-20.43498952527762
 10
-11.89898043971925
 20
-20.43498952527762
 10
-12.12402543971666
 20
-20.66003352527832
 10
-12.34906943971919
 20
-20.88507752527812
 10
-12.57411343971625
 20
-21.11012252527826
 10
-12.34906943971919
 20
-21.11012252527826
 10
-12.12402543971666
 20
-21.33516652527896
 10
-11.89898043971925
 20
-21.56021052527785
 10
-11.89898043971925
 20
-21.78525452527765
 10
-11.67393643971854
 20
-21.78525452527765
 10
-11.44889243971966
 20
-22.01029952527779
 10
-11.22384843971713
 20
-22.2353435252794
 10
-11.22384843971713
 20
-22.46038752527828
 10
-10.99880343971972
 20
-22.46038752527828
 10
-10.99880343971972
 20
-22.68543252527752
 10
-10.77375943971538
 20
-22.68543252527752
 10
-10.77375943971538
 20
-22.91047652527823
 10
-10.77375943971538
 20
-23.13552052527894
 10
-10.77375943971538
 20
-23.36056452527782
 10
-10.77375943971538
 20
-23.36056452527782
 10
-10.99880343971972
 20
-23.58560952527796
 10
-10.54871543971831
 20
-23.58560952527796
 10
-10.3236714397176
 20
-23.58560952527796
 10
-10.3236714397176
 20
-23.36056452527782
 10
-10.3236714397176
 20
-23.36056452527782
 10
-10.54871543971831
 20
-23.36056452527782
 10
-10.77375943971538
 20
-23.36056452527782
 10
-10.77375943971538
 20
-23.36056452527782
 10
-10.77375943971538
 20
-23.13552052527894
 10
-10.77375943971538
 20
-23.13552052527894
 10
-10.77375943971538
 20
-23.13552052527894
 10
-10.77375943971538
 20
-22.91047652527823
 10
-10.77375943971538
 20
-22.68543252527752
 10
-10.77375943971538
 20
-22.68543252527752
 10
-10.77375943971538
 20
-22.46038752527828
 10
-10.54871543971831
 20
-22.91047652527823
 10
-10.54871543971831
 20
-22.91047652527823
 10
-10.54871543971831
 20
-23.13552052527894
 10
-10.54871543971831
 20
-23.13552052527894
 10
-10.54871543971831
 20
-23.13552052527894
 10
-10.3236714397176
 20
-23.13552052527894
 10
-10.3236714397176
 20
-23.13552052527894
 10
-10.3236714397176
 20
-23.13552052527894
 10
-10.3236714397176
 20
-22.68543252527752
 10
-10.3236714397176
 20
-22.68543252527752
 10
-10.54871543971831
 20
-22.68543252527752
 10
-10.77375943971538
 20
-22.46038752527828
 10
-10.54871543971831
 20
-22.46038752527828
 10
-10.3236714397176
 20
-22.68543252527752
 10
-10.3236714397176
 20
-22.46038752527828
 10
-10.3236714397176
 20
-22.46038752527828
 10
-10.54871543971831
 20
-22.2353435252794
 10
-10.99880343971972
 20
-22.2353435252794
 10
-12.12402543971666
 20
-21.11012252527826
 10
-10.99880343971972
 20
-19.75985652527788
 10
-10.54871543971831
 20
-19.75985652527788
 10
-10.3236714397176
 20
-19.53481252527808
 10
-10.3236714397176
 20
-19.53481252527808
 10
-10.3236714397176
 20
-19.53481252527808
 10
-10.54871543971831
 20
-19.53481252527808
 10
-10.77375943971538
 20
-19.53481252527808
 10
-10.3236714397176
 20
-19.30976852527829
 10
-10.3236714397176
 20
-19.30976852527829
 10
-10.3236714397176
 20
-19.30976852527829
 10
-10.3236714397176
 20
-18.85967952527926
 10
-10.3236714397176
 20
-18.85967952527926
 10
-10.3236714397176
 20
-18.85967952527926
 10
-10.54871543971831
 20
-18.85967952527926
 10
-10.54871543971831
 20
-18.85967952527926
 10
-10.54871543971831
 20
-19.08472352527815
 10
-10.54871543971831
 20
-19.08472352527815
 10
-10.54871543971831
 20
-19.08472352527815
 10
-10.77375943971538
 20
-19.53481252527808
 10
-10.77375943971538
 20
-19.30976852527829
 10
-10.77375943971538
 20
-19.30976852527829
 10
-10.77375943971538
 20
-19.08472352527815
 10
-10.54871543971831
 20
-19.08472352527815
 10
-10.54871543971831
 20
-18.85967952527926
 10
-10.54871543971831
 20
-18.85967952527926
 10
-10.54871543971831
 20
-18.63463552527673
 10
-10.77375943971538
 20
-18.63463552527673
 10
-10.54871543971831
 20
-18.63463552527673
 10
-10.3236714397176
 20
-18.63463552527673
 10
-10.3236714397176
 20
-18.63463552527673
  0
LWPOLYLINE
  5
32B
330
30E
100
AcDbEntity
  8
0
  6
CONTINUOUS
 62
    43
100
AcDbPolyline
 90
       50
 70
     1
 43
0.0
 10
-10.3236714397176
 20
-26.28614052527837
 10
-10.54871543971831
 20
-26.28614052527837
 10
-10.99880343971972
 20
-26.28614052527837
 10
-10.77375943971538
 20
-26.51118452527908
 10
-10.77375943971538
 20
-26.73622852527797
 10
-10.77375943971538
 20
-26.73622852527797
 10
-10.77375943971538
 20
-26.96127252527777
 10
-10.77375943971538
 20
-27.1863175252779
 10
-10.99880343971972
 20
-27.1863175252779
 10
-10.99880343971972
 20
-27.4113615252777
 10
-11.22384843971713
 20
-27.6364055252775
 10
-11.22384843971713
 20
-27.6364055252775
 10
-11.44889243971966
 20
-27.8614495252773
 10
-11.67393643971854
 20
-28.08649452527925
 10
-11.89898043971925
 20
-28.31153852527905
 10
-11.89898043971925
 20
-28.31153852527905
 10
-12.12402543971666
 20
-28.53658252527703
 10
-12.34906943971919
 20
-28.76162752527807
 10
-12.57411343971625
 20
-28.98667152527787
 10
-12.12402543971666
 20
-28.98667152527787
 10
-10.99880343971972
 20
-27.8614495252773
 10
-10.54871543971831
 20
-27.6364055252775
 10
-10.3236714397176
 20
-27.4113615252777
 10
-10.3236714397176
 20
-27.4113615252777
 10
-10.3236714397176
 20
-27.4113615252777
 10
-10.54871543971831
 20
-27.4113615252777
 10
-10.77375943971538
 20
-27.4113615252777
 10
-10.3236714397176
 20
-27.1863175252779
 10
-10.3236714397176
 20
-27.1863175252779
 10
-10.3236714397176
 20
-27.1863175252779
 10
-10.3236714397176
 20
-26.73622852527797
 10
-10.3236714397176
 20
-26.73622852527797
 10
-10.3236714397176
 20
-26.73622852527797
 10
-10.54871543971831
 20
-26.73622852527797
 10
-10.54871543971831
 20
-26.73622852527797
 10
-10.54871543971831
 20
-26.96127252527777
 10
-10.54871543971831
 20
-26.96127252527777
 10
-10.54871543971831
 20
-27.1863175252779
 10
-10.77375943971538
 20
-27.4113615252777
 10
-10.77375943971538
 20
-27.1863175252779
 10
-10.77375943971538
 20
-27.1863175252779
 10
-10.77375943971538
 20
-26.96127252527777
 10
-10.54871543971831
 20
-26.96127252527777
 10
-10.54871543971831
 20
-26.73622852527797
 10
-10.54871543971831
 20
-26.73622852527797
 10
-10.54871543971831
 20
-26.51118452527908
 10
-10.77375943971538
 20
-26.51118452527908
 10
-10.54871543971831
 20
-26.51118452527908
 10
-10.3236714397176
 20
-26.51118452527908
 10
-10.3236714397176
 20
-26.51118452527908
  0
LWPOLYLINE
  5
32C
330
30E
100
AcDbEntity
  8
0
  6
CONTINUOUS
 62
    43
100
AcDbPolyline
 90
       10
 70
     1
 43
0.0
 10
-8.073228439718605
 20
24.79890647472303
 10
-8.073228439718605
 20
25.24899547472205
 10
-8.298272439719312
 20
25.47403947472367
 10
-8.298272439719312
 20
25.69908347472347
 10
-8.523317439720358
 20
25.92412747472236
 10
-8.748361439719247
 20
26.14917247472249
 10
-8.748361439719247
 20
26.14917247472249
 10
-8.973405439718134
 20
26.37421647472229
 10
-9.198449439718841
 20
26.37421647472229
 10
-8.073228439718605
 20
26.37421647472229
  0
LWPOLYLINE
  5
32D
330
30E
100
AcDbEntity
  8
0
  6
CONTINUOUS
 62
    43
100
AcDbPolyline
 90
       17
 70
     1
 43
0.0
 10
-8.073228439718605
 20
16.92235747472341
 10
-8.073228439718605
 20
17.1474014747223
 10
-8.298272439719312
 20
17.59749047472223
 10
-8.298272439719312
 20
17.82253447472203
 10
-8.523317439720358
 20
18.04757847472365
 10
-8.748361439719247
 20
18.27262347472197
 10
-8.748361439719247
 20
18.27262347472197
 10
-8.973405439718134
 20
18.49766747472358
 10
-9.198449439718841
 20
18.49766747472358
 10
-8.973405439718134
 20
18.49766747472358
 10
-8.748361439719247
 20
18.72271147472247
 10
-8.748361439719247
 20
18.72271147472247
 10
-8.523317439720358
 20
18.94775547472226
 10
-8.298272439719312
 20
19.17280047472241
 10
-8.298272439719312
 20
19.3978444747222
 10
-8.073228439718605
 20
19.622888474722
 10
-8.073228439718605
 20
20.07297747472103
  0
LWPOLYLINE
  5
32E
330
30E
100
AcDbEntity
  8
0
  6
CONTINUOUS
 62
    43
100
AcDbPolyline
 90
       17
 70
     1
 43
0.0
 10
-8.073228439718605
 20
9.04580847472107
 10
-8.073228439718605
 20
9.270852474721774
 10
-8.298272439719312
 20
9.720941474721712
 10
-8.298272439719312
 20
9.94598547472242
 10
-8.523317439720358
 20
10.17102947472221
 10
-8.748361439719247
 20
10.17102947472221
 10
-8.748361439719247
 20
10.39607447472053
 10
-8.973405439718134
 20
10.62111847472215
 10
-9.198449439718841
 20
10.62111847472215
 10
-8.973405439718134
 20
10.62111847472215
 10
-8.748361439719247
 20
10.84616247472195
 10
-8.748361439719247
 20
10.84616247472195
 10
-8.523317439720358
 20
11.07120647472175
 10
-8.298272439719312
 20
11.29625147472188
 10
-8.298272439719312
 20
11.52129547472077
 10
-8.073228439718605
 20
11.7463394747233
 10
-8.073228439718605
 20
12.19642847472232
  0
LWPOLYLINE
  5
32F
330
30E
100
AcDbEntity
  8
0
  6
CONTINUOUS
 62
    43
100
AcDbPolyline
 90
       17
 70
     1
 43
0.0
 10
-8.073228439718605
 20
1.169259474723274
 10
-8.073228439718605
 20
1.394303474722162
 10
-8.298272439719312
 20
1.844392474722098
 10
-8.298272439719312
 20
2.069436474721896
 10
-8.523317439720358
 20
2.294480474720784
 10
-8.748361439719247
 20
2.51952447472149
 10
-8.748361439719247
 20
2.51952447472149
 10
-8.973405439718134
 20
2.744569474722538
 10
-9.198449439718841
 20
2.744569474722538
 10
-8.973405439718134
 20
2.744569474722538
 10
-8.748361439719247
 20
2.969613474723243
 10
-8.748361439719247
 20
2.969613474723243
 10
-8.523317439720358
 20
3.194657474722133
 10
-8.298272439719312
 20
3.419701474721931
 10
-8.298272439719312
 20
3.644746474722068
 10
-8.073228439718605
 20
3.869790474720957
 10
-8.073228439718605
 20
4.319879474722711
  0
LWPOLYLINE
  5
330
330
30E
100
AcDbEntity
  8
0
  6
CONTINUOUS
 62
    43
100
AcDbPolyline
 90
       17
 70
     1
 43
0.0
 10
-8.073228439718605
 20
-6.707289525276338
 10
-8.073228439718605
 20
-6.482245525277448
 10
-8.298272439719312
 20
-6.032156525277514
 10
-8.298272439719312
 20
-5.807112525277712
 10
-8.523317439720358
 20
-5.582068525277009
 10
-8.748361439719247
 20
-5.582068525277009
 10
-8.748361439719247
 20
-5.357024525276298
 10
-8.973405439718134
 20
-5.131979525277983
 10
-9.198449439718841
 20
-5.131979525277983
 10
-8.973405439718134
 20
-5.131979525277983
 10
-8.748361439719247
 20
-4.906935525277277
 10
-8.748361439719247
 20
-4.906935525277277
 10
-8.523317439720358
 20
-4.681891525276568
 10
-8.298272439719312
 20
-4.456847525277678
 10
-8.298272439719312
 20
-4.231802525277543
 10
-8.073228439718605
 20
-4.006758525277746
 10
-8.073228439718605
 20
-3.556670525279058
  0
LWPOLYLINE
  5
331
330
30E
100
AcDbEntity
  8
0
  6
CONTINUOUS
 62
    43
100
AcDbPolyline
 90
       17
 70
     1
 43
0.0
 10
-8.073228439718605
 20
-14.58383852527868
 10
-8.073228439718605
 20
-14.35879452527797
 10
-8.298272439719312
 20
-14.13375052527817
 10
-8.298272439719312
 20
-13.90870552527804
 10
-8.523317439720358
 20
-13.68366152527824
 10
-8.748361439719247
 20
-13.45861752527753
 10
-8.748361439719247
 20
-13.23357352527773
 10
-8.973405439718134
 20
-13.23357352527773
 10
-9.198449439718841
 20
-13.0085285252776
 10
-8.973405439718134
 20
-13.0085285252776
 10
-8.748361439719247
 20
-13.0085285252776
 10
-8.748361439719247
 20
-12.7834845252778
 10
-8.523317439720358
 20
-12.558440525278
 10
-8.298272439719312
 20
-12.33339652527638
 10
-8.298272439719312
 20
-12.10835152527806
 10
-8.073228439718605
 20
-11.88330752527645
 10
-8.073228439718605
 20
-11.43321952527776
  0
LWPOLYLINE
  5
332
330
30E
100
AcDbEntity
  8
0
  6
CONTINUOUS
 62
    43
100
AcDbPolyline
 90
       17
 70
     1
 43
0.0
 10
-8.073228439718605
 20
-22.46038752527828
 10
-8.073228439718605
 20
-22.2353435252794
 10
-8.298272439719312
 20
-22.01029952527779
 10
-8.298272439719312
 20
-21.78525452527765
 10
-8.523317439720358
 20
-21.56021052527785
 10
-8.748361439719247
 20
-21.33516652527896
 10
-8.748361439719247
 20
-21.11012252527826
 10
-8.973405439718134
 20
-21.11012252527826
 10
-9.198449439718841
 20
-21.11012252527826
 10
-8.973405439718134
 20
-20.88507752527812
 10
-8.748361439719247
 20
-20.88507752527812
 10
-8.748361439719247
 20
-20.66003352527832
 10
-8.523317439720358
 20
-20.43498952527762
 10
-8.298272439719312
 20
-20.20994552527782
 10
-8.298272439719312
 20
-19.98490052527859
 10
-8.073228439718605
 20
-19.75985652527788
 10
-8.073228439718605
 20
-19.53481252527808
  0
LWPOLYLINE
  5
333
330
30E
100
AcDbEntity
  8
0
  6
CONTINUOUS
 62
    43
100
AcDbPolyline
 90
       10
 70
     1
 43
0.0
 10
-9.198449439718841
 20
-28.98667152527787
 10
-8.973405439718134
 20
-28.76162752527807
 10
-8.748361439719247
 20
-28.76162752527807
 10
-8.748361439719247
 20
-28.53658252527703
 10
-8.523317439720358
 20
-28.31153852527905
 10
-8.298272439719312
 20
-28.08649452527925
 10
-8.298272439719312
 20
-27.8614495252773
 10
-8.073228439718605
 20
-27.6364055252775
 10
-8.073228439718605
 20
-27.4113615252777
 10
-8.073228439718605
 20
-28.98667152527787
  0
LWPOLYLINE
  5
334
330
30E
100
AcDbEntity
  8
0
  6
CONTINUOUS
 62
    43
100
AcDbPolyline
 90
       17
 70
     1
 43
0.0
 10
-12.57411343971625
 20
20.74810947472224
 10
-12.34906943971919
 20
21.19819847472218
 10
-12.34906943971919
 20
21.42324247472379
 10
-12.12402543971666
 20
21.64828647472359
 10
-12.12402543971666
 20
21.87333147472191
 10
-11.89898043971925
 20
22.09837547472262
 10
-11.67393643971854
 20
22.09837547472262
 10
-11.67393643971854
 20
22.32341947472241
 10
-11.44889243971966
 20
22.32341947472241
 10
-11.67393643971854
 20
22.32341947472241
 10
-11.67393643971854
 20
22.54846347472221
 10
-11.89898043971925
 20
22.77350847472235
 10
-12.12402543971666
 20
22.99855247472215
 10
-12.12402543971666
 20
22.99855247472215
 10
-12.34906943971919
 20
23.44864147472208
 10
-12.34906943971919
 20
23.6736854747237
 10
-12.57411343971625
 20
23.89872947472259
  0
SOLID
  5
335
330
30E
100
AcDbEntity
  8
0
  6
CONTINUOUS
 62
    43
100
AcDbTrace
 10
-11.67393643971854
 20
14.67191447472351
 30
0.0
 11
-11.44889243971966
 21
14.44687047472189
 31
0.0
 12
-11.67393643971854
 22
14.44687047472189
 32
0.0
 13
-11.67393643971854
 23
14.44687047472189
 33
0.0
  0
SOLID
  5
336
330
30E
100
AcDbEntity
  8
0
  6
CONTINUOUS
 62
    43
100
AcDbTrace
 10
-11.67393643971854
 20
14.44687047472189
 30
0.0
 11
-11.67393643971854
 21
14.22182647472209
 31
0.0
 12
-11.89898043971925
 22
14.22182647472209
 32
0.0
 13
-11.89898043971925
 23
14.22182647472209
 33
0.0
  0
SOLID
  5
337
330
30E
100
AcDbEntity
  8
0
  6
CONTINUOUS
 62
    43
100
AcDbTrace
 10
-11.67393643971854
 20
14.67191447472351
 30
0.0
 11
-11.67393643971854
 21
14.44687047472189
 31
0.0
 12
-11.89898043971925
 22
14.22182647472209
 32
0.0
 13
-11.89898043971925
 23
14.22182647472209
 33
0.0
  0
SOLID
  5
338
330
30E
100
AcDbEntity
  8
0
  6
CONTINUOUS
 62
    43
100
AcDbTrace
 10
-12.12402543971666
 20
14.89695947472182
 30
0.0
 11
-11.89898043971925
 21
14.89695947472182
 31
0.0
 12
-11.67393643971854
 22
14.67191447472351
 32
0.0
 13
-11.67393643971854
 23
14.67191447472351
 33
0.0
  0
SOLID
  5
339
330
30E
100
AcDbEntity
  8
0
  6
CONTINUOUS
 62
    43
100
AcDbTrace
 10
-12.34906943971919
 20
15.34704747472233
 30
0.0
 11
-12.12402543971666
 21
15.12200347472344
 31
0.0
 12
-12.12402543971666
 22
14.89695947472182
 32
0.0
 13
-12.12402543971666
 23
14.89695947472182
 33
0.0
  0
SOLID
  5
33A
330
30E
100
AcDbEntity
  8
0
  6
CONTINUOUS
 62
    43
100
AcDbTrace
 10
-12.12402543971666
 20
13.99678247472229
 30
0.0
 11
-12.12402543971666
 21
13.77173747472216
 31
0.0
 12
-12.34906943971919
 22
13.54669347472236
 32
0.0
 13
-12.34906943971919
 23
13.54669347472236
 33
0.0
  0
SOLID
  5
33B
330
30E
100
AcDbEntity
  8
0
  6
CONTINUOUS
 62
    43
100
AcDbTrace
 10
-12.57411343971625
 20
16.02218047472206
 30
0.0
 11
-12.34906943971919
 21
15.79713647472226
 31
0.0
 12
-12.34906943971919
 22
15.34704747472233
 32
0.0
 13
-12.34906943971919
 23
15.34704747472233
 33
0.0
  0
SOLID
  5
33C
330
30E
100
AcDbEntity
  8
0
  6
CONTINUOUS
 62
    43
100
AcDbTrace
 10
-12.34906943971919
 20
13.54669347472236
 30
0.0
 11
-12.34906943971919
 21
13.32164947472074
 31
0.0
 12
-12.57411343971625
 22
12.87156047472263
 32
0.0
 13
-12.57411343971625
 23
12.87156047472263
 33
0.0
  0
SOLID
  5
33D
330
30E
100
AcDbEntity
  8
0
  6
CONTINUOUS
 62
    43
100
AcDbTrace
 10
-11.67393643971854
 20
14.67191447472351
 30
0.0
 11
-11.89898043971925
 21
14.22182647472209
 31
0.0
 12
-12.12402543971666
 22
13.99678247472229
 32
0.0
 13
-12.12402543971666
 23
13.99678247472229
 33
0.0
  0
SOLID
  5
33E
330
30E
100
AcDbEntity
  8
0
  6
CONTINUOUS
 62
    43
100
AcDbTrace
 10
-12.57411343971625
 20
12.87156047472263
 30
0.0
 11
-12.57411343971625
 21
16.02218047472206
 31
0.0
 12
-12.34906943971919
 22
15.34704747472233
 32
0.0
 13
-12.34906943971919
 23
15.34704747472233
 33
0.0
  0
SOLID
  5
33F
330
30E
100
AcDbEntity
  8
0
  6
CONTINUOUS
 62
    43
100
AcDbTrace
 10
-12.34906943971919
 20
13.54669347472236
 30
0.0
 11
-12.57411343971625
 21
12.87156047472263
 31
0.0
 12
-12.34906943971919
 22
15.34704747472233
 32
0.0
 13
-12.34906943971919
 23
15.34704747472233
 33
0.0
  0
SOLID
  5
340
330
30E
100
AcDbEntity
  8
0
  6
CONTINUOUS
 62
    43
100
AcDbTrace
 10
-12.34906943971919
 20
13.54669347472236
 30
0.0
 11
-12.34906943971919
 21
15.34704747472233
 31
0.0
 12
-12.12402543971666
 22
14.89695947472182
 32
0.0
 13
-12.12402543971666
 23
14.89695947472182
 33
0.0
  0
SOLID
  5
341
330
30E
100
AcDbEntity
  8
0
  6
CONTINUOUS
 62
    43
100
AcDbTrace
 10
-12.12402543971666
 20
13.99678247472229
 30
0.0
 11
-12.34906943971919
 21
13.54669347472236
 31
0.0
 12
-12.12402543971666
 22
14.89695947472182
 32
0.0
 13
-12.12402543971666
 23
14.89695947472182
 33
0.0
  0
SOLID
  5
342
330
30E
100
AcDbEntity
  8
0
  6
CONTINUOUS
 62
    43
100
AcDbTrace
 10
-11.67393643971854
 20
14.67191447472351
 30
0.0
 11
-12.12402543971666
 21
13.99678247472229
 31
0.0
 12
-12.12402543971666
 22
14.89695947472182
 32
0.0
 13
-12.12402543971666
 23
14.89695947472182
 33
0.0
  0
SOLID
  5
343
330
30E
100
AcDbEntity
  8
0
  6
CONTINUOUS
 62
    43
100
AcDbTrace
 10
-12.12402543971666
 20
14.89695947472182
 30
0.0
 11
-11.67393643971854
 21
14.67191447472351
 31
0.0
 12
-11.67393643971854
 22
14.67191447472351
 32
0.0
 13
-11.67393643971854
 23
14.67191447472351
 33
0.0
  0
LWPOLYLINE
  5
344
330
30E
100
AcDbEntity
  8
0
  6
CONTINUOUS
 62
    43
100
AcDbPolyline
 90
       17
 70
     1
 43
0.0
 10
-12.57411343971625
 20
4.995011474722105
 10
-12.34906943971919
 20
5.445100474722039
 10
-12.34906943971919
 20
5.670144474720927
 10
-12.12402543971666
 20
5.895188474721633
 10
-12.12402543971666
 20
6.120233474720862
 10
-11.89898043971925
 20
6.345277474721567
 10
-11.67393643971854
 20
6.345277474721567
 10
-11.67393643971854
 20
6.570321474722277
 10
-11.44889243971966
 20
6.570321474722277
 10
-11.67393643971854
 20
6.570321474722277
 10
-11.67393643971854
 20
6.795365474722075
 10
-11.89898043971925
 20
7.020410474722212
 10
-12.12402543971666
 20
7.020410474722212
 10
-12.12402543971666
 20
7.245454474721099
 10
-12.34906943971919
 20
7.470498474721805
 10
-12.34906943971919
 20
7.920587474721741
 10
-12.57411343971625
 20
8.145631474720629
  0
SOLID
  5
345
330
30E
100
AcDbEntity
  8
0
  6
CONTINUOUS
 62
    43
100
AcDbTrace
 10
-11.67393643971854
 20
-1.081183525277537
 30
0.0
 11
-11.44889243971966
 21
-1.306227525276426
 31
0.0
 12
-11.67393643971854
 22
-1.306227525276426
 32
0.0
 13
-11.67393643971854
 23
-1.306227525276426
 33
0.0
  0
SOLID
  5
346
330
30E
100
AcDbEntity
  8
0
  6
CONTINUOUS
 62
    43
100
AcDbTrace
 10
-11.67393643971854
 20
-1.306227525276426
 30
0.0
 11
-11.67393643971854
 21
-1.531271525276224
 31
0.0
 12
-11.89898043971925
 22
-1.531271525276224
 32
0.0
 13
-11.89898043971925
 23
-1.531271525276224
 33
0.0
  0
SOLID
  5
347
330
30E
100
AcDbEntity
  8
0
  6
CONTINUOUS
 62
    43
100
AcDbTrace
 10
-11.67393643971854
 20
-1.081183525277537
 30
0.0
 11
-11.67393643971854
 21
-1.306227525276426
 31
0.0
 12
-11.89898043971925
 22
-1.531271525276224
 32
0.0
 13
-11.89898043971925
 23
-1.531271525276224
 33
0.0
  0
SOLID
  5
348
330
30E
100
AcDbEntity
  8
0
  6
CONTINUOUS
 62
    43
100
AcDbTrace
 10
-12.12402543971666
 20
-0.8561385252774016
 30
0.0
 11
-11.89898043971925
 21
-0.8561385252774016
 31
0.0
 12
-11.67393643971854
 22
-1.081183525277537
 32
0.0
 13
-11.67393643971854
 23
-1.081183525277537
 33
0.0
  0
SOLID
  5
349
330
30E
100
AcDbEntity
  8
0
  6
CONTINUOUS
 62
    43
100
AcDbTrace
 10
-12.34906943971919
 20
-0.4060505252778058
 30
0.0
 11
-12.12402543971666
 21
-0.6310945252776037
 31
0.0
 12
-12.12402543971666
 22
-0.8561385252774016
 32
0.0
 13
-12.12402543971666
 23
-0.8561385252774016
 33
0.0
  0
SOLID
  5
34A
330
30E
100
AcDbEntity
  8
0
  6
CONTINUOUS
 62
    43
100
AcDbTrace
 10
-12.12402543971666
 20
-1.75631552527784
 30
0.0
 11
-12.12402543971666
 21
-1.981360525277975
 31
0.0
 12
-12.34906943971919
 22
-2.206404525276865
 32
0.0
 13
-12.34906943971919
 23
-2.206404525276865
 33
0.0
  0
SOLID
  5
34B
330
30E
100
AcDbEntity
  8
0
  6
CONTINUOUS
 62
    43
100
AcDbTrace
 10
-12.57411343971625
 20
0.2690824747228362
 30
0.0
 11
-12.34906943971919
 21
0.0440384747221288
 31
0.0
 12
-12.34906943971919
 22
-0.4060505252778058
 32
0.0
 13
-12.34906943971919
 23
-0.4060505252778058
 33
0.0
  0
SOLID
  5
34C
330
30E
100
AcDbEntity
  8
0
  6
CONTINUOUS
 62
    43
100
AcDbTrace
 10
-12.34906943971919
 20
-2.206404525276865
 30
0.0
 11
-12.34906943971919
 21
-2.431448525277573
 31
0.0
 12
-12.57411343971625
 22
-2.881537525277508
 32
0.0
 13
-12.57411343971625
 23
-2.881537525277508
 33
0.0
  0
SOLID
  5
34D
330
30E
100
AcDbEntity
  8
0
  6
CONTINUOUS
 62
    43
100
AcDbTrace
 10
-11.67393643971854
 20
-1.081183525277537
 30
0.0
 11
-11.89898043971925
 21
-1.531271525276224
 31
0.0
 12
-12.12402543971666
 22
-1.75631552527784
 32
0.0
 13
-12.12402543971666
 23
-1.75631552527784
 33
0.0
  0
SOLID
  5
34E
330
30E
100
AcDbEntity
  8
0
  6
CONTINUOUS
 62
    43
100
AcDbTrace
 10
-12.57411343971625
 20
-2.881537525277508
 30
0.0
 11
-12.57411343971625
 21
0.2690824747228362
 31
0.0
 12
-12.34906943971919
 22
-0.4060505252778058
 32
0.0
 13
-12.34906943971919
 23
-0.4060505252778058
 33
0.0
  0
SOLID
  5
34F
330
30E
100
AcDbEntity
  8
0
  6
CONTINUOUS
 62
    43
100
AcDbTrace
 10
-12.34906943971919
 20
-2.206404525276865
 30
0.0
 11
-12.57411343971625
 21
-2.881537525277508
 31
0.0
 12
-12.34906943971919
 22
-0.4060505252778058
 32
0.0
 13
-12.34906943971919
 23
-0.4060505252778058
 33
0.0
  0
SOLID
  5
350
330
30E
100
AcDbEntity
  8
0
  6
CONTINUOUS
 62
    43
100
AcDbTrace
 10
-12.34906943971919
 20
-2.206404525276865
 30
0.0
 11
-12.34906943971919
 21
-0.4060505252778058
 31
0.0
 12
-12.12402543971666
 22
-0.8561385252774016
 32
0.0
 13
-12.12402543971666
 23
-0.8561385252774016
 33
0.0
  0
SOLID
  5
351
330
30E
100
AcDbEntity
  8
0
  6
CONTINUOUS
 62
    43
100
AcDbTrace
 10
-12.12402543971666
 20
-1.75631552527784
 30
0.0
 11
-12.34906943971919
 21
-2.206404525276865
 31
0.0
 12
-12.12402543971666
 22
-0.8561385252774016
 32
0.0
 13
-12.12402543971666
 23
-0.8561385252774016
 33
0.0
  0
SOLID
  5
352
330
30E
100
AcDbEntity
  8
0
  6
CONTINUOUS
 62
    43
100
AcDbTrace
 10
-11.67393643971854
 20
-1.081183525277537
 30
0.0
 11
-12.12402543971666
 21
-1.75631552527784
 31
0.0
 12
-12.12402543971666
 22
-0.8561385252774016
 32
0.0
 13
-12.12402543971666
 23
-0.8561385252774016
 33
0.0
  0
SOLID
  5
353
330
30E
100
AcDbEntity
  8
0
  6
CONTINUOUS
 62
    43
100
AcDbTrace
 10
-12.12402543971666
 20
-0.8561385252774016
 30
0.0
 11
-11.67393643971854
 21
-1.081183525277537
 31
0.0
 12
-11.67393643971854
 22
-1.081183525277537
 32
0.0
 13
-11.67393643971854
 23
-1.081183525277537
 33
0.0
  0
SOLID
  5
354
330
30E
100
AcDbEntity
  8
0
  6
CONTINUOUS
 62
    43
100
AcDbTrace
 10
-11.67393643971854
 20
-9.182776525277859
 30
0.0
 11
-11.44889243971966
 21
-9.182776525277859
 31
0.0
 12
-11.67393643971854
 22
-9.407820525277657
 32
0.0
 13
-11.67393643971854
 23
-9.407820525277657
 33
0.0
  0
SOLID
  5
355
330
30E
100
AcDbEntity
  8
0
  6
CONTINUOUS
 62
    43
100
AcDbTrace
 10
-11.89898043971925
 20
-8.957732525276242
 30
0.0
 11
-11.67393643971854
 21
-8.957732525276242
 31
0.0
 12
-11.67393643971854
 22
-9.182776525277859
 32
0.0
 13
-11.67393643971854
 23
-9.182776525277859
 33
0.0
  0
SOLID
  5
356
330
30E
100
AcDbEntity
  8
0
  6
CONTINUOUS
 62
    43
100
AcDbTrace
 10
-12.34906943971919
 20
-10.30799752527809
 30
0.0
 11
-12.34906943971919
 21
-10.53304252527641
 31
0.0
 12
-12.57411343971625
 22
-10.75808652527803
 32
0.0
 13
-12.57411343971625
 23
-10.75808652527803
 33
0.0
  0
SOLID
  5
357
330
30E
100
AcDbEntity
  8
0
  6
CONTINUOUS
 62
    43
100
AcDbTrace
 10
-11.67393643971854
 20
-9.407820525277657
 30
0.0
 11
-11.89898043971925
 21
-9.632865525277793
 31
0.0
 12
-12.12402543971666
 22
-9.632865525277793
 32
0.0
 13
-12.12402543971666
 23
-9.632865525277793
 33
0.0
  0
SOLID
  5
358
330
30E
100
AcDbEntity
  8
0
  6
CONTINUOUS
 62
    43
100
AcDbTrace
 10
-11.89898043971925
 20
-8.957732525276242
 30
0.0
 11
-11.67393643971854
 21
-9.182776525277859
 31
0.0
 12
-11.67393643971854
 22
-9.407820525277657
 32
0.0
 13
-11.67393643971854
 23
-9.407820525277657
 33
0.0
  0
SOLID
  5
359
330
30E
100
AcDbEntity
  8
0
  6
CONTINUOUS
 62
    43
100
AcDbTrace
 10
-12.34906943971919
 20
-8.28259952527742
 30
0.0
 11
-12.12402543971666
 21
-8.507643525278127
 31
0.0
 12
-12.12402543971666
 22
-8.732687525277923
 32
0.0
 13
-12.12402543971666
 23
-8.732687525277923
 33
0.0
  0
SOLID
  5
35A
330
30E
100
AcDbEntity
  8
0
  6
CONTINUOUS
 62
    43
100
AcDbTrace
 10
-12.57411343971625
 20
-7.607466525277684
 30
0.0
 11
-12.34906943971919
 21
-8.057555525277621
 31
0.0
 12
-12.34906943971919
 22
-8.28259952527742
 32
0.0
 13
-12.34906943971919
 23
-8.28259952527742
 33
0.0
  0
SOLID
  5
35B
330
30E
100
AcDbEntity
  8
0
  6
CONTINUOUS
 62
    43
100
AcDbTrace
 10
-12.12402543971666
 20
-9.632865525277793
 30
0.0
 11
-12.12402543971666
 21
-9.857909525277591
 31
0.0
 12
-12.34906943971919
 22
-10.30799752527809
 32
0.0
 13
-12.34906943971919
 23
-10.30799752527809
 33
0.0
  0
SOLID
  5
35C
330
30E
100
AcDbEntity
  8
0
  6
CONTINUOUS
 62
    43
100
AcDbTrace
 10
-12.12402543971666
 20
-8.732687525277923
 30
0.0
 11
-11.89898043971925
 21
-8.957732525276242
 31
0.0
 12
-11.67393643971854
 22
-9.407820525277657
 32
0.0
 13
-11.67393643971854
 23
-9.407820525277657
 33
0.0
  0
SOLID
  5
35D
330
30E
100
AcDbEntity
  8
0
  6
CONTINUOUS
 62
    43
100
AcDbTrace
 10
-12.12402543971666
 20
-9.632865525277793
 30
0.0
 11
-12.34906943971919
 21
-10.30799752527809
 31
0.0
 12
-12.57411343971625
 22
-10.75808652527803
 32
0.0
 13
-12.57411343971625
 23
-10.75808652527803
 33
0.0
  0
SOLID
  5
35E
330
30E
100
AcDbEntity
  8
0
  6
CONTINUOUS
 62
    43
100
AcDbTrace
 10
-12.12402543971666
 20
-9.632865525277793
 30
0.0
 11
-12.57411343971625
 21
-10.75808652527803
 31
0.0
 12
-12.57411343971625
 22
-7.607466525277684
 32
0.0
 13
-12.57411343971625
 23
-7.607466525277684
 33
0.0
  0
SOLID
  5
35F
330
30E
100
AcDbEntity
  8
0
  6
CONTINUOUS
 62
    43
100
AcDbTrace
 10
-12.12402543971666
 20
-9.632865525277793
 30
0.0
 11
-12.57411343971625
 21
-7.607466525277684
 31
0.0
 12
-12.34906943971919
 22
-8.28259952527742
 32
0.0
 13
-12.34906943971919
 23
-8.28259952527742
 33
0.0
  0
SOLID
  5
360
330
30E
100
AcDbEntity
  8
0
  6
CONTINUOUS
 62
    43
100
AcDbTrace
 10
-12.12402543971666
 20
-9.632865525277793
 30
0.0
 11
-12.34906943971919
 21
-8.28259952527742
 31
0.0
 12
-12.12402543971666
 22
-8.732687525277923
 32
0.0
 13
-12.12402543971666
 23
-8.732687525277923
 33
0.0
  0
SOLID
  5
361
330
30E
100
AcDbEntity
  8
0
  6
CONTINUOUS
 62
    43
100
AcDbTrace
 10
-12.12402543971666
 20
-9.632865525277793
 30
0.0
 11
-12.12402543971666
 21
-8.732687525277923
 31
0.0
 12
-11.67393643971854
 22
-9.407820525277657
 32
0.0
 13
-11.67393643971854
 23
-9.407820525277657
 33
0.0
  0
SOLID
  5
362
330
30E
100
AcDbEntity
  8
0
  6
CONTINUOUS
 62
    43
100
AcDbTrace
 10
-11.67393643971854
 20
-9.407820525277657
 30
0.0
 11
-11.67393643971854
 21
-9.407820525277657
 31
0.0
 12
-12.12402543971666
 22
-9.632865525277793
 32
0.0
 13
-12.12402543971666
 23
-9.632865525277793
 33
0.0
  0
LWPOLYLINE
  5
363
330
30E
100
AcDbEntity
  8
0
  6
CONTINUOUS
 62
    43
100
AcDbPolyline
 90
       17
 70
     1
 43
0.0
 10
-12.57411343971625
 20
-18.63463552527673
 10
-12.34906943971919
 20
-18.40959152527785
 10
-12.34906943971919
 20
-18.18454652527771
 10
-12.12402543971666
 20
-17.73445852527811
 10
-12.12402543971666
 20
-17.73445852527811
 10
-11.89898043971925
 20
-17.5094145252774
 10
-11.67393643971854
 20
-17.28436952527818
 10
-11.67393643971854
 20
-17.28436952527818
 10
-11.44889243971966
 20
-17.05932552527838
 10
-11.67393643971854
 20
-17.05932552527838
 10
-11.67393643971854
 20
-16.83428152527767
 10
-11.89898043971925
 20
-16.83428152527767
 10
-12.12402543971666
 20
-16.60923752527788
 10
-12.12402543971666
 20
-16.38419252527774
 10
-12.34906943971919
 20
-16.15914852527794
 10
-12.34906943971919
 20
-15.93410452527814
 10
-12.57411343971625
 20
-15.48401552527912
  0
SOLID
  5
364
330
30E
100
AcDbEntity
  8
0
  6
CONTINUOUS
 62
    43
100
AcDbTrace
 10
-11.67393643971854
 20
-24.935874525278
 30
0.0
 11
-11.44889243971966
 21
-24.935874525278
 31
0.0
 12
-11.67393643971854
 22
-25.16091852527779
 32
0.0
 13
-11.67393643971854
 23
-25.16091852527779
 33
0.0
  0
SOLID
  5
365
330
30E
100
AcDbEntity
  8
0
  6
CONTINUOUS
 62
    43
100
AcDbTrace
 10
-11.89898043971925
 20
-24.71083052527911
 30
0.0
 11
-11.67393643971854
 21
-24.71083052527911
 31
0.0
 12
-11.67393643971854
 22
-24.935874525278
 32
0.0
 13
-11.67393643971854
 23
-24.935874525278
 33
0.0
  0
SOLID
  5
366
330
30E
100
AcDbEntity
  8
0
  6
CONTINUOUS
 62
    43
100
AcDbTrace
 10
-12.34906943971919
 20
-26.06109552527732
 30
0.0
 11
-12.34906943971919
 21
-26.28614052527837
 31
0.0
 12
-12.57411343971625
 22
-26.51118452527908
 32
0.0
 13
-12.57411343971625
 23
-26.51118452527908
 33
0.0
  0
SOLID
  5
367
330
30E
100
AcDbEntity
  8
0
  6
CONTINUOUS
 62
    43
100
AcDbTrace
 10
-11.89898043971925
 20
-24.71083052527911
 30
0.0
 11
-11.67393643971854
 21
-24.935874525278
 31
0.0
 12
-11.67393643971854
 22
-25.16091852527779
 32
0.0
 13
-11.67393643971854
 23
-25.16091852527779
 33
0.0
  0
SOLID
  5
368
330
30E
100
AcDbEntity
  8
0
  6
CONTINUOUS
 62
    43
100
AcDbTrace
 10
-12.34906943971919
 20
-24.03569752527938
 30
0.0
 11
-12.12402543971666
 21
-24.26074152527827
 31
0.0
 12
-12.12402543971666
 22
-24.4857865252784
 32
0.0
 13
-12.12402543971666
 23
-24.4857865252784
 33
0.0
  0
SOLID
  5
369
330
30E
100
AcDbEntity
  8
0
  6
CONTINUOUS
 62
    43
100
AcDbTrace
 10
-12.12402543971666
 20
-25.61100752527773
 30
0.0
 11
-12.12402543971666
 21
-25.83605152527662
 31
0.0
 12
-12.34906943971919
 22
-26.06109552527732
 32
0.0
 13
-12.34906943971919
 23
-26.06109552527732
 33
0.0
  0
SOLID
  5
36A
330
30E
100
AcDbEntity
  8
0
  6
CONTINUOUS
 62
    43
100
AcDbTrace
 10
-12.57411343971625
 20
-23.36056452527782
 30
0.0
 11
-12.34906943971919
 21
-23.81065352527776
 31
0.0
 12
-12.34906943971919
 22
-24.03569752527938
 32
0.0
 13
-12.34906943971919
 23
-24.03569752527938
 33
0.0
  0
SOLID
  5
36B
330
30E
100
AcDbEntity
  8
0
  6
CONTINUOUS
 62
    43
100
AcDbTrace
 10
-12.12402543971666
 20
-24.4857865252784
 30
0.0
 11
-11.89898043971925
 21
-24.71083052527911
 31
0.0
 12
-11.67393643971854
 22
-25.16091852527779
 32
0.0
 13
-11.67393643971854
 23
-25.16091852527779
 33
0.0
  0
SOLID
  5
36C
330
30E
100
AcDbEntity
  8
0
  6
CONTINUOUS
 62
    43
100
AcDbTrace
 10
-12.57411343971625
 20
-26.51118452527908
 30
0.0
 11
-12.57411343971625
 21
-23.36056452527782
 31
0.0
 12
-12.34906943971919
 22
-24.03569752527938
 32
0.0
 13
-12.34906943971919
 23
-24.03569752527938
 33
0.0
  0
SOLID
  5
36D
330
30E
100
AcDbEntity
  8
0
  6
CONTINUOUS
 62
    43
100
AcDbTrace
 10
-12.34906943971919
 20
-26.06109552527732
 30
0.0
 11
-12.57411343971625
 21
-26.51118452527908
 31
0.0
 12
-12.34906943971919
 22
-24.03569752527938
 32
0.0
 13
-12.34906943971919
 23
-24.03569752527938
 33
0.0
  0
SOLID
  5
36E
330
30E
100
AcDbEntity
  8
0
  6
CONTINUOUS
 62
    43
100
AcDbTrace
 10
-12.34906943971919
 20
-26.06109552527732
 30
0.0
 11
-12.34906943971919
 21
-24.03569752527938
 31
0.0
 12
-12.12402543971666
 22
-24.4857865252784
 32
0.0
 13
-12.12402543971666
 23
-24.4857865252784
 33
0.0
  0
SOLID
  5
36F
330
30E
100
AcDbEntity
  8
0
  6
CONTINUOUS
 62
    43
100
AcDbTrace
 10
-12.12402543971666
 20
-25.61100752527773
 30
0.0
 11
-12.34906943971919
 21
-26.06109552527732
 31
0.0
 12
-12.12402543971666
 22
-24.4857865252784
 32
0.0
 13
-12.12402543971666
 23
-24.4857865252784
 33
0.0
  0
SOLID
  5
370
330
30E
100
AcDbEntity
  8
0
  6
CONTINUOUS
 62
    43
100
AcDbTrace
 10
-12.12402543971666
 20
-25.61100752527773
 30
0.0
 11
-12.12402543971666
 21
-24.4857865252784
 31
0.0
 12
-11.67393643971854
 22
-25.16091852527779
 32
0.0
 13
-11.67393643971854
 23
-25.16091852527779
 33
0.0
  0
SOLID
  5
371
330
30E
100
AcDbEntity
  8
0
  6
CONTINUOUS
 62
    43
100
AcDbTrace
 10
-12.12402543971666
 20
-25.61100752527773
 30
0.0
 11
-11.67393643971854
 21
-25.16091852527779
 31
0.0
 12
-11.67393643971854
 22
-25.16091852527779
 32
0.0
 13
-11.67393643971854
 23
-25.16091852527779
 33
0.0
  0
SOLID
  5
372
330
30E
100
AcDbEntity
  8
0
  6
CONTINUOUS
 62
    43
100
AcDbTrace
 10
-11.67393643971854
 20
-25.16091852527779
 30
0.0
 11
-11.89898043971925
 21
-25.38596352527793
 31
0.0
 12
-12.12402543971666
 22
-25.61100752527773
 32
0.0
 13
-12.12402543971666
 23
-25.61100752527773
 33
0.0
  0
LWPOLYLINE
  5
373
330
30E
100
AcDbEntity
  8
0
  6
CONTINUOUS
 62
    43
100
AcDbPolyline
 90
       11
 70
     1
 43
0.0
 10
-10.3236714397176
 20
26.37421647472229
 10
-9.873582439715843
 20
26.37421647472229
 10
-9.873582439715843
 20
26.14917247472249
 10
-10.09862643971837
 20
26.14917247472249
 10
-10.09862643971837
 20
26.14917247472249
 10
-10.3236714397176
 20
25.92412747472236
 10
-10.54871543971831
 20
26.14917247472249
 10
-10.54871543971831
 20
26.14917247472249
 10
-10.54871543971831
 20
26.14917247472249
 10
-10.77375943971538
 20
26.37421647472229
 10
-10.3236714397176
 20
26.37421647472229
  0
LWPOLYLINE
  5
374
330
30E
100
AcDbEntity
  8
0
  6
CONTINUOUS
 62
    43
100
AcDbPolyline
 90
       16
 70
     1
 43
0.0
 10
-10.3236714397176
 20
18.04757847472365
 10
-10.54871543971831
 20
18.04757847472365
 10
-10.54871543971831
 20
18.27262347472197
 10
-10.54871543971831
 20
18.27262347472197
 10
-10.77375943971538
 20
18.49766747472358
 10
-10.54871543971831
 20
18.72271147472247
 10
-10.54871543971831
 20
18.72271147472247
 10
-10.54871543971831
 20
18.72271147472247
 10
-10.3236714397176
 20
18.94775547472226
 10
-10.09862643971837
 20
18.72271147472247
 10
-10.09862643971837
 20
18.72271147472247
 10
-9.873582439715843
 20
18.72271147472247
 10
-9.873582439715843
 20
18.49766747472358
 10
-9.873582439715843
 20
18.27262347472197
 10
-10.09862643971837
 20
18.27262347472197
 10
-10.09862643971837
 20
18.04757847472365
  0
LWPOLYLINE
  5
375
330
30E
100
AcDbEntity
  8
0
  6
CONTINUOUS
 62
    43
100
AcDbPolyline
 90
       16
 70
     1
 43
0.0
 10
-10.3236714397176
 20
10.17102947472221
 10
-10.54871543971831
 20
10.17102947472221
 10
-10.54871543971831
 20
10.39607447472053
 10
-10.54871543971831
 20
10.39607447472053
 10
-10.77375943971538
 20
10.62111847472215
 10
-10.54871543971831
 20
10.84616247472195
 10
-10.54871543971831
 20
10.84616247472195
 10
-10.54871543971831
 20
10.84616247472195
 10
-10.3236714397176
 20
11.07120647472175
 10
-10.09862643971837
 20
10.84616247472195
 10
-10.09862643971837
 20
10.84616247472195
 10
-9.873582439715843
 20
10.84616247472195
 10
-9.873582439715843
 20
10.62111847472215
 10
-9.873582439715843
 20
10.39607447472053
 10
-10.09862643971837
 20
10.39607447472053
 10
-10.09862643971837
 20
10.17102947472221
  0
LWPOLYLINE
  5
376
330
30E
100
AcDbEntity
  8
0
  6
CONTINUOUS
 62
    43
100
AcDbPolyline
 90
       16
 70
     1
 43
0.0
 10
-10.3236714397176
 20
2.294480474720784
 10
-10.54871543971831
 20
2.294480474720784
 10
-10.54871543971831
 20
2.51952447472149
 10
-10.54871543971831
 20
2.51952447472149
 10
-10.77375943971538
 20
2.744569474722538
 10
-10.54871543971831
 20
2.969613474723243
 10
-10.54871543971831
 20
2.969613474723243
 10
-10.54871543971831
 20
2.969613474723243
 10
-10.3236714397176
 20
3.194657474722133
 10
-10.09862643971837
 20
2.969613474723243
 10
-10.09862643971837
 20
2.969613474723243
 10
-9.873582439715843
 20
2.969613474723243
 10
-9.873582439715843
 20
2.744569474722538
 10
-9.873582439715843
 20
2.51952447472149
 10
-10.09862643971837
 20
2.51952447472149
 10
-10.09862643971837
 20
2.294480474720784
  0
LWPOLYLINE
  5
377
330
30E
100
AcDbEntity
  8
0
  6
CONTINUOUS
 62
    43
100
AcDbPolyline
 90
       16
 70
     1
 43
0.0
 10
-10.3236714397176
 20
-5.582068525277009
 10
-10.54871543971831
 20
-5.582068525277009
 10
-10.54871543971831
 20
-5.357024525276298
 10
-10.54871543971831
 20
-5.357024525276298
 10
-10.77375943971538
 20
-5.131979525277983
 10
-10.54871543971831
 20
-4.906935525277277
 10
-10.54871543971831
 20
-4.906935525277277
 10
-10.54871543971831
 20
-4.906935525277277
 10
-10.3236714397176
 20
-4.681891525276568
 10
-10.09862643971837
 20
-4.906935525277277
 10
-10.09862643971837
 20
-4.906935525277277
 10
-9.873582439715843
 20
-4.906935525277277
 10
-9.873582439715843
 20
-5.131979525277983
 10
-9.873582439715843
 20
-5.357024525276298
 10
-10.09862643971837
 20
-5.357024525276298
 10
-10.09862643971837
 20
-5.582068525277009
  0
LWPOLYLINE
  5
378
330
30E
100
AcDbEntity
  8
0
  6
CONTINUOUS
 62
    43
100
AcDbPolyline
 90
       16
 70
     1
 43
0.0
 10
-10.3236714397176
 20
-13.45861752527753
 10
-10.54871543971831
 20
-13.45861752527753
 10
-10.54871543971831
 20
-13.45861752527753
 10
-10.54871543971831
 20
-13.23357352527773
 10
-10.77375943971538
 20
-13.0085285252776
 10
-10.54871543971831
 20
-13.0085285252776
 10
-10.54871543971831
 20
-12.7834845252778
 10
-10.54871543971831
 20
-12.7834845252778
 10
-10.3236714397176
 20
-12.7834845252778
 10
-10.09862643971837
 20
-12.7834845252778
 10
-10.09862643971837
 20
-12.7834845252778
 10
-9.873582439715843
 20
-13.0085285252776
 10
-9.873582439715843
 20
-13.0085285252776
 10
-9.873582439715843
 20
-13.23357352527773
 10
-10.09862643971837
 20
-13.45861752527753
 10
-10.09862643971837
 20
-13.45861752527753
  0
LWPOLYLINE
  5
379
330
30E
100
AcDbEntity
  8
0
  6
CONTINUOUS
 62
    43
100
AcDbPolyline
 90
       16
 70
     1
 43
0.0
 10
-10.3236714397176
 20
-21.33516652527896
 10
-10.54871543971831
 20
-21.33516652527896
 10
-10.54871543971831
 20
-21.33516652527896
 10
-10.54871543971831
 20
-21.11012252527826
 10
-10.77375943971538
 20
-20.88507752527812
 10
-10.54871543971831
 20
-20.88507752527812
 10
-10.54871543971831
 20
-20.66003352527832
 10
-10.54871543971831
 20
-20.66003352527832
 10
-10.3236714397176
 20
-20.66003352527832
 10
-10.09862643971837
 20
-20.66003352527832
 10
-10.09862643971837
 20
-20.66003352527832
 10
-9.873582439715843
 20
-20.88507752527812
 10
-9.873582439715843
 20
-20.88507752527812
 10
-9.873582439715843
 20
-21.11012252527826
 10
-10.09862643971837
 20
-21.33516652527896
 10
-10.09862643971837
 20
-21.33516652527896
  0
LWPOLYLINE
  5
37A
330
30E
100
AcDbEntity
  8
0
  6
CONTINUOUS
 62
    43
100
AcDbPolyline
 90
       11
 70
     1
 43
0.0
 10
-10.3236714397176
 20
-28.98667152527787
 10
-10.77375943971538
 20
-28.98667152527787
 10
-10.54871543971831
 20
-28.76162752527807
 10
-10.54871543971831
 20
-28.53658252527703
 10
-10.54871543971831
 20
-28.53658252527703
 10
-10.3236714397176
 20
-28.53658252527703
 10
-10.09862643971837
 20
-28.53658252527703
 10
-10.09862643971837
 20
-28.53658252527703
 10
-9.873582439715843
 20
-28.76162752527807
 10
-9.873582439715843
 20
-28.98667152527787
 10
-10.3236714397176
 20
-28.98667152527787
  0
LWPOLYLINE
  5
37B
330
30E
100
AcDbEntity
  8
0
  6
CONTINUOUS
 62
    43
100
AcDbPolyline
 90
       16
 70
     1
 43
0.0
 10
-10.3236714397176
 20
21.87333147472191
 10
-10.09862643971837
 20
22.09837547472262
 10
-9.873582439715843
 20
22.09837547472262
 10
-9.873582439715843
 20
22.09837547472262
 10
-9.873582439715843
 20
22.32341947472241
 10
-9.873582439715843
 20
22.54846347472221
 10
-9.873582439715843
 20
22.54846347472221
 10
-10.09862643971837
 20
22.77350847472235
 10
-10.3236714397176
 20
22.77350847472235
 10
-10.3236714397176
 20
22.77350847472235
 10
-10.54871543971831
 20
22.54846347472221
 10
-10.54871543971831
 20
22.54846347472221
 10
-10.54871543971831
 20
22.32341947472241
 10
-10.54871543971831
 20
22.09837547472262
 10
-10.54871543971831
 20
22.09837547472262
 10
-10.3236714397176
 20
22.09837547472262
  0
LWPOLYLINE
  5
37C
330
30E
100
AcDbEntity
  8
0
  6
CONTINUOUS
 62
    43
100
AcDbPolyline
 90
       16
 70
     1
 43
0.0
 10
-10.3236714397176
 20
14.22182647472209
 10
-10.09862643971837
 20
14.22182647472209
 10
-9.873582439715843
 20
14.22182647472209
 10
-9.873582439715843
 20
14.22182647472209
 10
-9.873582439715843
 20
14.44687047472189
 10
-9.873582439715843
 20
14.67191447472351
 10
-9.873582439715843
 20
14.67191447472351
 10
-10.09862643971837
 20
14.89695947472182
 10
-10.3236714397176
 20
14.89695947472182
 10
-10.3236714397176
 20
14.89695947472182
 10
-10.54871543971831
 20
14.67191447472351
 10
-10.54871543971831
 20
14.67191447472351
 10
-10.54871543971831
 20
14.44687047472189
 10
-10.54871543971831
 20
14.22182647472209
 10
-10.54871543971831
 20
14.22182647472209
 10
-10.3236714397176
 20
14.22182647472209
  0
LWPOLYLINE
  5
37D
330
30E
100
AcDbEntity
  8
0
  6
CONTINUOUS
 62
    43
100
AcDbPolyline
 90
       16
 70
     1
 43
0.0
 10
-10.3236714397176
 20
6.120233474720862
 10
-10.09862643971837
 20
6.120233474720862
 10
-9.873582439715843
 20
6.345277474721567
 10
-9.873582439715843
 20
6.345277474721567
 10
-9.873582439715843
 20
6.570321474722277
 10
-9.873582439715843
 20
6.795365474722075
 10
-9.873582439715843
 20
6.795365474722075
 10
-10.09862643971837
 20
7.020410474722212
 10
-10.3236714397176
 20
7.020410474722212
 10
-10.3236714397176
 20
7.020410474722212
 10
-10.54871543971831
 20
6.795365474722075
 10
-10.54871543971831
 20
6.795365474722075
 10
-10.54871543971831
 20
6.570321474722277
 10
-10.54871543971831
 20
6.345277474721567
 10
-10.54871543971831
 20
6.345277474721567
 10
-10.3236714397176
 20
6.120233474720862
  0
LWPOLYLINE
  5
37E
330
30E
100
AcDbEntity
  8
0
  6
CONTINUOUS
 62
    43
100
AcDbPolyline
 90
       16
 70
     1
 43
0.0
 10
-10.3236714397176
 20
-1.531271525276224
 10
-10.09862643971837
 20
-1.531271525276224
 10
-9.873582439715843
 20
-1.531271525276224
 10
-9.873582439715843
 20
-1.531271525276224
 10
-9.873582439715843
 20
-1.306227525276426
 10
-9.873582439715843
 20
-1.081183525277537
 10
-9.873582439715843
 20
-1.081183525277537
 10
-10.09862643971837
 20
-0.8561385252774016
 10
-10.3236714397176
 20
-0.8561385252774016
 10
-10.3236714397176
 20
-0.8561385252774016
 10
-10.54871543971831
 20
-1.081183525277537
 10
-10.54871543971831
 20
-1.081183525277537
 10
-10.54871543971831
 20
-1.306227525276426
 10
-10.54871543971831
 20
-1.531271525276224
 10
-10.54871543971831
 20
-1.531271525276224
 10
-10.3236714397176
 20
-1.531271525276224
  0
LWPOLYLINE
  5
37F
330
30E
100
AcDbEntity
  8
0
  6
CONTINUOUS
 62
    43
100
AcDbPolyline
 90
       16
 70
     1
 43
0.0
 10
-10.3236714397176
 20
-9.632865525277793
 10
-10.09862643971837
 20
-9.632865525277793
 10
-9.873582439715843
 20
-9.407820525277657
 10
-9.873582439715843
 20
-9.407820525277657
 10
-9.873582439715843
 20
-9.182776525277859
 10
-9.873582439715843
 20
-8.957732525276242
 10
-9.873582439715843
 20
-8.957732525276242
 10
-10.09862643971837
 20
-8.957732525276242
 10
-10.3236714397176
 20
-8.957732525276242
 10
-10.3236714397176
 20
-8.957732525276242
 10
-10.54871543971831
 20
-8.957732525276242
 10
-10.54871543971831
 20
-8.957732525276242
 10
-10.54871543971831
 20
-9.182776525277859
 10
-10.54871543971831
 20
-9.407820525277657
 10
-10.54871543971831
 20
-9.407820525277657
 10
-10.3236714397176
 20
-9.632865525277793
  0
SOLID
  5
380
330
30E
100
AcDbEntity
  8
0
  6
CONTINUOUS
 62
    43
100
AcDbTrace
 10
-10.09862643971837
 20
-16.83428152527767
 30
0.0
 11
-9.873582439715843
 21
-16.83428152527767
 31
0.0
 12
-9.873582439715843
 22
-17.05932552527838
 32
0.0
 13
-9.873582439715843
 23
-17.05932552527838
 33
0.0
  0
SOLID
  5
381
330
30E
100
AcDbEntity
  8
0
  6
CONTINUOUS
 62
    43
100
AcDbTrace
 10
-10.54871543971831
 20
-17.05932552527838
 30
0.0
 11
-10.54871543971831
 21
-16.83428152527767
 31
0.0
 12
-10.3236714397176
 22
-16.83428152527767
 32
0.0
 13
-10.3236714397176
 23
-16.83428152527767
 33
0.0
  0
SOLID
  5
382
330
30E
100
AcDbEntity
  8
0
  6
CONTINUOUS
 62
    43
100
AcDbTrace
 10
-9.873582439715843
 20
-17.28436952527818
 30
0.0
 11
-9.873582439715843
 21
-17.5094145252774
 31
0.0
 12
-10.09862643971837
 22
-17.5094145252774
 32
0.0
 13
-10.09862643971837
 23
-17.5094145252774
 33
0.0
  0
SOLID
  5
383
330
30E
100
AcDbEntity
  8
0
  6
CONTINUOUS
 62
    43
100
AcDbTrace
 10
-10.3236714397176
 20
-17.5094145252774
 30
0.0
 11
-10.54871543971831
 21
-17.5094145252774
 31
0.0
 12
-10.54871543971831
 22
-17.28436952527818
 32
0.0
 13
-10.54871543971831
 23
-17.28436952527818
 33
0.0
  0
SOLID
  5
384
330
30E
100
AcDbEntity
  8
0
  6
CONTINUOUS
 62
    43
100
AcDbTrace
 10
-10.3236714397176
 20
-16.83428152527767
 30
0.0
 11
-10.09862643971837
 21
-16.83428152527767
 31
0.0
 12
-9.873582439715843
 22
-17.05932552527838
 32
0.0
 13
-9.873582439715843
 23
-17.05932552527838
 33
0.0
  0
SOLID
  5
385
330
30E
100
AcDbEntity
  8
0
  6
CONTINUOUS
 62
    43
100
AcDbTrace
 10
-9.873582439715843
 20
-17.28436952527818
 30
0.0
 11
-10.09862643971837
 21
-17.5094145252774
 31
0.0
 12
-10.3236714397176
 22
-17.5094145252774
 32
0.0
 13
-10.3236714397176
 23
-17.5094145252774
 33
0.0
  0
SOLID
  5
386
330
30E
100
AcDbEntity
  8
0
  6
CONTINUOUS
 62
    43
100
AcDbTrace
 10
-10.3236714397176
 20
-17.5094145252774
 30
0.0
 11
-10.54871543971831
 21
-17.28436952527818
 31
0.0
 12
-10.54871543971831
 22
-17.05932552527838
 32
0.0
 13
-10.54871543971831
 23
-17.05932552527838
 33
0.0
  0
SOLID
  5
387
330
30E
100
AcDbEntity
  8
0
  6
CONTINUOUS
 62
    43
100
AcDbTrace
 10
-9.873582439715843
 20
-17.05932552527838
 30
0.0
 11
-9.873582439715843
 21
-17.28436952527818
 31
0.0
 12
-10.3236714397176
 22
-17.5094145252774
 32
0.0
 13
-10.3236714397176
 23
-17.5094145252774
 33
0.0
  0
SOLID
  5
388
330
30E
100
AcDbEntity
  8
0
  6
CONTINUOUS
 62
    43
100
AcDbTrace
 10
-9.873582439715843
 20
-17.05932552527838
 30
0.0
 11
-10.3236714397176
 21
-17.5094145252774
 31
0.0
 12
-10.3236714397176
 22
-17.5094145252774
 32
0.0
 13
-10.3236714397176
 23
-17.5094145252774
 33
0.0
  0
SOLID
  5
389
330
30E
100
AcDbEntity
  8
0
  6
CONTINUOUS
 62
    43
100
AcDbTrace
 10
-9.873582439715843
 20
-17.05932552527838
 30
0.0
 11
-10.3236714397176
 21
-17.5094145252774
 31
0.0
 12
-10.54871543971831
 22
-17.05932552527838
 32
0.0
 13
-10.54871543971831
 23
-17.05932552527838
 33
0.0
  0
SOLID
  5
38A
330
30E
100
AcDbEntity
  8
0
  6
CONTINUOUS
 62
    43
100
AcDbTrace
 10
-9.873582439715843
 20
-17.05932552527838
 30
0.0
 11
-10.54871543971831
 21
-17.05932552527838
 31
0.0
 12
-10.54871543971831
 22
-17.05932552527838
 32
0.0
 13
-10.54871543971831
 23
-17.05932552527838
 33
0.0
  0
SOLID
  5
38B
330
30E
100
AcDbEntity
  8
0
  6
CONTINUOUS
 62
    43
100
AcDbTrace
 10
-9.873582439715843
 20
-17.05932552527838
 30
0.0
 11
-10.54871543971831
 21
-17.05932552527838
 31
0.0
 12
-10.3236714397176
 22
-16.83428152527767
 32
0.0
 13
-10.3236714397176
 23
-16.83428152527767
 33
0.0
  0
SOLID
  5
38C
330
30E
100
AcDbEntity
  8
0
  6
CONTINUOUS
 62
    43
100
AcDbTrace
 10
-9.873582439715843
 20
-17.05932552527838
 30
0.0
 11
-10.3236714397176
 21
-16.83428152527767
 31
0.0
 12
-10.3236714397176
 22
-16.83428152527767
 32
0.0
 13
-10.3236714397176
 23
-16.83428152527767
 33
0.0
  0
SOLID
  5
38D
330
30E
100
AcDbEntity
  8
0
  6
CONTINUOUS
 62
    43
100
AcDbTrace
 10
-10.3236714397176
 20
-16.83428152527767
 30
0.0
 11
-9.873582439715843
 21
-17.05932552527838
 31
0.0
 12
-9.873582439715843
 22
-17.05932552527838
 32
0.0
 13
-9.873582439715843
 23
-17.05932552527838
 33
0.0
  0
LWPOLYLINE
  5
38E
330
30E
100
AcDbEntity
  8
0
  6
CONTINUOUS
 62
    43
100
AcDbPolyline
 90
       16
 70
     1
 43
0.0
 10
-10.3236714397176
 20
-25.38596352527793
 10
-10.09862643971837
 20
-25.38596352527793
 10
-9.873582439715843
 20
-25.16091852527779
 10
-9.873582439715843
 20
-25.16091852527779
 10
-9.873582439715843
 20
-24.935874525278
 10
-9.873582439715843
 20
-24.935874525278
 10
-9.873582439715843
 20
-24.71083052527911
 10
-10.09862643971837
 20
-24.71083052527911
 10
-10.3236714397176
 20
-24.71083052527911
 10
-10.3236714397176
 20
-24.71083052527911
 10
-10.54871543971831
 20
-24.71083052527911
 10
-10.54871543971831
 20
-24.935874525278
 10
-10.54871543971831
 20
-24.935874525278
 10
-10.54871543971831
 20
-25.16091852527779
 10
-10.54871543971831
 20
-25.16091852527779
 10
-10.3236714397176
 20
-25.38596352527793
  0
SOLID
  5
38F
330
30E
100
AcDbEntity
  8
0
  6
CONTINUOUS
 62
    43
100
AcDbTrace
 10
-15.94977743971913
 20
31.10014547472156
 30
0.0
 11
-15.94977743971913
 21
30.19996847472203
 31
0.0
 12
14.8812855602805
 22
31.10014547472156
 32
0.0
 13
14.8812855602805
 23
30.19996847472203
 33
0.0
  0
LWPOLYLINE
  5
390
330
30E
100
AcDbEntity
  8
0
  6
CONTINUOUS
 62
    43
100
AcDbPolyline
 90
       16
 70
     1
 43
0.0
 10
14.8812855602805
 20
31.32519047472261
 10
14.8812855602805
 20
31.10014547472156
 10
14.65624156028161
 20
31.10014547472156
 10
14.65624156028161
 20
30.87510147472085
 10
14.43119756028091
 20
30.87510147472085
 10
14.20615356028202
 20
30.87510147472085
 10
14.20615356028202
 20
31.10014547472156
 10
14.20615356028202
 20
31.10014547472156
 10
13.98110856028279
 20
31.32519047472261
 10
14.20615356028202
 20
31.55023447472331
 10
14.20615356028202
 20
31.55023447472331
 10
14.20615356028202
 20
31.55023447472331
 10
14.43119756028091
 20
31.7752784747222
 10
14.65624156028161
 20
31.55023447472331
 10
14.65624156028161
 20
31.55023447472331
 10
14.8812855602805
 20
31.55023447472331
  0
LWPOLYLINE
  5
391
330
30E
100
AcDbEntity
  8
0
  6
CONTINUOUS
 62
    43
100
AcDbPolyline
 90
       32
 70
     1
 43
0.0
 10
14.8812855602805
 20
33.12554447472257
 10
14.8812855602805
 20
33.35058847472055
 10
14.8812855602805
 20
33.57563247472217
 10
14.8812855602805
 20
33.80067647472197
 10
14.65624156028161
 20
34.25076547472098
 10
14.65624156028161
 20
34.25076547472098
 10
14.65624156028161
 20
34.4758094747217
 10
14.43119756028091
 20
34.4758094747217
 10
14.43119756028091
 20
34.70085347472241
 10
14.43119756028091
 20
34.4758094747217
 10
14.20615356028202
 20
34.4758094747217
 10
14.20615356028202
 20
34.25076547472098
 10
14.20615356028202
 20
34.25076547472098
 10
14.20615356028202
 20
33.80067647472197
 10
14.20615356028202
 20
33.57563247472217
 10
13.98110856028279
 20
33.35058847472055
 10
13.98110856028279
 20
33.12554447472257
 10
13.98110856028279
 20
32.67545547472082
 10
14.20615356028202
 20
32.45041147472192
 10
14.20615356028202
 20
32.22536747472214
 10
14.20615356028202
 20
32.000322474722
 10
14.20615356028202
 20
31.7752784747222
 10
14.20615356028202
 20
31.55023447472331
 10
14.43119756028091
 20
31.55023447472331
 10
14.43119756028091
 20
31.55023447472331
 10
14.43119756028091
 20
31.55023447472331
 10
14.65624156028161
 20
31.55023447472331
 10
14.65624156028161
 20
31.7752784747222
 10
14.65624156028161
 20
32.000322474722
 10
14.8812855602805
 20
32.22536747472214
 10
14.8812855602805
 20
32.45041147472192
 10
14.8812855602805
 20
32.67545547472082
  0
LWPOLYLINE
  5
392
330
30E
100
AcDbEntity
  8
0
  6
CONTINUOUS
 62
    43
100
AcDbPolyline
 90
       16
 70
     1
 43
0.0
 10
13.08093156028144
 20
31.32519047472261
 10
12.85588756028437
 20
31.10014547472156
 10
12.85588756028437
 20
30.87510147472085
 10
12.63084356028002
 20
30.87510147472085
 10
12.63084356028002
 20
30.87510147472085
 10
12.40579856028262
 20
30.87510147472085
 10
12.40579856028262
 20
30.87510147472085
 10
12.18075456028009
 20
31.10014547472156
 10
12.18075456028009
 20
31.32519047472261
 10
12.18075456028009
 20
31.32519047472261
 10
12.40579856028262
 20
31.55023447472331
 10
12.40579856028262
 20
31.55023447472331
 10
12.63084356028002
 20
31.55023447472331
 10
12.63084356028002
 20
31.55023447472331
 10
12.85588756028437
 20
31.55023447472331
 10
12.85588756028437
 20
31.32519047472261
  0
LWPOLYLINE
  5
393
330
30E
100
AcDbEntity
  8
0
  6
CONTINUOUS
 62
    43
100
AcDbPolyline
 90
       32
 70
     1
 43
0.0
 10
13.08093156028144
 20
33.12554447472257
 10
13.08093156028144
 20
33.57563247472217
 10
12.85588756028437
 20
33.80067647472197
 10
12.85588756028437
 20
34.02572147472211
 10
12.85588756028437
 20
34.25076547472098
 10
12.85588756028437
 20
34.4758094747217
 10
12.63084356028002
 20
34.70085347472241
 10
12.63084356028002
 20
34.70085347472241
 10
12.63084356028002
 20
34.70085347472241
 10
12.40579856028262
 20
34.70085347472241
 10
12.40579856028262
 20
34.70085347472241
 10
12.40579856028262
 20
34.4758094747217
 10
12.40579856028262
 20
34.25076547472098
 10
12.18075456028009
 20
34.02572147472211
 10
12.18075456028009
 20
33.80067647472197
 10
12.18075456028009
 20
33.57563247472217
 10
12.18075456028009
 20
33.12554447472257
 10
12.18075456028009
 20
32.90049947472154
 10
12.18075456028009
 20
32.45041147472192
 10
12.18075456028009
 20
32.22536747472214
 10
12.40579856028262
 20
32.000322474722
 10
12.40579856028262
 20
31.7752784747222
 10
12.40579856028262
 20
31.7752784747222
 10
12.40579856028262
 20
31.7752784747222
 10
12.63084356028002
 20
31.55023447472331
 10
12.63084356028002
 20
31.7752784747222
 10
12.63084356028002
 20
31.7752784747222
 10
12.85588756028437
 20
31.7752784747222
 10
12.85588756028437
 20
32.000322474722
 10
12.85588756028437
 20
32.22536747472214
 10
12.85588756028437
 20
32.45041147472192
 10
13.08093156028144
 20
32.90049947472154
  0
SOLID
  5
394
330
30E
100
AcDbEntity
  8
0
  6
CONTINUOUS
 62
    43
100
AcDbTrace
 10
10.38040056028103
 20
31.32519047472261
 30
0.0
 11
10.38040056028103
 21
31.55023447472331
 31
0.0
 12
10.60544456028174
 22
31.55023447472331
 32
0.0
 13
10.60544456028174
 23
31.55023447472331
 33
0.0
  0
SOLID
  5
395
330
30E
100
AcDbEntity
  8
0
  6
CONTINUOUS
 62
    43
100
AcDbTrace
 10
10.83048956028096
 20
31.55023447472331
 30
0.0
 11
11.05553356028349
 21
31.55023447472331
 31
0.0
 12
11.05553356028349
 22
31.32519047472261
 32
0.0
 13
11.05553356028349
 23
31.32519047472261
 33
0.0
  0
SOLID
  5
396
330
30E
100
AcDbEntity
  8
0
  6
CONTINUOUS
 62
    43
100
AcDbTrace
 10
11.05553356028349
 20
31.10014547472156
 30
0.0
 11
11.05553356028349
 21
30.87510147472085
 31
0.0
 12
10.83048956028096
 22
30.87510147472085
 32
0.0
 13
10.83048956028096
 23
30.87510147472085
 33
0.0
  0
SOLID
  5
397
330
30E
100
AcDbEntity
  8
0
  6
CONTINUOUS
 62
    43
100
AcDbTrace
 10
10.60544456028174
 20
30.87510147472085
 30
0.0
 11
10.38040056028103
 21
30.87510147472085
 31
0.0
 12
10.38040056028103
 22
31.10014547472156
 32
0.0
 13
10.38040056028103
 23
31.10014547472156
 33
0.0
  0
SOLID
  5
398
330
30E
100
AcDbEntity
  8
0
  6
CONTINUOUS
 62
    43
100
AcDbTrace
 10
11.05553356028349
 20
31.32519047472261
 30
0.0
 11
11.05553356028349
 21
31.10014547472156
 31
0.0
 12
10.83048956028096
 22
30.87510147472085
 32
0.0
 13
10.83048956028096
 23
30.87510147472085
 33
0.0
  0
SOLID
  5
399
330
30E
100
AcDbEntity
  8
0
  6
CONTINUOUS
 62
    43
100
AcDbTrace
 10
10.60544456028174
 20
30.87510147472085
 30
0.0
 11
10.38040056028103
 21
31.10014547472156
 31
0.0
 12
10.38040056028103
 22
31.32519047472261
 32
0.0
 13
10.38040056028103
 23
31.32519047472261
 33
0.0
  0
SOLID
  5
39A
330
30E
100
AcDbEntity
  8
0
  6
CONTINUOUS
 62
    43
100
AcDbTrace
 10
10.60544456028174
 20
31.55023447472331
 30
0.0
 11
10.83048956028096
 21
31.55023447472331
 31
0.0
 12
11.05553356028349
 22
31.32519047472261
 32
0.0
 13
11.05553356028349
 23
31.32519047472261
 33
0.0
  0
SOLID
  5
39B
330
30E
100
AcDbEntity
  8
0
  6
CONTINUOUS
 62
    43
100
AcDbTrace
 10
11.05553356028349
 20
31.32519047472261
 30
0.0
 11
10.83048956028096
 21
30.87510147472085
 31
0.0
 12
10.60544456028174
 22
30.87510147472085
 32
0.0
 13
10.60544456028174
 23
30.87510147472085
 33
0.0
  0
SOLID
  5
39C
330
30E
100
AcDbEntity
  8
0
  6
CONTINUOUS
 62
    43
100
AcDbTrace
 10
11.05553356028349
 20
31.32519047472261
 30
0.0
 11
10.60544456028174
 21
30.87510147472085
 31
0.0
 12
10.60544456028174
 22
30.87510147472085
 32
0.0
 13
10.60544456028174
 23
30.87510147472085
 33
0.0
  0
SOLID
  5
39D
330
30E
100
AcDbEntity
  8
0
  6
CONTINUOUS
 62
    43
100
AcDbTrace
 10
11.05553356028349
 20
31.32519047472261
 30
0.0
 11
10.60544456028174
 21
30.87510147472085
 31
0.0
 12
10.38040056028103
 22
31.32519047472261
 32
0.0
 13
10.38040056028103
 23
31.32519047472261
 33
0.0
  0
SOLID
  5
39E
330
30E
100
AcDbEntity
  8
0
  6
CONTINUOUS
 62
    43
100
AcDbTrace
 10
11.05553356028349
 20
31.32519047472261
 30
0.0
 11
10.38040056028103
 21
31.32519047472261
 31
0.0
 12
10.38040056028103
 22
31.32519047472261
 32
0.0
 13
10.38040056028103
 23
31.32519047472261
 33
0.0
  0
SOLID
  5
39F
330
30E
100
AcDbEntity
  8
0
  6
CONTINUOUS
 62
    43
100
AcDbTrace
 10
11.05553356028349
 20
31.32519047472261
 30
0.0
 11
10.38040056028103
 21
31.32519047472261
 31
0.0
 12
10.60544456028174
 22
31.55023447472331
 32
0.0
 13
10.60544456028174
 23
31.55023447472331
 33
0.0
  0
SOLID
  5
3A0
330
30E
100
AcDbEntity
  8
0
  6
CONTINUOUS
 62
    43
100
AcDbTrace
 10
11.05553356028349
 20
31.32519047472261
 30
0.0
 11
10.60544456028174
 21
31.55023447472331
 31
0.0
 12
10.60544456028174
 22
31.55023447472331
 32
0.0
 13
10.60544456028174
 23
31.55023447472331
 33
0.0
  0
SOLID
  5
3A1
330
30E
100
AcDbEntity
  8
0
  6
CONTINUOUS
 62
    43
100
AcDbTrace
 10
11.05553356028349
 20
31.32519047472261
 30
0.0
 11
10.60544456028174
 21
31.55023447472331
 31
0.0
 12
11.05553356028349
 22
31.32519047472261
 32
0.0
 13
11.05553356028349
 23
31.32519047472261
 33
0.0
  0
LWPOLYLINE
  5
3A2
330
30E
100
AcDbEntity
  8
0
  6
CONTINUOUS
 62
    43
100
AcDbPolyline
 90
       32
 70
     1
 43
0.0
 10
11.05553356028349
 20
33.12554447472257
 10
11.05553356028349
 20
33.57563247472217
 10
11.05553356028349
 20
33.80067647472197
 10
11.05553356028349
 20
34.02572147472211
 10
11.05553356028349
 20
34.25076547472098
 10
10.83048956028096
 20
34.4758094747217
 10
10.83048956028096
 20
34.70085347472241
 10
10.83048956028096
 20
34.70085347472241
 10
10.60544456028174
 20
34.70085347472241
 10
10.60544456028174
 20
34.70085347472241
 10
10.60544456028174
 20
34.70085347472241
 10
10.38040056028103
 20
34.4758094747217
 10
10.38040056028103
 20
34.25076547472098
 10
10.38040056028103
 20
34.02572147472211
 10
10.38040056028103
 20
33.80067647472197
 10
10.38040056028103
 20
33.57563247472217
 10
10.38040056028103
 20
33.12554447472257
 10
10.38040056028103
 20
32.90049947472154
 10
10.38040056028103
 20
32.45041147472192
 10
10.38040056028103
 20
32.22536747472214
 10
10.38040056028103
 20
32.000322474722
 10
10.38040056028103
 20
31.7752784747222
 10
10.60544456028174
 20
31.7752784747222
 10
10.60544456028174
 20
31.7752784747222
 10
10.60544456028174
 20
31.55023447472331
 10
10.83048956028096
 20
31.7752784747222
 10
10.83048956028096
 20
31.7752784747222
 10
10.83048956028096
 20
31.7752784747222
 10
11.05553356028349
 20
32.000322474722
 10
11.05553356028349
 20
32.22536747472214
 10
11.05553356028349
 20
32.45041147472192
 10
11.05553356028349
 20
32.90049947472154
  0
LWPOLYLINE
  5
3A3
330
30E
100
AcDbEntity
  8
0
  6
CONTINUOUS
 62
    43
100
AcDbPolyline
 90
       16
 70
     1
 43
0.0
 10
9.255179560280792
 20
31.32519047472261
 10
9.255179560280792
 20
31.10014547472156
 10
9.030135560280083
 20
30.87510147472085
 10
9.030135560280083
 20
30.87510147472085
 10
8.805090560282677
 20
30.87510147472085
 10
8.580046560278332
 20
30.87510147472085
 10
8.580046560278332
 20
30.87510147472085
 10
8.580046560278332
 20
31.10014547472156
 10
8.355002560279441
 20
31.32519047472261
 10
8.580046560278332
 20
31.32519047472261
 10
8.580046560278332
 20
31.55023447472331
 10
8.580046560278332
 20
31.55023447472331
 10
8.805090560282677
 20
31.55023447472331
 10
9.030135560280083
 20
31.55023447472331
 10
9.030135560280083
 20
31.55023447472331
 10
9.255179560280792
 20
31.32519047472261
  0
LWPOLYLINE
  5
3A4
330
30E
100
AcDbEntity
  8
0
  6
CONTINUOUS
 62
    43
100
AcDbPolyline
 90
       32
 70
     1
 43
0.0
 10
9.255179560280792
 20
33.12554447472257
 10
9.255179560280792
 20
33.57563247472217
 10
9.255179560280792
 20
33.80067647472197
 10
9.255179560280792
 20
34.02572147472211
 10
9.030135560280083
 20
34.25076547472098
 10
9.030135560280083
 20
34.4758094747217
 10
9.030135560280083
 20
34.70085347472241
 10
9.030135560280083
 20
34.70085347472241
 10
8.805090560282677
 20
34.70085347472241
 10
8.805090560282677
 20
34.70085347472241
 10
8.580046560278332
 20
34.70085347472241
 10
8.580046560278332
 20
34.4758094747217
 10
8.580046560278332
 20
34.25076547472098
 10
8.580046560278332
 20
34.02572147472211
 10
8.580046560278332
 20
33.80067647472197
 10
8.355002560279441
 20
33.57563247472217
 10
8.355002560279441
 20
33.12554447472257
 10
8.355002560279441
 20
32.90049947472154
 10
8.580046560278332
 20
32.45041147472192
 10
8.580046560278332
 20
32.22536747472214
 10
8.580046560278332
 20
32.000322474722
 10
8.580046560278332
 20
31.7752784747222
 10
8.580046560278332
 20
31.7752784747222
 10
8.805090560282677
 20
31.7752784747222
 10
8.805090560282677
 20
31.55023447472331
 10
9.030135560280083
 20
31.7752784747222
 10
9.030135560280083
 20
31.7752784747222
 10
9.030135560280083
 20
31.7752784747222
 10
9.030135560280083
 20
32.000322474722
 10
9.255179560280792
 20
32.22536747472214
 10
9.255179560280792
 20
32.45041147472192
 10
9.255179560280792
 20
32.90049947472154
  0
LWPOLYLINE
  5
3A5
330
30E
100
AcDbEntity
  8
0
  6
CONTINUOUS
 62
    43
100
AcDbPolyline
 90
       16
 70
     1
 43
0.0
 10
7.454825560281731
 20
31.32519047472261
 10
7.454825560281731
 20
31.10014547472156
 10
7.229781560281026
 20
30.87510147472085
 10
7.229781560281026
 20
30.87510147472085
 10
7.004736560281799
 20
30.87510147472085
 10
6.779692560281088
 20
30.87510147472085
 10
6.779692560281088
 20
30.87510147472085
 10
6.554648560282201
 20
31.10014547472156
 10
6.554648560282201
 20
31.32519047472261
 10
6.554648560282201
 20
31.32519047472261
 10
6.779692560281088
 20
31.55023447472331
 10
6.779692560281088
 20
31.55023447472331
 10
7.004736560281799
 20
31.55023447472331
 10
7.229781560281026
 20
31.55023447472331
 10
7.229781560281026
 20
31.55023447472331
 10
7.454825560281731
 20
31.32519047472261
  0
LWPOLYLINE
  5
3A6
330
30E
100
AcDbEntity
  8
0
  6
CONTINUOUS
 62
    43
100
AcDbPolyline
 90
       32
 70
     1
 43
0.0
 10
7.454825560281731
 20
33.12554447472257
 10
7.454825560281731
 20
33.57563247472217
 10
7.454825560281731
 20
33.80067647472197
 10
7.229781560281026
 20
34.02572147472211
 10
7.229781560281026
 20
34.25076547472098
 10
7.229781560281026
 20
34.4758094747217
 10
7.229781560281026
 20
34.70085347472241
 10
7.004736560281799
 20
34.70085347472241
 10
7.004736560281799
 20
34.70085347472241
 10
7.004736560281799
 20
34.70085347472241
 10
6.779692560281088
 20
34.70085347472241
 10
6.779692560281088
 20
34.4758094747217
 10
6.779692560281088
 20
34.25076547472098
 10
6.554648560282201
 20
34.02572147472211
 10
6.554648560282201
 20
33.80067647472197
 10
6.554648560282201
 20
33.57563247472217
 10
6.554648560282201
 20
33.12554447472257
 10
6.554648560282201
 20
32.90049947472154
 10
6.554648560282201
 20
32.45041147472192
 10
6.554648560282201
 20
32.22536747472214
 10
6.779692560281088
 20
32.000322474722
 10
6.779692560281088
 20
31.7752784747222
 10
6.779692560281088
 20
31.7752784747222
 10
7.004736560281799
 20
31.7752784747222
 10
7.004736560281799
 20
31.55023447472331
 10
7.004736560281799
 20
31.7752784747222
 10
7.229781560281026
 20
31.7752784747222
 10
7.229781560281026
 20
31.7752784747222
 10
7.229781560281026
 20
32.000322474722
 10
7.229781560281026
 20
32.22536747472214
 10
7.454825560281731
 20
32.45041147472192
 10
7.454825560281731
 20
32.90049947472154
  0
SOLID
  5
3A7
330
30E
100
AcDbEntity
  8
0
  6
CONTINUOUS
 62
    43
100
AcDbTrace
 10
4.754294560279504
 20
31.32519047472261
 30
0.0
 11
4.754294560279504
 21
31.55023447472331
 31
0.0
 12
4.97933856028021
 22
31.55023447472331
 32
0.0
 13
4.97933856028021
 23
31.55023447472331
 33
0.0
  0
SOLID
  5
3A8
330
30E
100
AcDbEntity
  8
0
  6
CONTINUOUS
 62
    43
100
AcDbTrace
 10
5.204382560280919
 20
31.55023447472331
 30
0.0
 11
5.429426560281623
 21
31.55023447472331
 31
0.0
 12
5.429426560281623
 22
31.32519047472261
 32
0.0
 13
5.429426560281623
 23
31.32519047472261
 33
0.0
  0
SOLID
  5
3A9
330
30E
100
AcDbEntity
  8
0
  6
CONTINUOUS
 62
    43
100
AcDbTrace
 10
5.429426560281623
 20
31.10014547472156
 30
0.0
 11
5.429426560281623
 21
30.87510147472085
 31
0.0
 12
5.204382560280919
 22
30.87510147472085
 32
0.0
 13
5.204382560280919
 23
30.87510147472085
 33
0.0
  0
SOLID
  5
3AA
330
30E
100
AcDbEntity
  8
0
  6
CONTINUOUS
 62
    43
100
AcDbTrace
 10
4.97933856028021
 20
30.87510147472085
 30
0.0
 11
4.754294560279504
 21
30.87510147472085
 31
0.0
 12
4.754294560279504
 22
31.10014547472156
 32
0.0
 13
4.754294560279504
 23
31.10014547472156
 33
0.0
  0
SOLID
  5
3AB
330
30E
100
AcDbEntity
  8
0
  6
CONTINUOUS
 62
    43
100
AcDbTrace
 10
4.97933856028021
 20
31.55023447472331
 30
0.0
 11
5.204382560280919
 21
31.55023447472331
 31
0.0
 12
5.429426560281623
 22
31.32519047472261
 32
0.0
 13
5.429426560281623
 23
31.32519047472261
 33
0.0
  0
SOLID
  5
3AC
330
30E
100
AcDbEntity
  8
0
  6
CONTINUOUS
 62
    43
100
AcDbTrace
 10
5.429426560281623
 20
31.32519047472261
 30
0.0
 11
5.429426560281623
 21
31.10014547472156
 31
0.0
 12
5.204382560280919
 22
30.87510147472085
 32
0.0
 13
5.204382560280919
 23
30.87510147472085
 33
0.0
  0
SOLID
  5
3AD
330
30E
100
AcDbEntity
  8
0
  6
CONTINUOUS
 62
    43
100
AcDbTrace
 10
4.97933856028021
 20
30.87510147472085
 30
0.0
 11
4.754294560279504
 21
31.10014547472156
 31
0.0
 12
4.754294560279504
 22
31.32519047472261
 32
0.0
 13
4.754294560279504
 23
31.32519047472261
 33
0.0
  0
SOLID
  5
3AE
330
30E
100
AcDbEntity
  8
0
  6
CONTINUOUS
 62
    43
100
AcDbTrace
 10
5.429426560281623
 20
31.32519047472261
 30
0.0
 11
5.204382560280919
 21
30.87510147472085
 31
0.0
 12
4.97933856028021
 22
30.87510147472085
 32
0.0
 13
4.97933856028021
 23
30.87510147472085
 33
0.0
  0
SOLID
  5
3AF
330
30E
100
AcDbEntity
  8
0
  6
CONTINUOUS
 62
    43
100
AcDbTrace
 10
5.429426560281623
 20
31.32519047472261
 30
0.0
 11
4.97933856028021
 21
30.87510147472085
 31
0.0
 12
4.97933856028021
 22
30.87510147472085
 32
0.0
 13
4.97933856028021
 23
30.87510147472085
 33
0.0
  0
SOLID
  5
3B0
330
30E
100
AcDbEntity
  8
0
  6
CONTINUOUS
 62
    43
100
AcDbTrace
 10
5.429426560281623
 20
31.32519047472261
 30
0.0
 11
4.97933856028021
 21
30.87510147472085
 31
0.0
 12
4.754294560279504
 22
31.32519047472261
 32
0.0
 13
4.754294560279504
 23
31.32519047472261
 33
0.0
  0
SOLID
  5
3B1
330
30E
100
AcDbEntity
  8
0
  6
CONTINUOUS
 62
    43
100
AcDbTrace
 10
5.429426560281623
 20
31.32519047472261
 30
0.0
 11
4.754294560279504
 21
31.32519047472261
 31
0.0
 12
4.754294560279504
 22
31.32519047472261
 32
0.0
 13
4.754294560279504
 23
31.32519047472261
 33
0.0
  0
SOLID
  5
3B2
330
30E
100
AcDbEntity
  8
0
  6
CONTINUOUS
 62
    43
100
AcDbTrace
 10
5.429426560281623
 20
31.32519047472261
 30
0.0
 11
4.754294560279504
 21
31.32519047472261
 31
0.0
 12
4.97933856028021
 22
31.55023447472331
 32
0.0
 13
4.97933856028021
 23
31.55023447472331
 33
0.0
  0
SOLID
  5
3B3
330
30E
100
AcDbEntity
  8
0
  6
CONTINUOUS
 62
    43
100
AcDbTrace
 10
5.429426560281623
 20
31.32519047472261
 30
0.0
 11
4.97933856028021
 21
31.55023447472331
 31
0.0
 12
4.97933856028021
 22
31.55023447472331
 32
0.0
 13
4.97933856028021
 23
31.55023447472331
 33
0.0
  0
SOLID
  5
3B4
330
30E
100
AcDbEntity
  8
0
  6
CONTINUOUS
 62
    43
100
AcDbTrace
 10
5.429426560281623
 20
31.32519047472261
 30
0.0
 11
4.97933856028021
 21
31.55023447472331
 31
0.0
 12
5.429426560281623
 22
31.32519047472261
 32
0.0
 13
5.429426560281623
 23
31.32519047472261
 33
0.0
  0
LWPOLYLINE
  5
3B5
330
30E
100
AcDbEntity
  8
0
  6
CONTINUOUS
 62
    43
100
AcDbPolyline
 90
       32
 70
     1
 43
0.0
 10
5.429426560281623
 20
33.12554447472257
 10
5.429426560281623
 20
33.57563247472217
 10
5.429426560281623
 20
33.80067647472197
 10
5.429426560281623
 20
34.02572147472211
 10
5.429426560281623
 20
34.25076547472098
 10
5.204382560280919
 20
34.4758094747217
 10
5.204382560280919
 20
34.70085347472241
 10
5.204382560280919
 20
34.70085347472241
 10
4.97933856028021
 20
34.70085347472241
 10
4.97933856028021
 20
34.70085347472241
 10
4.97933856028021
 20
34.70085347472241
 10
4.97933856028021
 20
34.4758094747217
 10
4.754294560279504
 20
34.25076547472098
 10
4.754294560279504
 20
34.02572147472211
 10
4.754294560279504
 20
33.80067647472197
 10
4.754294560279504
 20
33.57563247472217
 10
4.754294560279504
 20
33.12554447472257
 10
4.754294560279504
 20
32.90049947472154
 10
4.754294560279504
 20
32.45041147472192
 10
4.754294560279504
 20
32.22536747472214
 10
4.754294560279504
 20
32.000322474722
 10
4.97933856028021
 20
31.7752784747222
 10
4.97933856028021
 20
31.7752784747222
 10
4.97933856028021
 20
31.7752784747222
 10
4.97933856028021
 20
31.55023447472331
 10
5.204382560280919
 20
31.7752784747222
 10
5.204382560280919
 20
31.7752784747222
 10
5.204382560280919
 20
31.7752784747222
 10
5.429426560281623
 20
32.000322474722
 10
5.429426560281623
 20
32.22536747472214
 10
5.429426560281623
 20
32.45041147472192
 10
5.429426560281623
 20
32.90049947472154
  0
LWPOLYLINE
  5
3B6
330
30E
100
AcDbEntity
  8
0
  6
CONTINUOUS
 62
    43
100
AcDbPolyline
 90
       16
 70
     1
 43
0.0
 10
3.629072560280746
 20
31.32519047472261
 10
3.629072560280746
 20
31.10014547472156
 10
3.629072560280746
 20
30.87510147472085
 10
3.404028560281857
 20
30.87510147472085
 10
3.178984560279331
 20
30.87510147472085
 10
2.953940560284081
 20
30.87510147472085
 10
2.953940560284081
 20
30.87510147472085
 10
2.953940560284081
 20
31.10014547472156
 10
2.953940560284081
 20
31.32519047472261
 10
2.953940560284081
 20
31.32519047472261
 10
2.953940560284081
 20
31.55023447472331
 10
2.953940560284081
 20
31.55023447472331
 10
3.178984560279331
 20
31.55023447472331
 10
3.404028560281857
 20
31.55023447472331
 10
3.629072560280746
 20
31.55023447472331
 10
3.629072560280746
 20
31.32519047472261
  0
LWPOLYLINE
  5
3B7
330
30E
100
AcDbEntity
  8
0
  6
CONTINUOUS
 62
    43
100
AcDbPolyline
 90
       32
 70
     1
 43
0.0
 10
3.629072560280746
 20
33.12554447472257
 10
3.629072560280746
 20
33.57563247472217
 10
3.629072560280746
 20
33.80067647472197
 10
3.629072560280746
 20
34.02572147472211
 10
3.629072560280746
 20
34.25076547472098
 10
3.404028560281857
 20
34.4758094747217
 10
3.404028560281857
 20
34.70085347472241
 10
3.404028560281857
 20
34.70085347472241
 10
3.178984560279331
 20
34.70085347472241
 10
3.178984560279331
 20
34.70085347472241
 10
2.953940560284081
 20
34.70085347472241
 10
2.953940560284081
 20
34.4758094747217
 10
2.953940560284081
 20
34.25076547472098
 10
2.953940560284081
 20
34.02572147472211
 10
2.953940560284081
 20
33.80067647472197
 10
2.953940560284081
 20
33.57563247472217
 10
2.953940560284081
 20
33.12554447472257
 10
2.953940560284081
 20
32.90049947472154
 10
2.953940560284081
 20
32.45041147472192
 10
2.953940560284081
 20
32.22536747472214
 10
2.953940560284081
 20
32.000322474722
 10
2.953940560284081
 20
31.7752784747222
 10
2.953940560284081
 20
31.7752784747222
 10
3.178984560279331
 20
31.7752784747222
 10
3.178984560279331
 20
31.55023447472331
 10
3.404028560281857
 20
31.7752784747222
 10
3.404028560281857
 20
31.7752784747222
 10
3.404028560281857
 20
31.7752784747222
 10
3.629072560280746
 20
32.000322474722
 10
3.629072560280746
 20
32.22536747472214
 10
3.629072560280746
 20
32.45041147472192
 10
3.629072560280746
 20
32.90049947472154
  0
LWPOLYLINE
  5
3B8
330
30E
100
AcDbEntity
  8
0
  6
CONTINUOUS
 62
    43
100
AcDbPolyline
 90
       16
 70
     1
 43
0.0
 10
1.828718560278048
 20
31.32519047472261
 10
1.828718560278048
 20
31.10014547472156
 10
1.603674560280978
 20
30.87510147472085
 10
1.603674560280978
 20
30.87510147472085
 10
1.378630560280269
 20
30.87510147472085
 10
1.153586560281379
 20
30.87510147472085
 10
1.153586560281379
 20
30.87510147472085
 10
0.9285415602785176
 20
31.10014547472156
 10
0.9285415602785176
 20
31.32519047472261
 10
0.9285415602785176
 20
31.32519047472261
 10
1.153586560281379
 20
31.55023447472331
 10
1.153586560281379
 20
31.55023447472331
 10
1.378630560280269
 20
31.55023447472331
 10
1.603674560280978
 20
31.55023447472331
 10
1.603674560280978
 20
31.55023447472331
 10
1.828718560278048
 20
31.32519047472261
  0
LWPOLYLINE
  5
3B9
330
30E
100
AcDbEntity
  8
0
  6
CONTINUOUS
 62
    43
100
AcDbPolyline
 90
       32
 70
     1
 43
0.0
 10
1.828718560278048
 20
33.12554447472257
 10
1.828718560278048
 20
33.57563247472217
 10
1.828718560278048
 20
33.80067647472197
 10
1.603674560280978
 20
34.02572147472211
 10
1.603674560280978
 20
34.25076547472098
 10
1.603674560280978
 20
34.4758094747217
 10
1.603674560280978
 20
34.70085347472241
 10
1.378630560280269
 20
34.70085347472241
 10
1.378630560280269
 20
34.70085347472241
 10
1.378630560280269
 20
34.70085347472241
 10
1.153586560281379
 20
34.70085347472241
 10
1.153586560281379
 20
34.4758094747217
 10
1.153586560281379
 20
34.25076547472098
 10
0.9285415602785176
 20
34.02572147472211
 10
0.9285415602785176
 20
33.80067647472197
 10
0.9285415602785176
 20
33.57563247472217
 10
0.9285415602785176
 20
33.12554447472257
 10
0.9285415602785176
 20
32.90049947472154
 10
0.9285415602785176
 20
32.45041147472192
 10
0.9285415602785176
 20
32.22536747472214
 10
1.153586560281379
 20
32.000322474722
 10
1.153586560281379
 20
31.7752784747222
 10
1.153586560281379
 20
31.7752784747222
 10
1.378630560280269
 20
31.7752784747222
 10
1.378630560280269
 20
31.55023447472331
 10
1.378630560280269
 20
31.7752784747222
 10
1.603674560280978
 20
31.7752784747222
 10
1.603674560280978
 20
31.7752784747222
 10
1.603674560280978
 20
32.000322474722
 10
1.603674560280978
 20
32.22536747472214
 10
1.828718560278048
 20
32.45041147472192
 10
1.828718560278048
 20
32.90049947472154
  0
SOLID
  5
3BA
330
30E
100
AcDbEntity
  8
0
  6
CONTINUOUS
 62
    43
100
AcDbTrace
 10
-0.8718124397169049
 20
31.32519047472261
 30
0.0
 11
-0.8718124397169049
 21
31.55023447472331
 31
0.0
 12
-0.6467684397180165
 22
31.55023447472331
 32
0.0
 13
-0.6467684397180165
 23
31.55023447472331
 33
0.0
  0
SOLID
  5
3BB
330
30E
100
AcDbEntity
  8
0
  6
CONTINUOUS
 62
    43
100
AcDbTrace
 10
-0.4217234397206087
 20
31.55023447472331
 30
0.0
 11
-0.196679439718082
 21
31.55023447472331
 31
0.0
 12
-0.196679439718082
 22
31.32519047472261
 32
0.0
 13
-0.196679439718082
 23
31.32519047472261
 33
0.0
  0
SOLID
  5
3BC
330
30E
100
AcDbEntity
  8
0
  6
CONTINUOUS
 62
    43
100
AcDbTrace
 10
-0.196679439718082
 20
31.10014547472156
 30
0.0
 11
-0.196679439718082
 21
30.87510147472085
 31
0.0
 12
-0.4217234397206087
 22
30.87510147472085
 32
0.0
 13
-0.4217234397206087
 23
30.87510147472085
 33
0.0
  0
SOLID
  5
3BD
330
30E
100
AcDbEntity
  8
0
  6
CONTINUOUS
 62
    43
100
AcDbTrace
 10
-0.6467684397180165
 20
30.87510147472085
 30
0.0
 11
-0.8718124397169049
 21
30.87510147472085
 31
0.0
 12
-0.8718124397169049
 22
31.10014547472156
 32
0.0
 13
-0.8718124397169049
 23
31.10014547472156
 33
0.0
  0
SOLID
  5
3BE
330
30E
100
AcDbEntity
  8
0
  6
CONTINUOUS
 62
    43
100
AcDbTrace
 10
-0.8718124397169049
 20
31.32519047472261
 30
0.0
 11
-0.6467684397180165
 21
31.55023447472331
 31
0.0
 12
-0.4217234397206087
 22
31.55023447472331
 32
0.0
 13
-0.4217234397206087
 23
31.55023447472331
 33
0.0
  0
SOLID
  5
3BF
330
30E
100
AcDbEntity
  8
0
  6
CONTINUOUS
 62
    43
100
AcDbTrace
 10
-0.196679439718082
 20
31.32519047472261
 30
0.0
 11
-0.196679439718082
 21
31.10014547472156
 31
0.0
 12
-0.4217234397206087
 22
30.87510147472085
 32
0.0
 13
-0.4217234397206087
 23
30.87510147472085
 33
0.0
  0
SOLID
  5
3C0
330
30E
100
AcDbEntity
  8
0
  6
CONTINUOUS
 62
    43
100
AcDbTrace
 10
-0.6467684397180165
 20
30.87510147472085
 30
0.0
 11
-0.8718124397169049
 21
31.10014547472156
 31
0.0
 12
-0.8718124397169049
 22
31.32519047472261
 32
0.0
 13
-0.8718124397169049
 23
31.32519047472261
 33
0.0
  0
SOLID
  5
3C1
330
30E
100
AcDbEntity
  8
0
  6
CONTINUOUS
 62
    43
100
AcDbTrace
 10
-0.4217234397206087
 20
30.87510147472085
 30
0.0
 11
-0.6467684397180165
 21
30.87510147472085
 31
0.0
 12
-0.8718124397169049
 22
31.32519047472261
 32
0.0
 13
-0.8718124397169049
 23
31.32519047472261
 33
0.0
  0
SOLID
  5
3C2
330
30E
100
AcDbEntity
  8
0
  6
CONTINUOUS
 62
    43
100
AcDbTrace
 10
-0.4217234397206087
 20
30.87510147472085
 30
0.0
 11
-0.8718124397169049
 21
31.32519047472261
 31
0.0
 12
-0.8718124397169049
 22
31.32519047472261
 32
0.0
 13
-0.8718124397169049
 23
31.32519047472261
 33
0.0
  0
SOLID
  5
3C3
330
30E
100
AcDbEntity
  8
0
  6
CONTINUOUS
 62
    43
100
AcDbTrace
 10
-0.4217234397206087
 20
30.87510147472085
 30
0.0
 11
-0.8718124397169049
 21
31.32519047472261
 31
0.0
 12
-0.4217234397206087
 22
31.55023447472331
 32
0.0
 13
-0.4217234397206087
 23
31.55023447472331
 33
0.0
  0
SOLID
  5
3C4
330
30E
100
AcDbEntity
  8
0
  6
CONTINUOUS
 62
    43
100
AcDbTrace
 10
-0.4217234397206087
 20
30.87510147472085
 30
0.0
 11
-0.4217234397206087
 21
31.55023447472331
 31
0.0
 12
-0.4217234397206087
 22
31.55023447472331
 32
0.0
 13
-0.4217234397206087
 23
31.55023447472331
 33
0.0
  0
SOLID
  5
3C5
330
30E
100
AcDbEntity
  8
0
  6
CONTINUOUS
 62
    43
100
AcDbTrace
 10
-0.4217234397206087
 20
30.87510147472085
 30
0.0
 11
-0.4217234397206087
 21
31.55023447472331
 31
0.0
 12
-0.196679439718082
 22
31.32519047472261
 32
0.0
 13
-0.196679439718082
 23
31.32519047472261
 33
0.0
  0
SOLID
  5
3C6
330
30E
100
AcDbEntity
  8
0
  6
CONTINUOUS
 62
    43
100
AcDbTrace
 10
-0.4217234397206087
 20
30.87510147472085
 30
0.0
 11
-0.196679439718082
 21
31.32519047472261
 31
0.0
 12
-0.196679439718082
 22
31.32519047472261
 32
0.0
 13
-0.196679439718082
 23
31.32519047472261
 33
0.0
  0
SOLID
  5
3C7
330
30E
100
AcDbEntity
  8
0
  6
CONTINUOUS
 62
    43
100
AcDbTrace
 10
-0.196679439718082
 20
31.32519047472261
 30
0.0
 11
-0.4217234397206087
 21
30.87510147472085
 31
0.0
 12
-0.4217234397206087
 22
30.87510147472085
 32
0.0
 13
-0.4217234397206087
 23
30.87510147472085
 33
0.0
  0
LWPOLYLINE
  5
3C8
330
30E
100
AcDbEntity
  8
0
  6
CONTINUOUS
 62
    43
100
AcDbPolyline
 90
       32
 70
     1
 43
0.0
 10
-0.196679439718082
 20
33.12554447472257
 10
-0.196679439718082
 20
33.57563247472217
 10
-0.196679439718082
 20
33.80067647472197
 10
-0.196679439718082
 20
34.02572147472211
 10
-0.196679439718082
 20
34.25076547472098
 10
-0.196679439718082
 20
34.4758094747217
 10
-0.4217234397206087
 20
34.70085347472241
 10
-0.4217234397206087
 20
34.70085347472241
 10
-0.4217234397206087
 20
34.70085347472241
 10
-0.6467684397180165
 20
34.70085347472241
 10
-0.6467684397180165
 20
34.70085347472241
 10
-0.6467684397180165
 20
34.4758094747217
 10
-0.8718124397169049
 20
34.25076547472098
 10
-0.8718124397169049
 20
34.02572147472211
 10
-0.8718124397169049
 20
33.80067647472197
 10
-0.8718124397169049
 20
33.57563247472217
 10
-0.8718124397169049
 20
33.12554447472257
 10
-0.8718124397169049
 20
32.90049947472154
 10
-0.8718124397169049
 20
32.45041147472192
 10
-0.8718124397169049
 20
32.22536747472214
 10
-0.8718124397169049
 20
32.000322474722
 10
-0.6467684397180165
 20
31.7752784747222
 10
-0.6467684397180165
 20
31.7752784747222
 10
-0.6467684397180165
 20
31.7752784747222
 10
-0.4217234397206087
 20
31.55023447472331
 10
-0.4217234397206087
 20
31.7752784747222
 10
-0.4217234397206087
 20
31.7752784747222
 10
-0.196679439718082
 20
31.7752784747222
 10
-0.196679439718082
 20
32.000322474722
 10
-0.196679439718082
 20
32.22536747472214
 10
-0.196679439718082
 20
32.45041147472192
 10
-0.196679439718082
 20
32.90049947472154
  0
SOLID
  5
3C9
330
30E
100
AcDbEntity
  8
0
  6
CONTINUOUS
 62
    43
100
AcDbTrace
 10
-2.672166439719603
 20
31.32519047472261
 30
0.0
 11
-2.672166439719603
 21
31.55023447472331
 31
0.0
 12
-2.447122439718893
 22
31.55023447472331
 32
0.0
 13
-2.447122439718893
 23
31.55023447472331
 33
0.0
  0
SOLID
  5
3CA
330
30E
100
AcDbEntity
  8
0
  6
CONTINUOUS
 62
    43
100
AcDbTrace
 10
-2.222077439716029
 20
31.55023447472331
 30
0.0
 11
-1.997033439720778
 21
31.55023447472331
 31
0.0
 12
-1.997033439720778
 22
31.32519047472261
 32
0.0
 13
-1.997033439720778
 23
31.32519047472261
 33
0.0
  0
SOLID
  5
3CB
330
30E
100
AcDbEntity
  8
0
  6
CONTINUOUS
 62
    43
100
AcDbTrace
 10
-1.997033439720778
 20
31.10014547472156
 30
0.0
 11
-1.997033439720778
 21
30.87510147472085
 31
0.0
 12
-2.222077439716029
 22
30.87510147472085
 32
0.0
 13
-2.222077439716029
 23
30.87510147472085
 33
0.0
  0
SOLID
  5
3CC
330
30E
100
AcDbEntity
  8
0
  6
CONTINUOUS
 62
    43
100
AcDbTrace
 10
-2.447122439718893
 20
30.87510147472085
 30
0.0
 11
-2.672166439719603
 21
30.87510147472085
 31
0.0
 12
-2.672166439719603
 22
31.10014547472156
 32
0.0
 13
-2.672166439719603
 23
31.10014547472156
 33
0.0
  0
SOLID
  5
3CD
330
30E
100
AcDbEntity
  8
0
  6
CONTINUOUS
 62
    43
100
AcDbTrace
 10
-1.997033439720778
 20
31.32519047472261
 30
0.0
 11
-1.997033439720778
 21
31.10014547472156
 31
0.0
 12
-2.222077439716029
 22
30.87510147472085
 32
0.0
 13
-2.222077439716029
 23
30.87510147472085
 33
0.0
  0
SOLID
  5
3CE
330
30E
100
AcDbEntity
  8
0
  6
CONTINUOUS
 62
    43
100
AcDbTrace
 10
-2.447122439718893
 20
30.87510147472085
 30
0.0
 11
-2.672166439719603
 21
31.10014547472156
 31
0.0
 12
-2.672166439719603
 22
31.32519047472261
 32
0.0
 13
-2.672166439719603
 23
31.32519047472261
 33
0.0
  0
SOLID
  5
3CF
330
30E
100
AcDbEntity
  8
0
  6
CONTINUOUS
 62
    43
100
AcDbTrace
 10
-2.447122439718893
 20
31.55023447472331
 30
0.0
 11
-2.222077439716029
 21
31.55023447472331
 31
0.0
 12
-1.997033439720778
 22
31.32519047472261
 32
0.0
 13
-1.997033439720778
 23
31.32519047472261
 33
0.0
  0
SOLID
  5
3D0
330
30E
100
AcDbEntity
  8
0
  6
CONTINUOUS
 62
    43
100
AcDbTrace
 10
-1.997033439720778
 20
31.32519047472261
 30
0.0
 11
-2.222077439716029
 21
30.87510147472085
 31
0.0
 12
-2.447122439718893
 22
30.87510147472085
 32
0.0
 13
-2.447122439718893
 23
30.87510147472085
 33
0.0
  0
SOLID
  5
3D1
330
30E
100
AcDbEntity
  8
0
  6
CONTINUOUS
 62
    43
100
AcDbTrace
 10
-1.997033439720778
 20
31.32519047472261
 30
0.0
 11
-2.447122439718893
 21
30.87510147472085
 31
0.0
 12
-2.447122439718893
 22
30.87510147472085
 32
0.0
 13
-2.447122439718893
 23
30.87510147472085
 33
0.0
  0
SOLID
  5
3D2
330
30E
100
AcDbEntity
  8
0
  6
CONTINUOUS
 62
    43
100
AcDbTrace
 10
-1.997033439720778
 20
31.32519047472261
 30
0.0
 11
-2.447122439718893
 21
30.87510147472085
 31
0.0
 12
-2.672166439719603
 22
31.32519047472261
 32
0.0
 13
-2.672166439719603
 23
31.32519047472261
 33
0.0
  0
SOLID
  5
3D3
330
30E
100
AcDbEntity
  8
0
  6
CONTINUOUS
 62
    43
100
AcDbTrace
 10
-1.997033439720778
 20
31.32519047472261
 30
0.0
 11
-2.672166439719603
 21
31.32519047472261
 31
0.0
 12
-2.672166439719603
 22
31.32519047472261
 32
0.0
 13
-2.672166439719603
 23
31.32519047472261
 33
0.0
  0
SOLID
  5
3D4
330
30E
100
AcDbEntity
  8
0
  6
CONTINUOUS
 62
    43
100
AcDbTrace
 10
-1.997033439720778
 20
31.32519047472261
 30
0.0
 11
-2.672166439719603
 21
31.32519047472261
 31
0.0
 12
-2.447122439718893
 22
31.55023447472331
 32
0.0
 13
-2.447122439718893
 23
31.55023447472331
 33
0.0
  0
SOLID
  5
3D5
330
30E
100
AcDbEntity
  8
0
  6
CONTINUOUS
 62
    43
100
AcDbTrace
 10
-1.997033439720778
 20
31.32519047472261
 30
0.0
 11
-2.447122439718893
 21
31.55023447472331
 31
0.0
 12
-2.447122439718893
 22
31.55023447472331
 32
0.0
 13
-2.447122439718893
 23
31.55023447472331
 33
0.0
  0
SOLID
  5
3D6
330
30E
100
AcDbEntity
  8
0
  6
CONTINUOUS
 62
    43
100
AcDbTrace
 10
-1.997033439720778
 20
31.32519047472261
 30
0.0
 11
-2.447122439718893
 21
31.55023447472331
 31
0.0
 12
-1.997033439720778
 22
31.32519047472261
 32
0.0
 13
-1.997033439720778
 23
31.32519047472261
 33
0.0
  0
LWPOLYLINE
  5
3D7
330
30E
100
AcDbEntity
  8
0
  6
CONTINUOUS
 62
    43
100
AcDbPolyline
 90
       32
 70
     1
 43
0.0
 10
-1.997033439720778
 20
33.12554447472257
 10
-1.997033439720778
 20
33.57563247472217
 10
-1.997033439720778
 20
33.80067647472197
 10
-1.997033439720778
 20
34.02572147472211
 10
-1.997033439720778
 20
34.25076547472098
 10
-2.222077439716029
 20
34.4758094747217
 10
-2.222077439716029
 20
34.70085347472241
 10
-2.222077439716029
 20
34.70085347472241
 10
-2.447122439718893
 20
34.70085347472241
 10
-2.447122439718893
 20
34.70085347472241
 10
-2.447122439718893
 20
34.70085347472241
 10
-2.672166439719603
 20
34.4758094747217
 10
-2.672166439719603
 20
34.25076547472098
 10
-2.672166439719603
 20
34.02572147472211
 10
-2.672166439719603
 20
33.80067647472197
 10
-2.672166439719603
 20
33.57563247472217
 10
-2.672166439719603
 20
33.12554447472257
 10
-2.672166439719603
 20
32.90049947472154
 10
-2.672166439719603
 20
32.45041147472192
 10
-2.672166439719603
 20
32.22536747472214
 10
-2.672166439719603
 20
32.000322474722
 10
-2.672166439719603
 20
31.7752784747222
 10
-2.447122439718893
 20
31.7752784747222
 10
-2.447122439718893
 20
31.7752784747222
 10
-2.447122439718893
 20
31.55023447472331
 10
-2.222077439716029
 20
31.7752784747222
 10
-2.222077439716029
 20
31.7752784747222
 10
-2.222077439716029
 20
31.7752784747222
 10
-1.997033439720778
 20
32.000322474722
 10
-1.997033439720778
 20
32.22536747472214
 10
-1.997033439720778
 20
32.45041147472192
 10
-1.997033439720778
 20
32.90049947472154
  0
LWPOLYLINE
  5
3D8
330
30E
100
AcDbEntity
  8
0
  6
CONTINUOUS
 62
    43
100
AcDbPolyline
 90
       16
 70
     1
 43
0.0
 10
-3.797387439718022
 20
31.32519047472261
 10
-3.797387439718022
 20
31.10014547472156
 10
-4.022431439718729
 20
30.87510147472085
 10
-4.022431439718729
 20
30.87510147472085
 10
-4.247476439717956
 20
30.87510147472085
 10
-4.472520439716841
 20
30.87510147472085
 10
-4.472520439716841
 20
30.87510147472085
 10
-4.472520439716841
 20
31.10014547472156
 10
-4.69756443971937
 20
31.32519047472261
 10
-4.472520439716841
 20
31.32519047472261
 10
-4.472520439716841
 20
31.55023447472331
 10
-4.472520439716841
 20
31.55023447472331
 10
-4.247476439717956
 20
31.55023447472331
 10
-4.022431439718729
 20
31.55023447472331
 10
-4.022431439718729
 20
31.55023447472331
 10
-3.797387439718022
 20
31.32519047472261
  0
LWPOLYLINE
  5
3D9
330
30E
100
AcDbEntity
  8
0
  6
CONTINUOUS
 62
    43
100
AcDbPolyline
 90
       32
 70
     1
 43
0.0
 10
-3.797387439718022
 20
33.12554447472257
 10
-3.797387439718022
 20
33.57563247472217
 10
-3.797387439718022
 20
33.80067647472197
 10
-3.797387439718022
 20
34.02572147472211
 10
-4.022431439718729
 20
34.25076547472098
 10
-4.022431439718729
 20
34.4758094747217
 10
-4.022431439718729
 20
34.70085347472241
 10
-4.247476439717956
 20
34.70085347472241
 10
-4.247476439717956
 20
34.70085347472241
 10
-4.247476439717956
 20
34.70085347472241
 10
-4.472520439716841
 20
34.70085347472241
 10
-4.472520439716841
 20
34.4758094747217
 10
-4.472520439716841
 20
34.25076547472098
 10
-4.472520439716841
 20
34.02572147472211
 10
-4.472520439716841
 20
33.80067647472197
 10
-4.69756443971937
 20
33.57563247472217
 10
-4.69756443971937
 20
33.12554447472257
 10
-4.69756443971937
 20
32.90049947472154
 10
-4.472520439716841
 20
32.45041147472192
 10
-4.472520439716841
 20
32.22536747472214
 10
-4.472520439716841
 20
32.000322474722
 10
-4.472520439716841
 20
31.7752784747222
 10
-4.472520439716841
 20
31.7752784747222
 10
-4.247476439717956
 20
31.7752784747222
 10
-4.247476439717956
 20
31.55023447472331
 10
-4.247476439717956
 20
31.7752784747222
 10
-4.022431439718729
 20
31.7752784747222
 10
-4.022431439718729
 20
31.7752784747222
 10
-4.022431439718729
 20
32.000322474722
 10
-3.797387439718022
 20
32.22536747472214
 10
-3.797387439718022
 20
32.45041147472192
 10
-3.797387439718022
 20
32.90049947472154
  0
LWPOLYLINE
  5
3DA
330
30E
100
AcDbEntity
  8
0
  6
CONTINUOUS
 62
    43
100
AcDbPolyline
 90
       16
 70
     1
 43
0.0
 10
-5.597741439720721
 20
31.32519047472261
 10
-5.822785439715972
 20
31.10014547472156
 10
-5.822785439715972
 20
30.87510147472085
 10
-5.822785439715972
 20
30.87510147472085
 10
-6.047830439717018
 20
30.87510147472085
 10
-6.272874439717723
 20
30.87510147472085
 10
-6.272874439717723
 20
30.87510147472085
 10
-6.497918439718433
 20
31.10014547472156
 10
-6.497918439718433
 20
31.32519047472261
 10
-6.497918439718433
 20
31.32519047472261
 10
-6.272874439717723
 20
31.55023447472331
 10
-6.272874439717723
 20
31.55023447472331
 10
-6.047830439717018
 20
31.55023447472331
 10
-5.822785439715972
 20
31.55023447472331
 10
-5.822785439715972
 20
31.55023447472331
 10
-5.822785439715972
 20
31.32519047472261
  0
LWPOLYLINE
  5
3DB
330
30E
100
AcDbEntity
  8
0
  6
CONTINUOUS
 62
    43
100
AcDbPolyline
 90
       32
 70
     1
 43
0.0
 10
-5.597741439720721
 20
33.12554447472257
 10
-5.597741439720721
 20
33.57563247472217
 10
-5.822785439715972
 20
33.80067647472197
 10
-5.822785439715972
 20
34.02572147472211
 10
-5.822785439715972
 20
34.25076547472098
 10
-5.822785439715972
 20
34.4758094747217
 10
-5.822785439715972
 20
34.70085347472241
 10
-6.047830439717018
 20
34.70085347472241
 10
-6.047830439717018
 20
34.70085347472241
 10
-6.272874439717723
 20
34.70085347472241
 10
-6.272874439717723
 20
34.70085347472241
 10
-6.272874439717723
 20
34.4758094747217
 10
-6.272874439717723
 20
34.25076547472098
 10
-6.497918439718433
 20
34.02572147472211
 10
-6.497918439718433
 20
33.80067647472197
 10
-6.497918439718433
 20
33.57563247472217
 10
-6.497918439718433
 20
33.12554447472257
 10
-6.497918439718433
 20
32.90049947472154
 10
-6.497918439718433
 20
32.45041147472192
 10
-6.497918439718433
 20
32.22536747472214
 10
-6.272874439717723
 20
32.000322474722
 10
-6.272874439717723
 20
31.7752784747222
 10
-6.272874439717723
 20
31.7752784747222
 10
-6.272874439717723
 20
31.7752784747222
 10
-6.047830439717018
 20
31.55023447472331
 10
-6.047830439717018
 20
31.7752784747222
 10
-5.822785439715972
 20
31.7752784747222
 10
-5.822785439715972
 20
31.7752784747222
 10
-5.822785439715972
 20
32.000322474722
 10
-5.822785439715972
 20
32.22536747472214
 10
-5.822785439715972
 20
32.45041147472192
 10
-5.597741439720721
 20
32.90049947472154
  0
SOLID
  5
3DC
330
30E
100
AcDbEntity
  8
0
  6
CONTINUOUS
 62
    43
100
AcDbTrace
 10
-8.298272439719312
 20
31.32519047472261
 30
0.0
 11
-8.298272439719312
 21
31.55023447472331
 31
0.0
 12
-8.073228439718605
 22
31.55023447472331
 32
0.0
 13
-8.073228439718605
 23
31.55023447472331
 33
0.0
  0
SOLID
  5
3DD
330
30E
100
AcDbEntity
  8
0
  6
CONTINUOUS
 62
    43
100
AcDbTrace
 10
-7.848184439717897
 20
31.55023447472331
 30
0.0
 11
-7.623140439719008
 21
31.55023447472331
 31
0.0
 12
-7.623140439719008
 22
31.32519047472261
 32
0.0
 13
-7.623140439719008
 23
31.32519047472261
 33
0.0
  0
SOLID
  5
3DE
330
30E
100
AcDbEntity
  8
0
  6
CONTINUOUS
 62
    43
100
AcDbTrace
 10
-8.073228439718605
 20
30.87510147472085
 30
0.0
 11
-8.298272439719312
 21
30.87510147472085
 31
0.0
 12
-8.298272439719312
 22
31.10014547472156
 32
0.0
 13
-8.298272439719312
 23
31.10014547472156
 33
0.0
  0
SOLID
  5
3DF
330
30E
100
AcDbEntity
  8
0
  6
CONTINUOUS
 62
    43
100
AcDbTrace
 10
-7.623140439719008
 20
31.10014547472156
 30
0.0
 11
-7.623140439719008
 21
30.87510147472085
 31
0.0
 12
-7.848184439717897
 22
30.87510147472085
 32
0.0
 13
-7.848184439717897
 23
30.87510147472085
 33
0.0
  0
SOLID
  5
3E0
330
30E
100
AcDbEntity
  8
0
  6
CONTINUOUS
 62
    43
100
AcDbTrace
 10
-8.298272439719312
 20
31.32519047472261
 30
0.0
 11
-8.073228439718605
 21
31.55023447472331
 31
0.0
 12
-7.848184439717897
 22
31.55023447472331
 32
0.0
 13
-7.848184439717897
 23
31.55023447472331
 33
0.0
  0
SOLID
  5
3E1
330
30E
100
AcDbEntity
  8
0
  6
CONTINUOUS
 62
    43
100
AcDbTrace
 10
-7.848184439717897
 20
30.87510147472085
 30
0.0
 11
-8.073228439718605
 21
30.87510147472085
 31
0.0
 12
-8.298272439719312
 22
31.10014547472156
 32
0.0
 13
-8.298272439719312
 23
31.10014547472156
 33
0.0
  0
SOLID
  5
3E2
330
30E
100
AcDbEntity
  8
0
  6
CONTINUOUS
 62
    43
100
AcDbTrace
 10
-7.623140439719008
 20
31.32519047472261
 30
0.0
 11
-7.623140439719008
 21
31.10014547472156
 31
0.0
 12
-7.848184439717897
 22
30.87510147472085
 32
0.0
 13
-7.848184439717897
 23
30.87510147472085
 33
0.0
  0
SOLID
  5
3E3
330
30E
100
AcDbEntity
  8
0
  6
CONTINUOUS
 62
    43
100
AcDbTrace
 10
-7.848184439717897
 20
30.87510147472085
 30
0.0
 11
-8.298272439719312
 21
31.10014547472156
 31
0.0
 12
-8.298272439719312
 22
31.32519047472261
 32
0.0
 13
-8.298272439719312
 23
31.32519047472261
 33
0.0
  0
SOLID
  5
3E4
330
30E
100
AcDbEntity
  8
0
  6
CONTINUOUS
 62
    43
100
AcDbTrace
 10
-7.848184439717897
 20
30.87510147472085
 30
0.0
 11
-8.298272439719312
 21
31.32519047472261
 31
0.0
 12
-8.298272439719312
 22
31.32519047472261
 32
0.0
 13
-8.298272439719312
 23
31.32519047472261
 33
0.0
  0
SOLID
  5
3E5
330
30E
100
AcDbEntity
  8
0
  6
CONTINUOUS
 62
    43
100
AcDbTrace
 10
-7.848184439717897
 20
30.87510147472085
 30
0.0
 11
-8.298272439719312
 21
31.32519047472261
 31
0.0
 12
-7.848184439717897
 22
31.55023447472331
 32
0.0
 13
-7.848184439717897
 23
31.55023447472331
 33
0.0
  0
SOLID
  5
3E6
330
30E
100
AcDbEntity
  8
0
  6
CONTINUOUS
 62
    43
100
AcDbTrace
 10
-7.848184439717897
 20
30.87510147472085
 30
0.0
 11
-7.848184439717897
 21
31.55023447472331
 31
0.0
 12
-7.848184439717897
 22
31.55023447472331
 32
0.0
 13
-7.848184439717897
 23
31.55023447472331
 33
0.0
  0
SOLID
  5
3E7
330
30E
100
AcDbEntity
  8
0
  6
CONTINUOUS
 62
    43
100
AcDbTrace
 10
-7.848184439717897
 20
30.87510147472085
 30
0.0
 11
-7.848184439717897
 21
31.55023447472331
 31
0.0
 12
-7.623140439719008
 22
31.32519047472261
 32
0.0
 13
-7.623140439719008
 23
31.32519047472261
 33
0.0
  0
SOLID
  5
3E8
330
30E
100
AcDbEntity
  8
0
  6
CONTINUOUS
 62
    43
100
AcDbTrace
 10
-7.848184439717897
 20
30.87510147472085
 30
0.0
 11
-7.623140439719008
 21
31.32519047472261
 31
0.0
 12
-7.623140439719008
 22
31.32519047472261
 32
0.0
 13
-7.623140439719008
 23
31.32519047472261
 33
0.0
  0
SOLID
  5
3E9
330
30E
100
AcDbEntity
  8
0
  6
CONTINUOUS
 62
    43
100
AcDbTrace
 10
-7.623140439719008
 20
31.32519047472261
 30
0.0
 11
-7.848184439717897
 21
30.87510147472085
 31
0.0
 12
-7.848184439717897
 22
30.87510147472085
 32
0.0
 13
-7.848184439717897
 23
30.87510147472085
 33
0.0
  0
LWPOLYLINE
  5
3EA
330
30E
100
AcDbEntity
  8
0
  6
CONTINUOUS
 62
    43
100
AcDbPolyline
 90
       32
 70
     1
 43
0.0
 10
-7.623140439719008
 20
33.12554447472257
 10
-7.623140439719008
 20
33.57563247472217
 10
-7.623140439719008
 20
33.80067647472197
 10
-7.623140439719008
 20
34.02572147472211
 10
-7.623140439719008
 20
34.25076547472098
 10
-7.848184439717897
 20
34.4758094747217
 10
-7.848184439717897
 20
34.70085347472241
 10
-7.848184439717897
 20
34.70085347472241
 10
-7.848184439717897
 20
34.70085347472241
 10
-8.073228439718605
 20
34.70085347472241
 10
-8.073228439718605
 20
34.70085347472241
 10
-8.073228439718605
 20
34.4758094747217
 10
-8.298272439719312
 20
34.25076547472098
 10
-8.298272439719312
 20
34.02572147472211
 10
-8.298272439719312
 20
33.80067647472197
 10
-8.298272439719312
 20
33.57563247472217
 10
-8.298272439719312
 20
33.12554447472257
 10
-8.298272439719312
 20
32.90049947472154
 10
-8.298272439719312
 20
32.45041147472192
 10
-8.298272439719312
 20
32.22536747472214
 10
-8.298272439719312
 20
32.000322474722
 10
-8.073228439718605
 20
31.7752784747222
 10
-8.073228439718605
 20
31.7752784747222
 10
-8.073228439718605
 20
31.7752784747222
 10
-7.848184439717897
 20
31.55023447472331
 10
-7.848184439717897
 20
31.7752784747222
 10
-7.848184439717897
 20
31.7752784747222
 10
-7.848184439717897
 20
31.7752784747222
 10
-7.623140439719008
 20
32.000322474722
 10
-7.623140439719008
 20
32.22536747472214
 10
-7.623140439719008
 20
32.45041147472192
 10
-7.623140439719008
 20
32.90049947472154
  0
LWPOLYLINE
  5
3EB
330
30E
100
AcDbEntity
  8
0
  6
CONTINUOUS
 62
    43
100
AcDbPolyline
 90
       16
 70
     1
 43
0.0
 10
-9.423494439718068
 20
31.32519047472261
 10
-9.423494439718068
 20
31.10014547472156
 10
-9.648538439716956
 20
30.87510147472085
 10
-9.648538439716956
 20
30.87510147472085
 10
-9.873582439715843
 20
30.87510147472085
 10
-10.09862643971837
 20
30.87510147472085
 10
-10.09862643971837
 20
30.87510147472085
 10
-10.09862643971837
 20
31.10014547472156
 10
-10.3236714397176
 20
31.32519047472261
 10
-10.09862643971837
 20
31.32519047472261
 10
-10.09862643971837
 20
31.55023447472331
 10
-10.09862643971837
 20
31.55023447472331
 10
-9.873582439715843
 20
31.55023447472331
 10
-9.648538439716956
 20
31.55023447472331
 10
-9.648538439716956
 20
31.55023447472331
 10
-9.423494439718068
 20
31.32519047472261
  0
LWPOLYLINE
  5
3EC
330
30E
100
AcDbEntity
  8
0
  6
CONTINUOUS
 62
    43
100
AcDbPolyline
 90
       32
 70
     1
 43
0.0
 10
-9.423494439718068
 20
33.12554447472257
 10
-9.423494439718068
 20
33.57563247472217
 10
-9.423494439718068
 20
33.80067647472197
 10
-9.423494439718068
 20
34.02572147472211
 10
-9.648538439716956
 20
34.25076547472098
 10
-9.648538439716956
 20
34.4758094747217
 10
-9.648538439716956
 20
34.70085347472241
 10
-9.873582439715843
 20
34.70085347472241
 10
-9.873582439715843
 20
34.70085347472241
 10
-9.873582439715843
 20
34.70085347472241
 10
-10.09862643971837
 20
34.70085347472241
 10
-10.09862643971837
 20
34.4758094747217
 10
-10.09862643971837
 20
34.25076547472098
 10
-10.09862643971837
 20
34.02572147472211
 10
-10.09862643971837
 20
33.80067647472197
 10
-10.3236714397176
 20
33.57563247472217
 10
-10.3236714397176
 20
33.12554447472257
 10
-10.3236714397176
 20
32.90049947472154
 10
-10.09862643971837
 20
32.45041147472192
 10
-10.09862643971837
 20
32.22536747472214
 10
-10.09862643971837
 20
32.000322474722
 10
-10.09862643971837
 20
31.7752784747222
 10
-10.09862643971837
 20
31.7752784747222
 10
-9.873582439715843
 20
31.7752784747222
 10
-9.873582439715843
 20
31.55023447472331
 10
-9.873582439715843
 20
31.7752784747222
 10
-9.648538439716956
 20
31.7752784747222
 10
-9.648538439716956
 20
31.7752784747222
 10
-9.648538439716956
 20
32.000322474722
 10
-9.423494439718068
 20
32.22536747472214
 10
-9.423494439718068
 20
32.45041147472192
 10
-9.423494439718068
 20
32.90049947472154
  0
LWPOLYLINE
  5
3ED
330
30E
100
AcDbEntity
  8
0
  6
CONTINUOUS
 62
    43
100
AcDbPolyline
 90
       16
 70
     1
 43
0.0
 10
-11.22384843971713
 20
31.32519047472261
 10
-11.22384843971713
 20
31.10014547472156
 10
-11.44889243971966
 20
30.87510147472085
 10
-11.44889243971966
 20
30.87510147472085
 10
-11.67393643971854
 20
30.87510147472085
 10
-11.89898043971925
 20
30.87510147472085
 10
-11.89898043971925
 20
30.87510147472085
 10
-12.12402543971666
 20
31.10014547472156
 10
-12.12402543971666
 20
31.32519047472261
 10
-12.12402543971666
 20
31.32519047472261
 10
-11.89898043971925
 20
31.55023447472331
 10
-11.89898043971925
 20
31.55023447472331
 10
-11.67393643971854
 20
31.55023447472331
 10
-11.44889243971966
 20
31.55023447472331
 10
-11.44889243971966
 20
31.55023447472331
 10
-11.22384843971713
 20
31.32519047472261
  0
LWPOLYLINE
  5
3EE
330
30E
100
AcDbEntity
  8
0
  6
CONTINUOUS
 62
    43
100
AcDbPolyline
 90
       32
 70
     1
 43
0.0
 10
-11.22384843971713
 20
33.12554447472257
 10
-11.22384843971713
 20
33.57563247472217
 10
-11.22384843971713
 20
33.80067647472197
 10
-11.44889243971966
 20
34.02572147472211
 10
-11.44889243971966
 20
34.25076547472098
 10
-11.44889243971966
 20
34.4758094747217
 10
-11.44889243971966
 20
34.70085347472241
 10
-11.67393643971854
 20
34.70085347472241
 10
-11.67393643971854
 20
34.70085347472241
 10
-11.89898043971925
 20
34.70085347472241
 10
-11.89898043971925
 20
34.70085347472241
 10
-11.89898043971925
 20
34.4758094747217
 10
-11.89898043971925
 20
34.25076547472098
 10
-12.12402543971666
 20
34.02572147472211
 10
-12.12402543971666
 20
33.80067647472197
 10
-12.12402543971666
 20
33.57563247472217
 10
-12.12402543971666
 20
33.12554447472257
 10
-12.12402543971666
 20
32.90049947472154
 10
-12.12402543971666
 20
32.45041147472192
 10
-12.12402543971666
 20
32.22536747472214
 10
-11.89898043971925
 20
32.000322474722
 10
-11.89898043971925
 20
31.7752784747222
 10
-11.89898043971925
 20
31.7752784747222
 10
-11.89898043971925
 20
31.7752784747222
 10
-11.67393643971854
 20
31.55023447472331
 10
-11.67393643971854
 20
31.7752784747222
 10
-11.44889243971966
 20
31.7752784747222
 10
-11.44889243971966
 20
31.7752784747222
 10
-11.44889243971966
 20
32.000322474722
 10
-11.44889243971966
 20
32.22536747472214
 10
-11.22384843971713
 20
32.45041147472192
 10
-11.22384843971713
 20
32.90049947472154
  0
SOLID
  5
3EF
330
30E
100
AcDbEntity
  8
0
  6
CONTINUOUS
 62
    43
100
AcDbTrace
 10
-13.92437943971754
 20
31.32519047472261
 30
0.0
 11
-13.92437943971754
 21
31.55023447472331
 31
0.0
 12
-13.69933543971683
 22
31.55023447472331
 32
0.0
 13
-13.69933543971683
 23
31.55023447472331
 33
0.0
  0
SOLID
  5
3F0
330
30E
100
AcDbEntity
  8
0
  6
CONTINUOUS
 62
    43
100
AcDbTrace
 10
-13.47429043971579
 20
31.55023447472331
 30
0.0
 11
-13.24924643971872
 21
31.55023447472331
 31
0.0
 12
-13.24924643971872
 22
31.32519047472261
 32
0.0
 13
-13.24924643971872
 23
31.32519047472261
 33
0.0
  0
SOLID
  5
3F1
330
30E
100
AcDbEntity
  8
0
  6
CONTINUOUS
 62
    43
100
AcDbTrace
 10
-13.24924643971872
 20
31.10014547472156
 30
0.0
 11
-13.24924643971872
 21
30.87510147472085
 31
0.0
 12
-13.47429043971579
 22
30.87510147472085
 32
0.0
 13
-13.47429043971579
 23
30.87510147472085
 33
0.0
  0
SOLID
  5
3F2
330
30E
100
AcDbEntity
  8
0
  6
CONTINUOUS
 62
    43
100
AcDbTrace
 10
-13.69933543971683
 20
30.87510147472085
 30
0.0
 11
-13.92437943971754
 21
30.87510147472085
 31
0.0
 12
-13.92437943971754
 22
31.10014547472156
 32
0.0
 13
-13.92437943971754
 23
31.10014547472156
 33
0.0
  0
SOLID
  5
3F3
330
30E
100
AcDbEntity
  8
0
  6
CONTINUOUS
 62
    43
100
AcDbTrace
 10
-13.92437943971754
 20
31.32519047472261
 30
0.0
 11
-13.69933543971683
 21
31.55023447472331
 31
0.0
 12
-13.47429043971579
 22
31.55023447472331
 32
0.0
 13
-13.47429043971579
 23
31.55023447472331
 33
0.0
  0
SOLID
  5
3F4
330
30E
100
AcDbEntity
  8
0
  6
CONTINUOUS
 62
    43
100
AcDbTrace
 10
-13.24924643971872
 20
31.32519047472261
 30
0.0
 11
-13.24924643971872
 21
31.10014547472156
 31
0.0
 12
-13.47429043971579
 22
30.87510147472085
 32
0.0
 13
-13.47429043971579
 23
30.87510147472085
 33
0.0
  0
SOLID
  5
3F5
330
30E
100
AcDbEntity
  8
0
  6
CONTINUOUS
 62
    43
100
AcDbTrace
 10
-13.69933543971683
 20
30.87510147472085
 30
0.0
 11
-13.92437943971754
 21
31.10014547472156
 31
0.0
 12
-13.92437943971754
 22
31.32519047472261
 32
0.0
 13
-13.92437943971754
 23
31.32519047472261
 33
0.0
  0
SOLID
  5
3F6
330
30E
100
AcDbEntity
  8
0
  6
CONTINUOUS
 62
    43
100
AcDbTrace
 10
-13.47429043971579
 20
30.87510147472085
 30
0.0
 11
-13.69933543971683
 21
30.87510147472085
 31
0.0
 12
-13.92437943971754
 22
31.32519047472261
 32
0.0
 13
-13.92437943971754
 23
31.32519047472261
 33
0.0
  0
SOLID
  5
3F7
330
30E
100
AcDbEntity
  8
0
  6
CONTINUOUS
 62
    43
100
AcDbTrace
 10
-13.47429043971579
 20
30.87510147472085
 30
0.0
 11
-13.92437943971754
 21
31.32519047472261
 31
0.0
 12
-13.92437943971754
 22
31.32519047472261
 32
0.0
 13
-13.92437943971754
 23
31.32519047472261
 33
0.0
  0
SOLID
  5
3F8
330
30E
100
AcDbEntity
  8
0
  6
CONTINUOUS
 62
    43
100
AcDbTrace
 10
-13.47429043971579
 20
30.87510147472085
 30
0.0
 11
-13.92437943971754
 21
31.32519047472261
 31
0.0
 12
-13.47429043971579
 22
31.55023447472331
 32
0.0
 13
-13.47429043971579
 23
31.55023447472331
 33
0.0
  0
SOLID
  5
3F9
330
30E
100
AcDbEntity
  8
0
  6
CONTINUOUS
 62
    43
100
AcDbTrace
 10
-13.47429043971579
 20
30.87510147472085
 30
0.0
 11
-13.47429043971579
 21
31.55023447472331
 31
0.0
 12
-13.47429043971579
 22
31.55023447472331
 32
0.0
 13
-13.47429043971579
 23
31.55023447472331
 33
0.0
  0
SOLID
  5
3FA
330
30E
100
AcDbEntity
  8
0
  6
CONTINUOUS
 62
    43
100
AcDbTrace
 10
-13.47429043971579
 20
30.87510147472085
 30
0.0
 11
-13.47429043971579
 21
31.55023447472331
 31
0.0
 12
-13.24924643971872
 22
31.32519047472261
 32
0.0
 13
-13.24924643971872
 23
31.32519047472261
 33
0.0
  0
SOLID
  5
3FB
330
30E
100
AcDbEntity
  8
0
  6
CONTINUOUS
 62
    43
100
AcDbTrace
 10
-13.47429043971579
 20
30.87510147472085
 30
0.0
 11
-13.24924643971872
 21
31.32519047472261
 31
0.0
 12
-13.24924643971872
 22
31.32519047472261
 32
0.0
 13
-13.24924643971872
 23
31.32519047472261
 33
0.0
  0
SOLID
  5
3FC
330
30E
100
AcDbEntity
  8
0
  6
CONTINUOUS
 62
    43
100
AcDbTrace
 10
-13.24924643971872
 20
31.32519047472261
 30
0.0
 11
-13.47429043971579
 21
30.87510147472085
 31
0.0
 12
-13.47429043971579
 22
30.87510147472085
 32
0.0
 13
-13.47429043971579
 23
30.87510147472085
 33
0.0
  0
LWPOLYLINE
  5
3FD
330
30E
100
AcDbEntity
  8
0
  6
CONTINUOUS
 62
    43
100
AcDbPolyline
 90
       32
 70
     1
 43
0.0
 10
-13.24924643971872
 20
33.12554447472257
 10
-13.24924643971872
 20
33.57563247472217
 10
-13.24924643971872
 20
33.80067647472197
 10
-13.24924643971872
 20
34.02572147472211
 10
-13.24924643971872
 20
34.25076547472098
 10
-13.24924643971872
 20
34.4758094747217
 10
-13.47429043971579
 20
34.70085347472241
 10
-13.47429043971579
 20
34.70085347472241
 10
-13.47429043971579
 20
34.70085347472241
 10
-13.69933543971683
 20
34.70085347472241
 10
-13.69933543971683
 20
34.70085347472241
 10
-13.69933543971683
 20
34.4758094747217
 10
-13.92437943971754
 20
34.25076547472098
 10
-13.92437943971754
 20
34.02572147472211
 10
-13.92437943971754
 20
33.80067647472197
 10
-13.92437943971754
 20
33.57563247472217
 10
-13.92437943971754
 20
33.12554447472257
 10
-13.92437943971754
 20
32.90049947472154
 10
-13.92437943971754
 20
32.45041147472192
 10
-13.92437943971754
 20
32.22536747472214
 10
-13.92437943971754
 20
32.000322474722
 10
-13.69933543971683
 20
31.7752784747222
 10
-13.69933543971683
 20
31.7752784747222
 10
-13.69933543971683
 20
31.7752784747222
 10
-13.47429043971579
 20
31.55023447472331
 10
-13.47429043971579
 20
31.7752784747222
 10
-13.47429043971579
 20
31.7752784747222
 10
-13.24924643971872
 20
31.7752784747222
 10
-13.24924643971872
 20
32.000322474722
 10
-13.24924643971872
 20
32.22536747472214
 10
-13.24924643971872
 20
32.45041147472192
 10
-13.24924643971872
 20
32.90049947472154
  0
LWPOLYLINE
  5
3FE
330
30E
100
AcDbEntity
  8
0
  6
CONTINUOUS
 62
    43
100
AcDbPolyline
 90
       16
 70
     1
 43
0.0
 10
-15.04960043972142
 20
31.32519047472261
 10
-15.04960043972142
 20
31.10014547472156
 10
-15.04960043972142
 20
31.10014547472156
 10
-15.27464443971848
 20
30.87510147472085
 10
-15.49968943971953
 20
30.87510147472085
 10
-15.49968943971953
 20
30.87510147472085
 10
-15.72473343971842
 20
31.10014547472156
 10
-15.72473343971842
 20
31.10014547472156
 10
-15.72473343971842
 20
31.32519047472261
 10
-15.72473343971842
 20
31.55023447472331
 10
-15.72473343971842
 20
31.55023447472331
 10
-15.49968943971953
 20
31.55023447472331
 10
-15.49968943971953
 20
31.7752784747222
 10
-15.27464443971848
 20
31.55023447472331
 10
-15.04960043972142
 20
31.55023447472331
 10
-15.04960043972142
 20
31.55023447472331
  0
LWPOLYLINE
  5
3FF
330
30E
100
AcDbEntity
  8
0
  6
CONTINUOUS
 62
    43
100
AcDbPolyline
 90
       32
 70
     1
 43
0.0
 10
-15.04960043972142
 20
33.12554447472257
 10
-15.04960043972142
 20
33.35058847472055
 10
-15.04960043972142
 20
33.57563247472217
 10
-15.04960043972142
 20
33.80067647472197
 10
-15.04960043972142
 20
34.25076547472098
 10
-15.27464443971848
 20
34.25076547472098
 10
-15.27464443971848
 20
34.4758094747217
 10
-15.27464443971848
 20
34.4758094747217
 10
-15.49968943971953
 20
34.70085347472241
 10
-15.49968943971953
 20
34.4758094747217
 10
-15.49968943971953
 20
34.4758094747217
 10
-15.72473343971842
 20
34.25076547472098
 10
-15.72473343971842
 20
34.25076547472098
 10
-15.72473343971842
 20
33.80067647472197
 10
-15.72473343971842
 20
33.57563247472217
 10
-15.72473343971842
 20
33.35058847472055
 10
-15.72473343971842
 20
33.12554447472257
 10
-15.72473343971842
 20
32.67545547472082
 10
-15.72473343971842
 20
32.45041147472192
 10
-15.72473343971842
 20
32.22536747472214
 10
-15.72473343971842
 20
32.000322474722
 10
-15.72473343971842
 20
31.7752784747222
 10
-15.49968943971953
 20
31.55023447472331
 10
-15.49968943971953
 20
31.55023447472331
 10
-15.49968943971953
 20
31.55023447472331
 10
-15.27464443971848
 20
31.55023447472331
 10
-15.27464443971848
 20
31.55023447472331
 10
-15.27464443971848
 20
31.7752784747222
 10
-15.04960043972142
 20
32.000322474722
 10
-15.04960043972142
 20
32.22536747472214
 10
-15.04960043972142
 20
32.45041147472192
 10
-15.04960043972142
 20
32.67545547472082
  0
LWPOLYLINE
  5
400
330
30E
100
AcDbEntity
  8
0
  6
CONTINUOUS
 62
    43
100
AcDbPolyline
 90
       16
 70
     1
 43
0.0
 10
5.429426560281623
 20
-33.03746752527741
 10
5.429426560281623
 20
-32.81242352527761
 10
5.429426560281623
 20
-32.81242352527761
 10
5.204382560280919
 20
-32.5873795252769
 10
4.97933856028021
 20
-32.5873795252769
 10
4.97933856028021
 20
-32.5873795252769
 10
4.754294560279504
 20
-32.81242352527761
 10
4.754294560279504
 20
-32.81242352527761
 10
4.754294560279504
 20
-33.03746752527741
 10
4.754294560279504
 20
-33.03746752527741
 10
4.754294560279504
 20
-33.26251252527754
 10
4.97933856028021
 20
-33.26251252527754
 10
4.97933856028021
 20
-33.26251252527754
 10
5.204382560280919
 20
-33.26251252527754
 10
5.429426560281623
 20
-33.26251252527754
 10
5.429426560281623
 20
-33.03746752527741
  0
LWPOLYLINE
  5
401
330
30E
100
AcDbEntity
  8
0
  6
CONTINUOUS
 62
    43
100
AcDbPolyline
 90
       32
 70
     1
 43
0.0
 10
5.429426560281623
 20
-34.83782152527739
 10
5.429426560281623
 20
-35.28791052527731
 10
5.429426560281623
 20
-35.51295452527803
 10
5.429426560281623
 20
-35.73799952527635
 10
5.429426560281623
 20
-35.96304352527795
 10
5.204382560280919
 20
-36.18808752527775
 10
5.204382560280919
 20
-36.41313152527755
 10
5.204382560280919
 20
-36.41313152527755
 10
4.97933856028021
 20
-36.41313152527755
 10
4.97933856028021
 20
-36.41313152527755
 10
4.97933856028021
 20
-36.41313152527755
 10
4.97933856028021
 20
-36.18808752527775
 10
4.754294560279504
 20
-35.96304352527795
 10
4.754294560279504
 20
-35.73799952527635
 10
4.754294560279504
 20
-35.51295452527803
 10
4.754294560279504
 20
-35.28791052527731
 10
4.754294560279504
 20
-34.83782152527739
 10
4.754294560279504
 20
-34.61277752527758
 10
4.754294560279504
 20
-34.16268952527616
 10
4.754294560279504
 20
-33.93764452527785
 10
4.754294560279504
 20
-33.71260052527805
 10
4.97933856028021
 20
-33.48755652527643
 10
4.97933856028021
 20
-33.48755652527643
 10
4.97933856028021
 20
-33.48755652527643
 10
4.97933856028021
 20
-33.26251252527754
 10
5.204382560280919
 20
-33.48755652527643
 10
5.204382560280919
 20
-33.48755652527643
 10
5.204382560280919
 20
-33.48755652527643
 10
5.429426560281623
 20
-33.71260052527805
 10
5.429426560281623
 20
-33.93764452527785
 10
5.429426560281623
 20
-34.16268952527616
 10
5.429426560281623
 20
-34.61277752527758
  0
LWPOLYLINE
  5
402
330
30E
100
AcDbEntity
  8
0
  6
CONTINUOUS
 62
    43
100
AcDbPolyline
 90
       16
 70
     1
 43
0.0
 10
3.629072560280746
 20
-33.03746752527741
 10
3.629072560280746
 20
-32.81242352527761
 10
3.629072560280746
 20
-32.81242352527761
 10
3.404028560281857
 20
-32.5873795252769
 10
3.178984560279331
 20
-32.5873795252769
 10
2.953940560284081
 20
-32.5873795252769
 10
2.953940560284081
 20
-32.81242352527761
 10
2.953940560284081
 20
-32.81242352527761
 10
2.953940560284081
 20
-33.03746752527741
 10
2.953940560284081
 20
-33.03746752527741
 10
2.953940560284081
 20
-33.26251252527754
 10
2.953940560284081
 20
-33.26251252527754
 10
3.178984560279331
 20
-33.26251252527754
 10
3.404028560281857
 20
-33.26251252527754
 10
3.629072560280746
 20
-33.26251252527754
 10
3.629072560280746
 20
-33.03746752527741
  0
LWPOLYLINE
  5
403
330
30E
100
AcDbEntity
  8
0
  6
CONTINUOUS
 62
    43
100
AcDbPolyline
 90
       32
 70
     1
 43
0.0
 10
3.629072560280746
 20
-34.83782152527739
 10
3.629072560280746
 20
-35.28791052527731
 10
3.629072560280746
 20
-35.51295452527803
 10
3.629072560280746
 20
-35.73799952527635
 10
3.629072560280746
 20
-35.96304352527795
 10
3.404028560281857
 20
-36.18808752527775
 10
3.404028560281857
 20
-36.41313152527755
 10
3.404028560281857
 20
-36.41313152527755
 10
3.178984560279331
 20
-36.41313152527755
 10
3.178984560279331
 20
-36.41313152527755
 10
2.953940560284081
 20
-36.41313152527755
 10
2.953940560284081
 20
-36.18808752527775
 10
2.953940560284081
 20
-35.96304352527795
 10
2.953940560284081
 20
-35.73799952527635
 10
2.953940560284081
 20
-35.51295452527803
 10
2.953940560284081
 20
-35.28791052527731
 10
2.953940560284081
 20
-34.83782152527739
 10
2.953940560284081
 20
-34.61277752527758
 10
2.953940560284081
 20
-34.16268952527616
 10
2.953940560284081
 20
-33.93764452527785
 10
2.953940560284081
 20
-33.71260052527805
 10
2.953940560284081
 20
-33.48755652527643
 10
2.953940560284081
 20
-33.48755652527643
 10
3.178984560279331
 20
-33.48755652527643
 10
3.178984560279331
 20
-33.26251252527754
 10
3.404028560281857
 20
-33.48755652527643
 10
3.404028560281857
 20
-33.48755652527643
 10
3.404028560281857
 20
-33.48755652527643
 10
3.629072560280746
 20
-33.71260052527805
 10
3.629072560280746
 20
-33.93764452527785
 10
3.629072560280746
 20
-34.16268952527616
 10
3.629072560280746
 20
-34.61277752527758
  0
LWPOLYLINE
  5
404
330
30E
100
AcDbEntity
  8
0
  6
CONTINUOUS
 62
    43
100
AcDbPolyline
 90
       16
 70
     1
 43
0.0
 10
1.828718560278048
 20
-33.03746752527741
 10
1.828718560278048
 20
-32.81242352527761
 10
1.603674560280978
 20
-32.81242352527761
 10
1.603674560280978
 20
-32.5873795252769
 10
1.378630560280269
 20
-32.5873795252769
 10
1.153586560281379
 20
-32.5873795252769
 10
1.153586560281379
 20
-32.81242352527761
 10
0.9285415602785176
 20
-32.81242352527761
 10
0.9285415602785176
 20
-33.03746752527741
 10
0.9285415602785176
 20
-33.03746752527741
 10
1.153586560281379
 20
-33.26251252527754
 10
1.153586560281379
 20
-33.26251252527754
 10
1.378630560280269
 20
-33.26251252527754
 10
1.603674560280978
 20
-33.26251252527754
 10
1.603674560280978
 20
-33.26251252527754
 10
1.828718560278048
 20
-33.03746752527741
  0
LWPOLYLINE
  5
405
330
30E
100
AcDbEntity
  8
0
  6
CONTINUOUS
 62
    43
100
AcDbPolyline
 90
       32
 70
     1
 43
0.0
 10
1.828718560278048
 20
-34.83782152527739
 10
1.828718560278048
 20
-35.28791052527731
 10
1.828718560278048
 20
-35.51295452527803
 10
1.603674560280978
 20
-35.73799952527635
 10
1.603674560280978
 20
-35.96304352527795
 10
1.603674560280978
 20
-36.18808752527775
 10
1.603674560280978
 20
-36.41313152527755
 10
1.378630560280269
 20
-36.41313152527755
 10
1.378630560280269
 20
-36.41313152527755
 10
1.378630560280269
 20
-36.41313152527755
 10
1.153586560281379
 20
-36.41313152527755
 10
1.153586560281379
 20
-36.18808752527775
 10
1.153586560281379
 20
-35.96304352527795
 10
0.9285415602785176
 20
-35.73799952527635
 10
0.9285415602785176
 20
-35.51295452527803
 10
0.9285415602785176
 20
-35.28791052527731
 10
0.9285415602785176
 20
-34.83782152527739
 10
0.9285415602785176
 20
-34.61277752527758
 10
0.9285415602785176
 20
-34.16268952527616
 10
0.9285415602785176
 20
-33.93764452527785
 10
1.153586560281379
 20
-33.71260052527805
 10
1.153586560281379
 20
-33.48755652527643
 10
1.153586560281379
 20
-33.48755652527643
 10
1.378630560280269
 20
-33.48755652527643
 10
1.378630560280269
 20
-33.26251252527754
 10
1.378630560280269
 20
-33.48755652527643
 10
1.603674560280978
 20
-33.48755652527643
 10
1.603674560280978
 20
-33.48755652527643
 10
1.603674560280978
 20
-33.71260052527805
 10
1.603674560280978
 20
-33.93764452527785
 10
1.828718560278048
 20
-34.16268952527616
 10
1.828718560278048
 20
-34.61277752527758
  0
LWPOLYLINE
  5
406
330
30E
100
AcDbEntity
  8
0
  6
CONTINUOUS
 62
    43
100
AcDbPolyline
 90
       16
 70
     1
 43
0.0
 10
-0.196679439718082
 20
-33.03746752527741
 10
-0.196679439718082
 20
-32.81242352527761
 10
-0.196679439718082
 20
-32.81242352527761
 10
-0.4217234397206087
 20
-32.5873795252769
 10
-0.4217234397206087
 20
-32.5873795252769
 10
-0.6467684397180165
 20
-32.5873795252769
 10
-0.8718124397169049
 20
-32.81242352527761
 10
-0.8718124397169049
 20
-32.81242352527761
 10
-0.8718124397169049
 20
-33.03746752527741
 10
-0.8718124397169049
 20
-33.03746752527741
 10
-0.8718124397169049
 20
-33.26251252527754
 10
-0.6467684397180165
 20
-33.26251252527754
 10
-0.4217234397206087
 20
-33.26251252527754
 10
-0.4217234397206087
 20
-33.26251252527754
 10
-0.196679439718082
 20
-33.26251252527754
 10
-0.196679439718082
 20
-33.03746752527741
  0
LWPOLYLINE
  5
407
330
30E
100
AcDbEntity
  8
0
  6
CONTINUOUS
 62
    43
100
AcDbPolyline
 90
       32
 70
     1
 43
0.0
 10
-0.196679439718082
 20
-34.83782152527739
 10
-0.196679439718082
 20
-35.28791052527731
 10
-0.196679439718082
 20
-35.51295452527803
 10
-0.196679439718082
 20
-35.73799952527635
 10
-0.196679439718082
 20
-35.96304352527795
 10
-0.196679439718082
 20
-36.18808752527775
 10
-0.4217234397206087
 20
-36.41313152527755
 10
-0.4217234397206087
 20
-36.41313152527755
 10
-0.4217234397206087
 20
-36.41313152527755
 10
-0.6467684397180165
 20
-36.41313152527755
 10
-0.6467684397180165
 20
-36.41313152527755
 10
-0.6467684397180165
 20
-36.18808752527775
 10
-0.8718124397169049
 20
-35.96304352527795
 10
-0.8718124397169049
 20
-35.73799952527635
 10
-0.8718124397169049
 20
-35.51295452527803
 10
-0.8718124397169049
 20
-35.28791052527731
 10
-0.8718124397169049
 20
-34.83782152527739
 10
-0.8718124397169049
 20
-34.61277752527758
 10
-0.8718124397169049
 20
-34.16268952527616
 10
-0.8718124397169049
 20
-33.93764452527785
 10
-0.8718124397169049
 20
-33.71260052527805
 10
-0.6467684397180165
 20
-33.48755652527643
 10
-0.6467684397180165
 20
-33.48755652527643
 10
-0.6467684397180165
 20
-33.48755652527643
 10
-0.4217234397206087
 20
-33.26251252527754
 10
-0.4217234397206087
 20
-33.48755652527643
 10
-0.4217234397206087
 20
-33.48755652527643
 10
-0.196679439718082
 20
-33.48755652527643
 10
-0.196679439718082
 20
-33.71260052527805
 10
-0.196679439718082
 20
-33.93764452527785
 10
-0.196679439718082
 20
-34.16268952527616
 10
-0.196679439718082
 20
-34.61277752527758
  0
LWPOLYLINE
  5
408
330
30E
100
AcDbEntity
  8
0
  6
CONTINUOUS
 62
    43
100
AcDbPolyline
 90
       16
 70
     1
 43
0.0
 10
-1.997033439720778
 20
-33.03746752527741
 10
-1.997033439720778
 20
-32.81242352527761
 10
-1.997033439720778
 20
-32.81242352527761
 10
-2.222077439716029
 20
-32.5873795252769
 10
-2.447122439718893
 20
-32.5873795252769
 10
-2.447122439718893
 20
-32.5873795252769
 10
-2.672166439719603
 20
-32.81242352527761
 10
-2.672166439719603
 20
-32.81242352527761
 10
-2.672166439719603
 20
-33.03746752527741
 10
-2.672166439719603
 20
-33.03746752527741
 10
-2.672166439719603
 20
-33.26251252527754
 10
-2.447122439718893
 20
-33.26251252527754
 10
-2.447122439718893
 20
-33.26251252527754
 10
-2.222077439716029
 20
-33.26251252527754
 10
-1.997033439720778
 20
-33.26251252527754
 10
-1.997033439720778
 20
-33.03746752527741
  0
LWPOLYLINE
  5
409
330
30E
100
AcDbEntity
  8
0
  6
CONTINUOUS
 62
    43
100
AcDbPolyline
 90
       32
 70
     1
 43
0.0
 10
-1.997033439720778
 20
-34.83782152527739
 10
-1.997033439720778
 20
-35.28791052527731
 10
-1.997033439720778
 20
-35.51295452527803
 10
-1.997033439720778
 20
-35.73799952527635
 10
-1.997033439720778
 20
-35.96304352527795
 10
-2.222077439716029
 20
-36.18808752527775
 10
-2.222077439716029
 20
-36.41313152527755
 10
-2.222077439716029
 20
-36.41313152527755
 10
-2.447122439718893
 20
-36.41313152527755
 10
-2.447122439718893
 20
-36.41313152527755
 10
-2.447122439718893
 20
-36.41313152527755
 10
-2.672166439719603
 20
-36.18808752527775
 10
-2.672166439719603
 20
-35.96304352527795
 10
-2.672166439719603
 20
-35.73799952527635
 10
-2.672166439719603
 20
-35.51295452527803
 10
-2.672166439719603
 20
-35.28791052527731
 10
-2.672166439719603
 20
-34.83782152527739
 10
-2.672166439719603
 20
-34.61277752527758
 10
-2.672166439719603
 20
-34.16268952527616
 10
-2.672166439719603
 20
-33.93764452527785
 10
-2.672166439719603
 20
-33.71260052527805
 10
-2.672166439719603
 20
-33.48755652527643
 10
-2.447122439718893
 20
-33.48755652527643
 10
-2.447122439718893
 20
-33.48755652527643
 10
-2.447122439718893
 20
-33.26251252527754
 10
-2.222077439716029
 20
-33.48755652527643
 10
-2.222077439716029
 20
-33.48755652527643
 10
-2.222077439716029
 20
-33.48755652527643
 10
-1.997033439720778
 20
-33.71260052527805
 10
-1.997033439720778
 20
-33.93764452527785
 10
-1.997033439720778
 20
-34.16268952527616
 10
-1.997033439720778
 20
-34.61277752527758
  0
LWPOLYLINE
  5
40A
330
30E
100
AcDbEntity
  8
0
  6
CONTINUOUS
 62
    43
100
AcDbPolyline
 90
       16
 70
     1
 43
0.0
 10
-3.797387439718022
 20
-33.03746752527741
 10
-3.797387439718022
 20
-32.81242352527761
 10
-4.022431439718729
 20
-32.81242352527761
 10
-4.022431439718729
 20
-32.5873795252769
 10
-4.247476439717956
 20
-32.5873795252769
 10
-4.472520439716841
 20
-32.5873795252769
 10
-4.472520439716841
 20
-32.81242352527761
 10
-4.472520439716841
 20
-32.81242352527761
 10
-4.69756443971937
 20
-33.03746752527741
 10
-4.472520439716841
 20
-33.03746752527741
 10
-4.472520439716841
 20
-33.26251252527754
 10
-4.472520439716841
 20
-33.26251252527754
 10
-4.247476439717956
 20
-33.26251252527754
 10
-4.022431439718729
 20
-33.26251252527754
 10
-4.022431439718729
 20
-33.26251252527754
 10
-3.797387439718022
 20
-33.03746752527741
  0
LWPOLYLINE
  5
40B
330
30E
100
AcDbEntity
  8
0
  6
CONTINUOUS
 62
    43
100
AcDbPolyline
 90
       32
 70
     1
 43
0.0
 10
-3.797387439718022
 20
-34.83782152527739
 10
-3.797387439718022
 20
-35.28791052527731
 10
-3.797387439718022
 20
-35.51295452527803
 10
-3.797387439718022
 20
-35.73799952527635
 10
-4.022431439718729
 20
-35.96304352527795
 10
-4.022431439718729
 20
-36.18808752527775
 10
-4.022431439718729
 20
-36.41313152527755
 10
-4.247476439717956
 20
-36.41313152527755
 10
-4.247476439717956
 20
-36.41313152527755
 10
-4.247476439717956
 20
-36.41313152527755
 10
-4.472520439716841
 20
-36.41313152527755
 10
-4.472520439716841
 20
-36.18808752527775
 10
-4.472520439716841
 20
-35.96304352527795
 10
-4.472520439716841
 20
-35.73799952527635
 10
-4.472520439716841
 20
-35.51295452527803
 10
-4.69756443971937
 20
-35.28791052527731
 10
-4.69756443971937
 20
-34.83782152527739
 10
-4.69756443971937
 20
-34.61277752527758
 10
-4.472520439716841
 20
-34.16268952527616
 10
-4.472520439716841
 20
-33.93764452527785
 10
-4.472520439716841
 20
-33.71260052527805
 10
-4.472520439716841
 20
-33.48755652527643
 10
-4.472520439716841
 20
-33.48755652527643
 10
-4.247476439717956
 20
-33.48755652527643
 10
-4.247476439717956
 20
-33.26251252527754
 10
-4.247476439717956
 20
-33.48755652527643
 10
-4.022431439718729
 20
-33.48755652527643
 10
-4.022431439718729
 20
-33.48755652527643
 10
-4.022431439718729
 20
-33.71260052527805
 10
-3.797387439718022
 20
-33.93764452527785
 10
-3.797387439718022
 20
-34.16268952527616
 10
-3.797387439718022
 20
-34.61277752527758
  0
LWPOLYLINE
  5
40C
330
30E
100
AcDbEntity
  8
0
  6
CONTINUOUS
 62
    43
100
AcDbPolyline
 90
       16
 70
     1
 43
0.0
 10
-5.597741439720721
 20
-33.03746752527741
 10
-5.822785439715972
 20
-32.81242352527761
 10
-5.822785439715972
 20
-32.81242352527761
 10
-5.822785439715972
 20
-32.5873795252769
 10
-6.047830439717018
 20
-32.5873795252769
 10
-6.272874439717723
 20
-32.5873795252769
 10
-6.272874439717723
 20
-32.81242352527761
 10
-6.497918439718433
 20
-32.81242352527761
 10
-6.497918439718433
 20
-33.03746752527741
 10
-6.497918439718433
 20
-33.03746752527741
 10
-6.272874439717723
 20
-33.26251252527754
 10
-6.272874439717723
 20
-33.26251252527754
 10
-6.047830439717018
 20
-33.26251252527754
 10
-5.822785439715972
 20
-33.26251252527754
 10
-5.822785439715972
 20
-33.26251252527754
 10
-5.822785439715972
 20
-33.03746752527741
  0
LWPOLYLINE
  5
40D
330
30E
100
AcDbEntity
  8
0
  6
CONTINUOUS
 62
    43
100
AcDbPolyline
 90
       32
 70
     1
 43
0.0
 10
-5.597741439720721
 20
-34.83782152527739
 10
-5.597741439720721
 20
-35.28791052527731
 10
-5.822785439715972
 20
-35.51295452527803
 10
-5.822785439715972
 20
-35.73799952527635
 10
-5.822785439715972
 20
-35.96304352527795
 10
-5.822785439715972
 20
-36.18808752527775
 10
-5.822785439715972
 20
-36.41313152527755
 10
-6.047830439717018
 20
-36.41313152527755
 10
-6.047830439717018
 20
-36.41313152527755
 10
-6.272874439717723
 20
-36.41313152527755
 10
-6.272874439717723
 20
-36.41313152527755
 10
-6.272874439717723
 20
-36.18808752527775
 10
-6.272874439717723
 20
-35.96304352527795
 10
-6.497918439718433
 20
-35.73799952527635
 10
-6.497918439718433
 20
-35.51295452527803
 10
-6.497918439718433
 20
-35.28791052527731
 10
-6.497918439718433
 20
-34.83782152527739
 10
-6.497918439718433
 20
-34.61277752527758
 10
-6.497918439718433
 20
-34.16268952527616
 10
-6.497918439718433
 20
-33.93764452527785
 10
-6.272874439717723
 20
-33.71260052527805
 10
-6.272874439717723
 20
-33.48755652527643
 10
-6.272874439717723
 20
-33.48755652527643
 10
-6.272874439717723
 20
-33.48755652527643
 10
-6.047830439717018
 20
-33.26251252527754
 10
-6.047830439717018
 20
-33.48755652527643
 10
-5.822785439715972
 20
-33.48755652527643
 10
-5.822785439715972
 20
-33.48755652527643
 10
-5.822785439715972
 20
-33.71260052527805
 10
-5.822785439715972
 20
-33.93764452527785
 10
-5.822785439715972
 20
-34.16268952527616
 10
-5.597741439720721
 20
-34.61277752527758
  0
LWPOLYLINE
  5
40E
330
30E
100
AcDbEntity
  8
0
  6
CONTINUOUS
 62
    43
100
AcDbPolyline
 90
       16
 70
     1
 43
0.0
 10
-7.623140439719008
 20
-33.03746752527741
 10
-7.623140439719008
 20
-32.81242352527761
 10
-7.623140439719008
 20
-32.81242352527761
 10
-7.848184439717897
 20
-32.5873795252769
 10
-7.848184439717897
 20
-32.5873795252769
 10
-8.073228439718605
 20
-32.5873795252769
 10
-8.298272439719312
 20
-32.81242352527761
 10
-8.298272439719312
 20
-32.81242352527761
 10
-8.298272439719312
 20
-33.03746752527741
 10
-8.298272439719312
 20
-33.03746752527741
 10
-8.298272439719312
 20
-33.26251252527754
 10
-8.073228439718605
 20
-33.26251252527754
 10
-7.848184439717897
 20
-33.26251252527754
 10
-7.848184439717897
 20
-33.26251252527754
 10
-7.623140439719008
 20
-33.26251252527754
 10
-7.623140439719008
 20
-33.03746752527741
  0
LWPOLYLINE
  5
40F
330
30E
100
AcDbEntity
  8
0
  6
CONTINUOUS
 62
    43
100
AcDbPolyline
 90
       32
 70
     1
 43
0.0
 10
-7.623140439719008
 20
-34.83782152527739
 10
-7.623140439719008
 20
-35.28791052527731
 10
-7.623140439719008
 20
-35.51295452527803
 10
-7.623140439719008
 20
-35.73799952527635
 10
-7.623140439719008
 20
-35.96304352527795
 10
-7.848184439717897
 20
-36.18808752527775
 10
-7.848184439717897
 20
-36.41313152527755
 10
-7.848184439717897
 20
-36.41313152527755
 10
-7.848184439717897
 20
-36.41313152527755
 10
-8.073228439718605
 20
-36.41313152527755
 10
-8.073228439718605
 20
-36.41313152527755
 10
-8.073228439718605
 20
-36.18808752527775
 10
-8.298272439719312
 20
-35.96304352527795
 10
-8.298272439719312
 20
-35.73799952527635
 10
-8.298272439719312
 20
-35.51295452527803
 10
-8.298272439719312
 20
-35.28791052527731
 10
-8.298272439719312
 20
-34.83782152527739
 10
-8.298272439719312
 20
-34.61277752527758
 10
-8.298272439719312
 20
-34.16268952527616
 10
-8.298272439719312
 20
-33.93764452527785
 10
-8.298272439719312
 20
-33.71260052527805
 10
-8.073228439718605
 20
-33.48755652527643
 10
-8.073228439718605
 20
-33.48755652527643
 10
-8.073228439718605
 20
-33.48755652527643
 10
-7.848184439717897
 20
-33.26251252527754
 10
-7.848184439717897
 20
-33.48755652527643
 10
-7.848184439717897
 20
-33.48755652527643
 10
-7.848184439717897
 20
-33.48755652527643
 10
-7.623140439719008
 20
-33.71260052527805
 10
-7.623140439719008
 20
-33.93764452527785
 10
-7.623140439719008
 20
-34.16268952527616
 10
-7.623140439719008
 20
-34.61277752527758
  0
LWPOLYLINE
  5
410
330
30E
100
AcDbEntity
  8
0
  6
CONTINUOUS
 62
    43
100
AcDbPolyline
 90
       16
 70
     1
 43
0.0
 10
-9.423494439718068
 20
-33.03746752527741
 10
-9.423494439718068
 20
-32.81242352527761
 10
-9.648538439716956
 20
-32.81242352527761
 10
-9.648538439716956
 20
-32.5873795252769
 10
-9.873582439715843
 20
-32.5873795252769
 10
-10.09862643971837
 20
-32.5873795252769
 10
-10.09862643971837
 20
-32.81242352527761
 10
-10.09862643971837
 20
-32.81242352527761
 10
-10.3236714397176
 20
-33.03746752527741
 10
-10.09862643971837
 20
-33.03746752527741
 10
-10.09862643971837
 20
-33.26251252527754
 10
-10.09862643971837
 20
-33.26251252527754
 10
-9.873582439715843
 20
-33.26251252527754
 10
-9.648538439716956
 20
-33.26251252527754
 10
-9.648538439716956
 20
-33.26251252527754
 10
-9.423494439718068
 20
-33.03746752527741
  0
LWPOLYLINE
  5
411
330
30E
100
AcDbEntity
  8
0
  6
CONTINUOUS
 62
    43
100
AcDbPolyline
 90
       32
 70
     1
 43
0.0
 10
-9.423494439718068
 20
-34.83782152527739
 10
-9.423494439718068
 20
-35.28791052527731
 10
-9.423494439718068
 20
-35.51295452527803
 10
-9.423494439718068
 20
-35.73799952527635
 10
-9.648538439716956
 20
-35.96304352527795
 10
-9.648538439716956
 20
-36.18808752527775
 10
-9.648538439716956
 20
-36.41313152527755
 10
-9.873582439715843
 20
-36.41313152527755
 10
-9.873582439715843
 20
-36.41313152527755
 10
-9.873582439715843
 20
-36.41313152527755
 10
-10.09862643971837
 20
-36.41313152527755
 10
-10.09862643971837
 20
-36.18808752527775
 10
-10.09862643971837
 20
-35.96304352527795
 10
-10.09862643971837
 20
-35.73799952527635
 10
-10.09862643971837
 20
-35.51295452527803
 10
-10.3236714397176
 20
-35.28791052527731
 10
-10.3236714397176
 20
-34.83782152527739
 10
-10.3236714397176
 20
-34.61277752527758
 10
-10.09862643971837
 20
-34.16268952527616
 10
-10.09862643971837
 20
-33.93764452527785
 10
-10.09862643971837
 20
-33.71260052527805
 10
-10.09862643971837
 20
-33.48755652527643
 10
-10.09862643971837
 20
-33.48755652527643
 10
-9.873582439715843
 20
-33.48755652527643
 10
-9.873582439715843
 20
-33.26251252527754
 10
-9.873582439715843
 20
-33.48755652527643
 10
-9.648538439716956
 20
-33.48755652527643
 10
-9.648538439716956
 20
-33.48755652527643
 10
-9.648538439716956
 20
-33.71260052527805
 10
-9.423494439718068
 20
-33.93764452527785
 10
-9.423494439718068
 20
-34.16268952527616
 10
-9.423494439718068
 20
-34.61277752527758
  0
LWPOLYLINE
  5
412
330
30E
100
AcDbEntity
  8
0
  6
CONTINUOUS
 62
    43
100
AcDbPolyline
 90
       16
 70
     1
 43
0.0
 10
-11.22384843971713
 20
-33.03746752527741
 10
-11.22384843971713
 20
-32.81242352527761
 10
-11.44889243971966
 20
-32.81242352527761
 10
-11.44889243971966
 20
-32.5873795252769
 10
-11.67393643971854
 20
-32.5873795252769
 10
-11.89898043971925
 20
-32.5873795252769
 10
-11.89898043971925
 20
-32.81242352527761
 10
-12.12402543971666
 20
-32.81242352527761
 10
-12.12402543971666
 20
-33.03746752527741
 10
-12.12402543971666
 20
-33.03746752527741
 10
-11.89898043971925
 20
-33.26251252527754
 10
-11.89898043971925
 20
-33.26251252527754
 10
-11.67393643971854
 20
-33.26251252527754
 10
-11.44889243971966
 20
-33.26251252527754
 10
-11.44889243971966
 20
-33.26251252527754
 10
-11.22384843971713
 20
-33.03746752527741
  0
LWPOLYLINE
  5
413
330
30E
100
AcDbEntity
  8
0
  6
CONTINUOUS
 62
    43
100
AcDbPolyline
 90
       32
 70
     1
 43
0.0
 10
-11.22384843971713
 20
-34.83782152527739
 10
-11.22384843971713
 20
-35.28791052527731
 10
-11.22384843971713
 20
-35.51295452527803
 10
-11.44889243971966
 20
-35.73799952527635
 10
-11.44889243971966
 20
-35.96304352527795
 10
-11.44889243971966
 20
-36.18808752527775
 10
-11.44889243971966
 20
-36.41313152527755
 10
-11.67393643971854
 20
-36.41313152527755
 10
-11.67393643971854
 20
-36.41313152527755
 10
-11.89898043971925
 20
-36.41313152527755
 10
-11.89898043971925
 20
-36.41313152527755
 10
-11.89898043971925
 20
-36.18808752527775
 10
-11.89898043971925
 20
-35.96304352527795
 10
-12.12402543971666
 20
-35.73799952527635
 10
-12.12402543971666
 20
-35.51295452527803
 10
-12.12402543971666
 20
-35.28791052527731
 10
-12.12402543971666
 20
-34.83782152527739
 10
-12.12402543971666
 20
-34.61277752527758
 10
-12.12402543971666
 20
-34.16268952527616
 10
-12.12402543971666
 20
-33.93764452527785
 10
-11.89898043971925
 20
-33.71260052527805
 10
-11.89898043971925
 20
-33.48755652527643
 10
-11.89898043971925
 20
-33.48755652527643
 10
-11.89898043971925
 20
-33.48755652527643
 10
-11.67393643971854
 20
-33.26251252527754
 10
-11.67393643971854
 20
-33.48755652527643
 10
-11.44889243971966
 20
-33.48755652527643
 10
-11.44889243971966
 20
-33.48755652527643
 10
-11.44889243971966
 20
-33.71260052527805
 10
-11.44889243971966
 20
-33.93764452527785
 10
-11.22384843971713
 20
-34.16268952527616
 10
-11.22384843971713
 20
-34.61277752527758
  0
LWPOLYLINE
  5
414
330
30E
100
AcDbEntity
  8
0
  6
CONTINUOUS
 62
    43
100
AcDbPolyline
 90
       16
 70
     1
 43
0.0
 10
-13.24924643971872
 20
-33.03746752527741
 10
-13.24924643971872
 20
-32.81242352527761
 10
-13.24924643971872
 20
-32.81242352527761
 10
-13.47429043971579
 20
-32.5873795252769
 10
-13.47429043971579
 20
-32.5873795252769
 10
-13.69933543971683
 20
-32.5873795252769
 10
-13.92437943971754
 20
-32.81242352527761
 10
-13.92437943971754
 20
-32.81242352527761
 10
-13.92437943971754
 20
-33.03746752527741
 10
-13.92437943971754
 20
-33.03746752527741
 10
-13.92437943971754
 20
-33.26251252527754
 10
-13.69933543971683
 20
-33.26251252527754
 10
-13.47429043971579
 20
-33.26251252527754
 10
-13.47429043971579
 20
-33.26251252527754
 10
-13.24924643971872
 20
-33.26251252527754
 10
-13.24924643971872
 20
-33.03746752527741
  0
LWPOLYLINE
  5
415
330
30E
100
AcDbEntity
  8
0
  6
CONTINUOUS
 62
    43
100
AcDbPolyline
 90
       32
 70
     1
 43
0.0
 10
-13.24924643971872
 20
-34.83782152527739
 10
-13.24924643971872
 20
-35.28791052527731
 10
-13.24924643971872
 20
-35.51295452527803
 10
-13.24924643971872
 20
-35.73799952527635
 10
-13.24924643971872
 20
-35.96304352527795
 10
-13.24924643971872
 20
-36.18808752527775
 10
-13.47429043971579
 20
-36.41313152527755
 10
-13.47429043971579
 20
-36.41313152527755
 10
-13.47429043971579
 20
-36.41313152527755
 10
-13.69933543971683
 20
-36.41313152527755
 10
-13.69933543971683
 20
-36.41313152527755
 10
-13.69933543971683
 20
-36.18808752527775
 10
-13.92437943971754
 20
-35.96304352527795
 10
-13.92437943971754
 20
-35.73799952527635
 10
-13.92437943971754
 20
-35.51295452527803
 10
-13.92437943971754
 20
-35.28791052527731
 10
-13.92437943971754
 20
-34.83782152527739
 10
-13.92437943971754
 20
-34.61277752527758
 10
-13.92437943971754
 20
-34.16268952527616
 10
-13.92437943971754
 20
-33.93764452527785
 10
-13.92437943971754
 20
-33.71260052527805
 10
-13.69933543971683
 20
-33.48755652527643
 10
-13.69933543971683
 20
-33.48755652527643
 10
-13.69933543971683
 20
-33.48755652527643
 10
-13.47429043971579
 20
-33.26251252527754
 10
-13.47429043971579
 20
-33.48755652527643
 10
-13.47429043971579
 20
-33.48755652527643
 10
-13.24924643971872
 20
-33.48755652527643
 10
-13.24924643971872
 20
-33.71260052527805
 10
-13.24924643971872
 20
-33.93764452527785
 10
-13.24924643971872
 20
-34.16268952527616
 10
-13.24924643971872
 20
-34.61277752527758
  0
LWPOLYLINE
  5
416
330
30E
100
AcDbEntity
  8
0
  6
CONTINUOUS
 62
    43
100
AcDbPolyline
 90
       16
 70
     1
 43
0.0
 10
-15.04960043972142
 20
-33.03746752527741
 10
-15.04960043972142
 20
-32.81242352527761
 10
-15.04960043972142
 20
-32.81242352527761
 10
-15.27464443971848
 20
-32.5873795252769
 10
-15.49968943971953
 20
-32.5873795252769
 10
-15.49968943971953
 20
-32.5873795252769
 10
-15.72473343971842
 20
-32.81242352527761
 10
-15.72473343971842
 20
-32.81242352527761
 10
-15.72473343971842
 20
-33.03746752527741
 10
-15.72473343971842
 20
-33.26251252527754
 10
-15.72473343971842
 20
-33.26251252527754
 10
-15.49968943971953
 20
-33.48755652527643
 10
-15.49968943971953
 20
-33.48755652527643
 10
-15.27464443971848
 20
-33.48755652527643
 10
-15.04960043972142
 20
-33.26251252527754
 10
-15.04960043972142
 20
-33.26251252527754
  0
LWPOLYLINE
  5
417
330
30E
100
AcDbEntity
  8
0
  6
CONTINUOUS
 62
    43
100
AcDbPolyline
 90
       32
 70
     1
 43
0.0
 10
-15.04960043972142
 20
-34.83782152527739
 10
-15.04960043972142
 20
-35.06286652527752
 10
-15.04960043972142
 20
-35.28791052527731
 10
-15.04960043972142
 20
-35.51295452527803
 10
-15.04960043972142
 20
-35.96304352527795
 10
-15.27464443971848
 20
-35.96304352527795
 10
-15.27464443971848
 20
-36.18808752527775
 10
-15.27464443971848
 20
-36.18808752527775
 10
-15.49968943971953
 20
-36.41313152527755
 10
-15.49968943971953
 20
-36.18808752527775
 10
-15.49968943971953
 20
-36.18808752527775
 10
-15.72473343971842
 20
-35.96304352527795
 10
-15.72473343971842
 20
-35.96304352527795
 10
-15.72473343971842
 20
-35.51295452527803
 10
-15.72473343971842
 20
-35.28791052527731
 10
-15.72473343971842
 20
-35.06286652527752
 10
-15.72473343971842
 20
-34.83782152527739
 10
-15.72473343971842
 20
-34.38773352527778
 10
-15.72473343971842
 20
-34.16268952527616
 10
-15.72473343971842
 20
-33.93764452527785
 10
-15.72473343971842
 20
-33.71260052527805
 10
-15.72473343971842
 20
-33.48755652527643
 10
-15.49968943971953
 20
-33.26251252527754
 10
-15.49968943971953
 20
-33.26251252527754
 10
-15.49968943971953
 20
-33.26251252527754
 10
-15.27464443971848
 20
-33.26251252527754
 10
-15.27464443971848
 20
-33.26251252527754
 10
-15.27464443971848
 20
-33.48755652527643
 10
-15.04960043972142
 20
-33.71260052527805
 10
-15.04960043972142
 20
-33.93764452527785
 10
-15.04960043972142
 20
-34.16268952527616
 10
-15.04960043972142
 20
-34.38773352527778
  0
LWPOLYLINE
  5
418
330
30E
100
AcDbEntity
  8
0
  6
CONTINUOUS
 62
    43
100
AcDbPolyline
 90
       98
 70
     1
 43
0.0
 10
9.072136560281704
 20
25.02395047472191
 10
9.522225560283461
 20
25.02395047472191
 10
9.747269560280527
 20
25.02395047472191
 10
9.747269560280527
 20
24.79890647472303
 10
9.747269560280527
 20
24.79890647472303
 10
9.747269560280527
 20
24.57386247472232
 10
9.747269560280527
 20
24.34881847472252
 10
9.747269560280527
 20
24.12377347472239
 10
9.747269560280527
 20
24.12377347472239
 10
9.972313560281236
 20
23.89872947472259
 10
9.972313560281236
 20
23.6736854747237
 10
10.19735756028012
 20
23.6736854747237
 10
10.19735756028012
 20
23.44864147472208
 10
10.42240256028299
 20
23.22359647472376
 10
10.64744656027824
 20
22.99855247472215
 10
10.8724905602844
 20
22.99855247472215
 10
10.8724905602844
 20
22.77350847472235
 10
11.09753456028147
 20
22.54846347472221
 10
11.3225795602807
 20
22.54846347472221
 10
11.09753456028147
 20
22.32341947472241
 10
10.8724905602844
 20
22.09837547472262
 10
10.8724905602844
 20
21.87333147472191
 10
10.64744656027824
 20
21.64828647472359
 10
10.42240256028299
 20
21.64828647472359
 10
10.19735756028012
 20
21.42324247472379
 10
10.19735756028012
 20
21.19819847472218
 10
9.972313560281236
 20
20.97315447472238
 10
9.747269560280527
 20
20.97315447472238
 10
9.747269560280527
 20
20.74810947472224
 10
9.747269560280527
 20
20.74810947472224
 10
9.747269560280527
 20
20.52306547472245
 10
9.747269560280527
 20
20.29802147472356
 10
9.747269560280527
 20
20.29802147472356
 10
9.747269560280527
 20
20.07297747472103
 10
9.747269560280527
 20
19.84793247472362
 10
9.522225560283461
 20
19.84793247472362
 10
9.072136560281704
 20
19.84793247472362
 10
9.072136560281704
 20
20.07297747472103
 10
9.072136560281704
 20
20.07297747472103
 10
9.297180560280594
 20
20.07297747472103
 10
9.522225560283461
 20
20.07297747472103
 10
9.522225560283461
 20
20.07297747472103
 10
9.522225560283461
 20
20.29802147472356
 10
9.522225560283461
 20
20.29802147472356
 10
9.522225560283461
 20
20.29802147472356
 10
9.522225560283461
 20
20.52306547472245
 10
9.522225560283461
 20
20.74810947472224
 10
9.522225560283461
 20
20.74810947472224
 10
9.747269560280527
 20
20.97315447472238
 10
9.297180560280594
 20
20.52306547472245
 10
9.297180560280594
 20
20.52306547472245
 10
9.297180560280594
 20
20.52306547472245
 10
9.297180560280594
 20
20.29802147472356
 10
9.297180560280594
 20
20.29802147472356
 10
9.297180560280594
 20
20.29802147472356
 10
9.072136560281704
 20
20.29802147472356
 10
9.072136560281704
 20
20.29802147472356
 10
9.072136560281704
 20
20.74810947472224
 10
9.072136560281704
 20
20.74810947472224
 10
9.297180560280594
 20
20.74810947472224
 10
9.522225560283461
 20
20.97315447472238
 10
9.297180560280594
 20
20.97315447472238
 10
9.072136560281704
 20
20.97315447472238
 10
9.072136560281704
 20
20.97315447472238
 10
9.072136560281704
 20
20.97315447472238
 10
9.522225560283461
 20
21.19819847472218
 10
9.747269560280527
 20
21.19819847472218
 10
10.8724905602844
 20
22.54846347472221
 10
9.747269560280527
 20
23.6736854747237
 10
9.522225560283461
 20
23.6736854747237
 10
9.072136560281704
 20
23.89872947472259
 10
9.072136560281704
 20
23.89872947472259
 10
9.072136560281704
 20
24.12377347472239
 10
9.297180560280594
 20
23.89872947472259
 10
9.522225560283461
 20
23.89872947472259
 10
9.297180560280594
 20
24.12377347472239
 10
9.072136560281704
 20
24.12377347472239
 10
9.072136560281704
 20
24.12377347472239
 10
9.072136560281704
 20
24.57386247472232
 10
9.072136560281704
 20
24.57386247472232
 10
9.297180560280594
 20
24.57386247472232
 10
9.297180560280594
 20
24.57386247472232
 10
9.297180560280594
 20
24.57386247472232
 10
9.297180560280594
 20
24.34881847472252
 10
9.297180560280594
 20
24.34881847472252
 10
9.297180560280594
 20
24.34881847472252
 10
9.522225560283461
 20
23.89872947472259
 10
9.522225560283461
 20
24.12377347472239
 10
9.522225560283461
 20
24.12377347472239
 10
9.522225560283461
 20
24.34881847472252
 10
9.522225560283461
 20
24.34881847472252
 10
9.522225560283461
 20
24.57386247472232
 10
9.522225560283461
 20
24.57386247472232
 10
9.522225560283461
 20
24.79890647472303
 10
9.522225560283461
 20
24.79890647472303
 10
9.297180560280594
 20
24.79890647472303
 10
9.072136560281704
 20
24.79890647472303
 10
9.072136560281704
 20
24.79890647472303
  0
LWPOLYLINE
  5
419
330
30E
100
AcDbEntity
  8
0
  6
CONTINUOUS
 62
    43
100
AcDbPolyline
 90
       98
 70
     1
 43
0.0
 10
9.072136560281704
 20
17.1474014747223
 10
9.522225560283461
 20
17.1474014747223
 10
9.747269560280527
 20
17.1474014747223
 10
9.747269560280527
 20
16.92235747472341
 10
9.747269560280527
 20
16.92235747472341
 10
9.747269560280527
 20
16.69731347472088
 10
9.747269560280527
 20
16.472269474722
 10
9.747269560280527
 20
16.24722447472185
 10
9.747269560280527
 20
16.24722447472185
 10
9.972313560281236
 20
16.02218047472206
 10
9.972313560281236
 20
15.79713647472226
 10
10.19735756028012
 20
15.79713647472226
 10
10.19735756028012
 20
15.57209147472213
 10
10.42240256028299
 20
15.34704747472233
 10
10.64744656027824
 20
15.12200347472344
 10
10.8724905602844
 20
15.12200347472344
 10
10.8724905602844
 20
14.89695947472182
 10
11.09753456028147
 20
14.67191447472351
 10
11.3225795602807
 20
14.44687047472189
 10
11.09753456028147
 20
14.44687047472189
 10
10.8724905602844
 20
14.22182647472209
 10
10.8724905602844
 20
13.99678247472229
 10
10.64744656027824
 20
13.77173747472216
 10
10.42240256028299
 20
13.77173747472216
 10
10.19735756028012
 20
13.54669347472236
 10
10.19735756028012
 20
13.32164947472074
 10
9.972313560281236
 20
13.09660547472185
 10
9.747269560280527
 20
13.09660547472185
 10
9.747269560280527
 20
12.87156047472263
 10
9.747269560280527
 20
12.64651647472192
 10
9.747269560280527
 20
12.64651647472192
 10
9.747269560280527
 20
12.42147247472121
 10
9.747269560280527
 20
12.19642847472232
 10
9.747269560280527
 20
11.97138347472219
 10
9.747269560280527
 20
11.97138347472219
 10
9.522225560283461
 20
11.97138347472219
 10
9.072136560281704
 20
11.97138347472219
 10
9.072136560281704
 20
12.19642847472232
 10
9.072136560281704
 20
12.19642847472232
 10
9.297180560280594
 20
12.19642847472232
 10
9.522225560283461
 20
12.19642847472232
 10
9.522225560283461
 20
12.19642847472232
 10
9.522225560283461
 20
12.19642847472232
 10
9.522225560283461
 20
12.42147247472121
 10
9.522225560283461
 20
12.42147247472121
 10
9.522225560283461
 20
12.64651647472192
 10
9.522225560283461
 20
12.87156047472263
 10
9.522225560283461
 20
12.87156047472263
 10
9.747269560280527
 20
13.09660547472185
 10
9.297180560280594
 20
12.64651647472192
 10
9.297180560280594
 20
12.64651647472192
 10
9.297180560280594
 20
12.42147247472121
 10
9.297180560280594
 20
12.42147247472121
 10
9.297180560280594
 20
12.42147247472121
 10
9.297180560280594
 20
12.19642847472232
 10
9.072136560281704
 20
12.19642847472232
 10
9.072136560281704
 20
12.19642847472232
 10
9.072136560281704
 20
12.87156047472263
 10
9.072136560281704
 20
12.87156047472263
 10
9.297180560280594
 20
12.64651647472192
 10
9.522225560283461
 20
13.09660547472185
 10
9.297180560280594
 20
13.09660547472185
 10
9.072136560281704
 20
12.87156047472263
 10
9.072136560281704
 20
13.09660547472185
 10
9.072136560281704
 20
13.09660547472185
 10
9.522225560283461
 20
13.09660547472185
 10
9.747269560280527
 20
13.32164947472074
 10
10.8724905602844
 20
14.44687047472189
 10
9.747269560280527
 20
15.57209147472213
 10
9.522225560283461
 20
15.79713647472226
 10
9.072136560281704
 20
16.02218047472206
 10
9.072136560281704
 20
16.02218047472206
 10
9.072136560281704
 20
16.24722447472185
 10
9.297180560280594
 20
16.02218047472206
 10
9.522225560283461
 20
16.02218047472206
 10
9.297180560280594
 20
16.24722447472185
 10
9.072136560281704
 20
16.24722447472185
 10
9.072136560281704
 20
16.24722447472185
 10
9.072136560281704
 20
16.69731347472088
 10
9.072136560281704
 20
16.69731347472088
 10
9.297180560280594
 20
16.69731347472088
 10
9.297180560280594
 20
16.69731347472088
 10
9.297180560280594
 20
16.69731347472088
 10
9.297180560280594
 20
16.472269474722
 10
9.297180560280594
 20
16.472269474722
 10
9.297180560280594
 20
16.24722447472185
 10
9.522225560283461
 20
16.02218047472206
 10
9.522225560283461
 20
16.24722447472185
 10
9.522225560283461
 20
16.24722447472185
 10
9.522225560283461
 20
16.472269474722
 10
9.522225560283461
 20
16.472269474722
 10
9.522225560283461
 20
16.69731347472088
 10
9.522225560283461
 20
16.69731347472088
 10
9.522225560283461
 20
16.92235747472341
 10
9.522225560283461
 20
16.92235747472341
 10
9.297180560280594
 20
16.92235747472341
 10
9.072136560281704
 20
16.92235747472341
 10
9.072136560281704
 20
16.92235747472341
  0
LWPOLYLINE
  5
41A
330
30E
100
AcDbEntity
  8
0
  6
CONTINUOUS
 62
    43
100
AcDbPolyline
 90
       98
 70
     1
 43
0.0
 10
9.072136560281704
 20
9.270852474721774
 10
9.522225560283461
 20
9.04580847472107
 10
9.747269560280527
 20
9.270852474721774
 10
9.747269560280527
 20
9.04580847472107
 10
9.747269560280527
 20
8.820764474722182
 10
9.747269560280527
 20
8.820764474722182
 10
9.747269560280527
 20
8.595719474722044
 10
9.747269560280527
 20
8.370675474723157
 10
9.747269560280527
 20
8.145631474720629
 10
9.972313560281236
 20
8.145631474720629
 10
9.972313560281236
 20
7.920587474721741
 10
10.19735756028012
 20
7.920587474721741
 10
10.19735756028012
 20
7.695542474722514
 10
10.42240256028299
 20
7.470498474721805
 10
10.64744656027824
 20
7.245454474721099
 10
10.8724905602844
 20
7.245454474721099
 10
10.8724905602844
 20
7.020410474722212
 10
11.09753456028147
 20
6.795365474722075
 10
11.3225795602807
 20
6.570321474722277
 10
11.09753456028147
 20
6.570321474722277
 10
10.8724905602844
 20
6.345277474721567
 10
10.8724905602844
 20
6.120233474720862
 10
10.64744656027824
 20
5.895188474721633
 10
10.42240256028299
 20
5.670144474720927
 10
10.19735756028012
 20
5.670144474720927
 10
10.19735756028012
 20
5.445100474722039
 10
9.972313560281236
 20
5.220056474722242
 10
9.747269560280527
 20
5.220056474722242
 10
9.747269560280527
 20
4.995011474722105
 10
9.747269560280527
 20
4.769967474722307
 10
9.747269560280527
 20
4.769967474722307
 10
9.747269560280527
 20
4.544923474721597
 10
9.747269560280527
 20
4.319879474722711
 10
9.747269560280527
 20
4.319879474722711
 10
9.747269560280527
 20
4.094834474721665
 10
9.522225560283461
 20
4.094834474721665
 10
9.072136560281704
 20
4.094834474721665
 10
9.072136560281704
 20
4.319879474722711
 10
9.072136560281704
 20
4.319879474722711
 10
9.297180560280594
 20
4.319879474722711
 10
9.522225560283461
 20
4.319879474722711
 10
9.522225560283461
 20
4.319879474722711
 10
9.522225560283461
 20
4.544923474721597
 10
9.522225560283461
 20
4.544923474721597
 10
9.522225560283461
 20
4.544923474721597
 10
9.522225560283461
 20
4.769967474722307
 10
9.522225560283461
 20
4.769967474722307
 10
9.522225560283461
 20
4.995011474722105
 10
9.747269560280527
 20
5.220056474722242
 10
9.297180560280594
 20
4.769967474722307
 10
9.297180560280594
 20
4.769967474722307
 10
9.297180560280594
 20
4.544923474721597
 10
9.297180560280594
 20
4.544923474721597
 10
9.297180560280594
 20
4.544923474721597
 10
9.297180560280594
 20
4.544923474721597
 10
9.072136560281704
 20
4.319879474722711
 10
9.072136560281704
 20
4.319879474722711
 10
9.072136560281704
 20
4.995011474722105
 10
9.072136560281704
 20
4.995011474722105
 10
9.297180560280594
 20
4.769967474722307
 10
9.522225560283461
 20
5.220056474722242
 10
9.297180560280594
 20
4.995011474722105
 10
9.072136560281704
 20
4.995011474722105
 10
9.072136560281704
 20
5.220056474722242
 10
9.072136560281704
 20
5.220056474722242
 10
9.522225560283461
 20
5.220056474722242
 10
9.747269560280527
 20
5.445100474722039
 10
10.8724905602844
 20
6.570321474722277
 10
9.747269560280527
 20
7.695542474722514
 10
9.522225560283461
 20
7.920587474721741
 10
9.072136560281704
 20
8.145631474720629
 10
9.072136560281704
 20
8.145631474720629
 10
9.072136560281704
 20
8.145631474720629
 10
9.297180560280594
 20
8.145631474720629
 10
9.522225560283461
 20
8.145631474720629
 10
9.297180560280594
 20
8.370675474723157
 10
9.072136560281704
 20
8.370675474723157
 10
9.072136560281704
 20
8.370675474723157
 10
9.072136560281704
 20
8.820764474722182
 10
9.072136560281704
 20
8.820764474722182
 10
9.297180560280594
 20
8.820764474722182
 10
9.297180560280594
 20
8.820764474722182
 10
9.297180560280594
 20
8.595719474722044
 10
9.297180560280594
 20
8.595719474722044
 10
9.297180560280594
 20
8.595719474722044
 10
9.297180560280594
 20
8.370675474723157
 10
9.522225560283461
 20
8.145631474720629
 10
9.522225560283461
 20
8.370675474723157
 10
9.522225560283461
 20
8.370675474723157
 10
9.522225560283461
 20
8.595719474722044
 10
9.522225560283461
 20
8.595719474722044
 10
9.522225560283461
 20
8.820764474722182
 10
9.522225560283461
 20
8.820764474722182
 10
9.522225560283461
 20
9.04580847472107
 10
9.522225560283461
 20
9.04580847472107
 10
9.297180560280594
 20
9.04580847472107
 10
9.072136560281704
 20
9.04580847472107
 10
9.072136560281704
 20
9.04580847472107
  0
LWPOLYLINE
  5
41B
330
30E
100
AcDbEntity
  8
0
  6
CONTINUOUS
 62
    43
100
AcDbPolyline
 90
       98
 70
     1
 43
0.0
 10
9.072136560281704
 20
1.169259474723274
 10
9.522225560283461
 20
1.169259474723274
 10
9.747269560280527
 20
1.394303474722162
 10
9.747269560280527
 20
1.169259474723274
 10
9.747269560280527
 20
0.9442154747225686
 10
9.747269560280527
 20
0.9442154747225686
 10
9.747269560280527
 20
0.7191704747215228
 10
9.747269560280527
 20
0.4941264747208153
 10
9.747269560280527
 20
0.2690824747228362
 10
9.972313560281236
 20
0.2690824747228362
 10
9.972313560281236
 20
0.0440384747221288
 10
10.19735756028012
 20
-0.1810065252789172
 10
10.19735756028012
 20
-0.1810065252789172
 10
10.42240256028299
 20
-0.4060505252778058
 10
10.64744656027824
 20
-0.6310945252776037
 10
10.8724905602844
 20
-0.8561385252774016
 10
10.8724905602844
 20
-0.8561385252774016
 10
11.09753456028147
 20
-1.081183525277537
 10
11.3225795602807
 20
-1.306227525276426
 10
11.09753456028147
 20
-1.306227525276426
 10
10.8724905602844
 20
-1.531271525276224
 10
10.8724905602844
 20
-1.75631552527784
 10
10.64744656027824
 20
-1.981360525277975
 10
10.42240256028299
 20
-2.206404525276865
 10
10.19735756028012
 20
-2.206404525276865
 10
10.19735756028012
 20
-2.431448525277573
 10
9.972313560281236
 20
-2.656492525276461
 10
9.747269560280527
 20
-2.656492525276461
 10
9.747269560280527
 20
-2.881537525277508
 10
9.747269560280527
 20
-3.106581525277306
 10
9.747269560280527
 20
-3.106581525277306
 10
9.747269560280527
 20
-3.331625525278013
 10
9.747269560280527
 20
-3.556670525279058
 10
9.747269560280527
 20
-3.781714525277038
 10
9.747269560280527
 20
-3.781714525277038
 10
9.522225560283461
 20
-3.781714525277038
 10
9.072136560281704
 20
-3.781714525277038
 10
9.072136560281704
 20
-3.556670525279058
 10
9.072136560281704
 20
-3.556670525279058
 10
9.297180560280594
 20
-3.556670525279058
 10
9.522225560283461
 20
-3.556670525279058
 10
9.522225560283461
 20
-3.556670525279058
 10
9.522225560283461
 20
-3.556670525279058
 10
9.522225560283461
 20
-3.331625525278013
 10
9.522225560283461
 20
-3.331625525278013
 10
9.522225560283461
 20
-3.106581525277306
 10
9.522225560283461
 20
-3.106581525277306
 10
9.522225560283461
 20
-2.881537525277508
 10
9.747269560280527
 20
-2.881537525277508
 10
9.297180560280594
 20
-3.106581525277306
 10
9.297180560280594
 20
-3.106581525277306
 10
9.297180560280594
 20
-3.331625525278013
 10
9.297180560280594
 20
-3.331625525278013
 10
9.297180560280594
 20
-3.331625525278013
 10
9.297180560280594
 20
-3.556670525279058
 10
9.072136560281704
 20
-3.556670525279058
 10
9.072136560281704
 20
-3.556670525279058
 10
9.072136560281704
 20
-2.881537525277508
 10
9.072136560281704
 20
-2.881537525277508
 10
9.297180560280594
 20
-3.106581525277306
 10
9.522225560283461
 20
-2.656492525276461
 10
9.297180560280594
 20
-2.881537525277508
 10
9.072136560281704
 20
-2.881537525277508
 10
9.072136560281704
 20
-2.656492525276461
 10
9.072136560281704
 20
-2.656492525276461
 10
9.522225560283461
 20
-2.656492525276461
 10
9.747269560280527
 20
-2.431448525277573
 10
10.8724905602844
 20
-1.306227525276426
 10
9.747269560280527
 20
-0.1810065252789172
 10
9.522225560283461
 20
0.0440384747221288
 10
9.072136560281704
 20
0.2690824747228362
 10
9.072136560281704
 20
0.2690824747228362
 10
9.072136560281704
 20
0.2690824747228362
 10
9.297180560280594
 20
0.2690824747228362
 10
9.522225560283461
 20
0.2690824747228362
 10
9.297180560280594
 20
0.4941264747208153
 10
9.072136560281704
 20
0.4941264747208153
 10
9.072136560281704
 20
0.4941264747208153
 10
9.072136560281704
 20
0.9442154747225686
 10
9.072136560281704
 20
0.9442154747225686
 10
9.297180560280594
 20
0.9442154747225686
 10
9.297180560280594
 20
0.9442154747225686
 10
9.297180560280594
 20
0.7191704747215228
 10
9.297180560280594
 20
0.7191704747215228
 10
9.297180560280594
 20
0.7191704747215228
 10
9.297180560280594
 20
0.4941264747208153
 10
9.522225560283461
 20
0.2690824747228362
 10
9.522225560283461
 20
0.4941264747208153
 10
9.522225560283461
 20
0.4941264747208153
 10
9.522225560283461
 20
0.7191704747215228
 10
9.522225560283461
 20
0.7191704747215228
 10
9.522225560283461
 20
0.9442154747225686
 10
9.522225560283461
 20
0.9442154747225686
 10
9.522225560283461
 20
1.169259474723274
 10
9.522225560283461
 20
1.169259474723274
 10
9.297180560280594
 20
1.169259474723274
 10
9.072136560281704
 20
1.169259474723274
 10
9.072136560281704
 20
1.169259474723274
  0
LWPOLYLINE
  5
41C
330
30E
100
AcDbEntity
  8
0
  6
CONTINUOUS
 62
    43
100
AcDbPolyline
 90
       98
 70
     1
 43
0.0
 10
9.072136560281704
 20
-6.707289525276338
 10
9.522225560283461
 20
-6.707289525276338
 10
9.747269560280527
 20
-6.482245525277448
 10
9.747269560280527
 20
-6.707289525276338
 10
9.747269560280527
 20
-6.932333525277954
 10
9.747269560280527
 20
-7.15737852527627
 10
9.747269560280527
 20
-7.15737852527627
 10
9.747269560280527
 20
-7.382422525277888
 10
9.747269560280527
 20
-7.607466525277684
 10
9.972313560281236
 20
-7.607466525277684
 10
9.972313560281236
 20
-7.832510525277482
 10
10.19735756028012
 20
-8.057555525277621
 10
10.19735756028012
 20
-8.057555525277621
 10
10.42240256028299
 20
-8.28259952527742
 10
10.64744656027824
 20
-8.507643525278127
 10
10.8724905602844
 20
-8.732687525277923
 10
10.8724905602844
 20
-8.732687525277923
 10
11.09753456028147
 20
-8.957732525276242
 10
11.3225795602807
 20
-9.182776525277859
 10
11.09753456028147
 20
-9.407820525277657
 10
10.8724905602844
 20
-9.407820525277657
 10
10.8724905602844
 20
-9.632865525277793
 10
10.64744656027824
 20
-9.857909525277591
 10
10.42240256028299
 20
-10.08295352527648
 10
10.19735756028012
 20
-10.08295352527648
 10
10.19735756028012
 20
-10.30799752527809
 10
9.972313560281236
 20
-10.53304252527641
 10
9.747269560280527
 20
-10.53304252527641
 10
9.747269560280527
 20
-10.75808652527803
 10
9.747269560280527
 20
-10.98313052527783
 10
9.747269560280527
 20
-10.98313052527783
 10
9.747269560280527
 20
-11.20817452527762
 10
9.747269560280527
 20
-11.43321952527776
 10
9.747269560280527
 20
-11.65826352527756
 10
9.747269560280527
 20
-11.65826352527756
 10
9.522225560283461
 20
-11.65826352527756
 10
9.072136560281704
 20
-11.65826352527756
 10
9.072136560281704
 20
-11.43321952527776
 10
9.072136560281704
 20
-11.43321952527776
 10
9.297180560280594
 20
-11.43321952527776
 10
9.522225560283461
 20
-11.65826352527756
 10
9.522225560283461
 20
-11.43321952527776
 10
9.522225560283461
 20
-11.43321952527776
 10
9.522225560283461
 20
-11.20817452527762
 10
9.522225560283461
 20
-11.20817452527762
 10
9.522225560283461
 20
-10.98313052527783
 10
9.522225560283461
 20
-10.98313052527783
 10
9.522225560283461
 20
-10.75808652527803
 10
9.747269560280527
 20
-10.75808652527803
 10
9.297180560280594
 20
-10.98313052527783
 10
9.297180560280594
 20
-10.98313052527783
 10
9.297180560280594
 20
-11.20817452527762
 10
9.297180560280594
 20
-11.20817452527762
 10
9.297180560280594
 20
-11.20817452527762
 10
9.297180560280594
 20
-11.43321952527776
 10
9.072136560281704
 20
-11.43321952527776
 10
9.072136560281704
 20
-11.43321952527776
 10
9.072136560281704
 20
-10.98313052527783
 10
9.072136560281704
 20
-10.98313052527783
 10
9.297180560280594
 20
-10.98313052527783
 10
9.522225560283461
 20
-10.53304252527641
 10
9.297180560280594
 20
-10.75808652527803
 10
9.072136560281704
 20
-10.75808652527803
 10
9.072136560281704
 20
-10.53304252527641
 10
9.072136560281704
 20
-10.53304252527641
 10
9.522225560283461
 20
-10.53304252527641
 10
9.747269560280527
 20
-10.30799752527809
 10
10.8724905602844
 20
-9.182776525277859
 10
9.747269560280527
 20
-8.057555525277621
 10
9.522225560283461
 20
-7.832510525277482
 10
9.072136560281704
 20
-7.832510525277482
 10
9.072136560281704
 20
-7.832510525277482
 10
9.072136560281704
 20
-7.607466525277684
 10
9.297180560280594
 20
-7.607466525277684
 10
9.522225560283461
 20
-7.607466525277684
 10
9.297180560280594
 20
-7.382422525277888
 10
9.072136560281704
 20
-7.382422525277888
 10
9.072136560281704
 20
-7.382422525277888
 10
9.072136560281704
 20
-6.932333525277954
 10
9.072136560281704
 20
-6.932333525277954
 10
9.297180560280594
 20
-6.932333525277954
 10
9.297180560280594
 20
-6.932333525277954
 10
9.297180560280594
 20
-7.15737852527627
 10
9.297180560280594
 20
-7.15737852527627
 10
9.297180560280594
 20
-7.15737852527627
 10
9.297180560280594
 20
-7.382422525277888
 10
9.522225560283461
 20
-7.607466525277684
 10
9.522225560283461
 20
-7.607466525277684
 10
9.522225560283461
 20
-7.382422525277888
 10
9.522225560283461
 20
-7.15737852527627
 10
9.522225560283461
 20
-7.15737852527627
 10
9.522225560283461
 20
-6.932333525277954
 10
9.522225560283461
 20
-6.932333525277954
 10
9.522225560283461
 20
-6.932333525277954
 10
9.522225560283461
 20
-6.707289525276338
 10
9.297180560280594
 20
-6.707289525276338
 10
9.072136560281704
 20
-6.707289525276338
 10
9.072136560281704
 20
-6.707289525276338
  0
LWPOLYLINE
  5
41D
330
30E
100
AcDbEntity
  8
0
  6
CONTINUOUS
 62
    43
100
AcDbPolyline
 90
       98
 70
     1
 43
0.0
 10
9.072136560281704
 20
-14.58383852527868
 10
9.522225560283461
 20
-14.58383852527868
 10
9.747269560280527
 20
-14.35879452527797
 10
9.747269560280527
 20
-14.58383852527868
 10
9.747269560280527
 20
-14.80888252527757
 10
9.747269560280527
 20
-15.03392752527769
 10
9.747269560280527
 20
-15.03392752527769
 10
9.747269560280527
 20
-15.25897152527659
 10
9.747269560280527
 20
-15.48401552527912
 10
9.972313560281236
 20
-15.48401552527912
 10
9.972313560281236
 20
-15.70905952527801
 10
10.19735756028012
 20
-15.93410452527814
 10
10.19735756028012
 20
-15.93410452527814
 10
10.42240256028299
 20
-16.15914852527794
 10
10.64744656027824
 20
-16.38419252527774
 10
10.8724905602844
 20
-16.60923752527788
 10
10.8724905602844
 20
-16.83428152527767
 10
11.09753456028147
 20
-16.83428152527767
 10
11.3225795602807
 20
-17.05932552527838
 10
11.09753456028147
 20
-17.28436952527818
 10
10.8724905602844
 20
-17.5094145252774
 10
10.8724905602844
 20
-17.5094145252774
 10
10.64744656027824
 20
-17.73445852527811
 10
10.42240256028299
 20
-17.95950252527882
 10
10.19735756028012
 20
-18.18454652527771
 10
10.19735756028012
 20
-18.18454652527771
 10
9.972313560281236
 20
-18.40959152527785
 10
9.747269560280527
 20
-18.63463552527673
 10
9.747269560280527
 20
-18.63463552527673
 10
9.747269560280527
 20
-18.85967952527926
 10
9.747269560280527
 20
-19.08472352527815
 10
9.747269560280527
 20
-19.08472352527815
 10
9.747269560280527
 20
-19.30976852527829
 10
9.747269560280527
 20
-19.53481252527808
 10
9.747269560280527
 20
-19.75985652527788
 10
9.522225560283461
 20
-19.53481252527808
 10
9.072136560281704
 20
-19.53481252527808
 10
9.072136560281704
 20
-19.53481252527808
 10
9.072136560281704
 20
-19.53481252527808
 10
9.297180560280594
 20
-19.53481252527808
 10
9.522225560283461
 20
-19.53481252527808
 10
9.522225560283461
 20
-19.30976852527829
 10
9.522225560283461
 20
-19.30976852527829
 10
9.522225560283461
 20
-19.08472352527815
 10
9.522225560283461
 20
-19.08472352527815
 10
9.522225560283461
 20
-18.85967952527926
 10
9.522225560283461
 20
-18.85967952527926
 10
9.522225560283461
 20
-18.63463552527673
 10
9.747269560280527
 20
-18.63463552527673
 10
9.297180560280594
 20
-18.85967952527926
 10
9.297180560280594
 20
-19.08472352527815
 10
9.297180560280594
 20
-19.08472352527815
 10
9.297180560280594
 20
-19.08472352527815
 10
9.297180560280594
 20
-19.30976852527829
 10
9.297180560280594
 20
-19.30976852527829
 10
9.072136560281704
 20
-19.30976852527829
 10
9.072136560281704
 20
-19.30976852527829
 10
9.072136560281704
 20
-18.85967952527926
 10
9.072136560281704
 20
-18.85967952527926
 10
9.297180560280594
 20
-18.85967952527926
 10
9.522225560283461
 20
-18.40959152527785
 10
9.297180560280594
 20
-18.63463552527673
 10
9.072136560281704
 20
-18.63463552527673
 10
9.072136560281704
 20
-18.40959152527785
 10
9.072136560281704
 20
-18.40959152527785
 10
9.522225560283461
 20
-18.40959152527785
 10
9.747269560280527
 20
-18.18454652527771
 10
10.8724905602844
 20
-17.05932552527838
 10
9.747269560280527
 20
-15.93410452527814
 10
9.522225560283461
 20
-15.70905952527801
 10
9.072136560281704
 20
-15.70905952527801
 10
9.072136560281704
 20
-15.70905952527801
 10
9.072136560281704
 20
-15.48401552527912
 10
9.297180560280594
 20
-15.48401552527912
 10
9.522225560283461
 20
-15.70905952527801
 10
9.297180560280594
 20
-15.25897152527659
 10
9.072136560281704
 20
-15.25897152527659
 10
9.072136560281704
 20
-15.25897152527659
 10
9.072136560281704
 20
-14.80888252527757
 10
9.072136560281704
 20
-14.80888252527757
 10
9.297180560280594
 20
-14.80888252527757
 10
9.297180560280594
 20
-15.03392752527769
 10
9.297180560280594
 20
-15.03392752527769
 10
9.297180560280594
 20
-15.03392752527769
 10
9.297180560280594
 20
-15.25897152527659
 10
9.297180560280594
 20
-15.25897152527659
 10
9.522225560283461
 20
-15.48401552527912
 10
9.522225560283461
 20
-15.48401552527912
 10
9.522225560283461
 20
-15.25897152527659
 10
9.522225560283461
 20
-15.25897152527659
 10
9.522225560283461
 20
-15.03392752527769
 10
9.522225560283461
 20
-15.03392752527769
 10
9.522225560283461
 20
-14.80888252527757
 10
9.522225560283461
 20
-14.80888252527757
 10
9.522225560283461
 20
-14.58383852527868
 10
9.297180560280594
 20
-14.80888252527757
 10
9.072136560281704
 20
-14.80888252527757
 10
9.072136560281704
 20
-14.80888252527757
  0
LWPOLYLINE
  5
41E
330
30E
100
AcDbEntity
  8
0
  6
CONTINUOUS
 62
    43
100
AcDbPolyline
 90
       98
 70
     1
 43
0.0
 10
9.072136560281704
 20
-22.46038752527828
 10
9.522225560283461
 20
-22.46038752527828
 10
9.747269560280527
 20
-22.46038752527828
 10
9.747269560280527
 20
-22.46038752527828
 10
9.747269560280527
 20
-22.68543252527752
 10
9.747269560280527
 20
-22.91047652527823
 10
9.747269560280527
 20
-23.13552052527894
 10
9.747269560280527
 20
-23.13552052527894
 10
9.747269560280527
 20
-23.36056452527782
 10
9.972313560281236
 20
-23.58560952527796
 10
9.972313560281236
 20
-23.58560952527796
 10
10.19735756028012
 20
-23.81065352527776
 10
10.19735756028012
 20
-24.03569752527938
 10
10.42240256028299
 20
-24.03569752527938
 10
10.64744656027824
 20
-24.26074152527827
 10
10.8724905602844
 20
-24.4857865252784
 10
10.8724905602844
 20
-24.71083052527911
 10
11.09753456028147
 20
-24.71083052527911
 10
11.3225795602807
 20
-24.935874525278
 10
11.09753456028147
 20
-25.16091852527779
 10
10.8724905602844
 20
-25.38596352527793
 10
10.8724905602844
 20
-25.38596352527793
 10
10.64744656027824
 20
-25.61100752527773
 10
10.42240256028299
 20
-25.83605152527662
 10
10.19735756028012
 20
-26.06109552527732
 10
10.19735756028012
 20
-26.06109552527732
 10
9.972313560281236
 20
-26.28614052527837
 10
9.747269560280527
 20
-26.51118452527908
 10
9.747269560280527
 20
-26.51118452527908
 10
9.747269560280527
 20
-26.73622852527797
 10
9.747269560280527
 20
-26.96127252527777
 10
9.747269560280527
 20
-27.1863175252779
 10
9.747269560280527
 20
-27.1863175252779
 10
9.747269560280527
 20
-27.4113615252777
 10
9.747269560280527
 20
-27.6364055252775
 10
9.522225560283461
 20
-27.4113615252777
 10
9.072136560281704
 20
-27.4113615252777
 10
9.072136560281704
 20
-27.4113615252777
 10
9.072136560281704
 20
-27.4113615252777
 10
9.297180560280594
 20
-27.4113615252777
 10
9.522225560283461
 20
-27.4113615252777
 10
9.522225560283461
 20
-27.1863175252779
 10
9.522225560283461
 20
-27.1863175252779
 10
9.522225560283461
 20
-27.1863175252779
 10
9.522225560283461
 20
-26.96127252527777
 10
9.522225560283461
 20
-26.96127252527777
 10
9.522225560283461
 20
-26.73622852527797
 10
9.522225560283461
 20
-26.51118452527908
 10
9.747269560280527
 20
-26.51118452527908
 10
9.297180560280594
 20
-26.73622852527797
 10
9.297180560280594
 20
-26.96127252527777
 10
9.297180560280594
 20
-26.96127252527777
 10
9.297180560280594
 20
-26.96127252527777
 10
9.297180560280594
 20
-27.1863175252779
 10
9.297180560280594
 20
-27.1863175252779
 10
9.072136560281704
 20
-27.1863175252779
 10
9.072136560281704
 20
-27.1863175252779
 10
9.072136560281704
 20
-26.73622852527797
 10
9.072136560281704
 20
-26.73622852527797
 10
9.297180560280594
 20
-26.73622852527797
 10
9.522225560283461
 20
-26.51118452527908
 10
9.297180560280594
 20
-26.51118452527908
 10
9.072136560281704
 20
-26.51118452527908
 10
9.072136560281704
 20
-26.28614052527837
 10
9.072136560281704
 20
-26.28614052527837
 10
9.522225560283461
 20
-26.28614052527837
 10
9.747269560280527
 20
-26.06109552527732
 10
10.8724905602844
 20
-24.935874525278
 10
9.747269560280527
 20
-23.81065352527776
 10
9.522225560283461
 20
-23.58560952527796
 10
9.072136560281704
 20
-23.58560952527796
 10
9.072136560281704
 20
-23.58560952527796
 10
9.072136560281704
 20
-23.36056452527782
 10
9.297180560280594
 20
-23.36056452527782
 10
9.522225560283461
 20
-23.58560952527796
 10
9.297180560280594
 20
-23.13552052527894
 10
9.072136560281704
 20
-23.13552052527894
 10
9.072136560281704
 20
-23.13552052527894
 10
9.072136560281704
 20
-22.68543252527752
 10
9.072136560281704
 20
-22.68543252527752
 10
9.297180560280594
 20
-22.68543252527752
 10
9.297180560280594
 20
-22.91047652527823
 10
9.297180560280594
 20
-22.91047652527823
 10
9.297180560280594
 20
-22.91047652527823
 10
9.297180560280594
 20
-23.13552052527894
 10
9.297180560280594
 20
-23.13552052527894
 10
9.522225560283461
 20
-23.58560952527796
 10
9.522225560283461
 20
-23.36056452527782
 10
9.522225560283461
 20
-23.13552052527894
 10
9.522225560283461
 20
-23.13552052527894
 10
9.522225560283461
 20
-22.91047652527823
 10
9.522225560283461
 20
-22.91047652527823
 10
9.522225560283461
 20
-22.68543252527752
 10
9.522225560283461
 20
-22.68543252527752
 10
9.522225560283461
 20
-22.46038752527828
 10
9.297180560280594
 20
-22.68543252527752
 10
9.072136560281704
 20
-22.68543252527752
 10
9.072136560281704
 20
-22.68543252527752
  0
LWPOLYLINE
  5
41F
330
30E
100
AcDbEntity
  8
0
  6
CONTINUOUS
 62
    43
100
AcDbPolyline
 90
       50
 70
     1
 43
0.0
 10
9.072136560281704
 20
25.02395047472191
 10
9.072136560281704
 20
25.02395047472191
 10
8.847092560282817
 20
25.02395047472191
 10
8.397003560281062
 20
25.24899547472205
 10
7.271782560280826
 20
26.37421647472229
 10
6.821693560280892
 20
26.37421647472229
 10
7.046738560280117
 20
26.14917247472249
 10
7.271782560280826
 20
26.14917247472249
 10
7.496826560281532
 20
25.92412747472236
 10
7.496826560281532
 20
25.69908347472347
 10
7.721870560284059
 20
25.47403947472367
 10
7.946915560283286
 20
25.24899547472205
 10
8.171959560282174
 20
25.24899547472205
 10
8.171959560282174
 20
25.02395047472191
 10
8.397003560281062
 20
25.02395047472191
 10
8.397003560281062
 20
24.79890647472303
 10
8.622047560281771
 20
24.57386247472232
 10
8.622047560281771
 20
24.34881847472252
 10
8.622047560281771
 20
24.34881847472252
 10
8.622047560281771
 20
24.12377347472239
 10
8.622047560281771
 20
23.89872947472259
 10
8.397003560281062
 20
23.6736854747237
 10
8.847092560282817
 20
23.89872947472259
 10
9.072136560281704
 20
23.89872947472259
 10
9.072136560281704
 20
24.12377347472239
 10
9.072136560281704
 20
24.12377347472239
 10
8.847092560282817
 20
24.12377347472239
 10
8.622047560281771
 20
23.89872947472259
 10
8.622047560281771
 20
24.12377347472239
 10
8.622047560281771
 20
24.12377347472239
 10
8.622047560281771
 20
24.34881847472252
 10
8.622047560281771
 20
24.34881847472252
 10
8.622047560281771
 20
24.57386247472232
 10
8.622047560281771
 20
24.57386247472232
 10
8.622047560281771
 20
24.79890647472303
 10
8.622047560281771
 20
24.79890647472303
 10
8.847092560282817
 20
24.57386247472232
 10
8.847092560282817
 20
24.34881847472252
 10
8.847092560282817
 20
24.34881847472252
 10
8.847092560282817
 20
24.34881847472252
 10
8.847092560282817
 20
24.12377347472239
 10
9.072136560281704
 20
24.12377347472239
 10
9.072136560281704
 20
24.12377347472239
 10
9.072136560281704
 20
24.12377347472239
 10
9.072136560281704
 20
24.57386247472232
 10
9.072136560281704
 20
24.57386247472232
 10
8.847092560282817
 20
24.57386247472232
 10
8.622047560281771
 20
25.02395047472191
 10
8.847092560282817
 20
24.79890647472303
 10
9.072136560281704
 20
24.79890647472303
  0
LWPOLYLINE
  5
420
330
30E
100
AcDbEntity
  8
0
  6
CONTINUOUS
 62
    43
100
AcDbPolyline
 90
       98
 70
     1
 43
0.0
 10
9.072136560281704
 20
20.97315447472238
 10
8.847092560282817
 20
20.97315447472238
 10
8.397003560281062
 20
20.97315447472238
 10
8.622047560281771
 20
20.97315447472238
 10
8.622047560281771
 20
20.74810947472224
 10
8.622047560281771
 20
20.52306547472245
 10
8.622047560281771
 20
20.52306547472245
 10
8.622047560281771
 20
20.29802147472356
 10
8.397003560281062
 20
20.07297747472103
 10
8.397003560281062
 20
20.07297747472103
 10
8.171959560282174
 20
19.84793247472362
 10
8.171959560282174
 20
19.622888474722
 10
7.946915560283286
 20
19.622888474722
 10
7.721870560284059
 20
19.3978444747222
 10
7.496826560281532
 20
19.17280047472241
 10
7.496826560281532
 20
18.94775547472226
 10
7.271782560280826
 20
18.72271147472247
 10
7.046738560280117
 20
18.72271147472247
 10
6.821693560280892
 20
18.49766747472358
 10
7.046738560280117
 20
18.27262347472197
 10
7.271782560280826
 20
18.04757847472365
 10
7.496826560281532
 20
18.04757847472365
 10
7.496826560281532
 20
17.82253447472203
 10
7.721870560284059
 20
17.59749047472223
 10
7.946915560283286
 20
17.37244647472244
 10
8.171959560282174
 20
17.37244647472244
 10
8.171959560282174
 20
17.1474014747223
 10
8.397003560281062
 20
16.92235747472341
 10
8.397003560281062
 20
16.92235747472341
 10
8.622047560281771
 20
16.69731347472088
 10
8.622047560281771
 20
16.472269474722
 10
8.622047560281771
 20
16.472269474722
 10
8.622047560281771
 20
16.24722447472185
 10
8.622047560281771
 20
16.02218047472206
 10
8.397003560281062
 20
15.79713647472226
 10
8.847092560282817
 20
16.02218047472206
 10
9.072136560281704
 20
16.02218047472206
 10
9.072136560281704
 20
16.24722447472185
 10
9.072136560281704
 20
16.24722447472185
 10
8.847092560282817
 20
16.24722447472185
 10
8.622047560281771
 20
16.02218047472206
 10
8.622047560281771
 20
16.24722447472185
 10
8.622047560281771
 20
16.24722447472185
 10
8.622047560281771
 20
16.24722447472185
 10
8.622047560281771
 20
16.472269474722
 10
8.622047560281771
 20
16.69731347472088
 10
8.622047560281771
 20
16.69731347472088
 10
8.622047560281771
 20
16.92235747472341
 10
8.622047560281771
 20
16.92235747472341
 10
8.847092560282817
 20
16.69731347472088
 10
8.847092560282817
 20
16.472269474722
 10
8.847092560282817
 20
16.472269474722
 10
8.847092560282817
 20
16.472269474722
 10
8.847092560282817
 20
16.24722447472185
 10
9.072136560281704
 20
16.24722447472185
 10
9.072136560281704
 20
16.24722447472185
 10
9.072136560281704
 20
16.24722447472185
 10
9.072136560281704
 20
16.69731347472088
 10
9.072136560281704
 20
16.69731347472088
 10
8.847092560282817
 20
16.69731347472088
 10
8.622047560281771
 20
17.1474014747223
 10
8.847092560282817
 20
16.92235747472341
 10
9.072136560281704
 20
16.92235747472341
 10
9.072136560281704
 20
17.1474014747223
 10
9.072136560281704
 20
17.1474014747223
 10
8.847092560282817
 20
17.1474014747223
 10
8.397003560281062
 20
17.37244647472244
 10
7.271782560280826
 20
18.49766747472358
 10
8.397003560281062
 20
19.622888474722
 10
8.847092560282817
 20
19.84793247472362
 10
9.072136560281704
 20
19.84793247472362
 10
9.072136560281704
 20
19.84793247472362
 10
9.072136560281704
 20
20.07297747472103
 10
8.847092560282817
 20
20.07297747472103
 10
8.622047560281771
 20
19.84793247472362
 10
9.072136560281704
 20
20.29802147472356
 10
9.072136560281704
 20
20.29802147472356
 10
9.072136560281704
 20
20.29802147472356
 10
9.072136560281704
 20
20.74810947472224
 10
9.072136560281704
 20
20.74810947472224
 10
9.072136560281704
 20
20.74810947472224
 10
8.847092560282817
 20
20.52306547472245
 10
8.847092560282817
 20
20.52306547472245
 10
8.847092560282817
 20
20.52306547472245
 10
8.847092560282817
 20
20.29802147472356
 10
8.847092560282817
 20
20.29802147472356
 10
8.622047560281771
 20
20.07297747472103
 10
8.622047560281771
 20
20.07297747472103
 10
8.622047560281771
 20
20.29802147472356
 10
8.622047560281771
 20
20.29802147472356
 10
8.847092560282817
 20
20.52306547472245
 10
8.847092560282817
 20
20.52306547472245
 10
8.847092560282817
 20
20.74810947472224
 10
8.847092560282817
 20
20.74810947472224
 10
8.622047560281771
 20
20.97315447472238
 10
8.847092560282817
 20
20.97315447472238
 10
9.072136560281704
 20
20.97315447472238
 10
9.072136560281704
 20
20.97315447472238
  0
LWPOLYLINE
  5
421
330
30E
100
AcDbEntity
  8
0
  6
CONTINUOUS
 62
    43
100
AcDbPolyline
 90
       98
 70
     1
 43
0.0
 10
9.072136560281704
 20
13.09660547472185
 10
8.847092560282817
 20
13.09660547472185
 10
8.397003560281062
 20
13.09660547472185
 10
8.622047560281771
 20
13.09660547472185
 10
8.622047560281771
 20
12.87156047472263
 10
8.622047560281771
 20
12.64651647472192
 10
8.622047560281771
 20
12.42147247472121
 10
8.622047560281771
 20
12.42147247472121
 10
8.397003560281062
 20
12.19642847472232
 10
8.397003560281062
 20
11.97138347472219
 10
8.171959560282174
 20
11.97138347472219
 10
8.171959560282174
 20
11.7463394747233
 10
7.946915560283286
 20
11.52129547472077
 10
7.721870560284059
 20
11.52129547472077
 10
7.496826560281532
 20
11.29625147472188
 10
7.496826560281532
 20
11.07120647472175
 10
7.271782560280826
 20
10.84616247472195
 10
7.046738560280117
 20
10.84616247472195
 10
6.821693560280892
 20
10.62111847472215
 10
7.046738560280117
 20
10.39607447472053
 10
7.271782560280826
 20
10.17102947472221
 10
7.496826560281532
 20
9.94598547472242
 10
7.496826560281532
 20
9.94598547472242
 10
7.721870560284059
 20
9.720941474721712
 10
7.946915560283286
 20
9.495896474722484
 10
8.171959560282174
 20
9.270852474721774
 10
8.171959560282174
 20
9.270852474721774
 10
8.397003560281062
 20
9.04580847472107
 10
8.397003560281062
 20
9.04580847472107
 10
8.622047560281771
 20
8.820764474722182
 10
8.622047560281771
 20
8.595719474722044
 10
8.622047560281771
 20
8.595719474722044
 10
8.622047560281771
 20
8.370675474723157
 10
8.622047560281771
 20
8.145631474720629
 10
8.397003560281062
 20
7.920587474721741
 10
8.847092560282817
 20
8.145631474720629
 10
9.072136560281704
 20
8.145631474720629
 10
9.072136560281704
 20
8.145631474720629
 10
9.072136560281704
 20
8.145631474720629
 10
8.847092560282817
 20
8.145631474720629
 10
8.622047560281771
 20
8.145631474720629
 10
8.622047560281771
 20
8.145631474720629
 10
8.622047560281771
 20
8.370675474723157
 10
8.622047560281771
 20
8.370675474723157
 10
8.622047560281771
 20
8.595719474722044
 10
8.622047560281771
 20
8.595719474722044
 10
8.622047560281771
 20
8.820764474722182
 10
8.622047560281771
 20
8.820764474722182
 10
8.622047560281771
 20
9.04580847472107
 10
8.847092560282817
 20
8.820764474722182
 10
8.847092560282817
 20
8.595719474722044
 10
8.847092560282817
 20
8.595719474722044
 10
8.847092560282817
 20
8.595719474722044
 10
8.847092560282817
 20
8.370675474723157
 10
9.072136560281704
 20
8.370675474723157
 10
9.072136560281704
 20
8.370675474723157
 10
9.072136560281704
 20
8.370675474723157
 10
9.072136560281704
 20
8.820764474722182
 10
9.072136560281704
 20
8.820764474722182
 10
8.847092560282817
 20
8.820764474722182
 10
8.622047560281771
 20
9.270852474721774
 10
8.847092560282817
 20
9.04580847472107
 10
9.072136560281704
 20
9.04580847472107
 10
9.072136560281704
 20
9.270852474721774
 10
9.072136560281704
 20
9.270852474721774
 10
8.847092560282817
 20
9.270852474721774
 10
8.397003560281062
 20
9.495896474722484
 10
7.271782560280826
 20
10.62111847472215
 10
8.397003560281062
 20
11.7463394747233
 10
8.847092560282817
 20
11.97138347472219
 10
9.072136560281704
 20
11.97138347472219
 10
9.072136560281704
 20
11.97138347472219
 10
9.072136560281704
 20
12.19642847472232
 10
8.847092560282817
 20
12.19642847472232
 10
8.622047560281771
 20
11.97138347472219
 10
9.072136560281704
 20
12.42147247472121
 10
9.072136560281704
 20
12.19642847472232
 10
9.072136560281704
 20
12.19642847472232
 10
9.072136560281704
 20
12.87156047472263
 10
9.072136560281704
 20
12.87156047472263
 10
9.072136560281704
 20
12.87156047472263
 10
8.847092560282817
 20
12.64651647472192
 10
8.847092560282817
 20
12.64651647472192
 10
8.847092560282817
 20
12.64651647472192
 10
8.847092560282817
 20
12.42147247472121
 10
8.847092560282817
 20
12.42147247472121
 10
8.622047560281771
 20
11.97138347472219
 10
8.622047560281771
 20
12.19642847472232
 10
8.622047560281771
 20
12.42147247472121
 10
8.622047560281771
 20
12.42147247472121
 10
8.847092560282817
 20
12.64651647472192
 10
8.847092560282817
 20
12.64651647472192
 10
8.847092560282817
 20
12.87156047472263
 10
8.847092560282817
 20
12.87156047472263
 10
8.622047560281771
 20
12.87156047472263
 10
8.847092560282817
 20
12.87156047472263
 10
9.072136560281704
 20
12.87156047472263
 10
9.072136560281704
 20
12.87156047472263
  0
LWPOLYLINE
  5
422
330
30E
100
AcDbEntity
  8
0
  6
CONTINUOUS
 62
    43
100
AcDbPolyline
 90
       98
 70
     1
 43
0.0
 10
9.072136560281704
 20
5.220056474722242
 10
8.847092560282817
 20
5.220056474722242
 10
8.397003560281062
 20
5.220056474722242
 10
8.622047560281771
 20
5.220056474722242
 10
8.622047560281771
 20
4.995011474722105
 10
8.622047560281771
 20
4.769967474722307
 10
8.622047560281771
 20
4.544923474721597
 10
8.622047560281771
 20
4.544923474721597
 10
8.397003560281062
 20
4.319879474722711
 10
8.397003560281062
 20
4.094834474721665
 10
8.171959560282174
 20
4.094834474721665
 10
8.171959560282174
 20
3.869790474720957
 10
7.946915560283286
 20
3.644746474722068
 10
7.721870560284059
 20
3.644746474722068
 10
7.496826560281532
 20
3.419701474721931
 10
7.496826560281532
 20
3.194657474722133
 10
7.271782560280826
 20
2.969613474723243
 10
7.046738560280117
 20
2.969613474723243
 10
6.821693560280892
 20
2.744569474722538
 10
7.046738560280117
 20
2.51952447472149
 10
7.271782560280826
 20
2.294480474720784
 10
7.496826560281532
 20
2.294480474720784
 10
7.496826560281532
 20
2.069436474721896
 10
7.721870560284059
 20
1.844392474722098
 10
7.946915560283286
 20
1.619347474721958
 10
8.171959560282174
 20
1.394303474722162
 10
8.171959560282174
 20
1.394303474722162
 10
8.397003560281062
 20
1.169259474723274
 10
8.397003560281062
 20
1.169259474723274
 10
8.622047560281771
 20
0.9442154747225686
 10
8.622047560281771
 20
0.7191704747215228
 10
8.622047560281771
 20
0.4941264747208153
 10
8.622047560281771
 20
0.4941264747208153
 10
8.622047560281771
 20
0.2690824747228362
 10
8.397003560281062
 20
0.0440384747221288
 10
8.847092560282817
 20
0.2690824747228362
 10
9.072136560281704
 20
0.2690824747228362
 10
9.072136560281704
 20
0.2690824747228362
 10
9.072136560281704
 20
0.2690824747228362
 10
8.847092560282817
 20
0.2690824747228362
 10
8.622047560281771
 20
0.2690824747228362
 10
8.622047560281771
 20
0.2690824747228362
 10
8.622047560281771
 20
0.4941264747208153
 10
8.622047560281771
 20
0.4941264747208153
 10
8.622047560281771
 20
0.7191704747215228
 10
8.622047560281771
 20
0.7191704747215228
 10
8.622047560281771
 20
0.9442154747225686
 10
8.622047560281771
 20
1.169259474723274
 10
8.622047560281771
 20
1.169259474723274
 10
8.847092560282817
 20
0.9442154747225686
 10
8.847092560282817
 20
0.7191704747215228
 10
8.847092560282817
 20
0.7191704747215228
 10
8.847092560282817
 20
0.7191704747215228
 10
8.847092560282817
 20
0.4941264747208153
 10
9.072136560281704
 20
0.4941264747208153
 10
9.072136560281704
 20
0.4941264747208153
 10
9.072136560281704
 20
0.4941264747208153
 10
9.072136560281704
 20
0.9442154747225686
 10
9.072136560281704
 20
0.9442154747225686
 10
8.847092560282817
 20
0.9442154747225686
 10
8.622047560281771
 20
1.169259474723274
 10
8.847092560282817
 20
1.169259474723274
 10
9.072136560281704
 20
1.169259474723274
 10
9.072136560281704
 20
1.169259474723274
 10
9.072136560281704
 20
1.169259474723274
 10
8.847092560282817
 20
1.394303474722162
 10
8.397003560281062
 20
1.619347474721958
 10
7.271782560280826
 20
2.744569474722538
 10
8.397003560281062
 20
3.869790474720957
 10
8.847092560282817
 20
4.094834474721665
 10
9.072136560281704
 20
4.094834474721665
 10
9.072136560281704
 20
4.094834474721665
 10
9.072136560281704
 20
4.319879474722711
 10
8.847092560282817
 20
4.319879474722711
 10
8.622047560281771
 20
4.094834474721665
 10
9.072136560281704
 20
4.544923474721597
 10
9.072136560281704
 20
4.319879474722711
 10
9.072136560281704
 20
4.319879474722711
 10
9.072136560281704
 20
4.995011474722105
 10
9.072136560281704
 20
4.995011474722105
 10
9.072136560281704
 20
4.995011474722105
 10
8.847092560282817
 20
4.769967474722307
 10
8.847092560282817
 20
4.769967474722307
 10
8.847092560282817
 20
4.769967474722307
 10
8.847092560282817
 20
4.544923474721597
 10
8.847092560282817
 20
4.544923474721597
 10
8.622047560281771
 20
4.094834474721665
 10
8.622047560281771
 20
4.319879474722711
 10
8.622047560281771
 20
4.544923474721597
 10
8.622047560281771
 20
4.544923474721597
 10
8.847092560282817
 20
4.769967474722307
 10
8.847092560282817
 20
4.769967474722307
 10
8.847092560282817
 20
4.995011474722105
 10
8.847092560282817
 20
4.995011474722105
 10
8.622047560281771
 20
5.220056474722242
 10
8.847092560282817
 20
4.995011474722105
 10
9.072136560281704
 20
4.995011474722105
 10
9.072136560281704
 20
4.995011474722105
  0
LWPOLYLINE
  5
423
330
30E
100
AcDbEntity
  8
0
  6
CONTINUOUS
 62
    43
100
AcDbPolyline
 90
       98
 70
     1
 43
0.0
 10
9.072136560281704
 20
-2.656492525276461
 10
8.847092560282817
 20
-2.656492525276461
 10
8.397003560281062
 20
-2.656492525276461
 10
8.622047560281771
 20
-2.881537525277508
 10
8.622047560281771
 20
-2.881537525277508
 10
8.622047560281771
 20
-3.106581525277306
 10
8.622047560281771
 20
-3.331625525278013
 10
8.622047560281771
 20
-3.331625525278013
 10
8.397003560281062
 20
-3.556670525279058
 10
8.397003560281062
 20
-3.781714525277038
 10
8.171959560282174
 20
-3.781714525277038
 10
8.171959560282174
 20
-4.006758525277746
 10
7.946915560283286
 20
-4.231802525277543
 10
7.721870560284059
 20
-4.231802525277543
 10
7.496826560281532
 20
-4.456847525277678
 10
7.496826560281532
 20
-4.681891525276568
 10
7.271782560280826
 20
-4.906935525277277
 10
7.046738560280117
 20
-4.906935525277277
 10
6.821693560280892
 20
-5.131979525277983
 10
7.046738560280117
 20
-5.357024525276298
 10
7.271782560280826
 20
-5.582068525277009
 10
7.496826560281532
 20
-5.807112525277712
 10
7.496826560281532
 20
-5.807112525277712
 10
7.721870560284059
 20
-6.032156525277514
 10
7.946915560283286
 20
-6.25720152527765
 10
8.171959560282174
 20
-6.482245525277448
 10
8.171959560282174
 20
-6.482245525277448
 10
8.397003560281062
 20
-6.707289525276338
 10
8.397003560281062
 20
-6.932333525277954
 10
8.622047560281771
 20
-6.932333525277954
 10
8.622047560281771
 20
-7.15737852527627
 10
8.622047560281771
 20
-7.382422525277888
 10
8.622047560281771
 20
-7.382422525277888
 10
8.622047560281771
 20
-7.607466525277684
 10
8.397003560281062
 20
-7.832510525277482
 10
8.847092560282817
 20
-7.607466525277684
 10
9.072136560281704
 20
-7.832510525277482
 10
9.072136560281704
 20
-7.607466525277684
 10
9.072136560281704
 20
-7.607466525277684
 10
8.847092560282817
 20
-7.607466525277684
 10
8.622047560281771
 20
-7.607466525277684
 10
8.622047560281771
 20
-7.607466525277684
 10
8.622047560281771
 20
-7.382422525277888
 10
8.622047560281771
 20
-7.382422525277888
 10
8.622047560281771
 20
-7.15737852527627
 10
8.622047560281771
 20
-7.15737852527627
 10
8.622047560281771
 20
-6.932333525277954
 10
8.622047560281771
 20
-6.932333525277954
 10
8.622047560281771
 20
-6.707289525276338
 10
8.847092560282817
 20
-7.15737852527627
 10
8.847092560282817
 20
-7.15737852527627
 10
8.847092560282817
 20
-7.15737852527627
 10
8.847092560282817
 20
-7.382422525277888
 10
8.847092560282817
 20
-7.382422525277888
 10
9.072136560281704
 20
-7.382422525277888
 10
9.072136560281704
 20
-7.382422525277888
 10
9.072136560281704
 20
-7.382422525277888
 10
9.072136560281704
 20
-6.932333525277954
 10
9.072136560281704
 20
-6.932333525277954
 10
8.847092560282817
 20
-6.932333525277954
 10
8.622047560281771
 20
-6.707289525276338
 10
8.847092560282817
 20
-6.707289525276338
 10
9.072136560281704
 20
-6.707289525276338
 10
9.072136560281704
 20
-6.707289525276338
 10
9.072136560281704
 20
-6.707289525276338
 10
8.847092560282817
 20
-6.482245525277448
 10
8.397003560281062
 20
-6.25720152527765
 10
7.271782560280826
 20
-5.131979525277983
 10
8.397003560281062
 20
-4.006758525277746
 10
8.847092560282817
 20
-3.781714525277038
 10
9.072136560281704
 20
-3.781714525277038
 10
9.072136560281704
 20
-3.781714525277038
 10
9.072136560281704
 20
-3.556670525279058
 10
8.847092560282817
 20
-3.556670525279058
 10
8.622047560281771
 20
-3.781714525277038
 10
9.072136560281704
 20
-3.556670525279058
 10
9.072136560281704
 20
-3.556670525279058
 10
9.072136560281704
 20
-3.556670525279058
 10
9.072136560281704
 20
-2.881537525277508
 10
9.072136560281704
 20
-2.881537525277508
 10
9.072136560281704
 20
-3.106581525277306
 10
8.847092560282817
 20
-3.106581525277306
 10
8.847092560282817
 20
-3.106581525277306
 10
8.847092560282817
 20
-3.106581525277306
 10
8.847092560282817
 20
-3.331625525278013
 10
8.847092560282817
 20
-3.331625525278013
 10
8.622047560281771
 20
-3.781714525277038
 10
8.622047560281771
 20
-3.556670525279058
 10
8.622047560281771
 20
-3.331625525278013
 10
8.622047560281771
 20
-3.331625525278013
 10
8.847092560282817
 20
-3.106581525277306
 10
8.847092560282817
 20
-3.106581525277306
 10
8.847092560282817
 20
-2.881537525277508
 10
8.847092560282817
 20
-2.881537525277508
 10
8.622047560281771
 20
-2.881537525277508
 10
8.847092560282817
 20
-2.881537525277508
 10
9.072136560281704
 20
-2.881537525277508
 10
9.072136560281704
 20
-2.881537525277508
  0
LWPOLYLINE
  5
424
330
30E
100
AcDbEntity
  8
0
  6
CONTINUOUS
 62
    43
100
AcDbPolyline
 90
       98
 70
     1
 43
0.0
 10
9.072136560281704
 20
-10.53304252527641
 10
8.847092560282817
 20
-10.53304252527641
 10
8.397003560281062
 20
-10.53304252527641
 10
8.622047560281771
 20
-10.75808652527803
 10
8.622047560281771
 20
-10.75808652527803
 10
8.622047560281771
 20
-10.98313052527783
 10
8.622047560281771
 20
-11.20817452527762
 10
8.622047560281771
 20
-11.43321952527776
 10
8.397003560281062
 20
-11.43321952527776
 10
8.397003560281062
 20
-11.65826352527756
 10
8.171959560282174
 20
-11.65826352527756
 10
8.171959560282174
 20
-11.88330752527645
 10
7.946915560283286
 20
-12.10835152527806
 10
7.721870560284059
 20
-12.33339652527638
 10
7.496826560281532
 20
-12.33339652527638
 10
7.496826560281532
 20
-12.558440525278
 10
7.271782560280826
 20
-12.7834845252778
 10
7.046738560280117
 20
-13.0085285252776
 10
6.821693560280892
 20
-13.0085285252776
 10
7.046738560280117
 20
-13.23357352527773
 10
7.271782560280826
 20
-13.45861752527753
 10
7.496826560281532
 20
-13.68366152527824
 10
7.496826560281532
 20
-13.68366152527824
 10
7.721870560284059
 20
-13.90870552527804
 10
7.946915560283286
 20
-14.13375052527817
 10
8.171959560282174
 20
-14.35879452527797
 10
8.171959560282174
 20
-14.35879452527797
 10
8.397003560281062
 20
-14.58383852527868
 10
8.397003560281062
 20
-14.80888252527757
 10
8.622047560281771
 20
-14.80888252527757
 10
8.622047560281771
 20
-15.03392752527769
 10
8.622047560281771
 20
-15.25897152527659
 10
8.622047560281771
 20
-15.48401552527912
 10
8.622047560281771
 20
-15.48401552527912
 10
8.397003560281062
 20
-15.70905952527801
 10
8.847092560282817
 20
-15.70905952527801
 10
9.072136560281704
 20
-15.70905952527801
 10
9.072136560281704
 20
-15.48401552527912
 10
9.072136560281704
 20
-15.48401552527912
 10
8.847092560282817
 20
-15.48401552527912
 10
8.622047560281771
 20
-15.48401552527912
 10
8.622047560281771
 20
-15.48401552527912
 10
8.622047560281771
 20
-15.25897152527659
 10
8.622047560281771
 20
-15.25897152527659
 10
8.622047560281771
 20
-15.03392752527769
 10
8.622047560281771
 20
-15.03392752527769
 10
8.622047560281771
 20
-14.80888252527757
 10
8.622047560281771
 20
-14.80888252527757
 10
8.622047560281771
 20
-14.58383852527868
 10
8.847092560282817
 20
-15.03392752527769
 10
8.847092560282817
 20
-15.03392752527769
 10
8.847092560282817
 20
-15.03392752527769
 10
8.847092560282817
 20
-15.25897152527659
 10
8.847092560282817
 20
-15.25897152527659
 10
9.072136560281704
 20
-15.25897152527659
 10
9.072136560281704
 20
-15.25897152527659
 10
9.072136560281704
 20
-15.25897152527659
 10
9.072136560281704
 20
-14.80888252527757
 10
9.072136560281704
 20
-14.80888252527757
 10
8.847092560282817
 20
-14.80888252527757
 10
8.622047560281771
 20
-14.58383852527868
 10
8.847092560282817
 20
-14.58383852527868
 10
9.072136560281704
 20
-14.80888252527757
 10
9.072136560281704
 20
-14.58383852527868
 10
9.072136560281704
 20
-14.58383852527868
 10
8.847092560282817
 20
-14.35879452527797
 10
8.397003560281062
 20
-14.35879452527797
 10
7.271782560280826
 20
-13.0085285252776
 10
8.397003560281062
 20
-11.88330752527645
 10
8.847092560282817
 20
-11.88330752527645
 10
9.072136560281704
 20
-11.65826352527756
 10
9.072136560281704
 20
-11.65826352527756
 10
9.072136560281704
 20
-11.43321952527776
 10
8.847092560282817
 20
-11.65826352527756
 10
8.622047560281771
 20
-11.65826352527756
 10
9.072136560281704
 20
-11.43321952527776
 10
9.072136560281704
 20
-11.43321952527776
 10
9.072136560281704
 20
-11.43321952527776
 10
9.072136560281704
 20
-10.98313052527783
 10
9.072136560281704
 20
-10.98313052527783
 10
9.072136560281704
 20
-10.98313052527783
 10
8.847092560282817
 20
-10.98313052527783
 10
8.847092560282817
 20
-10.98313052527783
 10
8.847092560282817
 20
-11.20817452527762
 10
8.847092560282817
 20
-11.20817452527762
 10
8.847092560282817
 20
-11.20817452527762
 10
8.622047560281771
 20
-11.65826352527756
 10
8.622047560281771
 20
-11.43321952527776
 10
8.622047560281771
 20
-11.43321952527776
 10
8.622047560281771
 20
-11.20817452527762
 10
8.847092560282817
 20
-10.98313052527783
 10
8.847092560282817
 20
-10.98313052527783
 10
8.847092560282817
 20
-10.98313052527783
 10
8.847092560282817
 20
-10.75808652527803
 10
8.622047560281771
 20
-10.75808652527803
 10
8.847092560282817
 20
-10.75808652527803
 10
9.072136560281704
 20
-10.75808652527803
 10
9.072136560281704
 20
-10.75808652527803
  0
LWPOLYLINE
  5
425
330
30E
100
AcDbEntity
  8
0
  6
CONTINUOUS
 62
    43
100
AcDbPolyline
 90
       98
 70
     1
 43
0.0
 10
9.072136560281704
 20
-18.40959152527785
 10
8.847092560282817
 20
-18.40959152527785
 10
8.397003560281062
 20
-18.40959152527785
 10
8.622047560281771
 20
-18.63463552527673
 10
8.622047560281771
 20
-18.63463552527673
 10
8.622047560281771
 20
-18.85967952527926
 10
8.622047560281771
 20
-19.08472352527815
 10
8.622047560281771
 20
-19.30976852527829
 10
8.397003560281062
 20
-19.30976852527829
 10
8.397003560281062
 20
-19.53481252527808
 10
8.171959560282174
 20
-19.75985652527788
 10
8.171959560282174
 20
-19.75985652527788
 10
7.946915560283286
 20
-19.98490052527859
 10
7.721870560284059
 20
-20.20994552527782
 10
7.496826560281532
 20
-20.43498952527762
 10
7.496826560281532
 20
-20.43498952527762
 10
7.271782560280826
 20
-20.66003352527832
 10
7.046738560280117
 20
-20.88507752527812
 10
6.821693560280892
 20
-21.11012252527826
 10
7.046738560280117
 20
-21.11012252527826
 10
7.271782560280826
 20
-21.33516652527896
 10
7.496826560281532
 20
-21.56021052527785
 10
7.496826560281532
 20
-21.78525452527765
 10
7.721870560284059
 20
-21.78525452527765
 10
7.946915560283286
 20
-22.01029952527779
 10
8.171959560282174
 20
-22.2353435252794
 10
8.171959560282174
 20
-22.46038752527828
 10
8.397003560281062
 20
-22.46038752527828
 10
8.397003560281062
 20
-22.68543252527752
 10
8.622047560281771
 20
-22.68543252527752
 10
8.622047560281771
 20
-22.91047652527823
 10
8.622047560281771
 20
-23.13552052527894
 10
8.622047560281771
 20
-23.36056452527782
 10
8.622047560281771
 20
-23.36056452527782
 10
8.397003560281062
 20
-23.58560952527796
 10
8.847092560282817
 20
-23.58560952527796
 10
9.072136560281704
 20
-23.58560952527796
 10
9.072136560281704
 20
-23.36056452527782
 10
9.072136560281704
 20
-23.36056452527782
 10
8.847092560282817
 20
-23.36056452527782
 10
8.622047560281771
 20
-23.36056452527782
 10
8.622047560281771
 20
-23.36056452527782
 10
8.622047560281771
 20
-23.13552052527894
 10
8.622047560281771
 20
-23.13552052527894
 10
8.622047560281771
 20
-23.13552052527894
 10
8.622047560281771
 20
-22.91047652527823
 10
8.622047560281771
 20
-22.68543252527752
 10
8.622047560281771
 20
-22.68543252527752
 10
8.622047560281771
 20
-22.46038752527828
 10
8.847092560282817
 20
-22.91047652527823
 10
8.847092560282817
 20
-22.91047652527823
 10
8.847092560282817
 20
-23.13552052527894
 10
8.847092560282817
 20
-23.13552052527894
 10
8.847092560282817
 20
-23.13552052527894
 10
9.072136560281704
 20
-23.13552052527894
 10
9.072136560281704
 20
-23.13552052527894
 10
9.072136560281704
 20
-23.13552052527894
 10
9.072136560281704
 20
-22.68543252527752
 10
9.072136560281704
 20
-22.68543252527752
 10
8.847092560282817
 20
-22.68543252527752
 10
8.622047560281771
 20
-22.46038752527828
 10
8.847092560282817
 20
-22.46038752527828
 10
9.072136560281704
 20
-22.68543252527752
 10
9.072136560281704
 20
-22.46038752527828
 10
9.072136560281704
 20
-22.46038752527828
 10
8.847092560282817
 20
-22.2353435252794
 10
8.397003560281062
 20
-22.2353435252794
 10
7.271782560280826
 20
-21.11012252527826
 10
8.397003560281062
 20
-19.75985652527788
 10
8.847092560282817
 20
-19.75985652527788
 10
9.072136560281704
 20
-19.53481252527808
 10
9.072136560281704
 20
-19.53481252527808
 10
9.072136560281704
 20
-19.53481252527808
 10
8.847092560282817
 20
-19.53481252527808
 10
8.622047560281771
 20
-19.53481252527808
 10
9.072136560281704
 20
-19.30976852527829
 10
9.072136560281704
 20
-19.30976852527829
 10
9.072136560281704
 20
-19.30976852527829
 10
9.072136560281704
 20
-18.85967952527926
 10
9.072136560281704
 20
-18.85967952527926
 10
9.072136560281704
 20
-18.85967952527926
 10
8.847092560282817
 20
-18.85967952527926
 10
8.847092560282817
 20
-18.85967952527926
 10
8.847092560282817
 20
-19.08472352527815
 10
8.847092560282817
 20
-19.08472352527815
 10
8.847092560282817
 20
-19.08472352527815
 10
8.622047560281771
 20
-19.53481252527808
 10
8.622047560281771
 20
-19.30976852527829
 10
8.622047560281771
 20
-19.30976852527829
 10
8.622047560281771
 20
-19.08472352527815
 10
8.847092560282817
 20
-19.08472352527815
 10
8.847092560282817
 20
-18.85967952527926
 10
8.847092560282817
 20
-18.85967952527926
 10
8.847092560282817
 20
-18.63463552527673
 10
8.622047560281771
 20
-18.63463552527673
 10
8.847092560282817
 20
-18.63463552527673
 10
9.072136560281704
 20
-18.63463552527673
 10
9.072136560281704
 20
-18.63463552527673
  0
LWPOLYLINE
  5
426
330
30E
100
AcDbEntity
  8
0
  6
CONTINUOUS
 62
    43
100
AcDbPolyline
 90
       50
 70
     1
 43
0.0
 10
9.072136560281704
 20
-26.28614052527837
 10
8.847092560282817
 20
-26.28614052527837
 10
8.397003560281062
 20
-26.28614052527837
 10
8.622047560281771
 20
-26.51118452527908
 10
8.622047560281771
 20
-26.73622852527797
 10
8.622047560281771
 20
-26.73622852527797
 10
8.622047560281771
 20
-26.96127252527777
 10
8.622047560281771
 20
-27.1863175252779
 10
8.397003560281062
 20
-27.1863175252779
 10
8.397003560281062
 20
-27.4113615252777
 10
8.171959560282174
 20
-27.6364055252775
 10
8.171959560282174
 20
-27.6364055252775
 10
7.946915560283286
 20
-27.8614495252773
 10
7.721870560284059
 20
-28.08649452527925
 10
7.496826560281532
 20
-28.31153852527905
 10
7.496826560281532
 20
-28.31153852527905
 10
7.271782560280826
 20
-28.53658252527703
 10
7.046738560280117
 20
-28.76162752527807
 10
6.821693560280892
 20
-28.98667152527787
 10
7.271782560280826
 20
-28.98667152527787
 10
8.397003560281062
 20
-27.8614495252773
 10
8.847092560282817
 20
-27.6364055252775
 10
9.072136560281704
 20
-27.4113615252777
 10
9.072136560281704
 20
-27.4113615252777
 10
9.072136560281704
 20
-27.4113615252777
 10
8.847092560282817
 20
-27.4113615252777
 10
8.622047560281771
 20
-27.4113615252777
 10
9.072136560281704
 20
-27.1863175252779
 10
9.072136560281704
 20
-27.1863175252779
 10
9.072136560281704
 20
-27.1863175252779
 10
9.072136560281704
 20
-26.73622852527797
 10
9.072136560281704
 20
-26.73622852527797
 10
9.072136560281704
 20
-26.73622852527797
 10
8.847092560282817
 20
-26.73622852527797
 10
8.847092560282817
 20
-26.73622852527797
 10
8.847092560282817
 20
-26.96127252527777
 10
8.847092560282817
 20
-26.96127252527777
 10
8.847092560282817
 20
-27.1863175252779
 10
8.622047560281771
 20
-27.4113615252777
 10
8.622047560281771
 20
-27.1863175252779
 10
8.622047560281771
 20
-27.1863175252779
 10
8.622047560281771
 20
-26.96127252527777
 10
8.847092560282817
 20
-26.96127252527777
 10
8.847092560282817
 20
-26.73622852527797
 10
8.847092560282817
 20
-26.73622852527797
 10
8.847092560282817
 20
-26.51118452527908
 10
8.622047560281771
 20
-26.51118452527908
 10
8.847092560282817
 20
-26.51118452527908
 10
9.072136560281704
 20
-26.51118452527908
 10
9.072136560281704
 20
-26.51118452527908
  0
LWPOLYLINE
  5
427
330
30E
100
AcDbEntity
  8
0
  6
CONTINUOUS
 62
    43
100
AcDbPolyline
 90
       10
 70
     1
 43
0.0
 10
11.3225795602807
 20
24.79890647472303
 10
11.3225795602807
 20
25.24899547472205
 10
11.09753456028147
 20
25.47403947472367
 10
11.09753456028147
 20
25.69908347472347
 10
10.8724905602844
 20
25.92412747472236
 10
10.64744656027824
 20
26.14917247472249
 10
10.64744656027824
 20
26.14917247472249
 10
10.42240256028299
 20
26.37421647472229
 10
10.19735756028012
 20
26.37421647472229
 10
11.3225795602807
 20
26.37421647472229
  0
LWPOLYLINE
  5
428
330
30E
100
AcDbEntity
  8
0
  6
CONTINUOUS
 62
    43
100
AcDbPolyline
 90
       17
 70
     1
 43
0.0
 10
11.3225795602807
 20
16.92235747472341
 10
11.3225795602807
 20
17.1474014747223
 10
11.09753456028147
 20
17.59749047472223
 10
11.09753456028147
 20
17.82253447472203
 10
10.8724905602844
 20
18.04757847472365
 10
10.64744656027824
 20
18.27262347472197
 10
10.64744656027824
 20
18.27262347472197
 10
10.42240256028299
 20
18.49766747472358
 10
10.19735756028012
 20
18.49766747472358
 10
10.42240256028299
 20
18.49766747472358
 10
10.64744656027824
 20
18.72271147472247
 10
10.64744656027824
 20
18.72271147472247
 10
10.8724905602844
 20
18.94775547472226
 10
11.09753456028147
 20
19.17280047472241
 10
11.09753456028147
 20
19.3978444747222
 10
11.3225795602807
 20
19.622888474722
 10
11.3225795602807
 20
20.07297747472103
  0
LWPOLYLINE
  5
429
330
30E
100
AcDbEntity
  8
0
  6
CONTINUOUS
 62
    43
100
AcDbPolyline
 90
       17
 70
     1
 43
0.0
 10
11.3225795602807
 20
9.04580847472107
 10
11.3225795602807
 20
9.270852474721774
 10
11.09753456028147
 20
9.720941474721712
 10
11.09753456028147
 20
9.94598547472242
 10
10.8724905602844
 20
10.17102947472221
 10
10.64744656027824
 20
10.17102947472221
 10
10.64744656027824
 20
10.39607447472053
 10
10.42240256028299
 20
10.62111847472215
 10
10.19735756028012
 20
10.62111847472215
 10
10.42240256028299
 20
10.62111847472215
 10
10.64744656027824
 20
10.84616247472195
 10
10.64744656027824
 20
10.84616247472195
 10
10.8724905602844
 20
11.07120647472175
 10
11.09753456028147
 20
11.29625147472188
 10
11.09753456028147
 20
11.52129547472077
 10
11.3225795602807
 20
11.7463394747233
 10
11.3225795602807
 20
12.19642847472232
  0
LWPOLYLINE
  5
42A
330
30E
100
AcDbEntity
  8
0
  6
CONTINUOUS
 62
    43
100
AcDbPolyline
 90
       17
 70
     1
 43
0.0
 10
11.3225795602807
 20
1.169259474723274
 10
11.3225795602807
 20
1.394303474722162
 10
11.09753456028147
 20
1.844392474722098
 10
11.09753456028147
 20
2.069436474721896
 10
10.8724905602844
 20
2.294480474720784
 10
10.64744656027824
 20
2.51952447472149
 10
10.64744656027824
 20
2.51952447472149
 10
10.42240256028299
 20
2.744569474722538
 10
10.19735756028012
 20
2.744569474722538
 10
10.42240256028299
 20
2.744569474722538
 10
10.64744656027824
 20
2.969613474723243
 10
10.64744656027824
 20
2.969613474723243
 10
10.8724905602844
 20
3.194657474722133
 10
11.09753456028147
 20
3.419701474721931
 10
11.09753456028147
 20
3.644746474722068
 10
11.3225795602807
 20
3.869790474720957
 10
11.3225795602807
 20
4.319879474722711
  0
LWPOLYLINE
  5
42B
330
30E
100
AcDbEntity
  8
0
  6
CONTINUOUS
 62
    43
100
AcDbPolyline
 90
       17
 70
     1
 43
0.0
 10
11.3225795602807
 20
-6.707289525276338
 10
11.3225795602807
 20
-6.482245525277448
 10
11.09753456028147
 20
-6.032156525277514
 10
11.09753456028147
 20
-5.807112525277712
 10
10.8724905602844
 20
-5.582068525277009
 10
10.64744656027824
 20
-5.582068525277009
 10
10.64744656027824
 20
-5.357024525276298
 10
10.42240256028299
 20
-5.131979525277983
 10
10.19735756028012
 20
-5.131979525277983
 10
10.42240256028299
 20
-5.131979525277983
 10
10.64744656027824
 20
-4.906935525277277
 10
10.64744656027824
 20
-4.906935525277277
 10
10.8724905602844
 20
-4.681891525276568
 10
11.09753456028147
 20
-4.456847525277678
 10
11.09753456028147
 20
-4.231802525277543
 10
11.3225795602807
 20
-4.006758525277746
 10
11.3225795602807
 20
-3.556670525279058
  0
LWPOLYLINE
  5
42C
330
30E
100
AcDbEntity
  8
0
  6
CONTINUOUS
 62
    43
100
AcDbPolyline
 90
       17
 70
     1
 43
0.0
 10
11.3225795602807
 20
-14.58383852527868
 10
11.3225795602807
 20
-14.35879452527797
 10
11.09753456028147
 20
-14.13375052527817
 10
11.09753456028147
 20
-13.90870552527804
 10
10.8724905602844
 20
-13.68366152527824
 10
10.64744656027824
 20
-13.45861752527753
 10
10.64744656027824
 20
-13.23357352527773
 10
10.42240256028299
 20
-13.23357352527773
 10
10.19735756028012
 20
-13.0085285252776
 10
10.42240256028299
 20
-13.0085285252776
 10
10.64744656027824
 20
-13.0085285252776
 10
10.64744656027824
 20
-12.7834845252778
 10
10.8724905602844
 20
-12.558440525278
 10
11.09753456028147
 20
-12.33339652527638
 10
11.09753456028147
 20
-12.10835152527806
 10
11.3225795602807
 20
-11.88330752527645
 10
11.3225795602807
 20
-11.43321952527776
  0
LWPOLYLINE
  5
42D
330
30E
100
AcDbEntity
  8
0
  6
CONTINUOUS
 62
    43
100
AcDbPolyline
 90
       17
 70
     1
 43
0.0
 10
11.3225795602807
 20
-22.46038752527828
 10
11.3225795602807
 20
-22.2353435252794
 10
11.09753456028147
 20
-22.01029952527779
 10
11.09753456028147
 20
-21.78525452527765
 10
10.8724905602844
 20
-21.56021052527785
 10
10.64744656027824
 20
-21.33516652527896
 10
10.64744656027824
 20
-21.11012252527826
 10
10.42240256028299
 20
-21.11012252527826
 10
10.19735756028012
 20
-21.11012252527826
 10
10.42240256028299
 20
-20.88507752527812
 10
10.64744656027824
 20
-20.88507752527812
 10
10.64744656027824
 20
-20.66003352527832
 10
10.8724905602844
 20
-20.43498952527762
 10
11.09753456028147
 20
-20.20994552527782
 10
11.09753456028147
 20
-19.98490052527859
 10
11.3225795602807
 20
-19.75985652527788
 10
11.3225795602807
 20
-19.53481252527808
  0
LWPOLYLINE
  5
42E
330
30E
100
AcDbEntity
  8
0
  6
CONTINUOUS
 62
    43
100
AcDbPolyline
 90
       10
 70
     1
 43
0.0
 10
10.19735756028012
 20
-28.98667152527787
 10
10.42240256028299
 20
-28.76162752527807
 10
10.64744656027824
 20
-28.76162752527807
 10
10.64744656027824
 20
-28.53658252527703
 10
10.8724905602844
 20
-28.31153852527905
 10
11.09753456028147
 20
-28.08649452527925
 10
11.09753456028147
 20
-27.8614495252773
 10
11.3225795602807
 20
-27.6364055252775
 10
11.3225795602807
 20
-27.4113615252777
 10
11.3225795602807
 20
-28.98667152527787
  0
LWPOLYLINE
  5
42F
330
30E
100
AcDbEntity
  8
0
  6
CONTINUOUS
 62
    43
100
AcDbPolyline
 90
       17
 70
     1
 43
0.0
 10
6.821693560280892
 20
20.74810947472224
 10
7.046738560280117
 20
21.19819847472218
 10
7.046738560280117
 20
21.42324247472379
 10
7.271782560280826
 20
21.64828647472359
 10
7.271782560280826
 20
21.87333147472191
 10
7.496826560281532
 20
22.09837547472262
 10
7.721870560284059
 20
22.09837547472262
 10
7.721870560284059
 20
22.32341947472241
 10
7.946915560283286
 20
22.32341947472241
 10
7.721870560284059
 20
22.32341947472241
 10
7.721870560284059
 20
22.54846347472221
 10
7.496826560281532
 20
22.77350847472235
 10
7.271782560280826
 20
22.99855247472215
 10
7.271782560280826
 20
22.99855247472215
 10
7.046738560280117
 20
23.44864147472208
 10
7.046738560280117
 20
23.6736854747237
 10
6.821693560280892
 20
23.89872947472259
  0
SOLID
  5
430
330
30E
100
AcDbEntity
  8
0
  6
CONTINUOUS
 62
    43
100
AcDbTrace
 10
7.721870560284059
 20
14.67191447472351
 30
0.0
 11
7.946915560283286
 21
14.44687047472189
 31
0.0
 12
7.721870560284059
 22
14.44687047472189
 32
0.0
 13
7.721870560284059
 23
14.44687047472189
 33
0.0
  0
SOLID
  5
431
330
30E
100
AcDbEntity
  8
0
  6
CONTINUOUS
 62
    43
100
AcDbTrace
 10
7.721870560284059
 20
14.44687047472189
 30
0.0
 11
7.721870560284059
 21
14.22182647472209
 31
0.0
 12
7.496826560281532
 22
14.22182647472209
 32
0.0
 13
7.496826560281532
 23
14.22182647472209
 33
0.0
  0
SOLID
  5
432
330
30E
100
AcDbEntity
  8
0
  6
CONTINUOUS
 62
    43
100
AcDbTrace
 10
7.721870560284059
 20
14.67191447472351
 30
0.0
 11
7.721870560284059
 21
14.44687047472189
 31
0.0
 12
7.496826560281532
 22
14.22182647472209
 32
0.0
 13
7.496826560281532
 23
14.22182647472209
 33
0.0
  0
SOLID
  5
433
330
30E
100
AcDbEntity
  8
0
  6
CONTINUOUS
 62
    43
100
AcDbTrace
 10
7.271782560280826
 20
14.89695947472182
 30
0.0
 11
7.496826560281532
 21
14.89695947472182
 31
0.0
 12
7.721870560284059
 22
14.67191447472351
 32
0.0
 13
7.721870560284059
 23
14.67191447472351
 33
0.0
  0
SOLID
  5
434
330
30E
100
AcDbEntity
  8
0
  6
CONTINUOUS
 62
    43
100
AcDbTrace
 10
7.046738560280117
 20
15.34704747472233
 30
0.0
 11
7.271782560280826
 21
15.12200347472344
 31
0.0
 12
7.271782560280826
 22
14.89695947472182
 32
0.0
 13
7.271782560280826
 23
14.89695947472182
 33
0.0
  0
SOLID
  5
435
330
30E
100
AcDbEntity
  8
0
  6
CONTINUOUS
 62
    43
100
AcDbTrace
 10
7.271782560280826
 20
13.99678247472229
 30
0.0
 11
7.271782560280826
 21
13.77173747472216
 31
0.0
 12
7.046738560280117
 22
13.54669347472236
 32
0.0
 13
7.046738560280117
 23
13.54669347472236
 33
0.0
  0
SOLID
  5
436
330
30E
100
AcDbEntity
  8
0
  6
CONTINUOUS
 62
    43
100
AcDbTrace
 10
6.821693560280892
 20
16.02218047472206
 30
0.0
 11
7.046738560280117
 21
15.79713647472226
 31
0.0
 12
7.046738560280117
 22
15.34704747472233
 32
0.0
 13
7.046738560280117
 23
15.34704747472233
 33
0.0
  0
SOLID
  5
437
330
30E
100
AcDbEntity
  8
0
  6
CONTINUOUS
 62
    43
100
AcDbTrace
 10
7.046738560280117
 20
13.54669347472236
 30
0.0
 11
7.046738560280117
 21
13.32164947472074
 31
0.0
 12
6.821693560280892
 22
12.87156047472263
 32
0.0
 13
6.821693560280892
 23
12.87156047472263
 33
0.0
  0
SOLID
  5
438
330
30E
100
AcDbEntity
  8
0
  6
CONTINUOUS
 62
    43
100
AcDbTrace
 10
7.721870560284059
 20
14.67191447472351
 30
0.0
 11
7.496826560281532
 21
14.22182647472209
 31
0.0
 12
7.271782560280826
 22
13.99678247472229
 32
0.0
 13
7.271782560280826
 23
13.99678247472229
 33
0.0
  0
SOLID
  5
439
330
30E
100
AcDbEntity
  8
0
  6
CONTINUOUS
 62
    43
100
AcDbTrace
 10
6.821693560280892
 20
12.87156047472263
 30
0.0
 11
6.821693560280892
 21
16.02218047472206
 31
0.0
 12
7.046738560280117
 22
15.34704747472233
 32
0.0
 13
7.046738560280117
 23
15.34704747472233
 33
0.0
  0
SOLID
  5
43A
330
30E
100
AcDbEntity
  8
0
  6
CONTINUOUS
 62
    43
100
AcDbTrace
 10
7.046738560280117
 20
13.54669347472236
 30
0.0
 11
6.821693560280892
 21
12.87156047472263
 31
0.0
 12
7.046738560280117
 22
15.34704747472233
 32
0.0
 13
7.046738560280117
 23
15.34704747472233
 33
0.0
  0
SOLID
  5
43B
330
30E
100
AcDbEntity
  8
0
  6
CONTINUOUS
 62
    43
100
AcDbTrace
 10
7.046738560280117
 20
13.54669347472236
 30
0.0
 11
7.046738560280117
 21
15.34704747472233
 31
0.0
 12
7.271782560280826
 22
14.89695947472182
 32
0.0
 13
7.271782560280826
 23
14.89695947472182
 33
0.0
  0
SOLID
  5
43C
330
30E
100
AcDbEntity
  8
0
  6
CONTINUOUS
 62
    43
100
AcDbTrace
 10
7.271782560280826
 20
13.99678247472229
 30
0.0
 11
7.046738560280117
 21
13.54669347472236
 31
0.0
 12
7.271782560280826
 22
14.89695947472182
 32
0.0
 13
7.271782560280826
 23
14.89695947472182
 33
0.0
  0
SOLID
  5
43D
330
30E
100
AcDbEntity
  8
0
  6
CONTINUOUS
 62
    43
100
AcDbTrace
 10
7.721870560284059
 20
14.67191447472351
 30
0.0
 11
7.271782560280826
 21
13.99678247472229
 31
0.0
 12
7.271782560280826
 22
14.89695947472182
 32
0.0
 13
7.271782560280826
 23
14.89695947472182
 33
0.0
  0
SOLID
  5
43E
330
30E
100
AcDbEntity
  8
0
  6
CONTINUOUS
 62
    43
100
AcDbTrace
 10
7.271782560280826
 20
14.89695947472182
 30
0.0
 11
7.721870560284059
 21
14.67191447472351
 31
0.0
 12
7.721870560284059
 22
14.67191447472351
 32
0.0
 13
7.721870560284059
 23
14.67191447472351
 33
0.0
  0
LWPOLYLINE
  5
43F
330
30E
100
AcDbEntity
  8
0
  6
CONTINUOUS
 62
    43
100
AcDbPolyline
 90
       17
 70
     1
 43
0.0
 10
6.821693560280892
 20
4.995011474722105
 10
7.046738560280117
 20
5.445100474722039
 10
7.046738560280117
 20
5.670144474720927
 10
7.271782560280826
 20
5.895188474721633
 10
7.271782560280826
 20
6.120233474720862
 10
7.496826560281532
 20
6.345277474721567
 10
7.721870560284059
 20
6.345277474721567
 10
7.721870560284059
 20
6.570321474722277
 10
7.946915560283286
 20
6.570321474722277
 10
7.721870560284059
 20
6.570321474722277
 10
7.721870560284059
 20
6.795365474722075
 10
7.496826560281532
 20
7.020410474722212
 10
7.271782560280826
 20
7.020410474722212
 10
7.271782560280826
 20
7.245454474721099
 10
7.046738560280117
 20
7.470498474721805
 10
7.046738560280117
 20
7.920587474721741
 10
6.821693560280892
 20
8.145631474720629
  0
SOLID
  5
440
330
30E
100
AcDbEntity
  8
0
  6
CONTINUOUS
 62
    43
100
AcDbTrace
 10
7.721870560284059
 20
-1.081183525277537
 30
0.0
 11
7.946915560283286
 21
-1.306227525276426
 31
0.0
 12
7.721870560284059
 22
-1.306227525276426
 32
0.0
 13
7.721870560284059
 23
-1.306227525276426
 33
0.0
  0
SOLID
  5
441
330
30E
100
AcDbEntity
  8
0
  6
CONTINUOUS
 62
    43
100
AcDbTrace
 10
7.721870560284059
 20
-1.306227525276426
 30
0.0
 11
7.721870560284059
 21
-1.531271525276224
 31
0.0
 12
7.496826560281532
 22
-1.531271525276224
 32
0.0
 13
7.496826560281532
 23
-1.531271525276224
 33
0.0
  0
SOLID
  5
442
330
30E
100
AcDbEntity
  8
0
  6
CONTINUOUS
 62
    43
100
AcDbTrace
 10
7.721870560284059
 20
-1.081183525277537
 30
0.0
 11
7.721870560284059
 21
-1.306227525276426
 31
0.0
 12
7.496826560281532
 22
-1.531271525276224
 32
0.0
 13
7.496826560281532
 23
-1.531271525276224
 33
0.0
  0
SOLID
  5
443
330
30E
100
AcDbEntity
  8
0
  6
CONTINUOUS
 62
    43
100
AcDbTrace
 10
7.271782560280826
 20
-0.8561385252774016
 30
0.0
 11
7.496826560281532
 21
-0.8561385252774016
 31
0.0
 12
7.721870560284059
 22
-1.081183525277537
 32
0.0
 13
7.721870560284059
 23
-1.081183525277537
 33
0.0
  0
SOLID
  5
444
330
30E
100
AcDbEntity
  8
0
  6
CONTINUOUS
 62
    43
100
AcDbTrace
 10
7.046738560280117
 20
-0.4060505252778058
 30
0.0
 11
7.271782560280826
 21
-0.6310945252776037
 31
0.0
 12
7.271782560280826
 22
-0.8561385252774016
 32
0.0
 13
7.271782560280826
 23
-0.8561385252774016
 33
0.0
  0
SOLID
  5
445
330
30E
100
AcDbEntity
  8
0
  6
CONTINUOUS
 62
    43
100
AcDbTrace
 10
7.271782560280826
 20
-1.75631552527784
 30
0.0
 11
7.271782560280826
 21
-1.981360525277975
 31
0.0
 12
7.046738560280117
 22
-2.206404525276865
 32
0.0
 13
7.046738560280117
 23
-2.206404525276865
 33
0.0
  0
SOLID
  5
446
330
30E
100
AcDbEntity
  8
0
  6
CONTINUOUS
 62
    43
100
AcDbTrace
 10
6.821693560280892
 20
0.2690824747228362
 30
0.0
 11
7.046738560280117
 21
0.0440384747221288
 31
0.0
 12
7.046738560280117
 22
-0.4060505252778058
 32
0.0
 13
7.046738560280117
 23
-0.4060505252778058
 33
0.0
  0
SOLID
  5
447
330
30E
100
AcDbEntity
  8
0
  6
CONTINUOUS
 62
    43
100
AcDbTrace
 10
7.046738560280117
 20
-2.206404525276865
 30
0.0
 11
7.046738560280117
 21
-2.431448525277573
 31
0.0
 12
6.821693560280892
 22
-2.881537525277508
 32
0.0
 13
6.821693560280892
 23
-2.881537525277508
 33
0.0
  0
SOLID
  5
448
330
30E
100
AcDbEntity
  8
0
  6
CONTINUOUS
 62
    43
100
AcDbTrace
 10
7.721870560284059
 20
-1.081183525277537
 30
0.0
 11
7.496826560281532
 21
-1.531271525276224
 31
0.0
 12
7.271782560280826
 22
-1.75631552527784
 32
0.0
 13
7.271782560280826
 23
-1.75631552527784
 33
0.0
  0
SOLID
  5
449
330
30E
100
AcDbEntity
  8
0
  6
CONTINUOUS
 62
    43
100
AcDbTrace
 10
6.821693560280892
 20
-2.881537525277508
 30
0.0
 11
6.821693560280892
 21
0.2690824747228362
 31
0.0
 12
7.046738560280117
 22
-0.4060505252778058
 32
0.0
 13
7.046738560280117
 23
-0.4060505252778058
 33
0.0
  0
SOLID
  5
44A
330
30E
100
AcDbEntity
  8
0
  6
CONTINUOUS
 62
    43
100
AcDbTrace
 10
7.046738560280117
 20
-2.206404525276865
 30
0.0
 11
6.821693560280892
 21
-2.881537525277508
 31
0.0
 12
7.046738560280117
 22
-0.4060505252778058
 32
0.0
 13
7.046738560280117
 23
-0.4060505252778058
 33
0.0
  0
SOLID
  5
44B
330
30E
100
AcDbEntity
  8
0
  6
CONTINUOUS
 62
    43
100
AcDbTrace
 10
7.046738560280117
 20
-2.206404525276865
 30
0.0
 11
7.046738560280117
 21
-0.4060505252778058
 31
0.0
 12
7.271782560280826
 22
-0.8561385252774016
 32
0.0
 13
7.271782560280826
 23
-0.8561385252774016
 33
0.0
  0
SOLID
  5
44C
330
30E
100
AcDbEntity
  8
0
  6
CONTINUOUS
 62
    43
100
AcDbTrace
 10
7.271782560280826
 20
-1.75631552527784
 30
0.0
 11
7.046738560280117
 21
-2.206404525276865
 31
0.0
 12
7.271782560280826
 22
-0.8561385252774016
 32
0.0
 13
7.271782560280826
 23
-0.8561385252774016
 33
0.0
  0
SOLID
  5
44D
330
30E
100
AcDbEntity
  8
0
  6
CONTINUOUS
 62
    43
100
AcDbTrace
 10
7.721870560284059
 20
-1.081183525277537
 30
0.0
 11
7.271782560280826
 21
-1.75631552527784
 31
0.0
 12
7.271782560280826
 22
-0.8561385252774016
 32
0.0
 13
7.271782560280826
 23
-0.8561385252774016
 33
0.0
  0
SOLID
  5
44E
330
30E
100
AcDbEntity
  8
0
  6
CONTINUOUS
 62
    43
100
AcDbTrace
 10
7.271782560280826
 20
-0.8561385252774016
 30
0.0
 11
7.721870560284059
 21
-1.081183525277537
 31
0.0
 12
7.721870560284059
 22
-1.081183525277537
 32
0.0
 13
7.721870560284059
 23
-1.081183525277537
 33
0.0
  0
SOLID
  5
44F
330
30E
100
AcDbEntity
  8
0
  6
CONTINUOUS
 62
    43
100
AcDbTrace
 10
7.721870560284059
 20
-9.182776525277859
 30
0.0
 11
7.946915560283286
 21
-9.182776525277859
 31
0.0
 12
7.721870560284059
 22
-9.407820525277657
 32
0.0
 13
7.721870560284059
 23
-9.407820525277657
 33
0.0
  0
SOLID
  5
450
330
30E
100
AcDbEntity
  8
0
  6
CONTINUOUS
 62
    43
100
AcDbTrace
 10
7.496826560281532
 20
-8.957732525276242
 30
0.0
 11
7.721870560284059
 21
-8.957732525276242
 31
0.0
 12
7.721870560284059
 22
-9.182776525277859
 32
0.0
 13
7.721870560284059
 23
-9.182776525277859
 33
0.0
  0
SOLID
  5
451
330
30E
100
AcDbEntity
  8
0
  6
CONTINUOUS
 62
    43
100
AcDbTrace
 10
7.046738560280117
 20
-10.30799752527809
 30
0.0
 11
7.046738560280117
 21
-10.53304252527641
 31
0.0
 12
6.821693560280892
 22
-10.75808652527803
 32
0.0
 13
6.821693560280892
 23
-10.75808652527803
 33
0.0
  0
SOLID
  5
452
330
30E
100
AcDbEntity
  8
0
  6
CONTINUOUS
 62
    43
100
AcDbTrace
 10
7.721870560284059
 20
-9.407820525277657
 30
0.0
 11
7.496826560281532
 21
-9.632865525277793
 31
0.0
 12
7.271782560280826
 22
-9.632865525277793
 32
0.0
 13
7.271782560280826
 23
-9.632865525277793
 33
0.0
  0
SOLID
  5
453
330
30E
100
AcDbEntity
  8
0
  6
CONTINUOUS
 62
    43
100
AcDbTrace
 10
7.496826560281532
 20
-8.957732525276242
 30
0.0
 11
7.721870560284059
 21
-9.182776525277859
 31
0.0
 12
7.721870560284059
 22
-9.407820525277657
 32
0.0
 13
7.721870560284059
 23
-9.407820525277657
 33
0.0
  0
SOLID
  5
454
330
30E
100
AcDbEntity
  8
0
  6
CONTINUOUS
 62
    43
100
AcDbTrace
 10
7.046738560280117
 20
-8.28259952527742
 30
0.0
 11
7.271782560280826
 21
-8.507643525278127
 31
0.0
 12
7.271782560280826
 22
-8.732687525277923
 32
0.0
 13
7.271782560280826
 23
-8.732687525277923
 33
0.0
  0
SOLID
  5
455
330
30E
100
AcDbEntity
  8
0
  6
CONTINUOUS
 62
    43
100
AcDbTrace
 10
6.821693560280892
 20
-7.607466525277684
 30
0.0
 11
7.046738560280117
 21
-8.057555525277621
 31
0.0
 12
7.046738560280117
 22
-8.28259952527742
 32
0.0
 13
7.046738560280117
 23
-8.28259952527742
 33
0.0
  0
SOLID
  5
456
330
30E
100
AcDbEntity
  8
0
  6
CONTINUOUS
 62
    43
100
AcDbTrace
 10
7.271782560280826
 20
-9.632865525277793
 30
0.0
 11
7.271782560280826
 21
-9.857909525277591
 31
0.0
 12
7.046738560280117
 22
-10.30799752527809
 32
0.0
 13
7.046738560280117
 23
-10.30799752527809
 33
0.0
  0
SOLID
  5
457
330
30E
100
AcDbEntity
  8
0
  6
CONTINUOUS
 62
    43
100
AcDbTrace
 10
7.271782560280826
 20
-8.732687525277923
 30
0.0
 11
7.496826560281532
 21
-8.957732525276242
 31
0.0
 12
7.721870560284059
 22
-9.407820525277657
 32
0.0
 13
7.721870560284059
 23
-9.407820525277657
 33
0.0
  0
SOLID
  5
458
330
30E
100
AcDbEntity
  8
0
  6
CONTINUOUS
 62
    43
100
AcDbTrace
 10
7.271782560280826
 20
-9.632865525277793
 30
0.0
 11
7.046738560280117
 21
-10.30799752527809
 31
0.0
 12
6.821693560280892
 22
-10.75808652527803
 32
0.0
 13
6.821693560280892
 23
-10.75808652527803
 33
0.0
  0
SOLID
  5
459
330
30E
100
AcDbEntity
  8
0
  6
CONTINUOUS
 62
    43
100
AcDbTrace
 10
7.271782560280826
 20
-9.632865525277793
 30
0.0
 11
6.821693560280892
 21
-10.75808652527803
 31
0.0
 12
6.821693560280892
 22
-7.607466525277684
 32
0.0
 13
6.821693560280892
 23
-7.607466525277684
 33
0.0
  0
SOLID
  5
45A
330
30E
100
AcDbEntity
  8
0
  6
CONTINUOUS
 62
    43
100
AcDbTrace
 10
7.271782560280826
 20
-9.632865525277793
 30
0.0
 11
6.821693560280892
 21
-7.607466525277684
 31
0.0
 12
7.046738560280117
 22
-8.28259952527742
 32
0.0
 13
7.046738560280117
 23
-8.28259952527742
 33
0.0
  0
SOLID
  5
45B
330
30E
100
AcDbEntity
  8
0
  6
CONTINUOUS
 62
    43
100
AcDbTrace
 10
7.271782560280826
 20
-9.632865525277793
 30
0.0
 11
7.046738560280117
 21
-8.28259952527742
 31
0.0
 12
7.271782560280826
 22
-8.732687525277923
 32
0.0
 13
7.271782560280826
 23
-8.732687525277923
 33
0.0
  0
SOLID
  5
45C
330
30E
100
AcDbEntity
  8
0
  6
CONTINUOUS
 62
    43
100
AcDbTrace
 10
7.271782560280826
 20
-9.632865525277793
 30
0.0
 11
7.271782560280826
 21
-8.732687525277923
 31
0.0
 12
7.721870560284059
 22
-9.407820525277657
 32
0.0
 13
7.721870560284059
 23
-9.407820525277657
 33
0.0
  0
SOLID
  5
45D
330
30E
100
AcDbEntity
  8
0
  6
CONTINUOUS
 62
    43
100
AcDbTrace
 10
7.721870560284059
 20
-9.407820525277657
 30
0.0
 11
7.721870560284059
 21
-9.407820525277657
 31
0.0
 12
7.271782560280826
 22
-9.632865525277793
 32
0.0
 13
7.271782560280826
 23
-9.632865525277793
 33
0.0
  0
LWPOLYLINE
  5
45E
330
30E
100
AcDbEntity
  8
0
  6
CONTINUOUS
 62
    43
100
AcDbPolyline
 90
       17
 70
     1
 43
0.0
 10
6.821693560280892
 20
-18.63463552527673
 10
7.046738560280117
 20
-18.40959152527785
 10
7.046738560280117
 20
-18.18454652527771
 10
7.271782560280826
 20
-17.73445852527811
 10
7.271782560280826
 20
-17.73445852527811
 10
7.496826560281532
 20
-17.5094145252774
 10
7.721870560284059
 20
-17.28436952527818
 10
7.721870560284059
 20
-17.28436952527818
 10
7.946915560283286
 20
-17.05932552527838
 10
7.721870560284059
 20
-17.05932552527838
 10
7.721870560284059
 20
-16.83428152527767
 10
7.496826560281532
 20
-16.83428152527767
 10
7.271782560280826
 20
-16.60923752527788
 10
7.271782560280826
 20
-16.38419252527774
 10
7.046738560280117
 20
-16.15914852527794
 10
7.046738560280117
 20
-15.93410452527814
 10
6.821693560280892
 20
-15.48401552527912
  0
SOLID
  5
45F
330
30E
100
AcDbEntity
  8
0
  6
CONTINUOUS
 62
    43
100
AcDbTrace
 10
7.721870560284059
 20
-24.935874525278
 30
0.0
 11
7.946915560283286
 21
-24.935874525278
 31
0.0
 12
7.721870560284059
 22
-25.16091852527779
 32
0.0
 13
7.721870560284059
 23
-25.16091852527779
 33
0.0
  0
SOLID
  5
460
330
30E
100
AcDbEntity
  8
0
  6
CONTINUOUS
 62
    43
100
AcDbTrace
 10
7.496826560281532
 20
-24.71083052527911
 30
0.0
 11
7.721870560284059
 21
-24.71083052527911
 31
0.0
 12
7.721870560284059
 22
-24.935874525278
 32
0.0
 13
7.721870560284059
 23
-24.935874525278
 33
0.0
  0
SOLID
  5
461
330
30E
100
AcDbEntity
  8
0
  6
CONTINUOUS
 62
    43
100
AcDbTrace
 10
7.046738560280117
 20
-26.06109552527732
 30
0.0
 11
7.046738560280117
 21
-26.28614052527837
 31
0.0
 12
6.821693560280892
 22
-26.51118452527908
 32
0.0
 13
6.821693560280892
 23
-26.51118452527908
 33
0.0
  0
SOLID
  5
462
330
30E
100
AcDbEntity
  8
0
  6
CONTINUOUS
 62
    43
100
AcDbTrace
 10
7.496826560281532
 20
-24.71083052527911
 30
0.0
 11
7.721870560284059
 21
-24.935874525278
 31
0.0
 12
7.721870560284059
 22
-25.16091852527779
 32
0.0
 13
7.721870560284059
 23
-25.16091852527779
 33
0.0
  0
SOLID
  5
463
330
30E
100
AcDbEntity
  8
0
  6
CONTINUOUS
 62
    43
100
AcDbTrace
 10
7.046738560280117
 20
-24.03569752527938
 30
0.0
 11
7.271782560280826
 21
-24.26074152527827
 31
0.0
 12
7.271782560280826
 22
-24.4857865252784
 32
0.0
 13
7.271782560280826
 23
-24.4857865252784
 33
0.0
  0
SOLID
  5
464
330
30E
100
AcDbEntity
  8
0
  6
CONTINUOUS
 62
    43
100
AcDbTrace
 10
7.271782560280826
 20
-25.61100752527773
 30
0.0
 11
7.271782560280826
 21
-25.83605152527662
 31
0.0
 12
7.046738560280117
 22
-26.06109552527732
 32
0.0
 13
7.046738560280117
 23
-26.06109552527732
 33
0.0
  0
SOLID
  5
465
330
30E
100
AcDbEntity
  8
0
  6
CONTINUOUS
 62
    43
100
AcDbTrace
 10
6.821693560280892
 20
-23.36056452527782
 30
0.0
 11
7.046738560280117
 21
-23.81065352527776
 31
0.0
 12
7.046738560280117
 22
-24.03569752527938
 32
0.0
 13
7.046738560280117
 23
-24.03569752527938
 33
0.0
  0
SOLID
  5
466
330
30E
100
AcDbEntity
  8
0
  6
CONTINUOUS
 62
    43
100
AcDbTrace
 10
7.271782560280826
 20
-24.4857865252784
 30
0.0
 11
7.496826560281532
 21
-24.71083052527911
 31
0.0
 12
7.721870560284059
 22
-25.16091852527779
 32
0.0
 13
7.721870560284059
 23
-25.16091852527779
 33
0.0
  0
SOLID
  5
467
330
30E
100
AcDbEntity
  8
0
  6
CONTINUOUS
 62
    43
100
AcDbTrace
 10
6.821693560280892
 20
-26.51118452527908
 30
0.0
 11
6.821693560280892
 21
-23.36056452527782
 31
0.0
 12
7.046738560280117
 22
-24.03569752527938
 32
0.0
 13
7.046738560280117
 23
-24.03569752527938
 33
0.0
  0
SOLID
  5
468
330
30E
100
AcDbEntity
  8
0
  6
CONTINUOUS
 62
    43
100
AcDbTrace
 10
7.046738560280117
 20
-26.06109552527732
 30
0.0
 11
6.821693560280892
 21
-26.51118452527908
 31
0.0
 12
7.046738560280117
 22
-24.03569752527938
 32
0.0
 13
7.046738560280117
 23
-24.03569752527938
 33
0.0
  0
SOLID
  5
469
330
30E
100
AcDbEntity
  8
0
  6
CONTINUOUS
 62
    43
100
AcDbTrace
 10
7.046738560280117
 20
-26.06109552527732
 30
0.0
 11
7.046738560280117
 21
-24.03569752527938
 31
0.0
 12
7.271782560280826
 22
-24.4857865252784
 32
0.0
 13
7.271782560280826
 23
-24.4857865252784
 33
0.0
  0
SOLID
  5
46A
330
30E
100
AcDbEntity
  8
0
  6
CONTINUOUS
 62
    43
100
AcDbTrace
 10
7.271782560280826
 20
-25.61100752527773
 30
0.0
 11
7.046738560280117
 21
-26.06109552527732
 31
0.0
 12
7.271782560280826
 22
-24.4857865252784
 32
0.0
 13
7.271782560280826
 23
-24.4857865252784
 33
0.0
  0
SOLID
  5
46B
330
30E
100
AcDbEntity
  8
0
  6
CONTINUOUS
 62
    43
100
AcDbTrace
 10
7.271782560280826
 20
-25.61100752527773
 30
0.0
 11
7.271782560280826
 21
-24.4857865252784
 31
0.0
 12
7.721870560284059
 22
-25.16091852527779
 32
0.0
 13
7.721870560284059
 23
-25.16091852527779
 33
0.0
  0
SOLID
  5
46C
330
30E
100
AcDbEntity
  8
0
  6
CONTINUOUS
 62
    43
100
AcDbTrace
 10
7.271782560280826
 20
-25.61100752527773
 30
0.0
 11
7.721870560284059
 21
-25.16091852527779
 31
0.0
 12
7.721870560284059
 22
-25.16091852527779
 32
0.0
 13
7.721870560284059
 23
-25.16091852527779
 33
0.0
  0
SOLID
  5
46D
330
30E
100
AcDbEntity
  8
0
  6
CONTINUOUS
 62
    43
100
AcDbTrace
 10
7.721870560284059
 20
-25.16091852527779
 30
0.0
 11
7.496826560281532
 21
-25.38596352527793
 31
0.0
 12
7.271782560280826
 22
-25.61100752527773
 32
0.0
 13
7.271782560280826
 23
-25.61100752527773
 33
0.0
  0
LWPOLYLINE
  5
46E
330
30E
100
AcDbEntity
  8
0
  6
CONTINUOUS
 62
    43
100
AcDbPolyline
 90
       11
 70
     1
 43
0.0
 10
9.072136560281704
 20
26.37421647472229
 10
9.522225560283461
 20
26.37421647472229
 10
9.522225560283461
 20
26.14917247472249
 10
9.297180560280594
 20
26.14917247472249
 10
9.297180560280594
 20
26.14917247472249
 10
9.072136560281704
 20
25.92412747472236
 10
8.847092560282817
 20
26.14917247472249
 10
8.847092560282817
 20
26.14917247472249
 10
8.847092560282817
 20
26.14917247472249
 10
8.622047560281771
 20
26.37421647472229
 10
9.072136560281704
 20
26.37421647472229
  0
LWPOLYLINE
  5
46F
330
30E
100
AcDbEntity
  8
0
  6
CONTINUOUS
 62
    43
100
AcDbPolyline
 90
       16
 70
     1
 43
0.0
 10
9.072136560281704
 20
18.04757847472365
 10
8.847092560282817
 20
18.04757847472365
 10
8.847092560282817
 20
18.27262347472197
 10
8.847092560282817
 20
18.27262347472197
 10
8.622047560281771
 20
18.49766747472358
 10
8.847092560282817
 20
18.72271147472247
 10
8.847092560282817
 20
18.72271147472247
 10
8.847092560282817
 20
18.72271147472247
 10
9.072136560281704
 20
18.94775547472226
 10
9.297180560280594
 20
18.72271147472247
 10
9.297180560280594
 20
18.72271147472247
 10
9.522225560283461
 20
18.72271147472247
 10
9.522225560283461
 20
18.49766747472358
 10
9.522225560283461
 20
18.27262347472197
 10
9.297180560280594
 20
18.27262347472197
 10
9.297180560280594
 20
18.04757847472365
  0
LWPOLYLINE
  5
470
330
30E
100
AcDbEntity
  8
0
  6
CONTINUOUS
 62
    43
100
AcDbPolyline
 90
       16
 70
     1
 43
0.0
 10
9.072136560281704
 20
10.17102947472221
 10
8.847092560282817
 20
10.17102947472221
 10
8.847092560282817
 20
10.39607447472053
 10
8.847092560282817
 20
10.39607447472053
 10
8.622047560281771
 20
10.62111847472215
 10
8.847092560282817
 20
10.84616247472195
 10
8.847092560282817
 20
10.84616247472195
 10
8.847092560282817
 20
10.84616247472195
 10
9.072136560281704
 20
11.07120647472175
 10
9.297180560280594
 20
10.84616247472195
 10
9.297180560280594
 20
10.84616247472195
 10
9.522225560283461
 20
10.84616247472195
 10
9.522225560283461
 20
10.62111847472215
 10
9.522225560283461
 20
10.39607447472053
 10
9.297180560280594
 20
10.39607447472053
 10
9.297180560280594
 20
10.17102947472221
  0
LWPOLYLINE
  5
471
330
30E
100
AcDbEntity
  8
0
  6
CONTINUOUS
 62
    43
100
AcDbPolyline
 90
       16
 70
     1
 43
0.0
 10
9.072136560281704
 20
2.294480474720784
 10
8.847092560282817
 20
2.294480474720784
 10
8.847092560282817
 20
2.51952447472149
 10
8.847092560282817
 20
2.51952447472149
 10
8.622047560281771
 20
2.744569474722538
 10
8.847092560282817
 20
2.969613474723243
 10
8.847092560282817
 20
2.969613474723243
 10
8.847092560282817
 20
2.969613474723243
 10
9.072136560281704
 20
3.194657474722133
 10
9.297180560280594
 20
2.969613474723243
 10
9.297180560280594
 20
2.969613474723243
 10
9.522225560283461
 20
2.969613474723243
 10
9.522225560283461
 20
2.744569474722538
 10
9.522225560283461
 20
2.51952447472149
 10
9.297180560280594
 20
2.51952447472149
 10
9.297180560280594
 20
2.294480474720784
  0
LWPOLYLINE
  5
472
330
30E
100
AcDbEntity
  8
0
  6
CONTINUOUS
 62
    43
100
AcDbPolyline
 90
       16
 70
     1
 43
0.0
 10
9.072136560281704
 20
-5.582068525277009
 10
8.847092560282817
 20
-5.582068525277009
 10
8.847092560282817
 20
-5.357024525276298
 10
8.847092560282817
 20
-5.357024525276298
 10
8.622047560281771
 20
-5.131979525277983
 10
8.847092560282817
 20
-4.906935525277277
 10
8.847092560282817
 20
-4.906935525277277
 10
8.847092560282817
 20
-4.906935525277277
 10
9.072136560281704
 20
-4.681891525276568
 10
9.297180560280594
 20
-4.906935525277277
 10
9.297180560280594
 20
-4.906935525277277
 10
9.522225560283461
 20
-4.906935525277277
 10
9.522225560283461
 20
-5.131979525277983
 10
9.522225560283461
 20
-5.357024525276298
 10
9.297180560280594
 20
-5.357024525276298
 10
9.297180560280594
 20
-5.582068525277009
  0
LWPOLYLINE
  5
473
330
30E
100
AcDbEntity
  8
0
  6
CONTINUOUS
 62
    43
100
AcDbPolyline
 90
       16
 70
     1
 43
0.0
 10
9.072136560281704
 20
-13.45861752527753
 10
8.847092560282817
 20
-13.45861752527753
 10
8.847092560282817
 20
-13.45861752527753
 10
8.847092560282817
 20
-13.23357352527773
 10
8.622047560281771
 20
-13.0085285252776
 10
8.847092560282817
 20
-13.0085285252776
 10
8.847092560282817
 20
-12.7834845252778
 10
8.847092560282817
 20
-12.7834845252778
 10
9.072136560281704
 20
-12.7834845252778
 10
9.297180560280594
 20
-12.7834845252778
 10
9.297180560280594
 20
-12.7834845252778
 10
9.522225560283461
 20
-13.0085285252776
 10
9.522225560283461
 20
-13.0085285252776
 10
9.522225560283461
 20
-13.23357352527773
 10
9.297180560280594
 20
-13.45861752527753
 10
9.297180560280594
 20
-13.45861752527753
  0
LWPOLYLINE
  5
474
330
30E
100
AcDbEntity
  8
0
  6
CONTINUOUS
 62
    43
100
AcDbPolyline
 90
       16
 70
     1
 43
0.0
 10
9.072136560281704
 20
-21.33516652527896
 10
8.847092560282817
 20
-21.33516652527896
 10
8.847092560282817
 20
-21.33516652527896
 10
8.847092560282817
 20
-21.11012252527826
 10
8.622047560281771
 20
-20.88507752527812
 10
8.847092560282817
 20
-20.88507752527812
 10
8.847092560282817
 20
-20.66003352527832
 10
8.847092560282817
 20
-20.66003352527832
 10
9.072136560281704
 20
-20.66003352527832
 10
9.297180560280594
 20
-20.66003352527832
 10
9.297180560280594
 20
-20.66003352527832
 10
9.522225560283461
 20
-20.88507752527812
 10
9.522225560283461
 20
-20.88507752527812
 10
9.522225560283461
 20
-21.11012252527826
 10
9.297180560280594
 20
-21.33516652527896
 10
9.297180560280594
 20
-21.33516652527896
  0
LWPOLYLINE
  5
475
330
30E
100
AcDbEntity
  8
0
  6
CONTINUOUS
 62
    43
100
AcDbPolyline
 90
       11
 70
     1
 43
0.0
 10
9.072136560281704
 20
-28.98667152527787
 10
8.622047560281771
 20
-28.98667152527787
 10
8.847092560282817
 20
-28.76162752527807
 10
8.847092560282817
 20
-28.53658252527703
 10
8.847092560282817
 20
-28.53658252527703
 10
9.072136560281704
 20
-28.53658252527703
 10
9.297180560280594
 20
-28.53658252527703
 10
9.297180560280594
 20
-28.53658252527703
 10
9.522225560283461
 20
-28.76162752527807
 10
9.522225560283461
 20
-28.98667152527787
 10
9.072136560281704
 20
-28.98667152527787
  0
LWPOLYLINE
  5
476
330
30E
100
AcDbEntity
  8
0
  6
CONTINUOUS
 62
    43
100
AcDbPolyline
 90
       16
 70
     1
 43
0.0
 10
9.072136560281704
 20
21.87333147472191
 10
9.297180560280594
 20
22.09837547472262
 10
9.522225560283461
 20
22.09837547472262
 10
9.522225560283461
 20
22.09837547472262
 10
9.522225560283461
 20
22.32341947472241
 10
9.522225560283461
 20
22.54846347472221
 10
9.522225560283461
 20
22.54846347472221
 10
9.297180560280594
 20
22.77350847472235
 10
9.072136560281704
 20
22.77350847472235
 10
9.072136560281704
 20
22.77350847472235
 10
8.847092560282817
 20
22.54846347472221
 10
8.847092560282817
 20
22.54846347472221
 10
8.847092560282817
 20
22.32341947472241
 10
8.847092560282817
 20
22.09837547472262
 10
8.847092560282817
 20
22.09837547472262
 10
9.072136560281704
 20
22.09837547472262
  0
LWPOLYLINE
  5
477
330
30E
100
AcDbEntity
  8
0
  6
CONTINUOUS
 62
    43
100
AcDbPolyline
 90
       16
 70
     1
 43
0.0
 10
9.072136560281704
 20
14.22182647472209
 10
9.297180560280594
 20
14.22182647472209
 10
9.522225560283461
 20
14.22182647472209
 10
9.522225560283461
 20
14.22182647472209
 10
9.522225560283461
 20
14.44687047472189
 10
9.522225560283461
 20
14.67191447472351
 10
9.522225560283461
 20
14.67191447472351
 10
9.297180560280594
 20
14.89695947472182
 10
9.072136560281704
 20
14.89695947472182
 10
9.072136560281704
 20
14.89695947472182
 10
8.847092560282817
 20
14.67191447472351
 10
8.847092560282817
 20
14.67191447472351
 10
8.847092560282817
 20
14.44687047472189
 10
8.847092560282817
 20
14.22182647472209
 10
8.847092560282817
 20
14.22182647472209
 10
9.072136560281704
 20
14.22182647472209
  0
LWPOLYLINE
  5
478
330
30E
100
AcDbEntity
  8
0
  6
CONTINUOUS
 62
    43
100
AcDbPolyline
 90
       16
 70
     1
 43
0.0
 10
9.072136560281704
 20
6.120233474720862
 10
9.297180560280594
 20
6.120233474720862
 10
9.522225560283461
 20
6.345277474721567
 10
9.522225560283461
 20
6.345277474721567
 10
9.522225560283461
 20
6.570321474722277
 10
9.522225560283461
 20
6.795365474722075
 10
9.522225560283461
 20
6.795365474722075
 10
9.297180560280594
 20
7.020410474722212
 10
9.072136560281704
 20
7.020410474722212
 10
9.072136560281704
 20
7.020410474722212
 10
8.847092560282817
 20
6.795365474722075
 10
8.847092560282817
 20
6.795365474722075
 10
8.847092560282817
 20
6.570321474722277
 10
8.847092560282817
 20
6.345277474721567
 10
8.847092560282817
 20
6.345277474721567
 10
9.072136560281704
 20
6.120233474720862
  0
LWPOLYLINE
  5
479
330
30E
100
AcDbEntity
  8
0
  6
CONTINUOUS
 62
    43
100
AcDbPolyline
 90
       16
 70
     1
 43
0.0
 10
9.072136560281704
 20
-1.531271525276224
 10
9.297180560280594
 20
-1.531271525276224
 10
9.522225560283461
 20
-1.531271525276224
 10
9.522225560283461
 20
-1.531271525276224
 10
9.522225560283461
 20
-1.306227525276426
 10
9.522225560283461
 20
-1.081183525277537
 10
9.522225560283461
 20
-1.081183525277537
 10
9.297180560280594
 20
-0.8561385252774016
 10
9.072136560281704
 20
-0.8561385252774016
 10
9.072136560281704
 20
-0.8561385252774016
 10
8.847092560282817
 20
-1.081183525277537
 10
8.847092560282817
 20
-1.081183525277537
 10
8.847092560282817
 20
-1.306227525276426
 10
8.847092560282817
 20
-1.531271525276224
 10
8.847092560282817
 20
-1.531271525276224
 10
9.072136560281704
 20
-1.531271525276224
  0
LWPOLYLINE
  5
47A
330
30E
100
AcDbEntity
  8
0
  6
CONTINUOUS
 62
    43
100
AcDbPolyline
 90
       16
 70
     1
 43
0.0
 10
9.072136560281704
 20
-9.632865525277793
 10
9.297180560280594
 20
-9.632865525277793
 10
9.522225560283461
 20
-9.407820525277657
 10
9.522225560283461
 20
-9.407820525277657
 10
9.522225560283461
 20
-9.182776525277859
 10
9.522225560283461
 20
-8.957732525276242
 10
9.522225560283461
 20
-8.957732525276242
 10
9.297180560280594
 20
-8.957732525276242
 10
9.072136560281704
 20
-8.957732525276242
 10
9.072136560281704
 20
-8.957732525276242
 10
8.847092560282817
 20
-8.957732525276242
 10
8.847092560282817
 20
-8.957732525276242
 10
8.847092560282817
 20
-9.182776525277859
 10
8.847092560282817
 20
-9.407820525277657
 10
8.847092560282817
 20
-9.407820525277657
 10
9.072136560281704
 20
-9.632865525277793
  0
SOLID
  5
47B
330
30E
100
AcDbEntity
  8
0
  6
CONTINUOUS
 62
    43
100
AcDbTrace
 10
8.847092560282817
 20
-17.05932552527838
 30
0.0
 11
8.847092560282817
 21
-16.83428152527767
 31
0.0
 12
9.072136560281704
 22
-16.83428152527767
 32
0.0
 13
9.072136560281704
 23
-16.83428152527767
 33
0.0
  0
SOLID
  5
47C
330
30E
100
AcDbEntity
  8
0
  6
CONTINUOUS
 62
    43
100
AcDbTrace
 10
9.297180560280594
 20
-16.83428152527767
 30
0.0
 11
9.522225560283461
 21
-16.83428152527767
 31
0.0
 12
9.522225560283461
 22
-17.05932552527838
 32
0.0
 13
9.522225560283461
 23
-17.05932552527838
 33
0.0
  0
SOLID
  5
47D
330
30E
100
AcDbEntity
  8
0
  6
CONTINUOUS
 62
    43
100
AcDbTrace
 10
9.072136560281704
 20
-17.5094145252774
 30
0.0
 11
8.847092560282817
 21
-17.5094145252774
 31
0.0
 12
8.847092560282817
 22
-17.28436952527818
 32
0.0
 13
8.847092560282817
 23
-17.28436952527818
 33
0.0
  0
SOLID
  5
47E
330
30E
100
AcDbEntity
  8
0
  6
CONTINUOUS
 62
    43
100
AcDbTrace
 10
9.522225560283461
 20
-17.28436952527818
 30
0.0
 11
9.522225560283461
 21
-17.5094145252774
 31
0.0
 12
9.297180560280594
 22
-17.5094145252774
 32
0.0
 13
9.297180560280594
 23
-17.5094145252774
 33
0.0
  0
SOLID
  5
47F
330
30E
100
AcDbEntity
  8
0
  6
CONTINUOUS
 62
    43
100
AcDbTrace
 10
9.072136560281704
 20
-16.83428152527767
 30
0.0
 11
9.297180560280594
 21
-16.83428152527767
 31
0.0
 12
9.522225560283461
 22
-17.05932552527838
 32
0.0
 13
9.522225560283461
 23
-17.05932552527838
 33
0.0
  0
SOLID
  5
480
330
30E
100
AcDbEntity
  8
0
  6
CONTINUOUS
 62
    43
100
AcDbTrace
 10
9.072136560281704
 20
-17.5094145252774
 30
0.0
 11
8.847092560282817
 21
-17.28436952527818
 31
0.0
 12
8.847092560282817
 22
-17.05932552527838
 32
0.0
 13
8.847092560282817
 23
-17.05932552527838
 33
0.0
  0
SOLID
  5
481
330
30E
100
AcDbEntity
  8
0
  6
CONTINUOUS
 62
    43
100
AcDbTrace
 10
9.522225560283461
 20
-17.05932552527838
 30
0.0
 11
9.522225560283461
 21
-17.28436952527818
 31
0.0
 12
9.297180560280594
 22
-17.5094145252774
 32
0.0
 13
9.297180560280594
 23
-17.5094145252774
 33
0.0
  0
SOLID
  5
482
330
30E
100
AcDbEntity
  8
0
  6
CONTINUOUS
 62
    43
100
AcDbTrace
 10
9.522225560283461
 20
-17.05932552527838
 30
0.0
 11
9.297180560280594
 21
-17.5094145252774
 31
0.0
 12
9.072136560281704
 22
-17.5094145252774
 32
0.0
 13
9.072136560281704
 23
-17.5094145252774
 33
0.0
  0
SOLID
  5
483
330
30E
100
AcDbEntity
  8
0
  6
CONTINUOUS
 62
    43
100
AcDbTrace
 10
9.522225560283461
 20
-17.05932552527838
 30
0.0
 11
9.072136560281704
 21
-17.5094145252774
 31
0.0
 12
9.072136560281704
 22
-17.5094145252774
 32
0.0
 13
9.072136560281704
 23
-17.5094145252774
 33
0.0
  0
SOLID
  5
484
330
30E
100
AcDbEntity
  8
0
  6
CONTINUOUS
 62
    43
100
AcDbTrace
 10
9.522225560283461
 20
-17.05932552527838
 30
0.0
 11
9.072136560281704
 21
-17.5094145252774
 31
0.0
 12
8.847092560282817
 22
-17.05932552527838
 32
0.0
 13
8.847092560282817
 23
-17.05932552527838
 33
0.0
  0
SOLID
  5
485
330
30E
100
AcDbEntity
  8
0
  6
CONTINUOUS
 62
    43
100
AcDbTrace
 10
9.522225560283461
 20
-17.05932552527838
 30
0.0
 11
8.847092560282817
 21
-17.05932552527838
 31
0.0
 12
8.847092560282817
 22
-17.05932552527838
 32
0.0
 13
8.847092560282817
 23
-17.05932552527838
 33
0.0
  0
SOLID
  5
486
330
30E
100
AcDbEntity
  8
0
  6
CONTINUOUS
 62
    43
100
AcDbTrace
 10
9.522225560283461
 20
-17.05932552527838
 30
0.0
 11
8.847092560282817
 21
-17.05932552527838
 31
0.0
 12
9.072136560281704
 22
-16.83428152527767
 32
0.0
 13
9.072136560281704
 23
-16.83428152527767
 33
0.0
  0
SOLID
  5
487
330
30E
100
AcDbEntity
  8
0
  6
CONTINUOUS
 62
    43
100
AcDbTrace
 10
9.522225560283461
 20
-17.05932552527838
 30
0.0
 11
9.072136560281704
 21
-16.83428152527767
 31
0.0
 12
9.072136560281704
 22
-16.83428152527767
 32
0.0
 13
9.072136560281704
 23
-16.83428152527767
 33
0.0
  0
SOLID
  5
488
330
30E
100
AcDbEntity
  8
0
  6
CONTINUOUS
 62
    43
100
AcDbTrace
 10
9.072136560281704
 20
-16.83428152527767
 30
0.0
 11
9.522225560283461
 21
-17.05932552527838
 31
0.0
 12
9.522225560283461
 22
-17.05932552527838
 32
0.0
 13
9.522225560283461
 23
-17.05932552527838
 33
0.0
  0
LWPOLYLINE
  5
489
330
30E
100
AcDbEntity
  8
0
  6
CONTINUOUS
 62
    43
100
AcDbPolyline
 90
       16
 70
     1
 43
0.0
 10
9.072136560281704
 20
-25.38596352527793
 10
9.297180560280594
 20
-25.38596352527793
 10
9.522225560283461
 20
-25.16091852527779
 10
9.522225560283461
 20
-25.16091852527779
 10
9.522225560283461
 20
-24.935874525278
 10
9.522225560283461
 20
-24.935874525278
 10
9.522225560283461
 20
-24.71083052527911
 10
9.297180560280594
 20
-24.71083052527911
 10
9.072136560281704
 20
-24.71083052527911
 10
9.072136560281704
 20
-24.71083052527911
 10
8.847092560282817
 20
-24.71083052527911
 10
8.847092560282817
 20
-24.935874525278
 10
8.847092560282817
 20
-24.935874525278
 10
8.847092560282817
 20
-25.16091852527779
 10
8.847092560282817
 20
-25.16091852527779
 10
9.072136560281704
 20
-25.38596352527793
  0
LWPOLYLINE
  5
48A
330
30E
100
AcDbEntity
  8
0
  6
CONTINUOUS
 62
    43
100
AcDbPolyline
 90
       16
 70
     1
 43
0.0
 10
14.57190156028218
 20
-33.03746752527741
 10
14.57190156028218
 20
-32.81242352527761
 10
14.57190156028218
 20
-32.81242352527761
 10
14.34685656028296
 20
-32.5873795252769
 10
14.12181256028225
 20
-32.5873795252769
 10
14.12181256028225
 20
-32.5873795252769
 10
13.89676856028154
 20
-32.81242352527761
 10
13.89676856028154
 20
-32.81242352527761
 10
13.89676856028154
 20
-33.03746752527741
 10
13.89676856028154
 20
-33.03746752527741
 10
13.89676856028154
 20
-33.26251252527754
 10
14.12181256028225
 20
-33.26251252527754
 10
14.12181256028225
 20
-33.26251252527754
 10
14.34685656028296
 20
-33.26251252527754
 10
14.57190156028218
 20
-33.26251252527754
 10
14.57190156028218
 20
-33.03746752527741
  0
LWPOLYLINE
  5
48B
330
30E
100
AcDbEntity
  8
0
  6
CONTINUOUS
 62
    43
100
AcDbPolyline
 90
       32
 70
     1
 43
0.0
 10
14.57190156028218
 20
-34.83782152527739
 10
14.57190156028218
 20
-35.28791052527731
 10
14.57190156028218
 20
-35.51295452527803
 10
14.57190156028218
 20
-35.73799952527635
 10
14.57190156028218
 20
-35.96304352527795
 10
14.34685656028296
 20
-36.18808752527775
 10
14.34685656028296
 20
-36.41313152527755
 10
14.34685656028296
 20
-36.41313152527755
 10
14.12181256028225
 20
-36.41313152527755
 10
14.12181256028225
 20
-36.41313152527755
 10
14.12181256028225
 20
-36.41313152527755
 10
14.12181256028225
 20
-36.18808752527775
 10
13.89676856028154
 20
-35.96304352527795
 10
13.89676856028154
 20
-35.73799952527635
 10
13.89676856028154
 20
-35.51295452527803
 10
13.89676856028154
 20
-35.28791052527731
 10
13.89676856028154
 20
-34.83782152527739
 10
13.89676856028154
 20
-34.61277752527758
 10
13.89676856028154
 20
-34.16268952527616
 10
13.89676856028154
 20
-33.93764452527785
 10
13.89676856028154
 20
-33.71260052527805
 10
14.12181256028225
 20
-33.48755652527643
 10
14.12181256028225
 20
-33.48755652527643
 10
14.12181256028225
 20
-33.48755652527643
 10
14.12181256028225
 20
-33.26251252527754
 10
14.34685656028296
 20
-33.48755652527643
 10
14.34685656028296
 20
-33.48755652527643
 10
14.34685656028296
 20
-33.48755652527643
 10
14.57190156028218
 20
-33.71260052527805
 10
14.57190156028218
 20
-33.93764452527785
 10
14.57190156028218
 20
-34.16268952527616
 10
14.57190156028218
 20
-34.61277752527758
  0
LWPOLYLINE
  5
48C
330
30E
100
AcDbEntity
  8
0
  6
CONTINUOUS
 62
    43
100
AcDbPolyline
 90
       16
 70
     1
 43
0.0
 10
12.77154756027949
 20
-33.03746752527741
 10
12.77154756027949
 20
-32.81242352527761
 10
12.77154756027949
 20
-32.81242352527761
 10
12.54650256028026
 20
-32.5873795252769
 10
12.32145856028137
 20
-32.5873795252769
 10
12.09641456028066
 20
-32.5873795252769
 10
12.09641456028066
 20
-32.81242352527761
 10
12.09641456028066
 20
-32.81242352527761
 10
12.09641456028066
 20
-33.03746752527741
 10
12.09641456028066
 20
-33.03746752527741
 10
12.09641456028066
 20
-33.26251252527754
 10
12.09641456028066
 20
-33.26251252527754
 10
12.32145856028137
 20
-33.26251252527754
 10
12.54650256028026
 20
-33.26251252527754
 10
12.77154756027949
 20
-33.26251252527754
 10
12.77154756027949
 20
-33.03746752527741
  0
LWPOLYLINE
  5
48D
330
30E
100
AcDbEntity
  8
0
  6
CONTINUOUS
 62
    43
100
AcDbPolyline
 90
       32
 70
     1
 43
0.0
 10
12.77154756027949
 20
-34.83782152527739
 10
12.77154756027949
 20
-35.28791052527731
 10
12.77154756027949
 20
-35.51295452527803
 10
12.77154756027949
 20
-35.73799952527635
 10
12.77154756027949
 20
-35.96304352527795
 10
12.54650256028026
 20
-36.18808752527775
 10
12.54650256028026
 20
-36.41313152527755
 10
12.54650256028026
 20
-36.41313152527755
 10
12.32145856028137
 20
-36.41313152527755
 10
12.32145856028137
 20
-36.41313152527755
 10
12.09641456028066
 20
-36.41313152527755
 10
12.09641456028066
 20
-36.18808752527775
 10
12.09641456028066
 20
-35.96304352527795
 10
12.09641456028066
 20
-35.73799952527635
 10
12.09641456028066
 20
-35.51295452527803
 10
12.09641456028066
 20
-35.28791052527731
 10
12.09641456028066
 20
-34.83782152527739
 10
12.09641456028066
 20
-34.61277752527758
 10
12.09641456028066
 20
-34.16268952527616
 10
12.09641456028066
 20
-33.93764452527785
 10
12.09641456028066
 20
-33.71260052527805
 10
12.09641456028066
 20
-33.48755652527643
 10
12.09641456028066
 20
-33.48755652527643
 10
12.32145856028137
 20
-33.48755652527643
 10
12.32145856028137
 20
-33.26251252527754
 10
12.54650256028026
 20
-33.48755652527643
 10
12.54650256028026
 20
-33.48755652527643
 10
12.54650256028026
 20
-33.48755652527643
 10
12.77154756027949
 20
-33.71260052527805
 10
12.77154756027949
 20
-33.93764452527785
 10
12.77154756027949
 20
-34.16268952527616
 10
12.77154756027949
 20
-34.61277752527758
  0
LWPOLYLINE
  5
48E
330
30E
100
AcDbEntity
  8
0
  6
CONTINUOUS
 62
    43
100
AcDbPolyline
 90
       16
 70
     1
 43
0.0
 10
10.9711925602819
 20
-33.03746752527741
 10
10.9711925602819
 20
-32.81242352527761
 10
10.7461485602812
 20
-32.81242352527761
 10
10.7461485602812
 20
-32.5873795252769
 10
10.52110456028049
 20
-32.5873795252769
 10
10.29606056027978
 20
-32.5873795252769
 10
10.29606056027978
 20
-32.81242352527761
 10
10.07101556028237
 20
-32.81242352527761
 10
10.07101556028237
 20
-33.03746752527741
 10
10.07101556028237
 20
-33.03746752527741
 10
10.29606056027978
 20
-33.26251252527754
 10
10.29606056027978
 20
-33.26251252527754
 10
10.52110456028049
 20
-33.26251252527754
 10
10.7461485602812
 20
-33.26251252527754
 10
10.7461485602812
 20
-33.26251252527754
 10
10.9711925602819
 20
-33.03746752527741
  0
LWPOLYLINE
  5
48F
330
30E
100
AcDbEntity
  8
0
  6
CONTINUOUS
 62
    43
100
AcDbPolyline
 90
       32
 70
     1
 43
0.0
 10
10.9711925602819
 20
-34.83782152527739
 10
10.9711925602819
 20
-35.28791052527731
 10
10.9711925602819
 20
-35.51295452527803
 10
10.7461485602812
 20
-35.73799952527635
 10
10.7461485602812
 20
-35.96304352527795
 10
10.7461485602812
 20
-36.18808752527775
 10
10.7461485602812
 20
-36.41313152527755
 10
10.52110456028049
 20
-36.41313152527755
 10
10.52110456028049
 20
-36.41313152527755
 10
10.52110456028049
 20
-36.41313152527755
 10
10.29606056027978
 20
-36.41313152527755
 10
10.29606056027978
 20
-36.18808752527775
 10
10.29606056027978
 20
-35.96304352527795
 10
10.07101556028237
 20
-35.73799952527635
 10
10.07101556028237
 20
-35.51295452527803
 10
10.07101556028237
 20
-35.28791052527731
 10
10.07101556028237
 20
-34.83782152527739
 10
10.07101556028237
 20
-34.61277752527758
 10
10.07101556028237
 20
-34.16268952527616
 10
10.07101556028237
 20
-33.93764452527785
 10
10.29606056027978
 20
-33.71260052527805
 10
10.29606056027978
 20
-33.48755652527643
 10
10.29606056027978
 20
-33.48755652527643
 10
10.52110456028049
 20
-33.48755652527643
 10
10.52110456028049
 20
-33.26251252527754
 10
10.52110456028049
 20
-33.48755652527643
 10
10.7461485602812
 20
-33.48755652527643
 10
10.7461485602812
 20
-33.48755652527643
 10
10.7461485602812
 20
-33.71260052527805
 10
10.7461485602812
 20
-33.93764452527785
 10
10.9711925602819
 20
-34.16268952527616
 10
10.9711925602819
 20
-34.61277752527758
  0
LWPOLYLINE
  5
490
330
30E
100
AcDbEntity
  8
0
  6
CONTINUOUS
 62
    43
100
AcDbPolyline
 90
       16
 70
     1
 43
0.0
 10
8.945794560283957
 20
-33.03746752527741
 10
8.945794560283957
 20
-32.81242352527761
 10
8.945794560283957
 20
-32.81242352527761
 10
8.720750560281429
 20
-32.5873795252769
 10
8.720750560281429
 20
-32.5873795252769
 10
8.495706560282542
 20
-32.5873795252769
 10
8.270661560281496
 20
-32.81242352527761
 10
8.270661560281496
 20
-32.81242352527761
 10
8.270661560281496
 20
-33.03746752527741
 10
8.270661560281496
 20
-33.03746752527741
 10
8.270661560281496
 20
-33.26251252527754
 10
8.495706560282542
 20
-33.26251252527754
 10
8.720750560281429
 20
-33.26251252527754
 10
8.720750560281429
 20
-33.26251252527754
 10
8.945794560283957
 20
-33.26251252527754
 10
8.945794560283957
 20
-33.03746752527741
  0
LWPOLYLINE
  5
491
330
30E
100
AcDbEntity
  8
0
  6
CONTINUOUS
 62
    43
100
AcDbPolyline
 90
       32
 70
     1
 43
0.0
 10
8.945794560283957
 20
-34.83782152527739
 10
8.945794560283957
 20
-35.28791052527731
 10
8.945794560283957
 20
-35.51295452527803
 10
8.945794560283957
 20
-35.73799952527635
 10
8.945794560283957
 20
-35.96304352527795
 10
8.945794560283957
 20
-36.18808752527775
 10
8.720750560281429
 20
-36.41313152527755
 10
8.720750560281429
 20
-36.41313152527755
 10
8.720750560281429
 20
-36.41313152527755
 10
8.495706560282542
 20
-36.41313152527755
 10
8.495706560282542
 20
-36.41313152527755
 10
8.495706560282542
 20
-36.18808752527775
 10
8.270661560281496
 20
-35.96304352527795
 10
8.270661560281496
 20
-35.73799952527635
 10
8.270661560281496
 20
-35.51295452527803
 10
8.270661560281496
 20
-35.28791052527731
 10
8.270661560281496
 20
-34.83782152527739
 10
8.270661560281496
 20
-34.61277752527758
 10
8.270661560281496
 20
-34.16268952527616
 10
8.270661560281496
 20
-33.93764452527785
 10
8.270661560281496
 20
-33.71260052527805
 10
8.495706560282542
 20
-33.48755652527643
 10
8.495706560282542
 20
-33.48755652527643
 10
8.495706560282542
 20
-33.48755652527643
 10
8.720750560281429
 20
-33.26251252527754
 10
8.720750560281429
 20
-33.48755652527643
 10
8.720750560281429
 20
-33.48755652527643
 10
8.945794560283957
 20
-33.48755652527643
 10
8.945794560283957
 20
-33.71260052527805
 10
8.945794560283957
 20
-33.93764452527785
 10
8.945794560283957
 20
-34.16268952527616
 10
8.945794560283957
 20
-34.61277752527758
  0
LWPOLYLINE
  5
492
330
30E
100
AcDbEntity
  8
0
  6
CONTINUOUS
 62
    43
100
AcDbPolyline
 90
       16
 70
     1
 43
0.0
 10
7.145440560281258
 20
-33.03746752527741
 10
7.145440560281258
 20
-32.81242352527761
 10
7.145440560281258
 20
-32.81242352527761
 10
6.920396560280551
 20
-32.5873795252769
 10
6.695352560281661
 20
-32.5873795252769
 10
6.695352560281661
 20
-32.5873795252769
 10
6.470307560278798
 20
-32.81242352527761
 10
6.470307560278798
 20
-32.81242352527761
 10
6.470307560278798
 20
-33.03746752527741
 10
6.470307560278798
 20
-33.03746752527741
 10
6.470307560278798
 20
-33.26251252527754
 10
6.695352560281661
 20
-33.26251252527754
 10
6.695352560281661
 20
-33.26251252527754
 10
6.920396560280551
 20
-33.26251252527754
 10
7.145440560281258
 20
-33.26251252527754
 10
7.145440560281258
 20
-33.03746752527741
  0
LWPOLYLINE
  5
493
330
30E
100
AcDbEntity
  8
0
  6
CONTINUOUS
 62
    43
100
AcDbPolyline
 90
       32
 70
     1
 43
0.0
 10
7.145440560281258
 20
-34.83782152527739
 10
7.145440560281258
 20
-35.28791052527731
 10
7.145440560281258
 20
-35.51295452527803
 10
7.145440560281258
 20
-35.73799952527635
 10
7.145440560281258
 20
-35.96304352527795
 10
6.920396560280551
 20
-36.18808752527775
 10
6.920396560280551
 20
-36.41313152527755
 10
6.920396560280551
 20
-36.41313152527755
 10
6.695352560281661
 20
-36.41313152527755
 10
6.695352560281661
 20
-36.41313152527755
 10
6.695352560281661
 20
-36.41313152527755
 10
6.470307560278798
 20
-36.18808752527775
 10
6.470307560278798
 20
-35.96304352527795
 10
6.470307560278798
 20
-35.73799952527635
 10
6.470307560278798
 20
-35.51295452527803
 10
6.470307560278798
 20
-35.28791052527731
 10
6.470307560278798
 20
-34.83782152527739
 10
6.470307560278798
 20
-34.61277752527758
 10
6.470307560278798
 20
-34.16268952527616
 10
6.470307560278798
 20
-33.93764452527785
 10
6.470307560278798
 20
-33.71260052527805
 10
6.470307560278798
 20
-33.48755652527643
 10
6.695352560281661
 20
-33.48755652527643
 10
6.695352560281661
 20
-33.48755652527643
 10
6.695352560281661
 20
-33.26251252527754
 10
6.920396560280551
 20
-33.48755652527643
 10
6.920396560280551
 20
-33.48755652527643
 10
6.920396560280551
 20
-33.48755652527643
 10
7.145440560281258
 20
-33.71260052527805
 10
7.145440560281258
 20
-33.93764452527785
 10
7.145440560281258
 20
-34.16268952527616
 10
7.145440560281258
 20
-34.61277752527758
  0
ENDBLK
  5
494
330
30E
100
AcDbEntity
  8
0
100
AcDbBlockEnd
  0
BLOCK
  5
496
330
495
100
AcDbEntity
  8
0
100
AcDbBlockBegin
  2
FURN-G127
 70
     0
 10
0.0
 20
0.0
 30
0.0
  3
FURN-G127
  1

  0
CIRCLE
  5
497
330
495
100
AcDbEntity
  8
FURNITURE
  6
CONTINUOUS
 62
     7
100
AcDbCircle
 10
976.216274
 20
640.2692099999998
 30
0.0
 40
0.6585140000000002
  0
CIRCLE
  5
498
330
495
100
AcDbEntity
  8
FURNITURE
  6
CONTINUOUS
 62
     7
100
AcDbCircle
 10
976.216274
 20
637.496016
 30
0.0
 40
0.6585140000000002
  0
CIRCLE
  5
499
330
495
100
AcDbEntity
  8
FURNITURE
  6
CONTINUOUS
 62
     7
100
AcDbCircle
 10
978.669186
 20
640.2692099999998
 30
0.0
 40
0.6585140000000002
  0
CIRCLE
  5
49A
330
495
100
AcDbEntity
  8
FURNITURE
  6
CONTINUOUS
 62
     7
100
AcDbCircle
 10
978.669186
 20
637.496016
 30
0.0
 40
0.6585140000000002
  0
LINE
  5
49B
330
495
100
AcDbEntity
  8
FURNITURE
  6
CONTINUOUS
 62
     7
100
AcDbLine
 10
994.9075429999997
 20
623.8622269999997
 30
0.0
 11
994.9075429999997
 21
653.856459
 31
0.0
  0
LINE
  5
49C
330
495
100
AcDbEntity
  8
FURNITURE
  6
CONTINUOUS
 62
     7
100
AcDbLine
 10
994.9075429999997
 20
653.856459
 30
0.0
 11
973.7169
 21
653.856459
 31
0.0
  0
LINE
  5
49D
330
495
100
AcDbEntity
  8
FURNITURE
  6
CONTINUOUS
 62
     7
100
AcDbLine
 10
973.7169
 20
653.856459
 30
0.0
 11
973.7169
 21
623.8622269999997
 31
0.0
  0
LINE
  5
49E
330
495
100
AcDbEntity
  8
FURNITURE
  6
CONTINUOUS
 62
     7
100
AcDbLine
 10
973.7169
 20
623.8622269999997
 30
0.0
 11
994.9075429999997
 21
623.8622269999997
 31
0.0
  0
LINE
  5
49F
330
495
100
AcDbEntity
  8
FURNITURE
  6
CONTINUOUS
 62
     7
100
AcDbLine
 10
980.211483
 20
636.153182
 30
0.0
 11
980.211483
 21
641.6120440000002
 31
0.0
  0
LINE
  5
4A0
330
495
100
AcDbEntity
  8
FURNITURE
  6
CONTINUOUS
 62
     7
100
AcDbLine
 10
980.211483
 20
641.6120440000002
 30
0.0
 11
974.82513
 21
641.6120440000002
 31
0.0
  0
LINE
  5
4A1
330
495
100
AcDbEntity
  8
FURNITURE
  6
CONTINUOUS
 62
     7
100
AcDbLine
 10
974.82513
 20
641.6120440000002
 30
0.0
 11
974.82513
 21
636.153182
 31
0.0
  0
LINE
  5
4A2
330
495
100
AcDbEntity
  8
FURNITURE
  6
CONTINUOUS
 62
     7
100
AcDbLine
 10
974.82513
 20
636.153182
 30
0.0
 11
980.211483
 21
636.153182
 31
0.0
  0
ARC
  5
4A3
330
495
100
AcDbEntity
  8
FURNITURE
  6
CONTINUOUS
 62
     7
100
AcDbCircle
 10
991.7724419999997
 20
644.936324
 30
0.0
 40
1.372174999999999
100
AcDbArc
 50
270.0000009999999
 51
0.0
  0
LINE
  5
4A4
330
495
100
AcDbEntity
  8
FURNITURE
  6
CONTINUOUS
 62
     7
100
AcDbLine
 10
993.144619
 20
644.936324
 30
0.0
 11
993.144619
 21
650.3737319999998
 31
0.0
  0
ARC
  5
4A5
330
495
100
AcDbEntity
  8
FURNITURE
  6
CONTINUOUS
 62
     7
100
AcDbCircle
 10
991.7724419999997
 20
650.3737319999998
 30
0.0
 40
1.372174999999999
100
AcDbArc
 50
0.0
 51
90.00000300000004
  0
LINE
  5
4A6
330
495
100
AcDbEntity
  8
FURNITURE
  6
CONTINUOUS
 62
     7
100
AcDbLine
 10
991.7724419999997
 20
651.745925
 30
0.0
 11
977.693813
 21
651.745925
 31
0.0
  0
ARC
  5
4A7
330
495
100
AcDbEntity
  8
FURNITURE
  6
CONTINUOUS
 62
     7
100
AcDbCircle
 10
977.693813
 20
650.3737319999998
 30
0.0
 40
1.372174999999999
100
AcDbArc
 50
90.00000300000004
 51
180.000005
  0
LINE
  5
4A8
330
495
100
AcDbEntity
  8
FURNITURE
  6
CONTINUOUS
 62
     7
100
AcDbLine
 10
976.321636
 20
650.3737319999998
 30
0.0
 11
976.321636
 21
644.936324
 31
0.0
  0
ARC
  5
4A9
330
495
100
AcDbEntity
  8
FURNITURE
  6
CONTINUOUS
 62
     7
100
AcDbCircle
 10
977.693813
 20
644.936324
 30
0.0
 40
1.372174999999999
100
AcDbArc
 50
180.000005
 51
270.0000009999999
  0
LINE
  5
4AA
330
495
100
AcDbEntity
  8
FURNITURE
  6
CONTINUOUS
 62
     7
100
AcDbLine
 10
977.693813
 20
643.564131
 30
0.0
 11
991.7724419999997
 21
643.564131
 31
0.0
  0
ARC
  5
4AB
330
495
100
AcDbEntity
  8
FURNITURE
  6
CONTINUOUS
 62
     7
100
AcDbCircle
 10
991.7724419999997
 20
627.391524
 30
0.0
 40
1.372174999999999
100
AcDbArc
 50
270.0000009999999
 51
0.0
  0
LINE
  5
4AC
330
495
100
AcDbEntity
  8
FURNITURE
  6
CONTINUOUS
 62
     7
100
AcDbLine
 10
993.144619
 20
627.391524
 30
0.0
 11
993.144619
 21
632.828932
 31
0.0
  0
ARC
  5
4AD
330
495
100
AcDbEntity
  8
FURNITURE
  6
CONTINUOUS
 62
     7
100
AcDbCircle
 10
991.7724419999997
 20
632.828932
 30
0.0
 40
1.372174999999999
100
AcDbArc
 50
0.0
 51
90.00000300000004
  0
LINE
  5
4AE
330
495
100
AcDbEntity
  8
FURNITURE
  6
CONTINUOUS
 62
     7
100
AcDbLine
 10
991.7724419999997
 20
634.201094
 30
0.0
 11
977.693813
 21
634.201094
 31
0.0
  0
ARC
  5
4AF
330
495
100
AcDbEntity
  8
FURNITURE
  6
CONTINUOUS
 62
     7
100
AcDbCircle
 10
977.693813
 20
632.828932
 30
0.0
 40
1.372174999999999
100
AcDbArc
 50
90.00000300000004
 51
180.000005
  0
LINE
  5
4B0
330
495
100
AcDbEntity
  8
FURNITURE
  6
CONTINUOUS
 62
     7
100
AcDbLine
 10
976.321636
 20
632.828932
 30
0.0
 11
976.321636
 21
627.391524
 31
0.0
  0
ARC
  5
4B1
330
495
100
AcDbEntity
  8
FURNITURE
  6
CONTINUOUS
 62
     7
100
AcDbCircle
 10
977.693813
 20
627.391524
 30
0.0
 40
1.372174999999999
100
AcDbArc
 50
180.000005
 51
270.0000009999999
  0
LINE
  5
4B2
330
495
100
AcDbEntity
  8
FURNITURE
  6
CONTINUOUS
 62
     7
100
AcDbLine
 10
977.693813
 20
626.0193320000001
 30
0.0
 11
991.7724419999997
 21
626.0193320000001
 31
0.0
  0
LINE
  5
4B3
330
495
100
AcDbEntity
  8
FURNITURE
  6
CONTINUOUS
 62
     7
100
AcDbLine
 10
985.2900199999997
 20
651.673445
 30
0.0
 11
985.2900199999997
 21
643.5002279999999
 31
0.0
  0
LINE
  5
4B4
330
495
100
AcDbEntity
  8
FURNITURE
  6
CONTINUOUS
 62
     7
100
AcDbLine
 10
985.2900199999997
 20
626.091811
 30
0.0
 11
985.2900199999997
 21
634.265029
 31
0.0
  0
LINE
  5
4B5
330
495
100
AcDbEntity
  8
FURNITURE
  6
CONTINUOUS
 62
     7
100
AcDbLine
 10
984.183865
 20
651.745925
 30
0.0
 11
984.183865
 21
643.5767349999998
 31
0.0
  0
LINE
  5
4B6
330
495
100
AcDbEntity
  8
FURNITURE
  6
CONTINUOUS
 62
     7
100
AcDbLine
 10
984.183865
 20
626.0193320000001
 30
0.0
 11
984.183865
 21
634.188521
 31
0.0
  0
CIRCLE
  5
4B7
330
495
100
AcDbEntity
  8
FURNITURE
  6
CONTINUOUS
 62
     7
100
AcDbCircle
 10
989.100185
 20
647.6877889999997
 30
0.0
 40
1.101391999999999
  0
CIRCLE
  5
4B8
330
495
100
AcDbEntity
  8
FURNITURE
  6
CONTINUOUS
 62
     7
100
AcDbCircle
 10
989.100185
 20
630.0774679999997
 30
0.0
 40
1.101391999999999
  0
CIRCLE
  5
4B9
330
495
100
AcDbEntity
  8
FURNITURE
  6
CONTINUOUS
 62
     7
100
AcDbCircle
 10
980.511013
 20
647.6877889999997
 30
0.0
 40
1.101391999999999
  0
CIRCLE
  5
4BA
330
495
100
AcDbEntity
  8
FURNITURE
  6
CONTINUOUS
 62
     7
100
AcDbCircle
 10
980.511013
 20
630.0774679999997
 30
0.0
 40
1.101391999999999
  0
LINE
  5
4BB
330
495
100
AcDbEntity
  8
FURNITURE
  6
CONTINUOUS
 62
     7
100
AcDbLine
 10
997.3399619999997
 20
623.876387
 30
0.0
 11
997.3399619999997
 21
653.879409
 31
0.0
  0
LINE
  5
4BC
330
495
100
AcDbEntity
  8
FURNITURE
  6
CONTINUOUS
 62
     7
100
AcDbLine
 10
997.3399619999997
 20
653.879409
 30
0.0
 11
994.875942
 21
653.879409
 31
0.0
  0
LINE
  5
4BD
330
495
100
AcDbEntity
  8
FURNITURE
  6
CONTINUOUS
 62
     7
100
AcDbLine
 10
994.875942
 20
653.879409
 30
0.0
 11
994.875942
 21
623.876387
 31
0.0
  0
LINE
  5
4BE
330
495
100
AcDbEntity
  8
FURNITURE
  6
CONTINUOUS
 62
     7
100
AcDbLine
 10
994.875942
 20
623.876387
 30
0.0
 11
997.3399619999997
 21
623.876387
 31
0.0
  0
LINE
  5
4BF
330
495
100
AcDbEntity
  8
FURNITURE
  6
CONTINUOUS
 62
     7
100
AcDbLine
 10
973.06216
 20
629.746535
 30
0.0
 11
973.06216
 21
648.009261
 31
0.0
  0
LINE
  5
4C0
330
495
100
AcDbEntity
  8
FURNITURE
  6
CONTINUOUS
 62
     7
100
AcDbLine
 10
973.06216
 20
648.009261
 30
0.0
 11
972.482387
 21
648.009261
 31
0.0
  0
LINE
  5
4C1
330
495
100
AcDbEntity
  8
FURNITURE
  6
CONTINUOUS
 62
     7
100
AcDbLine
 10
972.482387
 20
648.009261
 30
0.0
 11
972.482387
 21
629.746535
 31
0.0
  0
LINE
  5
4C2
330
495
100
AcDbEntity
  8
FURNITURE
  6
CONTINUOUS
 62
     7
100
AcDbLine
 10
972.482387
 20
629.746535
 30
0.0
 11
973.06216
 21
629.746535
 31
0.0
  0
ENDBLK
  5
4C3
330
495
100
AcDbEntity
  8
0
100
AcDbBlockEnd
  0
BLOCK
  5
4C5
330
4C4
100
AcDbEntity
  8
0
100
AcDbBlockBegin
  2
FURN-G126
 70
     0
 10
0.0
 20
0.0
 30
0.0
  3
FURN-G126
  1

  0
SOLID
  5
4C6
330
4C4
100
AcDbEntity
  8
FURNITURE
  6
CONTINUOUS
 62
    63
100
AcDbTrace
 10
994.9075429999997
 20
623.8622269999997
 30
0.0
 11
994.9075429999997
 21
623.876387
 31
0.0
 12
994.875942
 22
623.876387
 32
0.0
 13
994.875942
 23
623.876387
 33
0.0
  0
SOLID
  5
4C7
330
4C4
100
AcDbEntity
  8
FURNITURE
  6
CONTINUOUS
 62
    63
100
AcDbTrace
 10
973.7169
 20
623.8622269999997
 30
0.0
 11
994.9075429999997
 21
623.8622269999997
 31
0.0
 12
994.875942
 22
623.876387
 32
0.0
 13
994.875942
 23
623.876387
 33
0.0
  0
SOLID
  5
4C8
330
4C4
100
AcDbEntity
  8
FURNITURE
  6
CONTINUOUS
 62
    63
100
AcDbTrace
 10
994.875942
 20
623.876387
 30
0.0
 11
994.875942
 21
653.856459
 31
0.0
 12
973.7169
 22
653.856459
 32
0.0
 13
973.7169
 23
653.856459
 33
0.0
  0
SOLID
  5
4C9
330
4C4
100
AcDbEntity
  8
FURNITURE
  6
CONTINUOUS
 62
    63
100
AcDbTrace
 10
973.7169
 20
653.856459
 30
0.0
 11
973.7169
 21
623.8622269999997
 31
0.0
 12
994.875942
 22
623.876387
 32
0.0
 13
994.875942
 23
623.876387
 33
0.0
  0
INSERT
  5
4CA
330
4C4
100
AcDbEntity
  8
FURNITURE
100
AcDbBlockReference
  2
FURN-G127
 10
0.0
 20
0.0
 30
0.0
  0
ENDBLK
  5
4CB
330
4C4
100
AcDbEntity
  8
0
100
AcDbBlockEnd
  0
BLOCK
  5
4CD
330
4CC
100
AcDbEntity
  8
0
100
AcDbBlockBegin
  2
FURN-G128
 70
     0
 10
0.0
 20
0.0
 30
0.0
  3
FURN-G128
  1

  0
LWPOLYLINE
  5
4CE
330
4CC
100
AcDbEntity
  8
FURNITURE
  6
CONTINUOUS
 62
   120
100
AcDbPolyline
 90
       59
 70
     1
 43
0.0
 10
969.699619
 20
654.1448149999999
 10
966.695311
 20
654.1448149999999
 42
-0.468519
 10
965.0493730000001
 20
652.3574009999999
 10
965.0493730000001
 20
651.4223860000002
 42
-2.152654
 10
963.881442
 20
650.436587
 42
-0.4645430000000001
 10
965.0493730000001
 20
651.4223860000002
 10
965.0493730000001
 20
652.3574009999999
 42
-0.262509
 10
963.736002
 20
653.186587
 10
962.699619
 20
653.186587
 10
962.699619
 20
652.706892
 42
-0.373238
 10
960.982462
 20
650.7269929999998
 10
953.982462
 20
649.7269929999998
 42
-0.456412
 10
951.699619
 20
651.706892
 10
951.699619
 20
656.166282
 42
-0.456412
 10
953.982462
 20
658.1461809999997
 10
960.982462
 20
657.1461809999997
 42
-0.373238
 10
962.699619
 20
655.166282
 10
962.699619
 20
654.686587
 10
963.736002
 20
654.686587
 42
-0.262509
 10
965.0493730000001
 20
655.5157719999997
 10
965.0493730000001
 20
656.4507879999998
 42
-0.4645430000000001
 10
963.881442
 20
657.436587
 42
-1.0
 10
965.881442
 20
657.436587
 42
-0.365614
 10
965.0493730000001
 20
656.4507879999998
 10
965.0493730000001
 20
655.5157719999997
 42
-0.39029
 10
966.695311
 20
654.1448149999999
 10
969.699619
 20
654.1448149999999
 10
969.699619
 20
672.436587
 42
0.4142140000000003
 10
966.699619
 20
675.436587
 10
951.699619
 20
675.436587
 42
0.4142140000000003
 10
948.699619
 20
672.436587
 10
948.699619
 20
665.7399589999998
 10
951.699619
 20
665.7399589999998
 10
951.699619
 20
670.436587
 42
-0.4142140000000003
 10
953.699619
 20
672.436587
 10
964.699619
 20
672.436587
 42
-0.4142140000000003
 10
966.699619
 20
670.436587
 10
966.699619
 20
661.444834
 42
-0.441024
 10
964.518548
 20
659.4530480000002
 10
953.518548
 20
660.4530480000002
 42
-0.387902
 10
951.699619
 20
662.444834
 10
951.699619
 20
665.7399589999998
 10
948.699619
 20
665.7399589999998
 10
948.699619
 20
635.436587
 42
0.4142140000000003
 10
951.699619
 20
632.436587
 10
966.699619
 20
632.436587
 42
0.4142140000000003
 10
969.699619
 20
635.436587
 10
969.699619
 20
642.4028969999998
 10
966.699619
 20
642.4028969999998
 10
966.699619
 20
637.436587
 42
-0.4142140000000003
 10
964.699619
 20
635.436587
 10
953.699619
 20
635.436587
 42
-0.4142140000000003
 10
951.699619
 20
637.436587
 10
951.699619
 20
645.4283389999998
 42
-0.387902
 10
953.518548
 20
647.420126
 10
964.518548
 20
648.4201259999998
 42
-0.441024
 10
966.699619
 20
646.4283389999998
 10
966.699619
 20
642.4028969999998
 10
969.699619
 20
642.4028969999998
  0
LWPOLYLINE
  5
4CF
330
4CC
100
AcDbEntity
  8
FURNITURE
  6
CONTINUOUS
 62
   250
100
AcDbPolyline
 90
        2
 70
     1
 43
0.0
 10
960.699619
 20
641.936587
 42
1.0
 10
958.699619
 20
641.936587
 42
1.0
  0
LWPOLYLINE
  5
4D0
330
4CC
100
AcDbEntity
  8
FURNITURE
  6
CONTINUOUS
 62
   250
100
AcDbPolyline
 90
        2
 70
     1
 43
0.0
 10
960.699619
 20
665.936587
 42
1.0
 10
958.699619
 20
665.936587
 42
1.0
  0
LWPOLYLINE
  5
4D1
330
4CC
100
AcDbEntity
  8
FURNITURE
  6
CONTINUOUS
 62
   250
100
AcDbPolyline
 90
        2
 70
     1
 43
0.0
 10
958.317653
 20
653.936587
 42
1.0
 10
956.081585
 20
653.936587
 42
1.0
  0
LWPOLYLINE
  5
4D2
330
4CC
100
AcDbEntity
  8
FURNITURE
  6
CONTINUOUS
 62
    51
100
AcDbPolyline
 90
        5
 70
     1
 43
0.0
 10
963.736002
 20
654.686587
 10
959.699619
 20
654.686587
 42
-1.0
 10
959.699619
 20
653.186587
 10
963.736002
 20
653.186587
 42
-0.124187
 10
963.546804
 20
653.936587
 42
-0.124187
  0
LINE
  5
4D3
330
4CC
100
AcDbEntity
  8
FURNITURE
  6
CONTINUOUS
 62
     7
100
AcDbLine
 10
959.699619
 20
654.686587
 30
0.0
 11
963.736002
 21
654.686587
 31
0.0
  0
LINE
  5
4D4
330
4CC
100
AcDbEntity
  8
FURNITURE
  6
CONTINUOUS
 62
     7
100
AcDbLine
 10
959.699619
 20
653.186587
 30
0.0
 11
963.736002
 21
653.186587
 31
0.0
  0
LWPOLYLINE
  5
4D5
330
4CC
100
AcDbEntity
  8
FURNITURE
  6
CONTINUOUS
 62
    31
100
AcDbPolyline
 90
        2
 70
     1
 43
0.0
 10
960.449619
 20
653.936587
 42
1.0
 10
958.949619
 20
653.936587
 42
1.0
  0
LWPOLYLINE
  5
4D6
330
4CC
100
AcDbEntity
  8
FURNITURE
  6
CONTINUOUS
 62
    31
100
AcDbPolyline
 90
        2
 70
     1
 43
0.0
 10
966.7090820000001
 20
653.936587
 42
1.0
 10
963.546804
 20
653.936587
 42
1.0
  0
LWPOLYLINE
  5
4D7
330
4CC
100
AcDbEntity
  8
FURNITURE
  6
CONTINUOUS
 62
   160
100
AcDbPolyline
 90
        2
 70
     1
 43
0.0
 10
965.881442
 20
650.436587
 42
1.0
 10
963.881442
 20
650.436587
 42
1.0
  0
LWPOLYLINE
  5
4D8
330
4CC
100
AcDbEntity
  8
FURNITURE
  6
CONTINUOUS
 62
     1
100
AcDbPolyline
 90
        2
 70
     1
 43
0.0
 10
963.881442
 20
657.436587
 42
1.0
 10
965.881442
 20
657.436587
 42
1.0
  0
LWPOLYLINE
  5
4D9
330
4CC
100
AcDbEntity
  8
FURNITURE
  6
CONTINUOUS
 62
   121
100
AcDbPolyline
 90
       13
 70
     1
 43
0.0
 10
962.699619
 20
652.706892
 10
962.699619
 20
653.186587
 10
959.699619
 20
653.186587
 42
-0.4142140000000003
 10
958.949619
 20
653.936587
 42
-0.4142140000000003
 10
959.699619
 20
654.686587
 10
962.699619
 20
654.686587
 10
962.699619
 20
655.166282
 42
0.373238
 10
960.982462
 20
657.1461809999997
 10
953.982462
 20
658.1461809999997
 42
0.456412
 10
951.699619
 20
656.166282
 10
951.699619
 20
651.706892
 42
0.456412
 10
953.982462
 20
649.7269929999998
 10
960.982462
 20
650.7269929999998
 42
0.373238
  0
CIRCLE
  5
4DA
330
4CC
100
AcDbEntity
  8
FURNITURE
  6
CONTINUOUS
 62
     7
100
AcDbCircle
 10
959.699619
 20
653.936587
 30
0.0
 40
0.75
  0
CIRCLE
  5
4DB
330
4CC
100
AcDbEntity
  8
FURNITURE
  6
CONTINUOUS
 62
     7
100
AcDbCircle
 10
964.881442
 20
650.436587
 30
0.0
 40
1.0
  0
CIRCLE
  5
4DC
330
4CC
100
AcDbEntity
  8
FURNITURE
  6
CONTINUOUS
 62
     7
100
AcDbCircle
 10
964.881442
 20
657.436587
 30
0.0
 40
1.0
  0
CIRCLE
  5
4DD
330
4CC
100
AcDbEntity
  8
FURNITURE
  6
CONTINUOUS
 62
     7
100
AcDbCircle
 10
965.127943
 20
653.936587
 30
0.0
 40
1.581138999999999
  0
LINE
  5
4DE
330
4CC
100
AcDbEntity
  8
FURNITURE
  6
CONTINUOUS
 62
     7
100
AcDbLine
 10
962.699619
 20
655.166282
 30
0.0
 11
962.699619
 21
654.686587
 31
0.0
  0
LWPOLYLINE
  5
4DF
330
4CC
100
AcDbEntity
  8
FURNITURE
  6
CONTINUOUS
 62
   121
100
AcDbPolyline
 90
        8
 70
     1
 43
0.0
 10
966.699619
 20
646.4283389999998
 42
0.441024
 10
964.518548
 20
648.4201259999998
 10
953.518548
 20
647.420126
 42
0.387902
 10
951.699619
 20
645.4283389999998
 10
951.699619
 20
637.436587
 42
0.4142140000000003
 10
953.699619
 20
635.436587
 10
964.699619
 20
635.436587
 42
0.4142140000000003
 10
966.699619
 20
637.436587
  0
LWPOLYLINE
  5
4E0
330
4CC
100
AcDbEntity
  8
FURNITURE
  6
CONTINUOUS
 62
   121
100
AcDbPolyline
 90
        8
 70
     1
 43
0.0
 10
966.699619
 20
670.436587
 42
0.4142140000000003
 10
964.699619
 20
672.436587
 10
953.699619
 20
672.436587
 42
0.4142140000000003
 10
951.699619
 20
670.436587
 10
951.699619
 20
662.444834
 42
0.387902
 10
953.518548
 20
660.4530480000002
 10
964.518548
 20
659.4530480000002
 42
0.441024
 10
966.699619
 20
661.444834
  0
ARC
  5
4E1
330
4CC
100
AcDbEntity
  8
FURNITURE
  6
CONTINUOUS
 62
     7
100
AcDbCircle
 10
960.699619
 20
655.166282
 30
0.0
 40
2.0
100
AcDbArc
 50
0.0
 51
81.86989799999998
  0
LINE
  5
4E2
330
4CC
100
AcDbEntity
  8
FURNITURE
  6
CONTINUOUS
 62
     7
100
AcDbLine
 10
953.982462
 20
658.1461809999997
 30
0.0
 11
960.982462
 21
657.1461809999997
 31
0.0
  0
ARC
  5
4E3
330
4CC
100
AcDbEntity
  8
FURNITURE
  6
CONTINUOUS
 62
     7
100
AcDbCircle
 10
953.699619
 20
656.166282
 30
0.0
 40
2.0
100
AcDbArc
 50
81.86989799999998
 51
180.0
  0
LINE
  5
4E4
330
4CC
100
AcDbEntity
  8
FURNITURE
  6
CONTINUOUS
 62
     7
100
AcDbLine
 10
951.699619
 20
656.166282
 30
0.0
 11
951.699619
 21
651.706892
 31
0.0
  0
ARC
  5
4E5
330
4CC
100
AcDbEntity
  8
FURNITURE
  6
CONTINUOUS
 62
     7
100
AcDbCircle
 10
953.699619
 20
651.706892
 30
0.0
 40
2.0
100
AcDbArc
 50
180.0
 51
278.1301020000001
  0
LINE
  5
4E6
330
4CC
100
AcDbEntity
  8
FURNITURE
  6
CONTINUOUS
 62
     7
100
AcDbLine
 10
953.982462
 20
649.7269929999998
 30
0.0
 11
960.982462
 21
650.7269929999998
 31
0.0
  0
ARC
  5
4E7
330
4CC
100
AcDbEntity
  8
FURNITURE
  6
CONTINUOUS
 62
     7
100
AcDbCircle
 10
960.699619
 20
652.706892
 30
0.0
 40
2.0
100
AcDbArc
 50
278.1301020000001
 51
0.0
  0
LINE
  5
4E8
330
4CC
100
AcDbEntity
  8
FURNITURE
  6
CONTINUOUS
 62
     7
100
AcDbLine
 10
962.699619
 20
653.1896389999997
 30
0.0
 11
962.699619
 21
652.706892
 31
0.0
  0
ARC
  5
4E9
330
4CC
100
AcDbEntity
  8
FURNITURE
  6
CONTINUOUS
 62
     7
100
AcDbCircle
 10
953.699619
 20
645.4283389999998
 30
0.0
 40
2.0
100
AcDbArc
 50
95.194429
 51
180.0
  0
LINE
  5
4EA
330
4CC
100
AcDbEntity
  8
FURNITURE
  6
CONTINUOUS
 62
     7
100
AcDbLine
 10
953.518548
 20
647.420126
 30
0.0
 11
964.518548
 21
648.4201259999998
 31
0.0
  0
LINE
  5
4EB
330
4CC
100
AcDbEntity
  8
FURNITURE
  6
CONTINUOUS
 62
     7
100
AcDbLine
 10
951.699619
 20
637.436587
 30
0.0
 11
951.699619
 21
645.4283389999998
 31
0.0
  0
ARC
  5
4EC
330
4CC
100
AcDbEntity
  8
FURNITURE
  6
CONTINUOUS
 62
     7
100
AcDbCircle
 10
953.699619
 20
637.436587
 30
0.0
 40
2.0
100
AcDbArc
 50
180.0
 51
270.0
  0
LINE
  5
4ED
330
4CC
100
AcDbEntity
  8
FURNITURE
  6
CONTINUOUS
 62
     7
100
AcDbLine
 10
953.699619
 20
635.436587
 30
0.0
 11
964.699619
 21
635.436587
 31
0.0
  0
ARC
  5
4EE
330
4CC
100
AcDbEntity
  8
FURNITURE
  6
CONTINUOUS
 62
     7
100
AcDbCircle
 10
964.699619
 20
637.436587
 30
0.0
 40
2.0
100
AcDbArc
 50
270.0
 51
0.0
  0
LINE
  5
4EF
330
4CC
100
AcDbEntity
  8
FURNITURE
  6
CONTINUOUS
 62
     7
100
AcDbLine
 10
966.699619
 20
637.436587
 30
0.0
 11
966.699619
 21
646.4283389999998
 31
0.0
  0
ARC
  5
4F0
330
4CC
100
AcDbEntity
  8
FURNITURE
  6
CONTINUOUS
 62
     7
100
AcDbCircle
 10
964.699619
 20
646.4283389999998
 30
0.0
 40
2.0
100
AcDbArc
 50
0.0
 51
95.194429
  0
CIRCLE
  5
4F1
330
4CC
100
AcDbEntity
  8
FURNITURE
  6
CONTINUOUS
 62
     7
100
AcDbCircle
 10
959.699619
 20
641.936587
 30
0.0
 40
1.0
  0
ARC
  5
4F2
330
4CC
100
AcDbEntity
  8
FURNITURE
  6
CONTINUOUS
 62
     7
100
AcDbCircle
 10
953.699619
 20
662.444834
 30
0.0
 40
2.0
100
AcDbArc
 50
180.0
 51
264.805571
  0
LINE
  5
4F3
330
4CC
100
AcDbEntity
  8
FURNITURE
  6
CONTINUOUS
 62
     7
100
AcDbLine
 10
953.518548
 20
660.4530480000002
 30
0.0
 11
964.518548
 21
659.4530480000002
 31
0.0
  0
LINE
  5
4F4
330
4CC
100
AcDbEntity
  8
FURNITURE
  6
CONTINUOUS
 62
     7
100
AcDbLine
 10
951.699619
 20
670.436587
 30
0.0
 11
951.699619
 21
662.444834
 31
0.0
  0
ARC
  5
4F5
330
4CC
100
AcDbEntity
  8
FURNITURE
  6
CONTINUOUS
 62
     7
100
AcDbCircle
 10
953.699619
 20
670.436587
 30
0.0
 40
2.0
100
AcDbArc
 50
90.0
 51
180.0
  0
LINE
  5
4F6
330
4CC
100
AcDbEntity
  8
FURNITURE
  6
CONTINUOUS
 62
     7
100
AcDbLine
 10
953.699619
 20
672.436587
 30
0.0
 11
964.699619
 21
672.436587
 31
0.0
  0
ARC
  5
4F7
330
4CC
100
AcDbEntity
  8
FURNITURE
  6
CONTINUOUS
 62
     7
100
AcDbCircle
 10
964.699619
 20
670.436587
 30
0.0
 40
2.0
100
AcDbArc
 50
0.0
 51
90.0
  0
LINE
  5
4F8
330
4CC
100
AcDbEntity
  8
FURNITURE
  6
CONTINUOUS
 62
     7
100
AcDbLine
 10
966.699619
 20
670.436587
 30
0.0
 11
966.699619
 21
661.444834
 31
0.0
  0
ARC
  5
4F9
330
4CC
100
AcDbEntity
  8
FURNITURE
  6
CONTINUOUS
 62
     7
100
AcDbCircle
 10
964.699619
 20
661.444834
 30
0.0
 40
2.0
100
AcDbArc
 50
264.805571
 51
0.0
  0
ARC
  5
4FA
330
4CC
100
AcDbEntity
  8
FURNITURE
  6
CONTINUOUS
 62
     7
100
AcDbCircle
 10
966.699619
 20
672.436587
 30
0.0
 40
3.0
100
AcDbArc
 50
0.0
 51
90.0
  0
LINE
  5
4FB
330
4CC
100
AcDbEntity
  8
FURNITURE
  6
CONTINUOUS
 62
     7
100
AcDbLine
 10
969.699619
 20
672.436587
 30
0.0
 11
969.699619
 21
635.436587
 31
0.0
  0
LINE
  5
4FC
330
4CC
100
AcDbEntity
  8
FURNITURE
  6
CONTINUOUS
 62
     7
100
AcDbLine
 10
951.699619
 20
675.436587
 30
0.0
 11
966.699619
 21
675.436587
 31
0.0
  0
ARC
  5
4FD
330
4CC
100
AcDbEntity
  8
FURNITURE
  6
CONTINUOUS
 62
     7
100
AcDbCircle
 10
951.699619
 20
672.436587
 30
0.0
 40
3.0
100
AcDbArc
 50
90.0
 51
180.0
  0
LINE
  5
4FE
330
4CC
100
AcDbEntity
  8
FURNITURE
  6
CONTINUOUS
 62
     7
100
AcDbLine
 10
948.699619
 20
672.436587
 30
0.0
 11
948.699619
 21
635.436587
 31
0.0
  0
ARC
  5
4FF
330
4CC
100
AcDbEntity
  8
FURNITURE
  6
CONTINUOUS
 62
     7
100
AcDbCircle
 10
951.699619
 20
635.436587
 30
0.0
 40
3.0
100
AcDbArc
 50
180.0
 51
270.0
  0
LINE
  5
500
330
4CC
100
AcDbEntity
  8
FURNITURE
  6
CONTINUOUS
 62
     7
100
AcDbLine
 10
951.699619
 20
632.436587
 30
0.0
 11
966.699619
 21
632.436587
 31
0.0
  0
ARC
  5
501
330
4CC
100
AcDbEntity
  8
FURNITURE
  6
CONTINUOUS
 62
     7
100
AcDbCircle
 10
966.699619
 20
635.436587
 30
0.0
 40
3.0
100
AcDbArc
 50
270.0
 51
0.0
  0
CIRCLE
  5
502
330
4CC
100
AcDbEntity
  8
FURNITURE
  6
CONTINUOUS
 62
     7
100
AcDbCircle
 10
957.199619
 20
653.936587
 30
0.0
 40
1.118033999999997
  0
CIRCLE
  5
503
330
4CC
100
AcDbEntity
  8
FURNITURE
  6
CONTINUOUS
 62
     7
100
AcDbCircle
 10
959.699619
 20
665.936587
 30
0.0
 40
1.0
  0
ENDBLK
  5
504
330
4CC
100
AcDbEntity
  8
0
100
AcDbBlockEnd
  0
BLOCK
  5
508
330
505
100
AcDbEntity
  8
0
100
AcDbBlockBegin
  2
_ARCHTICK
 70
     0
 10
0.0
 20
0.0
 30
0.0
  3
_ARCHTICK
  1

  0
LWPOLYLINE
  5
509
330
505
100
AcDbEntity
  8
0
  6
BYBLOCK
 62
     0
100
AcDbPolyline
 90
        2
 70
     0
 43
0.15
 10
-0.5
 20
-0.5
 10
0.5
 20
0.5
  0
ENDBLK
  5
50A
330
505
100
AcDbEntity
  8
0
100
AcDbBlockEnd
  0
BLOCK
  5
50C
330
50B
100
AcDbEntity
  8
0
100
AcDbBlockBegin
  2
AFDSAF
 70
     0
 10
0.0
 20
0.0
 30
0.0
  3
AFDSAF
  1

  0
HATCH
  5
50D
330
50B
100
AcDbEntity
  8
FURNITURE
 62
   251
100
AcDbHatch
 10
0.0
 20
0.0
 30
0.0
210
0.0
220
0.0
230
1.0
  2
SOLID
 70
     1
 71
     0
 91
        3
 92
        5
 93
       37
 72
     1
 10
35.21479472479041
 20
8.223814285720437
 11
35.63652914155682
 21
8.223814285720437
 72
     1
 10
35.63652914155682
 20
8.223814285720437
 11
35.84739634994186
 21
8.223814285720437
 72
     1
 10
35.84739634994186
 20
8.223814285720437
 11
36.26913076670826
 21
8.223814285720437
 72
     1
 10
36.26913076670826
 20
8.223814285720437
 11
36.47999683488524
 21
8.012948217541634
 72
     1
 10
36.47999683488524
 20
8.012948217541634
 11
36.90173125165165
 21
8.012948217541634
 72
     1
 10
36.90173125165165
 20
8.012948217541634
 11
37.11259846003668
 21
7.802081009158428
 72
     1
 10
37.11259846003668
 20
7.802081009158428
 11
37.32346566841807
 21
7.802081009158428
 72
     1
 10
37.32346566841807
 20
7.802081009158428
 11
37.53433287680309
 21
7.591213800775222
 72
     1
 10
37.53433287680309
 20
7.591213800775222
 11
37.53433287680309
 21
7.380346592392013
 72
     1
 10
37.53433287680309
 20
7.380346592392013
 11
37.53433287680309
 21
0.8434688335328246
 72
     1
 10
37.53433287680309
 20
0.8434688335328246
 11
37.53433287680309
 21
0.6326016251496185
 72
     1
 10
37.53433287680309
 20
0.6326016251496185
 11
37.32346566841807
 21
0.4217344167664125
 72
     1
 10
37.32346566841807
 20
0.4217344167664125
 11
37.11259846003668
 21
0.4217344167664125
 72
     1
 10
37.11259846003668
 20
0.4217344167664125
 11
36.90173125165165
 21
0.2108672083832062
 72
     1
 10
36.90173125165165
 20
0.2108672083832062
 11
36.47999683488524
 21
0.2108672083832062
 72
     1
 10
36.47999683488524
 20
0.2108672083832062
 11
36.26913076670826
 21
0.0
 72
     1
 10
36.26913076670826
 20
0.0
 11
35.84739634994186
 21
0.0
 72
     1
 10
35.84739634994186
 20
0.0
 11
35.21479472479041
 21
0.0
 72
     1
 10
35.21479472479041
 20
0.0
 11
-35.21479472479041
 21
0.0
 72
     1
 10
-35.21479472479041
 20
0.0
 11
-35.63652914155682
 21
0.0
 72
     1
 10
-35.63652914155682
 20
0.0
 11
-36.05826241811883
 21
0.0
 72
     1
 10
-36.05826241811883
 20
0.0
 11
-36.47999683488524
 21
0.2108672083832062
 72
     1
 10
-36.47999683488524
 20
0.2108672083832062
 11
-36.69086404327027
 21
0.2108672083832062
 72
     1
 10
-36.69086404327027
 20
0.2108672083832062
 11
-36.90173125165165
 21
0.4217344167664125
 72
     1
 10
-36.90173125165165
 20
0.4217344167664125
 11
-37.11259731982864
 21
0.4217344167664125
 72
     1
 10
-37.11259731982864
 20
0.4217344167664125
 11
-37.32346452821366
 21
0.6326016251496185
 72
     1
 10
-37.32346452821366
 20
0.6326016251496185
 11
-37.32346452821366
 21
0.8434688335328246
 72
     1
 10
-37.32346452821366
 20
0.8434688335328246
 11
-37.32346452821366
 21
7.380346592392013
 72
     1
 10
-37.32346452821366
 20
7.380346592392013
 11
-37.32346452821366
 21
7.591213800775222
 72
     1
 10
-37.32346452821366
 20
7.591213800775222
 11
-37.11259731982864
 21
7.802081009158428
 72
     1
 10
-37.11259731982864
 20
7.802081009158428
 11
-36.90173125165165
 21
7.802081009158428
 72
     1
 10
-36.90173125165165
 20
7.802081009158428
 11
-36.69086404327027
 21
8.012948217541634
 72
     1
 10
-36.69086404327027
 20
8.012948217541634
 11
-36.47999683488524
 21
8.012948217541634
 72
     1
 10
-36.47999683488524
 20
8.012948217541634
 11
-36.05826241811883
 21
8.223814285720437
 72
     1
 10
-36.05826241811883
 20
8.223814285720437
 11
-35.63652914155682
 21
8.223814285720437
 72
     1
 10
-35.63652914155682
 20
8.223814285720437
 11
-35.21479472479041
 21
8.223814285720437
 72
     1
 10
-35.21479472479041
 20
8.223814285720437
 11
35.21479472479041
 21
8.223814285720437
 97
        0
 92
        5
 93
       48
 72
     1
 10
40.25993104922235
 20
6.115144482297182
 11
40.25993104922235
 21
5.271676788968762
 72
     1
 10
40.25993104922235
 20
5.271676788968762
 11
40.04906384084097
 21
4.849942372201439
 72
     1
 10
40.04906384084097
 20
4.849942372201439
 11
39.83819777266035
 21
4.428207955435028
 72
     1
 10
39.83819777266035
 20
4.428207955435028
 11
39.62733056427897
 21
4.217340747051821
 72
     1
 10
39.62733056427897
 20
4.217340747051821
 11
37.53433287680309
 21
4.217340747051821
 72
     1
 10
37.53433287680309
 20
4.217340747051821
 11
37.53433287680309
 21
7.380346592392013
 72
     1
 10
37.53433287680309
 20
7.380346592392013
 11
37.53433287680309
 21
7.591213800775222
 72
     1
 10
37.53433287680309
 20
7.591213800775222
 11
37.32346566841807
 21
7.802081009158428
 72
     1
 10
37.32346566841807
 20
7.802081009158428
 11
37.11259846003668
 21
7.802081009158428
 72
     1
 10
37.11259846003668
 20
7.802081009158428
 11
36.90173125165165
 21
8.012948217541634
 72
     1
 10
36.90173125165165
 20
8.012948217541634
 11
36.47999683488524
 21
8.012948217541634
 72
     1
 10
36.47999683488524
 20
8.012948217541634
 11
36.26913076670826
 21
8.223814285720437
 72
     1
 10
36.26913076670826
 20
8.223814285720437
 11
35.84739634994186
 21
8.223814285720437
 72
     1
 10
35.84739634994186
 20
8.223814285720437
 11
35.63652914155682
 21
8.223814285720437
 72
     1
 10
35.63652914155682
 20
8.223814285720437
 11
36.05826355832324
 21
8.434681494103643
 72
     1
 10
36.05826355832324
 20
8.434681494103643
 11
36.26913076670826
 21
8.856415910870055
 72
     1
 10
36.26913076670826
 20
8.856415910870055
 11
36.47999683488524
 21
9.06728311925326
 72
     1
 10
36.47999683488524
 20
9.06728311925326
 11
36.90173125165165
 21
9.489016395815268
 72
     1
 10
36.90173125165165
 20
9.489016395815268
 11
37.11259846003668
 21
9.910750812581682
 72
     1
 10
37.11259846003668
 20
9.910750812581682
 11
37.53433287680309
 21
10.33248522934809
 72
     1
 10
37.53433287680309
 20
10.33248522934809
 11
37.9560661533651
 21
10.54335243773221
 72
     1
 10
37.9560661533651
 20
10.54335243773221
 11
38.1669333617465
 21
10.75421964611541
 72
     1
 10
38.1669333617465
 20
10.75421964611541
 11
38.37780057013151
 21
10.75421964611541
 72
     1
 10
38.37780057013151
 20
10.75421964611541
 11
38.5886677785129
 21
10.75421964611541
 72
     1
 10
38.5886677785129
 20
10.75421964611541
 11
39.01040219527931
 21
10.75421964611541
 72
     1
 10
39.01040219527931
 20
10.75421964611541
 11
39.22126826345993
 21
10.75421964611541
 72
     1
 10
39.22126826345993
 20
10.75421964611541
 11
39.43213547184132
 21
10.75421964611541
 72
     1
 10
39.43213547184132
 20
10.75421964611541
 11
39.64300268022635
 21
10.96508571429331
 72
     1
 10
39.64300268022635
 20
10.96508571429331
 11
39.64300268022635
 21
11.17595292267651
 72
     1
 10
39.64300268022635
 20
11.17595292267651
 11
39.64300268022635
 21
11.38682013106063
 72
     1
 10
39.64300268022635
 20
11.38682013106063
 11
39.43213547184132
 21
11.59768733944384
 72
     1
 10
39.43213547184132
 20
11.59768733944384
 11
39.22126826345993
 21
11.59768733944384
 72
     1
 10
39.22126826345993
 20
11.59768733944384
 11
39.01040219527931
 21
11.80855454782704
 72
     1
 10
39.01040219527931
 20
11.80855454782704
 11
38.79953498689793
 21
11.80855454782704
 72
     1
 10
38.79953498689793
 20
11.80855454782704
 11
38.5886677785129
 21
12.01942175621025
 72
     1
 10
38.5886677785129
 20
12.01942175621025
 11
38.37780057013151
 21
12.01942175621025
 72
     1
 10
38.37780057013151
 20
12.01942175621025
 11
38.1669333617465
 21
12.23028782438814
 72
     1
 10
38.1669333617465
 20
12.23028782438814
 11
37.74520008518448
 21
12.44115503277226
 72
     1
 10
37.74520008518448
 20
12.44115503277226
 11
37.32346566841807
 21
12.86288944953867
 72
     1
 10
37.32346566841807
 20
12.86288944953867
 11
36.90173125165165
 21
13.07375665792188
 72
     1
 10
36.90173125165165
 20
13.07375665792188
 11
36.69086404327027
 21
13.28462386630508
 72
     1
 10
36.69086404327027
 20
13.28462386630508
 11
36.69086404327027
 21
25.51491169069413
 72
     1
 10
36.69086404327027
 20
25.51491169069413
 11
39.62733056427897
 21
25.51491169069413
 72
     1
 10
39.62733056427897
 20
25.51491169069413
 11
39.83819777266035
 21
25.51491169069413
 72
     1
 10
39.83819777266035
 20
25.51491169069413
 11
40.04906384084097
 21
25.09317727392772
 72
     1
 10
40.04906384084097
 20
25.09317727392772
 11
40.25993104922235
 21
24.46057678898251
 72
     1
 10
40.25993104922235
 20
24.46057678898251
 11
40.25993104922235
 21
23.61710795544877
 72
     1
 10
40.25993104922235
 20
23.61710795544877
 11
40.25993104922235
 21
6.115144482297183
 97
        0
 92
        5
 93
       48
 72
     1
 10
-36.47999683488524
 20
13.07375665792188
 11
-36.90173125165165
 21
12.86288944953867
 72
     1
 10
-36.90173125165165
 20
12.86288944953867
 11
-37.32346452821366
 21
12.44115503277226
 72
     1
 10
-37.32346452821366
 20
12.44115503277226
 11
-37.74519894498007
 21
12.23028782438814
 72
     1
 10
-37.74519894498007
 20
12.23028782438814
 11
-37.9560661533651
 21
12.01942175621025
 72
     1
 10
-37.9560661533651
 20
12.01942175621025
 11
-38.1669333617465
 21
12.01942175621025
 72
     1
 10
-38.1669333617465
 20
12.01942175621025
 11
-38.37780057013151
 21
11.80855454782704
 72
     1
 10
-38.37780057013151
 20
11.80855454782704
 11
-38.5886666383085
 21
11.80855454782704
 72
     1
 10
-38.5886666383085
 20
11.80855454782704
 11
-38.79953384669353
 21
11.59768733944384
 72
     1
 10
-38.79953384669353
 20
11.59768733944384
 11
-39.01040105507491
 21
11.59768733944384
 72
     1
 10
-39.01040105507491
 20
11.59768733944384
 11
-39.01040105507491
 21
11.38682013106063
 72
     1
 10
-39.01040105507491
 20
11.38682013106063
 11
-39.22126826345993
 21
11.17595292267651
 72
     1
 10
-39.22126826345993
 20
11.17595292267651
 11
-39.22126826345993
 21
10.96508571429331
 72
     1
 10
-39.22126826345993
 20
10.96508571429331
 11
-39.01040105507491
 21
10.75421964611541
 72
     1
 10
-39.01040105507491
 20
10.75421964611541
 11
-38.79953384669353
 21
10.75421964611541
 72
     1
 10
-38.79953384669353
 20
10.75421964611541
 11
-38.5886666383085
 21
10.75421964611541
 72
     1
 10
-38.5886666383085
 20
10.75421964611541
 11
-38.1669333617465
 21
10.75421964611541
 72
     1
 10
-38.1669333617465
 20
10.75421964611541
 11
-37.9560661533651
 21
10.75421964611541
 72
     1
 10
-37.9560661533651
 20
10.75421964611541
 11
-37.53433173659869
 21
10.75421964611541
 72
     1
 10
-37.53433173659869
 20
10.75421964611541
 11
-37.32346452821366
 21
10.54335243773221
 72
     1
 10
-37.32346452821366
 20
10.54335243773221
 11
-36.90173125165165
 21
10.33248522934809
 72
     1
 10
-36.90173125165165
 20
10.33248522934809
 11
-36.69086404327027
 21
9.910750812581682
 72
     1
 10
-36.69086404327027
 20
9.910750812581682
 11
-36.26912962650022
 21
9.489016395815268
 72
     1
 10
-36.26912962650022
 20
9.489016395815268
 11
-36.05826241811883
 21
9.06728311925326
 72
     1
 10
-36.05826241811883
 20
9.06728311925326
 11
-35.84739520973381
 21
8.856415910870055
 72
     1
 10
-35.84739520973381
 20
8.856415910870055
 11
-35.42566193317544
 21
8.434681494103643
 72
     1
 10
-35.42566193317544
 20
8.434681494103643
 11
-35.00392751640538
 21
8.223814285720437
 72
     1
 10
-35.00392751640538
 20
8.223814285720437
 11
-35.21479472479041
 21
8.223814285720437
 72
     1
 10
-35.21479472479041
 20
8.223814285720437
 11
-35.63652914155682
 21
8.223814285720437
 72
     1
 10
-35.63652914155682
 20
8.223814285720437
 11
-36.05826241811883
 21
8.223814285720437
 72
     1
 10
-36.05826241811883
 20
8.223814285720437
 11
-36.47999683488524
 21
8.012948217541634
 72
     1
 10
-36.47999683488524
 20
8.012948217541634
 11
-36.69086404327027
 21
8.012948217541634
 72
     1
 10
-36.69086404327027
 20
8.012948217541634
 11
-36.90173125165165
 21
7.802081009158428
 72
     1
 10
-36.90173125165165
 20
7.802081009158428
 11
-37.11259731982864
 21
7.802081009158428
 72
     1
 10
-37.11259731982864
 20
7.802081009158428
 11
-37.32346452821366
 21
7.591213800775222
 72
     1
 10
-37.32346452821366
 20
7.591213800775222
 11
-37.32346452821366
 21
7.380346592392013
 72
     1
 10
-37.32346452821366
 20
7.380346592392013
 11
-37.32346452821366
 21
4.217340747051821
 72
     1
 10
-37.32346452821366
 20
4.217340747051821
 11
-39.64300268022635
 21
4.217340747051821
 72
     1
 10
-39.64300268022635
 20
4.217340747051821
 11
-39.85386874840333
 21
4.428207955435028
 72
     1
 10
-39.85386874840333
 20
4.428207955435028
 11
-40.06473595678835
 21
4.849942372201439
 72
     1
 10
-40.06473595678835
 20
4.849942372201439
 11
-40.27560316516974
 21
5.271676788968762
 72
     1
 10
-40.27560316516974
 20
5.271676788968762
 11
-40.27560316516974
 21
6.115144482297182
 72
     1
 10
-40.27560316516974
 20
6.115144482297182
 11
-40.27560316516974
 21
23.61710795544877
 72
     1
 10
-40.27560316516974
 20
23.61710795544877
 11
-40.27560316516974
 21
24.46057678898251
 72
     1
 10
-40.27560316516974
 20
24.46057678898251
 11
-40.06473595678835
 21
25.09317727392772
 72
     1
 10
-40.06473595678835
 20
25.09317727392772
 11
-39.85386874840333
 21
25.51491169069413
 72
     1
 10
-39.85386874840333
 20
25.51491169069413
 11
-39.64300268022635
 21
25.51491169069413
 72
     1
 10
-39.64300268022635
 20
25.51491169069413
 11
-36.47999683488524
 21
25.51491169069413
 72
     1
 10
-36.47999683488524
 20
25.51491169069413
 11
-36.47999683488524
 21
13.07375665792188
 97
        0
 75
     1
 76
     1
 47
0.2097881903089942
 98
        3
 10
-27009.11186320034
 20
5892.860138792679
 10
-26973.23808197724
 20
5878.791384538927
 10
-27040.78988095091
 20
5878.791384538927
  0
HATCH
  5
50E
330
50B
100
AcDbEntity
  8
FURNITURE
 62
   251
100
AcDbHatch
 10
0.0
 20
0.0
 30
0.0
210
0.0
220
0.0
230
1.0
  2
SOLID
 70
     1
 71
     0
 91
       12
 92
        5
 93
       85
 72
     1
 10
-12.01942118610896
 20
19.14614573797644
 11
-12.01942118610896
 21
14.19838037571571
 72
     1
 10
-12.01942118610896
 20
14.19838037571571
 11
-12.44115446267096
 21
13.9172243512503
 72
     1
 10
-12.44115446267096
 20
13.9172243512503
 11
-13.07375608781876
 21
13.49549107468829
 72
     1
 10
-13.07375608781876
 20
13.49549107468829
 11
-13.28462329620379
 21
13.28462386630508
 72
     1
 10
-13.28462329620379
 20
13.28462386630508
 11
-13.49548936438077
 21
13.07375665792188
 72
     1
 10
-13.49548936438077
 20
13.07375665792188
 11
-13.91722378114718
 21
12.86288944953867
 72
     1
 10
-13.91722378114718
 20
12.86288944953867
 11
-14.3389581979136
 21
12.44115503277226
 72
     1
 10
-14.3389581979136
 20
12.44115503277226
 11
-14.54982540629862
 21
12.23028782438814
 72
     1
 10
-14.54982540629862
 20
12.23028782438814
 11
-14.76069261468001
 21
11.80855454782704
 72
     1
 10
-14.76069261468001
 20
11.80855454782704
 11
-14.97155868286063
 21
11.59768733944384
 72
     1
 10
-14.97155868286063
 20
11.59768733944384
 11
-15.18242589124202
 21
11.17595292267651
 72
     1
 10
-15.18242589124202
 20
11.17595292267651
 11
-15.18242589124202
 21
10.96508571429331
 72
     1
 10
-15.18242589124202
 20
10.96508571429331
 11
-14.97155868286063
 21
10.75421964611541
 72
     1
 10
-14.97155868286063
 20
10.75421964611541
 11
-14.76069261468001
 21
10.75421964611541
 72
     1
 10
-14.76069261468001
 20
10.75421964611541
 11
-14.54982540629862
 21
10.54335243773221
 72
     1
 10
-14.54982540629862
 20
10.54335243773221
 11
-14.12809098953221
 21
10.54335243773221
 72
     1
 10
-14.12809098953221
 20
10.54335243773221
 11
-13.91722378114718
 21
10.33248522934809
 72
     1
 10
-13.91722378114718
 20
10.33248522934809
 11
-13.7063565727658
 21
10.33248522934809
 72
     1
 10
-13.7063565727658
 20
10.33248522934809
 11
-13.49548936438077
 21
9.910750812581682
 72
     1
 10
-13.49548936438077
 20
9.910750812581682
 11
-13.07375608781876
 21
9.699883604198476
 72
     1
 10
-13.07375608781876
 20
9.699883604198476
 11
-12.65202167105235
 21
9.278150327636467
 72
     1
 10
-12.65202167105235
 20
9.278150327636467
 11
-12.44115446267096
 21
9.06728311925326
 72
     1
 10
-12.44115446267096
 20
9.06728311925326
 11
-12.01942118610896
 21
8.645548702486847
 72
     1
 10
-12.01942118610896
 20
8.645548702486847
 11
-11.59768676934254
 21
8.434681494103643
 72
     1
 10
-11.59768676934254
 20
8.434681494103643
 11
-11.17595235257613
 21
8.223814285720437
 72
     1
 10
-11.17595235257613
 20
8.223814285720437
 11
-27.41271371563198
 21
8.223814285720437
 72
     1
 10
-27.41271371563198
 20
8.223814285720437
 11
-26.99098043906997
 21
8.434681494103643
 72
     1
 10
-26.99098043906997
 20
8.434681494103643
 11
-26.56924602230356
 21
8.645548702486847
 72
     1
 10
-26.56924602230356
 20
8.645548702486847
 11
-26.14751160553715
 21
9.06728311925326
 72
     1
 10
-26.14751160553715
 20
9.06728311925326
 11
-25.93664553735653
 21
9.278150327636467
 72
     1
 10
-25.93664553735653
 20
9.278150327636467
 11
-25.51491112059011
 21
9.699883604198476
 72
     1
 10
-25.51491112059011
 20
9.699883604198476
 11
-25.0931767038237
 21
9.910750812581682
 72
     1
 10
-25.0931767038237
 20
9.910750812581682
 11
-24.88230949544231
 21
10.33248522934809
 72
     1
 10
-24.88230949544231
 20
10.33248522934809
 11
-24.67144228705729
 21
10.33248522934809
 72
     1
 10
-24.67144228705729
 20
10.33248522934809
 11
-24.4605762188803
 21
10.54335243773221
 72
     1
 10
-24.4605762188803
 20
10.54335243773221
 11
-24.03884180211389
 21
10.54335243773221
 72
     1
 10
-24.03884180211389
 20
10.54335243773221
 11
-23.82797459372887
 21
10.75421964611541
 72
     1
 10
-23.82797459372887
 20
10.75421964611541
 11
-23.61710738534748
 21
10.75421964611541
 72
     1
 10
-23.61710738534748
 20
10.75421964611541
 11
-23.40624017696246
 21
10.96508571429331
 72
     1
 10
-23.40624017696246
 20
10.96508571429331
 11
-23.40624017696246
 21
11.17595292267651
 72
     1
 10
-23.40624017696246
 20
11.17595292267651
 11
-23.61710738534748
 21
11.59768733944384
 72
     1
 10
-23.61710738534748
 20
11.59768733944384
 11
-23.82797459372887
 21
11.80855454782704
 72
     1
 10
-23.82797459372887
 20
11.80855454782704
 11
-24.03884180211389
 21
12.23028782438814
 72
     1
 10
-24.03884180211389
 20
12.23028782438814
 11
-24.24970901049528
 21
12.44115503277226
 72
     1
 10
-24.24970901049528
 20
12.44115503277226
 11
-24.67144228705729
 21
12.86288944953867
 72
     1
 10
-24.67144228705729
 20
12.86288944953867
 11
-25.0931767038237
 21
13.07375665792188
 72
     1
 10
-25.0931767038237
 20
13.07375665792188
 11
-25.30404391220873
 21
13.28462386630508
 72
     1
 10
-25.30404391220873
 20
13.28462386630508
 11
-25.51491112059011
 21
13.49549107468829
 72
     1
 10
-25.51491112059011
 20
13.49549107468829
 11
-26.14751160553715
 21
13.9172243512503
 72
     1
 10
-26.14751160553715
 20
13.9172243512503
 11
-26.78011323068495
 21
14.33895876801671
 72
     1
 10
-26.78011323068495
 20
14.33895876801671
 11
-27.201847647455
 21
14.76069318478403
 72
     1
 10
-27.201847647455
 20
14.76069318478403
 11
-27.62358092401701
 21
14.97156039316724
 72
     1
 10
-27.62358092401701
 20
14.97156039316724
 11
-28.04531534077978
 21
15.39329366972924
 72
     1
 10
-28.04531534077978
 20
15.39329366972924
 11
-28.46704975754983
 21
15.81502808649475
 72
     1
 10
-28.46704975754983
 20
15.81502808649475
 11
-29.09965024249323
 21
16.23676250326207
 72
     1
 10
-29.09965024249323
 20
16.23676250326207
 11
-29.73225186764466
 21
16.65849577982408
 72
     1
 10
-29.73225186764466
 20
16.65849577982408
 11
-29.73225186764466
 21
16.86936298820728
 72
     1
 10
-29.73225186764466
 20
16.86936298820728
 11
-29.94311907602605
 21
17.08023019659049
 72
     1
 10
-29.94311907602605
 20
17.08023019659049
 11
-30.15398514420667
 21
17.2910974049737
 72
     1
 10
-30.15398514420667
 20
17.2910974049737
 11
-30.15398514420667
 21
17.71283182174102
 72
     1
 10
-30.15398514420667
 20
17.71283182174102
 11
-30.36485235258806
 21
17.92369788991891
 72
     1
 10
-30.36485235258806
 20
17.92369788991891
 11
-30.57571956097309
 21
18.13456509830212
 72
     1
 10
-30.57571956097309
 20
18.13456509830212
 11
-30.78658676935447
 21
18.13456509830212
 72
     1
 10
-30.78658676935447
 20
18.13456509830212
 11
-30.9974539777395
 21
18.34543230668532
 72
     1
 10
-30.9974539777395
 20
18.34543230668532
 11
-31.20832118612089
 21
18.34543230668532
 72
     1
 10
-31.20832118612089
 20
18.34543230668532
 11
-31.20832118612089
 21
18.13456509830212
 72
     1
 10
-31.20832118612089
 20
18.13456509830212
 11
-31.41918839450591
 21
18.13456509830212
 72
     1
 10
-31.41918839450591
 20
18.13456509830212
 11
-31.63005446268289
 21
17.92369788991891
 72
     1
 10
-31.63005446268289
 20
17.92369788991891
 11
-31.63005446268289
 21
17.71283182174102
 72
     1
 10
-31.63005446268289
 20
17.71283182174102
 11
-31.84092167106792
 21
17.71283182174102
 72
     1
 10
-31.84092167106792
 20
17.71283182174102
 11
-32.0517888794493
 21
17.2910974049737
 72
     1
 10
-32.0517888794493
 20
17.2910974049737
 11
-32.26265608783433
 21
17.08023019659049
 72
     1
 10
-32.26265608783433
 20
17.08023019659049
 11
-32.68439050460074
 21
16.65849577982408
 72
     1
 10
-32.68439050460074
 20
16.65849577982408
 11
-33.10612378116275
 21
16.23676250326207
 72
     1
 10
-33.10612378116275
 20
16.23676250326207
 11
-33.52785819792917
 21
16.02589529487886
 72
     1
 10
-33.52785819792917
 20
16.02589529487886
 11
-33.94959261469558
 21
15.60416087811245
 72
     1
 10
-33.94959261469558
 20
15.60416087811245
 11
-34.37132589125758
 21
15.39329366972924
 72
     1
 10
-34.37132589125758
 20
15.39329366972924
 11
-34.58219309963897
 21
15.18242646134604
 72
     1
 10
-34.58219309963897
 20
15.18242646134604
 11
-34.793060308024
 21
14.76069318478403
 72
     1
 10
-34.793060308024
 20
14.76069318478403
 11
-35.21479472479041
 21
14.33895876801671
 72
     1
 10
-35.21479472479041
 20
14.33895876801671
 11
-35.63652914155682
 21
13.9172243512503
 72
     1
 10
-35.63652914155682
 20
13.9172243512503
 11
-36.05826241811883
 21
13.49549107468829
 72
     1
 10
-36.05826241811883
 20
13.49549107468829
 11
-36.47999683488524
 21
13.07375665792188
 72
     1
 10
-36.47999683488524
 20
13.07375665792188
 11
-36.47999683488524
 21
19.14614573797644
 72
     1
 10
-36.47999683488524
 20
19.14614573797644
 11
-12.01942118610896
 21
19.14614573797644
 97
        0
 92
        5
 93
       98
 72
     1
 10
12.23028839449034
 20
19.14614573797644
 11
12.23028839449034
 21
17.71283182174102
 72
     1
 10
12.23028839449034
 20
17.71283182174102
 11
12.01942118610896
 21
17.2910974049737
 72
     1
 10
12.01942118610896
 20
17.2910974049737
 11
11.80855397772393
 21
17.08023019659049
 72
     1
 10
11.80855397772393
 20
17.08023019659049
 11
11.80855397772393
 21
16.86936298820728
 72
     1
 10
11.80855397772393
 20
16.86936298820728
 11
11.59768676934254
 21
16.65849577982408
 72
     1
 10
11.59768676934254
 20
16.65849577982408
 11
10.96508628439551
 21
16.23676250326207
 72
     1
 10
10.96508628439551
 20
16.23676250326207
 11
10.5433518676291
 21
15.81502808649475
 72
     1
 10
10.5433518676291
 20
15.81502808649475
 11
10.12161745086268
 21
15.39329366972924
 72
     1
 10
10.12161745086268
 20
15.39329366972924
 11
9.489016965919287
 21
14.97156039316724
 72
     1
 10
9.489016965919287
 20
14.97156039316724
 11
9.067282549152877
 21
14.76069318478403
 72
     1
 10
9.067282549152877
 20
14.76069318478403
 11
8.64554927259087
 21
14.33895876801671
 72
     1
 10
8.64554927259087
 20
14.33895876801671
 11
8.223814855824457
 21
13.9172243512503
 72
     1
 10
8.223814855824457
 20
13.9172243512503
 11
7.59121323067302
 21
13.49549107468829
 72
     1
 10
7.59121323067302
 20
13.49549107468829
 11
7.169479954111012
 21
13.28462386630508
 72
     1
 10
7.169479954111012
 20
13.28462386630508
 11
6.958612745729624
 21
13.07375665792188
 72
     1
 10
6.958612745729624
 20
13.07375665792188
 11
6.536878328963209
 21
12.86288944953867
 72
     1
 10
6.536878328963209
 20
12.86288944953867
 11
6.326011120578187
 21
12.44115503277226
 72
     1
 10
6.326011120578187
 20
12.44115503277226
 11
5.904277844016177
 21
12.23028782438814
 72
     1
 10
5.904277844016177
 20
12.23028782438814
 11
5.693410635634789
 21
11.80855454782704
 72
     1
 10
5.693410635634789
 20
11.80855454782704
 11
5.482543427249764
 21
11.59768733944384
 72
     1
 10
5.482543427249764
 20
11.59768733944384
 11
5.271676218864738
 21
11.17595292267651
 72
     1
 10
5.271676218864738
 20
11.17595292267651
 11
5.271676218864738
 21
10.96508571429331
 72
     1
 10
5.271676218864738
 20
10.96508571429331
 11
5.482543427249764
 21
10.75421964611541
 72
     1
 10
5.482543427249764
 20
10.75421964611541
 11
5.693410635634789
 21
10.75421964611541
 72
     1
 10
5.693410635634789
 20
10.75421964611541
 11
5.904277844016177
 21
10.54335243773221
 72
     1
 10
5.904277844016177
 20
10.54335243773221
 11
6.326011120578187
 21
10.54335243773221
 72
     1
 10
6.326011120578187
 20
10.54335243773221
 11
6.536878328963209
 21
10.33248522934809
 72
     1
 10
6.536878328963209
 20
10.33248522934809
 11
6.747745537344599
 21
10.33248522934809
 72
     1
 10
6.747745537344599
 20
10.33248522934809
 11
6.958612745729624
 21
9.910750812581682
 72
     1
 10
6.958612745729624
 20
9.910750812581682
 11
7.380346022287995
 21
9.699883604198476
 72
     1
 10
7.380346022287995
 20
9.699883604198476
 11
7.802080439058045
 21
9.278150327636467
 72
     1
 10
7.802080439058045
 20
9.278150327636467
 11
8.012947647439432
 21
9.06728311925326
 72
     1
 10
8.012947647439432
 20
9.06728311925326
 11
8.434682064205843
 21
8.645548702486847
 72
     1
 10
8.434682064205843
 20
8.645548702486847
 11
8.856415340767851
 21
8.434681494103643
 72
     1
 10
8.856415340767851
 20
8.434681494103643
 11
9.278149757534264
 21
8.223814285720437
 72
     1
 10
9.278149757534264
 20
8.223814285720437
 11
-3.584739692003495
 21
8.223814285720437
 72
     1
 10
-3.584739692003495
 20
8.223814285720437
 11
-3.163005275237082
 21
8.434681494103643
 72
     1
 10
-3.163005275237082
 20
8.434681494103643
 11
-2.74127085847067
 21
8.856415910870055
 72
     1
 10
-2.74127085847067
 20
8.856415910870055
 11
-2.530403650089283
 21
9.06728311925326
 72
     1
 10
-2.530403650089283
 20
9.06728311925326
 11
-2.319537581908662
 21
9.489016395815268
 72
     1
 10
-2.319537581908662
 20
9.489016395815268
 11
-1.897803165142249
 21
9.910750812581682
 72
     1
 10
-1.897803165142249
 20
9.910750812581682
 11
-1.686935956760861
 21
10.33248522934809
 72
     1
 10
-1.686935956760861
 20
10.33248522934809
 11
-1.26520153999081
 21
10.54335243773221
 72
     1
 10
-1.26520153999081
 20
10.54335243773221
 11
-1.054334331609425
 21
10.75421964611541
 72
     1
 10
-1.054334331609425
 20
10.75421964611541
 11
-0.6326010550474166
 21
10.75421964611541
 72
     1
 10
-0.6326010550474166
 20
10.75421964611541
 11
-0.4217338466623917
 21
10.75421964611541
 72
     1
 10
-0.4217338466623917
 20
10.75421964611541
 11
0.0000005701040209
 21
10.75421964611541
 72
     1
 10
0.0000005701040209
 20
10.75421964611541
 11
0.210867778485408
 21
10.75421964611541
 72
     1
 10
0.210867778485408
 20
10.75421964611541
 11
0.4217338466660295
 21
10.75421964611541
 72
     1
 10
0.4217338466660295
 20
10.75421964611541
 11
0.6326010550474166
 21
10.96508571429331
 72
     1
 10
0.6326010550474166
 20
10.96508571429331
 11
0.6326010550474166
 21
11.17595292267651
 72
     1
 10
0.6326010550474166
 20
11.17595292267651
 11
0.4217338466660295
 21
11.38682013106063
 72
     1
 10
0.4217338466660295
 20
11.38682013106063
 11
0.4217338466660295
 21
11.59768733944384
 72
     1
 10
0.4217338466660295
 20
11.59768733944384
 11
0.210867778485408
 21
11.59768733944384
 72
     1
 10
0.210867778485408
 20
11.59768733944384
 11
0.0000005701040209
 21
11.80855454782704
 72
     1
 10
0.0000005701040209
 20
11.80855454782704
 11
-0.2108666382810043
 21
11.80855454782704
 72
     1
 10
-0.2108666382810043
 20
11.80855454782704
 11
-0.4217338466623917
 21
12.01942175621025
 72
     1
 10
-0.4217338466623917
 20
12.01942175621025
 11
-0.6326010550474166
 21
12.01942175621025
 72
     1
 10
-0.6326010550474166
 20
12.01942175621025
 11
-0.8434682634288035
 21
12.23028782438814
 72
     1
 10
-0.8434682634288035
 20
12.23028782438814
 11
-1.26520153999081
 21
12.44115503277226
 72
     1
 10
-1.26520153999081
 20
12.44115503277226
 11
-1.686935956760861
 21
12.86288944953867
 72
     1
 10
-1.686935956760861
 20
12.86288944953867
 11
-2.108670373527274
 21
13.07375665792188
 72
     1
 10
-2.108670373527274
 20
13.07375665792188
 11
-2.530403650089283
 21
13.49549107468829
 72
     1
 10
-2.530403650089283
 20
13.49549107468829
 11
-2.952138066855694
 21
13.9172243512503
 72
     1
 10
-2.952138066855694
 20
13.9172243512503
 11
-3.373872483622108
 21
14.33895876801671
 72
     1
 10
-3.373872483622108
 20
14.33895876801671
 11
-3.795605760184116
 21
14.76069318478403
 72
     1
 10
-3.795605760184116
 20
14.76069318478403
 11
-4.006472968565502
 21
15.18242646134604
 72
     1
 10
-4.006472968565502
 20
15.18242646134604
 11
-4.217340176950528
 21
15.39329366972924
 72
     1
 10
-4.217340176950528
 20
15.39329366972924
 11
-4.639074593716941
 21
15.60416087811245
 72
     1
 10
-4.639074593716941
 20
15.60416087811245
 11
-5.060809010483354
 21
16.02589529487886
 72
     1
 10
-5.060809010483354
 20
16.02589529487886
 11
-5.482542287045362
 21
16.23676250326207
 72
     1
 10
-5.482542287045362
 20
16.23676250326207
 11
-5.904276703811772
 21
16.65849577982408
 72
     1
 10
-5.904276703811772
 20
16.65849577982408
 11
-6.326011120578187
 21
17.08023019659049
 72
     1
 10
-6.326011120578187
 20
17.08023019659049
 11
-6.747744397140195
 21
17.2910974049737
 72
     1
 10
-6.747744397140195
 20
17.2910974049737
 11
-6.747744397140195
 21
17.71283182174102
 72
     1
 10
-6.747744397140195
 20
17.71283182174102
 11
-6.958611605521583
 21
17.71283182174102
 72
     1
 10
-6.958611605521583
 20
17.71283182174102
 11
-6.958611605521583
 21
17.92369788991891
 72
     1
 10
-6.958611605521583
 20
17.92369788991891
 11
-7.169478813906608
 21
17.92369788991891
 72
     1
 10
-7.169478813906608
 20
17.92369788991891
 11
-7.169478813906608
 21
18.13456509830212
 72
     1
 10
-7.169478813906608
 20
18.13456509830212
 11
-7.380346022287995
 21
18.13456509830212
 72
     1
 10
-7.380346022287995
 20
18.13456509830212
 11
-7.380346022287995
 21
18.34543230668532
 72
     1
 10
-7.380346022287995
 20
18.34543230668532
 11
-7.59121323067302
 21
18.34543230668532
 72
     1
 10
-7.59121323067302
 20
18.34543230668532
 11
-8.012946507235027
 21
18.13456509830212
 72
     1
 10
-8.012946507235027
 20
18.13456509830212
 11
-8.223813715616412
 21
17.92369788991891
 72
     1
 10
-8.223813715616412
 20
17.92369788991891
 11
-8.43468092400144
 21
17.71283182174102
 72
     1
 10
-8.43468092400144
 20
17.71283182174102
 11
-8.43468092400144
 21
17.2910974049737
 72
     1
 10
-8.43468092400144
 20
17.2910974049737
 11
-8.645548132382826
 21
17.08023019659049
 72
     1
 10
-8.645548132382826
 20
17.08023019659049
 11
-8.856415340767851
 21
16.86936298820728
 72
     1
 10
-8.856415340767851
 20
16.86936298820728
 11
-9.06728254914924
 21
16.65849577982408
 72
     1
 10
-9.06728254914924
 20
16.65849577982408
 11
-9.489015825711247
 21
16.23676250326207
 72
     1
 10
-9.489015825711247
 20
16.23676250326207
 11
-10.12161745086268
 21
15.81502808649475
 72
     1
 10
-10.12161745086268
 20
15.81502808649475
 11
-10.5433518676291
 21
15.39329366972924
 72
     1
 10
-10.5433518676291
 20
15.39329366972924
 11
-10.9650851441911
 21
14.97156039316724
 72
     1
 10
-10.9650851441911
 20
14.97156039316724
 11
-11.38681956095752
 21
14.76069318478403
 72
     1
 10
-11.38681956095752
 20
14.76069318478403
 11
-11.80855397772393
 21
14.33895876801671
 72
     1
 10
-11.80855397772393
 20
14.33895876801671
 11
-12.01942118610896
 21
14.19838037571571
 72
     1
 10
-12.01942118610896
 20
14.19838037571571
 11
-12.01942118610896
 21
19.14614573797644
 72
     1
 10
-12.01942118610896
 20
19.14614573797644
 11
12.23028839449034
 21
19.14614573797644
 97
        0
 92
        5
 93
      107
 72
     1
 10
36.69086404327027
 20
19.14614573797644
 11
36.69086404327027
 21
13.28462386630508
 72
     1
 10
36.69086404327027
 20
13.28462386630508
 11
36.47999683488524
 21
13.49549107468829
 72
     1
 10
36.47999683488524
 20
13.49549107468829
 11
36.05826355832324
 21
13.9172243512503
 72
     1
 10
36.05826355832324
 20
13.9172243512503
 11
35.63652914155682
 21
14.33895876801671
 72
     1
 10
35.63652914155682
 20
14.33895876801671
 11
35.42566193317544
 21
14.76069318478403
 72
     1
 10
35.42566193317544
 20
14.76069318478403
 11
35.00392865661343
 21
15.18242646134604
 72
     1
 10
35.00392865661343
 20
15.18242646134604
 11
34.7930614482284
 21
15.39329366972924
 72
     1
 10
34.7930614482284
 20
15.39329366972924
 11
34.37132703146199
 21
15.60416087811154
 72
     1
 10
34.37132703146199
 20
15.60416087811154
 11
33.94959261469558
 21
16.02589529487886
 72
     1
 10
33.94959261469558
 20
16.02589529487886
 11
33.52785933813357
 21
16.23676250326207
 72
     1
 10
33.52785933813357
 20
16.23676250326207
 11
33.10612492136716
 21
16.65849577982408
 72
     1
 10
33.10612492136716
 20
16.65849577982408
 11
32.68439050460074
 21
17.08023019659049
 72
     1
 10
32.68439050460074
 20
17.08023019659049
 11
32.47352329621572
 21
17.2910974049737
 72
     1
 10
32.47352329621572
 20
17.2910974049737
 11
32.26265722803873
 21
17.71283182174102
 72
     1
 10
32.26265722803873
 20
17.71283182174102
 11
32.05179001965735
 21
17.92369788991891
 72
     1
 10
32.05179001965735
 20
17.92369788991891
 11
31.84092281127232
 21
18.13456509830212
 72
     1
 10
31.84092281127232
 20
18.13456509830212
 11
31.6300556028873
 21
18.34543230668532
 72
     1
 10
31.6300556028873
 20
18.34543230668532
 11
31.41918839450591
 21
18.34543230668532
 72
     1
 10
31.41918839450591
 20
18.34543230668532
 11
31.20832118612089
 21
18.13456509830212
 72
     1
 10
31.20832118612089
 20
18.13456509830212
 11
30.9974539777395
 21
18.13456509830212
 72
     1
 10
30.9974539777395
 20
18.13456509830212
 11
30.78658790956251
 21
17.92369788991891
 72
     1
 10
30.78658790956251
 20
17.92369788991891
 11
30.78658790956251
 21
17.71283182174102
 72
     1
 10
30.78658790956251
 20
17.71283182174102
 11
30.57572070117749
 21
17.2910974049737
 72
     1
 10
30.57572070117749
 20
17.2910974049737
 11
30.36485349279246
 21
17.08023019659049
 72
     1
 10
30.36485349279246
 20
17.08023019659049
 11
30.36485349279246
 21
16.86936298820728
 72
     1
 10
30.36485349279246
 20
16.86936298820728
 11
30.15398628441108
 21
16.65849577982408
 72
     1
 10
30.15398628441108
 20
16.65849577982408
 11
29.52138465925964
 21
16.23676250326207
 72
     1
 10
29.52138465925964
 20
16.23676250326207
 11
29.09965138269763
 21
15.81502808649475
 72
     1
 10
29.09965138269763
 20
15.81502808649475
 11
28.67791696593122
 21
15.39329366972924
 72
     1
 10
28.67791696593122
 20
15.39329366972924
 11
28.25618254916481
 21
14.97156039316724
 72
     1
 10
28.25618254916481
 20
14.97156039316724
 11
27.8344492726028
 21
14.76069318478403
 72
     1
 10
27.8344492726028
 20
14.76069318478403
 11
27.201847647455
 21
14.33895876801671
 72
     1
 10
27.201847647455
 20
14.33895876801671
 11
26.78011323068858
 21
13.9172243512503
 72
     1
 10
26.78011323068858
 20
13.9172243512503
 11
26.14751274574155
 21
13.49549107468829
 72
     1
 10
26.14751274574155
 20
13.49549107468829
 11
25.72577832897514
 21
13.28462386630508
 72
     1
 10
25.72577832897514
 20
13.28462386630508
 11
25.51491112059011
 21
13.07375665792188
 72
     1
 10
25.51491112059011
 20
13.07375665792188
 11
25.09317784403175
 21
12.86288944953867
 72
     1
 10
25.09317784403175
 20
12.86288944953867
 11
24.88231063564672
 21
12.44115503277226
 72
     1
 10
24.88231063564672
 20
12.44115503277226
 11
24.4605762188803
 21
12.23028782438814
 72
     1
 10
24.4605762188803
 20
12.23028782438814
 11
24.24970901049528
 21
11.80855454782704
 72
     1
 10
24.24970901049528
 20
11.80855454782704
 11
24.03884180211389
 21
11.59768733944384
 72
     1
 10
24.03884180211389
 20
11.59768733944384
 11
23.82797573393691
 21
11.17595292267651
 72
     1
 10
23.82797573393691
 20
11.17595292267651
 11
23.82797573393691
 21
10.96508571429331
 72
     1
 10
23.82797573393691
 20
10.96508571429331
 11
24.03884180211389
 21
10.96508571429331
 72
     1
 10
24.03884180211389
 20
10.96508571429331
 11
24.03884180211389
 21
10.75421964611541
 72
     1
 10
24.03884180211389
 20
10.75421964611541
 11
24.24970901049528
 21
10.75421964611541
 72
     1
 10
24.24970901049528
 20
10.75421964611541
 11
24.67144342726533
 21
10.54335243773221
 72
     1
 10
24.67144342726533
 20
10.54335243773221
 11
24.88231063564672
 21
10.54335243773221
 72
     1
 10
24.88231063564672
 20
10.54335243773221
 11
25.09317784403175
 21
10.33248522934809
 72
     1
 10
25.09317784403175
 20
10.33248522934809
 11
25.30404505241313
 21
10.33248522934809
 72
     1
 10
25.30404505241313
 20
10.33248522934809
 11
25.72577832897514
 21
9.910750812581682
 72
     1
 10
25.72577832897514
 20
9.910750812581682
 11
25.93664553736017
 21
9.699883604198476
 72
     1
 10
25.93664553736017
 20
9.699883604198476
 11
26.35837995412658
 21
9.278150327636467
 72
     1
 10
26.35837995412658
 20
9.278150327636467
 11
26.78011323068858
 21
9.06728311925326
 72
     1
 10
26.78011323068858
 20
9.06728311925326
 11
26.99098043906997
 21
8.645548702486847
 72
     1
 10
26.99098043906997
 20
8.645548702486847
 11
27.41271485583638
 21
8.434681494103643
 72
     1
 10
27.41271485583638
 20
8.434681494103643
 11
27.8344492726028
 21
8.223814285720437
 72
     1
 10
27.8344492726028
 20
8.223814285720437
 11
17.08022962648829
 21
8.223814285720437
 72
     1
 10
17.08022962648829
 20
8.223814285720437
 11
17.29109683487331
 21
8.434681494103643
 72
     1
 10
17.29109683487331
 20
8.434681494103643
 11
17.71283125163973
 21
8.856415910870055
 72
     1
 10
17.71283125163973
 20
8.856415910870055
 11
17.92369846002111
 21
9.06728311925326
 72
     1
 10
17.92369846002111
 20
9.06728311925326
 11
18.34543287678753
 21
9.489016395815268
 72
     1
 10
18.34543287678753
 20
9.489016395815268
 11
18.55629894496814
 21
9.910750812581682
 72
     1
 10
18.55629894496814
 20
9.910750812581682
 11
18.97803336173456
 21
10.33248522934809
 72
     1
 10
18.97803336173456
 20
10.33248522934809
 11
19.39976777850097
 21
10.54335243773221
 72
     1
 10
19.39976777850097
 20
10.54335243773221
 11
19.61063498688236
 21
10.75421964611541
 72
     1
 10
19.61063498688236
 20
10.75421964611541
 11
19.82150105506298
 21
10.75421964611541
 72
     1
 10
19.82150105506298
 20
10.75421964611541
 11
20.03236826344437
 21
10.75421964611541
 72
     1
 10
20.03236826344437
 20
10.75421964611541
 11
20.45410268021078
 21
10.75421964611541
 72
     1
 10
20.45410268021078
 20
10.75421964611541
 11
20.66496988859581
 21
10.75421964611541
 72
     1
 10
20.66496988859581
 20
10.75421964611541
 11
20.87583709697719
 21
10.75421964611541
 72
     1
 10
20.87583709697719
 20
10.75421964611541
 11
21.08670430536222
 21
10.96508571429331
 72
     1
 10
21.08670430536222
 20
10.96508571429331
 11
21.08670430536222
 21
11.17595292267651
 72
     1
 10
21.08670430536222
 20
11.17595292267651
 11
20.87583709697719
 21
11.38682013106063
 72
     1
 10
20.87583709697719
 20
11.38682013106063
 11
20.87583709697719
 21
11.59768733944384
 72
     1
 10
20.87583709697719
 20
11.59768733944384
 11
20.66496988859581
 21
11.59768733944384
 72
     1
 10
20.66496988859581
 20
11.59768733944384
 11
20.45410268021078
 21
11.80855454782704
 72
     1
 10
20.45410268021078
 20
11.80855454782704
 11
20.24323547182939
 21
11.80855454782704
 72
     1
 10
20.24323547182939
 20
11.80855454782704
 11
20.03236826344437
 21
12.01942175621025
 72
     1
 10
20.03236826344437
 20
12.01942175621025
 11
19.82150105506298
 21
12.01942175621025
 72
     1
 10
19.82150105506298
 20
12.01942175621025
 11
19.61063498688236
 21
12.23028782438814
 72
     1
 10
19.61063498688236
 20
12.23028782438814
 11
19.18890057011594
 21
12.44115503277226
 72
     1
 10
19.18890057011594
 20
12.44115503277226
 11
18.76716615334953
 21
12.86288944953867
 72
     1
 10
18.76716615334953
 20
12.86288944953867
 11
18.34543287678753
 21
13.07375665792188
 72
     1
 10
18.34543287678753
 20
13.07375665792188
 11
17.92369846002111
 21
13.49549107468829
 72
     1
 10
17.92369846002111
 20
13.49549107468829
 11
17.5019640432547
 21
13.9172243512503
 72
     1
 10
17.5019640432547
 20
13.9172243512503
 11
17.08022962648829
 21
14.33895876801671
 72
     1
 10
17.08022962648829
 20
14.33895876801671
 11
16.65849634992628
 21
14.76069318478403
 72
     1
 10
16.65849634992628
 20
14.76069318478403
 11
16.44762914154489
 21
15.18242646134604
 72
     1
 10
16.44762914154489
 20
15.18242646134604
 11
16.23676193315987
 21
15.39329366972924
 72
     1
 10
16.23676193315987
 20
15.39329366972924
 11
15.81502751639346
 21
15.60416087811245
 72
     1
 10
15.81502751639346
 20
15.60416087811245
 11
15.39329423983145
 21
16.02589529487886
 72
     1
 10
15.39329423983145
 20
16.02589529487886
 11
14.97155982306503
 21
16.23676250326207
 72
     1
 10
14.97155982306503
 20
16.23676250326207
 11
14.54982540629862
 21
16.65849577982408
 72
     1
 10
14.54982540629862
 20
16.65849577982408
 11
14.12809212973661
 21
17.08023019659049
 72
     1
 10
14.12809212973661
 20
17.08023019659049
 11
13.91722492135159
 21
17.2910974049737
 72
     1
 10
13.91722492135159
 20
17.2910974049737
 11
13.7063577129702
 21
17.71283182174102
 72
     1
 10
13.7063577129702
 20
17.71283182174102
 11
13.49549050458518
 21
17.92369788991891
 72
     1
 10
13.49549050458518
 20
17.92369788991891
 11
13.28462329620379
 21
18.13456509830212
 72
     1
 10
13.28462329620379
 20
18.13456509830212
 11
13.07375608781876
 21
18.13456509830212
 72
     1
 10
13.07375608781876
 20
18.13456509830212
 11
13.07375608781876
 21
18.34543230668532
 72
     1
 10
13.07375608781876
 20
18.34543230668532
 11
12.86289001964178
 21
18.34543230668532
 72
     1
 10
12.86289001964178
 20
18.34543230668532
 11
12.65202281125676
 21
18.13456509830212
 72
     1
 10
12.65202281125676
 20
18.13456509830212
 11
12.44115560287537
 21
18.13456509830212
 72
     1
 10
12.44115560287537
 20
18.13456509830212
 11
12.23028839449034
 21
17.92369788991891
 72
     1
 10
12.23028839449034
 20
17.92369788991891
 11
12.23028839449034
 21
19.14614573797644
 72
     1
 10
12.23028839449034
 20
19.14614573797644
 11
36.69086404327027
 21
19.14614573797644
 97
        0
 92
        5
 93
       20
 72
     1
 10
12.23028839449034
 20
21.51842292607853
 11
12.23028839449034
 21
26.78011380078897
 72
     1
 10
12.23028839449034
 20
26.78011380078897
 11
12.44115560287537
 21
27.20184821755538
 72
     1
 10
12.44115560287537
 20
27.20184821755538
 11
12.44115560287537
 21
27.6235814941183
 72
     1
 10
12.44115560287537
 20
27.6235814941183
 11
12.65202281125676
 21
27.8344487025006
 72
     1
 10
12.65202281125676
 20
27.8344487025006
 11
13.07375608781876
 21
28.25618311926701
 72
     1
 10
13.07375608781876
 20
28.25618311926701
 11
13.28462329620379
 21
28.46705032765112
 72
     1
 10
13.28462329620379
 20
28.46705032765112
 11
13.7063577129702
 21
28.67791753603432
 72
     1
 10
13.7063577129702
 20
28.67791753603432
 11
14.12809212973661
 21
28.88878360421313
 72
     1
 10
14.12809212973661
 20
28.88878360421313
 11
14.54982540629862
 21
28.88878360421313
 72
     1
 10
14.54982540629862
 20
28.88878360421313
 11
34.37132703146199
 21
28.88878360421313
 72
     1
 10
34.37132703146199
 20
28.88878360421313
 11
35.00392865661343
 21
28.88878360421313
 72
     1
 10
35.00392865661343
 20
28.88878360421313
 11
35.42566193317544
 21
28.67791753603432
 72
     1
 10
35.42566193317544
 20
28.67791753603432
 11
35.63652914155682
 21
28.46705032765112
 72
     1
 10
35.63652914155682
 20
28.46705032765112
 11
36.05826355832324
 21
28.25618311926701
 72
     1
 10
36.05826355832324
 20
28.25618311926701
 11
36.26913076670826
 21
27.8344487025006
 72
     1
 10
36.26913076670826
 20
27.8344487025006
 11
36.47999683488524
 21
27.6235814941183
 72
     1
 10
36.47999683488524
 20
27.6235814941183
 11
36.69086404327027
 21
27.20184821755538
 72
     1
 10
36.69086404327027
 20
27.20184821755538
 11
36.69086404327027
 21
26.78011380078897
 72
     1
 10
36.69086404327027
 20
26.78011380078897
 11
36.69086404327027
 21
21.51842292607853
 72
     1
 10
36.69086404327027
 20
21.51842292607853
 11
12.23028839449034
 21
21.51842292607853
 97
        0
 92
        5
 93
       20
 72
     1
 10
12.23028839449034
 20
21.51842292607853
 11
-12.01942118610896
 21
21.51842292607853
 72
     1
 10
-12.01942118610896
 20
21.51842292607853
 11
-12.01942118610896
 21
26.78011380078897
 72
     1
 10
-12.01942118610896
 20
26.78011380078897
 11
-12.01942118610896
 21
27.20184821755538
 72
     1
 10
-12.01942118610896
 20
27.20184821755538
 11
-11.80855397772393
 21
27.6235814941183
 72
     1
 10
-11.80855397772393
 20
27.6235814941183
 11
-11.59768676934254
 21
27.8344487025006
 72
     1
 10
-11.59768676934254
 20
27.8344487025006
 11
-11.38681956095752
 21
28.25618311926701
 72
     1
 10
-11.38681956095752
 20
28.25618311926701
 11
-11.17595235257613
 21
28.46705032765112
 72
     1
 10
-11.17595235257613
 20
28.46705032765112
 11
-10.75421793580608
 21
28.67791753603432
 72
     1
 10
-10.75421793580608
 20
28.67791753603432
 11
-10.33248465924771
 21
28.88878360421313
 72
     1
 10
-10.33248465924771
 20
28.88878360421313
 11
-9.91075024247766
 21
28.88878360421313
 72
     1
 10
-9.91075024247766
 20
28.88878360421313
 11
10.12161745086268
 21
28.88878360421313
 72
     1
 10
10.12161745086268
 20
28.88878360421313
 11
10.5433518676291
 21
28.88878360421313
 72
     1
 10
10.5433518676291
 20
28.88878360421313
 11
10.96508628439551
 21
28.67791753603432
 72
     1
 10
10.96508628439551
 20
28.67791753603432
 11
11.38682070116192
 21
28.46705032765112
 72
     1
 10
11.38682070116192
 20
28.46705032765112
 11
11.59768676934254
 21
28.25618311926701
 72
     1
 10
11.59768676934254
 20
28.25618311926701
 11
11.80855397772393
 21
27.8344487025006
 72
     1
 10
11.80855397772393
 20
27.8344487025006
 11
12.01942118610896
 21
27.6235814941183
 72
     1
 10
12.01942118610896
 20
27.6235814941183
 11
12.23028839449034
 21
27.20184821755538
 72
     1
 10
12.23028839449034
 20
27.20184821755538
 11
12.23028839449034
 21
26.78011380078897
 72
     1
 10
12.23028839449034
 20
26.78011380078897
 11
12.23028839449034
 21
21.51842292607853
 97
        0
 92
        5
 93
       20
 72
     1
 10
-14.3389581979136
 20
28.88878360421313
 11
-13.91722378114718
 21
28.88878360421313
 72
     1
 10
-13.91722378114718
 20
28.88878360421313
 11
-13.49548936438077
 21
28.67791753603432
 72
     1
 10
-13.49548936438077
 20
28.67791753603432
 11
-13.07375608781876
 21
28.46705032765112
 72
     1
 10
-13.07375608781876
 20
28.46705032765112
 11
-12.65202167105235
 21
28.25618311926701
 72
     1
 10
-12.65202167105235
 20
28.25618311926701
 11
-12.44115446267096
 21
27.8344487025006
 72
     1
 10
-12.44115446267096
 20
27.8344487025006
 11
-12.23028725428594
 21
27.6235814941183
 72
     1
 10
-12.23028725428594
 20
27.6235814941183
 11
-12.23028725428594
 21
27.20184821755538
 72
     1
 10
-12.23028725428594
 20
27.20184821755538
 11
-12.01942118610896
 21
26.78011380078897
 72
     1
 10
-12.01942118610896
 20
26.78011380078897
 11
-12.01942118610896
 21
21.51842292607853
 72
     1
 10
-12.01942118610896
 20
21.51842292607853
 11
-36.47999683488524
 21
21.51842292607853
 72
     1
 10
-36.47999683488524
 20
21.51842292607853
 11
-36.47999683488524
 21
26.78011380078897
 72
     1
 10
-36.47999683488524
 20
26.78011380078897
 11
-36.47999683488524
 21
27.20184821755538
 72
     1
 10
-36.47999683488524
 20
27.20184821755538
 11
-36.26912962650022
 21
27.6235814941183
 72
     1
 10
-36.26912962650022
 20
27.6235814941183
 11
-36.05826241811883
 21
27.8344487025006
 72
     1
 10
-36.05826241811883
 20
27.8344487025006
 11
-35.84739520973381
 21
28.25618311926701
 72
     1
 10
-35.84739520973381
 20
28.25618311926701
 11
-35.42566193317544
 21
28.46705032765112
 72
     1
 10
-35.42566193317544
 20
28.46705032765112
 11
-35.21479472479041
 21
28.67791753603432
 72
     1
 10
-35.21479472479041
 20
28.67791753603432
 11
-34.793060308024
 21
28.88878360421313
 72
     1
 10
-34.793060308024
 20
28.88878360421313
 11
-34.16045982307696
 21
28.88878360421313
 72
     1
 10
-34.16045982307696
 20
28.88878360421313
 11
-14.3389581979136
 21
28.88878360421313
 97
        0
 92
        5
 93
        4
 72
     1
 10
-12.01942118610896
 20
21.44716012165827
 11
-12.01942118610896
 21
20.30023830403298
 72
     1
 10
-12.01942118610896
 20
20.30023830403298
 11
-36.47999683488524
 21
20.30023830403298
 72
     1
 10
-36.47999683488524
 20
20.30023830403298
 11
-36.47999683488524
 21
21.44716012165827
 72
     1
 10
-36.47999683488524
 20
21.44716012165827
 11
-12.01942118610896
 21
21.44716012165827
 97
        0
 92
        5
 93
        4
 72
     1
 10
12.23028839449034
 20
20.2289754996118
 11
12.23028839449034
 21
19.2174085423967
 72
     1
 10
12.23028839449034
 20
19.2174085423967
 11
-12.01942118610896
 21
19.2174085423967
 72
     1
 10
-12.01942118610896
 20
19.2174085423967
 11
-12.01942118610896
 21
20.2289754996118
 72
     1
 10
-12.01942118610896
 20
20.2289754996118
 11
12.23028839449034
 21
20.2289754996118
 97
        0
 92
        5
 93
        4
 72
     1
 10
12.23028839449034
 20
21.44716012165827
 11
12.23028839449034
 21
20.30023830403298
 72
     1
 10
12.23028839449034
 20
20.30023830403298
 11
-12.01942118610896
 21
20.30023830403298
 72
     1
 10
-12.01942118610896
 20
20.30023830403298
 11
-12.01942118610896
 21
21.44716012165827
 72
     1
 10
-12.01942118610896
 20
21.44716012165827
 11
12.23028839449034
 21
21.44716012165827
 97
        0
 92
        5
 93
        4
 72
     1
 10
36.69086404327027
 20
21.44716012165827
 11
36.69086404327027
 21
20.30023830403298
 72
     1
 10
36.69086404327027
 20
20.30023830403298
 11
12.23028839449034
 21
20.30023830403298
 72
     1
 10
12.23028839449034
 20
20.30023830403298
 11
12.23028839449034
 21
21.44716012165827
 72
     1
 10
12.23028839449034
 20
21.44716012165827
 11
36.69086404327027
 21
21.44716012165827
 97
        0
 92
        5
 93
        4
 72
     1
 10
36.69086404327027
 20
20.2289754996118
 11
36.69086404327027
 21
19.2174085423967
 72
     1
 10
36.69086404327027
 20
19.2174085423967
 11
12.23028839449034
 21
19.2174085423967
 72
     1
 10
12.23028839449034
 20
19.2174085423967
 11
12.23028839449034
 21
20.2289754996118
 72
     1
 10
12.23028839449034
 20
20.2289754996118
 11
36.69086404327027
 21
20.2289754996118
 97
        0
 92
        5
 93
        4
 72
     1
 10
-12.01942118610896
 20
20.2289754996118
 11
-12.01942118610896
 21
19.2174085423967
 72
     1
 10
-12.01942118610896
 20
19.2174085423967
 11
-36.47999683488524
 21
19.2174085423967
 72
     1
 10
-36.47999683488524
 20
19.2174085423967
 11
-36.47999683488524
 21
20.2289754996118
 72
     1
 10
-36.47999683488524
 20
20.2289754996118
 11
-12.01942118610896
 21
20.2289754996118
 97
        0
 75
     1
 76
     1
 47
0.2097881903089942
 98
       12
 10
-27026.31449634722
 20
5883.410975545764
 10
-27004.28673499911
 20
5881.731125679816
 10
-26988.13304375947
 20
5882.991013079276
 10
-26987.08410393045
 20
5876.061628506762
 10
-26999.04202961934
 20
5876.271609740006
 10
-27029.25153036235
 20
5875.011722340544
 10
-27021.90894324631
 20
5879.001365772172
 10
-27014.98593330881
 20
5880.051275813868
 10
-27013.51741630125
 20
5878.791384538927
 10
-26993.37774913924
 20
5879.001365772172
 10
-26991.90923213168
 20
5880.051275813868
 10
-27027.78301335478
 20
5880.051275813868
  0
HATCH
  5
50F
330
50B
100
AcDbEntity
  8
FURNITURE
 62
    52
100
AcDbHatch
 10
0.0
 20
0.0
 30
0.0
210
0.0
220
0.0
230
1.0
  2
SOLID
 70
     1
 71
     0
 91
        4
 92
        5
 93
       86
 72
     1
 10
-27.62358092401701
 20
14.97156039316724
 11
-27.201847647455
 21
14.76069318478403
 72
     1
 10
-27.201847647455
 20
14.76069318478403
 11
-26.78011323068495
 21
14.33895876801671
 72
     1
 10
-26.78011323068495
 20
14.33895876801671
 11
-26.14751160553715
 21
13.9172243512503
 72
     1
 10
-26.14751160553715
 20
13.9172243512503
 11
-25.51491112059011
 21
13.49549107468829
 72
     1
 10
-25.51491112059011
 20
13.49549107468829
 11
-25.30404391220873
 21
13.28462386630508
 72
     1
 10
-25.30404391220873
 20
13.28462386630508
 11
-25.0931767038237
 21
13.07375665792188
 72
     1
 10
-25.0931767038237
 20
13.07375665792188
 11
-24.67144228705729
 21
12.86288944953867
 72
     1
 10
-24.67144228705729
 20
12.86288944953867
 11
-24.24970901049528
 21
12.44115503277226
 72
     1
 10
-24.24970901049528
 20
12.44115503277226
 11
-24.03884180211389
 21
12.23028782438814
 72
     1
 10
-24.03884180211389
 20
12.23028782438814
 11
-23.82797459372887
 21
11.80855454782704
 72
     1
 10
-23.82797459372887
 20
11.80855454782704
 11
-23.61710738534748
 21
11.59768733944384
 72
     1
 10
-23.61710738534748
 20
11.59768733944384
 11
-23.40624017696246
 21
11.17595292267651
 72
     1
 10
-23.40624017696246
 20
11.17595292267651
 11
-23.40624017696246
 21
10.96508571429331
 72
     1
 10
-23.40624017696246
 20
10.96508571429331
 11
-23.61710738534748
 21
10.75421964611541
 72
     1
 10
-23.61710738534748
 20
10.75421964611541
 11
-23.82797459372887
 21
10.75421964611541
 72
     1
 10
-23.82797459372887
 20
10.75421964611541
 11
-24.03884180211389
 21
10.54335243773221
 72
     1
 10
-24.03884180211389
 20
10.54335243773221
 11
-24.4605762188803
 21
10.54335243773221
 72
     1
 10
-24.4605762188803
 20
10.54335243773221
 11
-24.67144228705729
 21
10.33248522934809
 72
     1
 10
-24.67144228705729
 20
10.33248522934809
 11
-24.88230949544231
 21
10.33248522934809
 72
     1
 10
-24.88230949544231
 20
10.33248522934809
 11
-25.0931767038237
 21
9.910750812581682
 72
     1
 10
-25.0931767038237
 20
9.910750812581682
 11
-25.51491112059011
 21
9.699883604198476
 72
     1
 10
-25.51491112059011
 20
9.699883604198476
 11
-25.93664553735653
 21
9.278150327636467
 72
     1
 10
-25.93664553735653
 20
9.278150327636467
 11
-26.14751160553715
 21
9.06728311925326
 72
     1
 10
-26.14751160553715
 20
9.06728311925326
 11
-26.56924602230356
 21
8.645548702486847
 72
     1
 10
-26.56924602230356
 20
8.645548702486847
 11
-26.99098043906997
 21
8.434681494103643
 72
     1
 10
-26.99098043906997
 20
8.434681494103643
 11
-27.41271371563198
 21
8.223814285720437
 72
     1
 10
-27.41271371563198
 20
8.223814285720437
 11
-27.83444813239839
 21
8.223814285720437
 72
     1
 10
-27.83444813239839
 20
8.223814285720437
 11
-34.58219309963897
 21
8.223814285720437
 72
     1
 10
-34.58219309963897
 20
8.223814285720437
 11
-35.00392751640538
 21
8.223814285720437
 72
     1
 10
-35.00392751640538
 20
8.223814285720437
 11
-35.42566193317544
 21
8.434681494103643
 72
     1
 10
-35.42566193317544
 20
8.434681494103643
 11
-35.84739520973381
 21
8.856415910870055
 72
     1
 10
-35.84739520973381
 20
8.856415910870055
 11
-36.05826241811883
 21
9.06728311925326
 72
     1
 10
-36.05826241811883
 20
9.06728311925326
 11
-36.26912962650022
 21
9.489016395815268
 72
     1
 10
-36.26912962650022
 20
9.489016395815268
 11
-36.69086404327027
 21
9.910750812581682
 72
     1
 10
-36.69086404327027
 20
9.910750812581682
 11
-36.90173125165165
 21
10.33248522934809
 72
     1
 10
-36.90173125165165
 20
10.33248522934809
 11
-37.32346452821366
 21
10.54335243773221
 72
     1
 10
-37.32346452821366
 20
10.54335243773221
 11
-37.53433173659869
 21
10.75421964611541
 72
     1
 10
-37.53433173659869
 20
10.75421964611541
 11
-37.9560661533651
 21
10.75421964611541
 72
     1
 10
-37.9560661533651
 20
10.75421964611541
 11
-38.1669333617465
 21
10.75421964611541
 72
     1
 10
-38.1669333617465
 20
10.75421964611541
 11
-38.5886666383085
 21
10.75421964611541
 72
     1
 10
-38.5886666383085
 20
10.75421964611541
 11
-38.79953384669353
 21
10.75421964611541
 72
     1
 10
-38.79953384669353
 20
10.75421964611541
 11
-39.01040105507491
 21
10.75421964611541
 72
     1
 10
-39.01040105507491
 20
10.75421964611541
 11
-39.22126826345993
 21
10.96508571429331
 72
     1
 10
-39.22126826345993
 20
10.96508571429331
 11
-39.22126826345993
 21
11.17595292267651
 72
     1
 10
-39.22126826345993
 20
11.17595292267651
 11
-39.01040105507491
 21
11.38682013106063
 72
     1
 10
-39.01040105507491
 20
11.38682013106063
 11
-39.01040105507491
 21
11.59768733944384
 72
     1
 10
-39.01040105507491
 20
11.59768733944384
 11
-38.79953384669353
 21
11.59768733944384
 72
     1
 10
-38.79953384669353
 20
11.59768733944384
 11
-38.5886666383085
 21
11.80855454782704
 72
     1
 10
-38.5886666383085
 20
11.80855454782704
 11
-38.37780057013151
 21
11.80855454782704
 72
     1
 10
-38.37780057013151
 20
11.80855454782704
 11
-38.1669333617465
 21
12.01942175621025
 72
     1
 10
-38.1669333617465
 20
12.01942175621025
 11
-37.9560661533651
 21
12.01942175621025
 72
     1
 10
-37.9560661533651
 20
12.01942175621025
 11
-37.74519894498007
 21
12.23028782438814
 72
     1
 10
-37.74519894498007
 20
12.23028782438814
 11
-37.32346452821366
 21
12.44115503277226
 72
     1
 10
-37.32346452821366
 20
12.44115503277226
 11
-36.90173125165165
 21
12.86288944953867
 72
     1
 10
-36.90173125165165
 20
12.86288944953867
 11
-36.47999683488524
 21
13.07375665792188
 72
     1
 10
-36.47999683488524
 20
13.07375665792188
 11
-36.05826241811883
 21
13.49549107468829
 72
     1
 10
-36.05826241811883
 20
13.49549107468829
 11
-35.63652914155682
 21
13.9172243512503
 72
     1
 10
-35.63652914155682
 20
13.9172243512503
 11
-35.21479472479041
 21
14.33895876801671
 72
     1
 10
-35.21479472479041
 20
14.33895876801671
 11
-34.793060308024
 21
14.76069318478403
 72
     1
 10
-34.793060308024
 20
14.76069318478403
 11
-34.58219309963897
 21
15.18242646134604
 72
     1
 10
-34.58219309963897
 20
15.18242646134604
 11
-34.37132589125758
 21
15.39329366972924
 72
     1
 10
-34.37132589125758
 20
15.39329366972924
 11
-33.94959261469558
 21
15.60416087811245
 72
     1
 10
-33.94959261469558
 20
15.60416087811245
 11
-33.52785819792917
 21
16.02589529487886
 72
     1
 10
-33.52785819792917
 20
16.02589529487886
 11
-33.10612378116275
 21
16.23676250326207
 72
     1
 10
-33.10612378116275
 20
16.23676250326207
 11
-32.68439050460074
 21
16.65849577982408
 72
     1
 10
-32.68439050460074
 20
16.65849577982408
 11
-32.26265608783433
 21
17.08023019659049
 72
     1
 10
-32.26265608783433
 20
17.08023019659049
 11
-32.0517888794493
 21
17.2910974049737
 72
     1
 10
-32.0517888794493
 20
17.2910974049737
 11
-31.84092167106792
 21
17.71283182174102
 72
     1
 10
-31.84092167106792
 20
17.71283182174102
 11
-31.63005446268289
 21
17.71283182174102
 72
     1
 10
-31.63005446268289
 20
17.71283182174102
 11
-31.63005446268289
 21
17.92369788991891
 72
     1
 10
-31.63005446268289
 20
17.92369788991891
 11
-31.41918839450591
 21
18.13456509830212
 72
     1
 10
-31.41918839450591
 20
18.13456509830212
 11
-31.20832118612089
 21
18.13456509830212
 72
     1
 10
-31.20832118612089
 20
18.13456509830212
 11
-31.20832118612089
 21
18.34543230668532
 72
     1
 10
-31.20832118612089
 20
18.34543230668532
 11
-30.9974539777395
 21
18.34543230668532
 72
     1
 10
-30.9974539777395
 20
18.34543230668532
 11
-30.78658676935447
 21
18.13456509830212
 72
     1
 10
-30.78658676935447
 20
18.13456509830212
 11
-30.57571956097309
 21
18.13456509830212
 72
     1
 10
-30.57571956097309
 20
18.13456509830212
 11
-30.36485235258806
 21
17.92369788991891
 72
     1
 10
-30.36485235258806
 20
17.92369788991891
 11
-30.15398514420667
 21
17.71283182174102
 72
     1
 10
-30.15398514420667
 20
17.71283182174102
 11
-30.15398514420667
 21
17.2910974049737
 72
     1
 10
-30.15398514420667
 20
17.2910974049737
 11
-29.94311907602605
 21
17.08023019659049
 72
     1
 10
-29.94311907602605
 20
17.08023019659049
 11
-29.73225186764466
 21
16.86936298820728
 72
     1
 10
-29.73225186764466
 20
16.86936298820728
 11
-29.73225186764466
 21
16.65849577982408
 72
     1
 10
-29.73225186764466
 20
16.65849577982408
 11
-29.09965024249323
 21
16.23676250326207
 72
     1
 10
-29.09965024249323
 20
16.23676250326207
 11
-28.46704975754983
 21
15.81502808649475
 72
     1
 10
-28.46704975754983
 20
15.81502808649475
 11
-28.04531534077978
 21
15.39329366972924
 72
     1
 10
-28.04531534077978
 20
15.39329366972924
 11
-27.62358092401701
 21
14.97156039316724
 97
        0
 92
        5
 93
       86
 72
     1
 10
-3.795605760184116
 20
14.76069318478403
 11
-3.373872483622108
 21
14.33895876801671
 72
     1
 10
-3.373872483622108
 20
14.33895876801671
 11
-2.952138066855694
 21
13.9172243512503
 72
     1
 10
-2.952138066855694
 20
13.9172243512503
 11
-2.530403650089283
 21
13.49549107468829
 72
     1
 10
-2.530403650089283
 20
13.49549107468829
 11
-2.108670373527274
 21
13.07375665792188
 72
     1
 10
-2.108670373527274
 20
13.07375665792188
 11
-1.686935956760861
 21
12.86288944953867
 72
     1
 10
-1.686935956760861
 20
12.86288944953867
 11
-1.26520153999081
 21
12.44115503277226
 72
     1
 10
-1.26520153999081
 20
12.44115503277226
 11
-0.8434682634288035
 21
12.23028782438814
 72
     1
 10
-0.8434682634288035
 20
12.23028782438814
 11
-0.6326010550474166
 21
12.01942175621025
 72
     1
 10
-0.6326010550474166
 20
12.01942175621025
 11
-0.4217338466623917
 21
12.01942175621025
 72
     1
 10
-0.4217338466623917
 20
12.01942175621025
 11
-0.2108666382810043
 21
11.80855454782704
 72
     1
 10
-0.2108666382810043
 20
11.80855454782704
 11
0.0000005701040209
 21
11.80855454782704
 72
     1
 10
0.0000005701040209
 20
11.80855454782704
 11
0.210867778485408
 21
11.59768733944384
 72
     1
 10
0.210867778485408
 20
11.59768733944384
 11
0.4217338466660295
 21
11.59768733944384
 72
     1
 10
0.4217338466660295
 20
11.59768733944384
 11
0.4217338466660295
 21
11.38682013106063
 72
     1
 10
0.4217338466660295
 20
11.38682013106063
 11
0.6326010550474166
 21
11.17595292267651
 72
     1
 10
0.6326010550474166
 20
11.17595292267651
 11
0.6326010550474166
 21
10.96508571429331
 72
     1
 10
0.6326010550474166
 20
10.96508571429331
 11
0.4217338466660295
 21
10.75421964611541
 72
     1
 10
0.4217338466660295
 20
10.75421964611541
 11
0.210867778485408
 21
10.75421964611541
 72
     1
 10
0.210867778485408
 20
10.75421964611541
 11
0.0000005701040209
 21
10.75421964611541
 72
     1
 10
0.0000005701040209
 20
10.75421964611541
 11
-0.4217338466623917
 21
10.75421964611541
 72
     1
 10
-0.4217338466623917
 20
10.75421964611541
 11
-0.6326010550474166
 21
10.75421964611541
 72
     1
 10
-0.6326010550474166
 20
10.75421964611541
 11
-1.054334331609425
 21
10.75421964611541
 72
     1
 10
-1.054334331609425
 20
10.75421964611541
 11
-1.26520153999081
 21
10.54335243773221
 72
     1
 10
-1.26520153999081
 20
10.54335243773221
 11
-1.686935956760861
 21
10.33248522934809
 72
     1
 10
-1.686935956760861
 20
10.33248522934809
 11
-1.897803165142249
 21
9.910750812581682
 72
     1
 10
-1.897803165142249
 20
9.910750812581682
 11
-2.319537581908662
 21
9.489016395815268
 72
     1
 10
-2.319537581908662
 20
9.489016395815268
 11
-2.530403650089283
 21
9.06728311925326
 72
     1
 10
-2.530403650089283
 20
9.06728311925326
 11
-2.74127085847067
 21
8.856415910870055
 72
     1
 10
-2.74127085847067
 20
8.856415910870055
 11
-3.163005275237082
 21
8.434681494103643
 72
     1
 10
-3.163005275237082
 20
8.434681494103643
 11
-3.584739692003495
 21
8.223814285720437
 72
     1
 10
-3.584739692003495
 20
8.223814285720437
 11
-4.006472968565502
 21
8.223814285720437
 72
     1
 10
-4.006472968565502
 20
8.223814285720437
 11
-10.9650851441911
 21
8.223814285720437
 72
     1
 10
-10.9650851441911
 20
8.223814285720437
 11
-11.17595235257613
 21
8.223814285720437
 72
     1
 10
-11.17595235257613
 20
8.223814285720437
 11
-11.59768676934254
 21
8.434681494103643
 72
     1
 10
-11.59768676934254
 20
8.434681494103643
 11
-12.01942118610896
 21
8.645548702486847
 72
     1
 10
-12.01942118610896
 20
8.645548702486847
 11
-12.44115446267096
 21
9.06728311925326
 72
     1
 10
-12.44115446267096
 20
9.06728311925326
 11
-12.65202167105235
 21
9.278150327636467
 72
     1
 10
-12.65202167105235
 20
9.278150327636467
 11
-13.07375608781876
 21
9.699883604198476
 72
     1
 10
-13.07375608781876
 20
9.699883604198476
 11
-13.49548936438077
 21
9.910750812581682
 72
     1
 10
-13.49548936438077
 20
9.910750812581682
 11
-13.7063565727658
 21
10.33248522934809
 72
     1
 10
-13.7063565727658
 20
10.33248522934809
 11
-13.91722378114718
 21
10.33248522934809
 72
     1
 10
-13.91722378114718
 20
10.33248522934809
 11
-14.12809098953221
 21
10.54335243773221
 72
     1
 10
-14.12809098953221
 20
10.54335243773221
 11
-14.54982540629862
 21
10.54335243773221
 72
     1
 10
-14.54982540629862
 20
10.54335243773221
 11
-14.76069261468001
 21
10.75421964611541
 72
     1
 10
-14.76069261468001
 20
10.75421964611541
 11
-14.97155868286063
 21
10.75421964611541
 72
     1
 10
-14.97155868286063
 20
10.75421964611541
 11
-15.18242589124202
 21
10.96508571429331
 72
     1
 10
-15.18242589124202
 20
10.96508571429331
 11
-15.18242589124202
 21
11.17595292267651
 72
     1
 10
-15.18242589124202
 20
11.17595292267651
 11
-14.97155868286063
 21
11.59768733944384
 72
     1
 10
-14.97155868286063
 20
11.59768733944384
 11
-14.76069261468001
 21
11.80855454782704
 72
     1
 10
-14.76069261468001
 20
11.80855454782704
 11
-14.54982540629862
 21
12.23028782438814
 72
     1
 10
-14.54982540629862
 20
12.23028782438814
 11
-14.3389581979136
 21
12.44115503277226
 72
     1
 10
-14.3389581979136
 20
12.44115503277226
 11
-13.91722378114718
 21
12.86288944953867
 72
     1
 10
-13.91722378114718
 20
12.86288944953867
 11
-13.49548936438077
 21
13.07375665792188
 72
     1
 10
-13.49548936438077
 20
13.07375665792188
 11
-13.28462329620379
 21
13.28462386630508
 72
     1
 10
-13.28462329620379
 20
13.28462386630508
 11
-13.07375608781876
 21
13.49549107468829
 72
     1
 10
-13.07375608781876
 20
13.49549107468829
 11
-12.44115446267096
 21
13.9172243512503
 72
     1
 10
-12.44115446267096
 20
13.9172243512503
 11
-11.80855397772393
 21
14.33895876801671
 72
     1
 10
-11.80855397772393
 20
14.33895876801671
 11
-11.38681956095752
 21
14.76069318478403
 72
     1
 10
-11.38681956095752
 20
14.76069318478403
 11
-10.9650851441911
 21
14.97156039316724
 72
     1
 10
-10.9650851441911
 20
14.97156039316724
 11
-10.5433518676291
 21
15.39329366972924
 72
     1
 10
-10.5433518676291
 20
15.39329366972924
 11
-10.12161745086268
 21
15.81502808649475
 72
     1
 10
-10.12161745086268
 20
15.81502808649475
 11
-9.489015825711247
 21
16.23676250326207
 72
     1
 10
-9.489015825711247
 20
16.23676250326207
 11
-9.06728254914924
 21
16.65849577982408
 72
     1
 10
-9.06728254914924
 20
16.65849577982408
 11
-8.856415340767851
 21
16.86936298820728
 72
     1
 10
-8.856415340767851
 20
16.86936298820728
 11
-8.645548132382826
 21
17.08023019659049
 72
     1
 10
-8.645548132382826
 20
17.08023019659049
 11
-8.43468092400144
 21
17.2910974049737
 72
     1
 10
-8.43468092400144
 20
17.2910974049737
 11
-8.43468092400144
 21
17.71283182174102
 72
     1
 10
-8.43468092400144
 20
17.71283182174102
 11
-8.223813715616412
 21
17.92369788991891
 72
     1
 10
-8.223813715616412
 20
17.92369788991891
 11
-8.012946507235027
 21
18.13456509830212
 72
     1
 10
-8.012946507235027
 20
18.13456509830212
 11
-7.59121323067302
 21
18.34543230668532
 72
     1
 10
-7.59121323067302
 20
18.34543230668532
 11
-7.380346022287995
 21
18.34543230668532
 72
     1
 10
-7.380346022287995
 20
18.34543230668532
 11
-7.380346022287995
 21
18.13456509830212
 72
     1
 10
-7.380346022287995
 20
18.13456509830212
 11
-7.169478813906608
 21
18.13456509830212
 72
     1
 10
-7.169478813906608
 20
18.13456509830212
 11
-7.169478813906608
 21
17.92369788991891
 72
     1
 10
-7.169478813906608
 20
17.92369788991891
 11
-6.958611605521583
 21
17.92369788991891
 72
     1
 10
-6.958611605521583
 20
17.92369788991891
 11
-6.958611605521583
 21
17.71283182174102
 72
     1
 10
-6.958611605521583
 20
17.71283182174102
 11
-6.747744397140195
 21
17.71283182174102
 72
     1
 10
-6.747744397140195
 20
17.71283182174102
 11
-6.747744397140195
 21
17.2910974049737
 72
     1
 10
-6.747744397140195
 20
17.2910974049737
 11
-6.326011120578187
 21
17.08023019659049
 72
     1
 10
-6.326011120578187
 20
17.08023019659049
 11
-5.904276703811772
 21
16.65849577982408
 72
     1
 10
-5.904276703811772
 20
16.65849577982408
 11
-5.482542287045362
 21
16.23676250326207
 72
     1
 10
-5.482542287045362
 20
16.23676250326207
 11
-5.060809010483354
 21
16.02589529487886
 72
     1
 10
-5.060809010483354
 20
16.02589529487886
 11
-4.639074593716941
 21
15.60416087811245
 72
     1
 10
-4.639074593716941
 20
15.60416087811245
 11
-4.217340176950528
 21
15.39329366972924
 72
     1
 10
-4.217340176950528
 20
15.39329366972924
 11
-4.006472968565502
 21
15.18242646134604
 72
     1
 10
-4.006472968565502
 20
15.18242646134604
 11
-3.795605760184116
 21
14.76069318478403
 97
        0
 92
        5
 93
       85
 72
     1
 10
10.12161745086268
 20
15.39329366972924
 11
10.5433518676291
 21
15.81502808649475
 72
     1
 10
10.5433518676291
 20
15.81502808649475
 11
10.96508628439551
 21
16.23676250326207
 72
     1
 10
10.96508628439551
 20
16.23676250326207
 11
11.59768676934254
 21
16.65849577982408
 72
     1
 10
11.59768676934254
 20
16.65849577982408
 11
11.80855397772393
 21
16.86936298820728
 72
     1
 10
11.80855397772393
 20
16.86936298820728
 11
11.80855397772393
 21
17.08023019659049
 72
     1
 10
11.80855397772393
 20
17.08023019659049
 11
12.01942118610896
 21
17.2910974049737
 72
     1
 10
12.01942118610896
 20
17.2910974049737
 11
12.23028839449034
 21
17.71283182174102
 72
     1
 10
12.23028839449034
 20
17.71283182174102
 11
12.23028839449034
 21
17.92369788991891
 72
     1
 10
12.23028839449034
 20
17.92369788991891
 11
12.44115560287537
 21
18.13456509830212
 72
     1
 10
12.44115560287537
 20
18.13456509830212
 11
12.65202281125676
 21
18.13456509830212
 72
     1
 10
12.65202281125676
 20
18.13456509830212
 11
12.86289001964178
 21
18.34543230668532
 72
     1
 10
12.86289001964178
 20
18.34543230668532
 11
13.07375608781876
 21
18.34543230668532
 72
     1
 10
13.07375608781876
 20
18.34543230668532
 11
13.07375608781876
 21
18.13456509830212
 72
     1
 10
13.07375608781876
 20
18.13456509830212
 11
13.28462329620379
 21
18.13456509830212
 72
     1
 10
13.28462329620379
 20
18.13456509830212
 11
13.49549050458518
 21
17.92369788991891
 72
     1
 10
13.49549050458518
 20
17.92369788991891
 11
13.7063577129702
 21
17.71283182174102
 72
     1
 10
13.7063577129702
 20
17.71283182174102
 11
13.91722492135159
 21
17.2910974049737
 72
     1
 10
13.91722492135159
 20
17.2910974049737
 11
14.12809212973661
 21
17.08023019659049
 72
     1
 10
14.12809212973661
 20
17.08023019659049
 11
14.54982540629862
 21
16.65849577982408
 72
     1
 10
14.54982540629862
 20
16.65849577982408
 11
14.97155982306503
 21
16.23676250326207
 72
     1
 10
14.97155982306503
 20
16.23676250326207
 11
15.39329423983145
 21
16.02589529487886
 72
     1
 10
15.39329423983145
 20
16.02589529487886
 11
15.81502751639346
 21
15.60416087811245
 72
     1
 10
15.81502751639346
 20
15.60416087811245
 11
16.23676193315987
 21
15.39329366972924
 72
     1
 10
16.23676193315987
 20
15.39329366972924
 11
16.44762914154489
 21
15.18242646134604
 72
     1
 10
16.44762914154489
 20
15.18242646134604
 11
16.65849634992628
 21
14.76069318478403
 72
     1
 10
16.65849634992628
 20
14.76069318478403
 11
17.08022962648829
 21
14.33895876801671
 72
     1
 10
17.08022962648829
 20
14.33895876801671
 11
17.5019640432547
 21
13.9172243512503
 72
     1
 10
17.5019640432547
 20
13.9172243512503
 11
17.92369846002111
 21
13.49549107468829
 72
     1
 10
17.92369846002111
 20
13.49549107468829
 11
18.34543287678753
 21
13.07375665792188
 72
     1
 10
18.34543287678753
 20
13.07375665792188
 11
18.76716615334953
 21
12.86288944953867
 72
     1
 10
18.76716615334953
 20
12.86288944953867
 11
19.18890057011594
 21
12.44115503277226
 72
     1
 10
19.18890057011594
 20
12.44115503277226
 11
19.61063498688236
 21
12.23028782438814
 72
     1
 10
19.61063498688236
 20
12.23028782438814
 11
19.82150105506298
 21
12.01942175621025
 72
     1
 10
19.82150105506298
 20
12.01942175621025
 11
20.03236826344437
 21
12.01942175621025
 72
     1
 10
20.03236826344437
 20
12.01942175621025
 11
20.24323547182939
 21
11.80855454782704
 72
     1
 10
20.24323547182939
 20
11.80855454782704
 11
20.45410268021078
 21
11.80855454782704
 72
     1
 10
20.45410268021078
 20
11.80855454782704
 11
20.66496988859581
 21
11.59768733944384
 72
     1
 10
20.66496988859581
 20
11.59768733944384
 11
20.87583709697719
 21
11.59768733944384
 72
     1
 10
20.87583709697719
 20
11.59768733944384
 11
20.87583709697719
 21
11.38682013106063
 72
     1
 10
20.87583709697719
 20
11.38682013106063
 11
21.08670430536222
 21
11.17595292267651
 72
     1
 10
21.08670430536222
 20
11.17595292267651
 11
21.08670430536222
 21
10.96508571429331
 72
     1
 10
21.08670430536222
 20
10.96508571429331
 11
20.87583709697719
 21
10.75421964611541
 72
     1
 10
20.87583709697719
 20
10.75421964611541
 11
20.66496988859581
 21
10.75421964611541
 72
     1
 10
20.66496988859581
 20
10.75421964611541
 11
20.45410268021078
 21
10.75421964611541
 72
     1
 10
20.45410268021078
 20
10.75421964611541
 11
20.03236826344437
 21
10.75421964611541
 72
     1
 10
20.03236826344437
 20
10.75421964611541
 11
19.82150105506298
 21
10.75421964611541
 72
     1
 10
19.82150105506298
 20
10.75421964611541
 11
19.61063498688236
 21
10.75421964611541
 72
     1
 10
19.61063498688236
 20
10.75421964611541
 11
19.39976777850097
 21
10.54335243773221
 72
     1
 10
19.39976777850097
 20
10.54335243773221
 11
18.97803336173456
 21
10.33248522934809
 72
     1
 10
18.97803336173456
 20
10.33248522934809
 11
18.55629894496814
 21
9.910750812581682
 72
     1
 10
18.55629894496814
 20
9.910750812581682
 11
18.34543287678753
 21
9.489016395815268
 72
     1
 10
18.34543287678753
 20
9.489016395815268
 11
17.92369846002111
 21
9.06728311925326
 72
     1
 10
17.92369846002111
 20
9.06728311925326
 11
17.71283125163973
 21
8.856415910870055
 72
     1
 10
17.71283125163973
 20
8.856415910870055
 11
17.29109683487331
 21
8.434681494103643
 72
     1
 10
17.29109683487331
 20
8.434681494103643
 11
17.08022962648829
 21
8.223814285720437
 72
     1
 10
17.08022962648829
 20
8.223814285720437
 11
16.44762914154489
 21
8.223814285720437
 72
     1
 10
16.44762914154489
 20
8.223814285720437
 11
9.699884174300676
 21
8.223814285720437
 72
     1
 10
9.699884174300676
 20
8.223814285720437
 11
9.278149757534264
 21
8.223814285720437
 72
     1
 10
9.278149757534264
 20
8.223814285720437
 11
8.856415340767851
 21
8.434681494103643
 72
     1
 10
8.856415340767851
 20
8.434681494103643
 11
8.434682064205843
 21
8.645548702486847
 72
     1
 10
8.434682064205843
 20
8.645548702486847
 11
8.012947647439432
 21
9.06728311925326
 72
     1
 10
8.012947647439432
 20
9.06728311925326
 11
7.802080439058045
 21
9.278150327636467
 72
     1
 10
7.802080439058045
 20
9.278150327636467
 11
7.380346022287995
 21
9.699883604198476
 72
     1
 10
7.380346022287995
 20
9.699883604198476
 11
6.958612745729624
 21
9.910750812581682
 72
     1
 10
6.958612745729624
 20
9.910750812581682
 11
6.747745537344599
 21
10.33248522934809
 72
     1
 10
6.747745537344599
 20
10.33248522934809
 11
6.536878328963209
 21
10.33248522934809
 72
     1
 10
6.536878328963209
 20
10.33248522934809
 11
6.326011120578187
 21
10.54335243773221
 72
     1
 10
6.326011120578187
 20
10.54335243773221
 11
5.904277844016177
 21
10.54335243773221
 72
     1
 10
5.904277844016177
 20
10.54335243773221
 11
5.693410635634789
 21
10.75421964611541
 72
     1
 10
5.693410635634789
 20
10.75421964611541
 11
5.482543427249764
 21
10.75421964611541
 72
     1
 10
5.482543427249764
 20
10.75421964611541
 11
5.271676218864738
 21
10.96508571429331
 72
     1
 10
5.271676218864738
 20
10.96508571429331
 11
5.271676218864738
 21
11.17595292267651
 72
     1
 10
5.271676218864738
 20
11.17595292267651
 11
5.482543427249764
 21
11.59768733944384
 72
     1
 10
5.482543427249764
 20
11.59768733944384
 11
5.693410635634789
 21
11.80855454782704
 72
     1
 10
5.693410635634789
 20
11.80855454782704
 11
5.904277844016177
 21
12.23028782438814
 72
     1
 10
5.904277844016177
 20
12.23028782438814
 11
6.326011120578187
 21
12.44115503277226
 72
     1
 10
6.326011120578187
 20
12.44115503277226
 11
6.536878328963209
 21
12.86288944953867
 72
     1
 10
6.536878328963209
 20
12.86288944953867
 11
6.958612745729624
 21
13.07375665792188
 72
     1
 10
6.958612745729624
 20
13.07375665792188
 11
7.169479954111012
 21
13.28462386630508
 72
     1
 10
7.169479954111012
 20
13.28462386630508
 11
7.59121323067302
 21
13.49549107468829
 72
     1
 10
7.59121323067302
 20
13.49549107468829
 11
8.223814855824457
 21
13.9172243512503
 72
     1
 10
8.223814855824457
 20
13.9172243512503
 11
8.64554927259087
 21
14.33895876801671
 72
     1
 10
8.64554927259087
 20
14.33895876801671
 11
9.067282549152877
 21
14.76069318478403
 72
     1
 10
9.067282549152877
 20
14.76069318478403
 11
9.489016965919287
 21
14.97156039316724
 72
     1
 10
9.489016965919287
 20
14.97156039316724
 11
10.12161745086268
 21
15.39329366972924
 97
        0
 92
        5
 93
       85
 72
     1
 10
28.67791696593122
 20
15.39329366972924
 11
29.09965138269763
 21
15.81502808649475
 72
     1
 10
29.09965138269763
 20
15.81502808649475
 11
29.52138465925964
 21
16.23676250326207
 72
     1
 10
29.52138465925964
 20
16.23676250326207
 11
30.15398628441108
 21
16.65849577982408
 72
     1
 10
30.15398628441108
 20
16.65849577982408
 11
30.36485349279246
 21
16.86936298820728
 72
     1
 10
30.36485349279246
 20
16.86936298820728
 11
30.36485349279246
 21
17.08023019659049
 72
     1
 10
30.36485349279246
 20
17.08023019659049
 11
30.57572070117749
 21
17.2910974049737
 72
     1
 10
30.57572070117749
 20
17.2910974049737
 11
30.78658790956251
 21
17.71283182174102
 72
     1
 10
30.78658790956251
 20
17.71283182174102
 11
30.78658790956251
 21
17.92369788991891
 72
     1
 10
30.78658790956251
 20
17.92369788991891
 11
30.9974539777395
 21
18.13456509830212
 72
     1
 10
30.9974539777395
 20
18.13456509830212
 11
31.20832118612089
 21
18.13456509830212
 72
     1
 10
31.20832118612089
 20
18.13456509830212
 11
31.41918839450591
 21
18.34543230668532
 72
     1
 10
31.41918839450591
 20
18.34543230668532
 11
31.6300556028873
 21
18.34543230668532
 72
     1
 10
31.6300556028873
 20
18.34543230668532
 11
31.84092281127232
 21
18.13456509830212
 72
     1
 10
31.84092281127232
 20
18.13456509830212
 11
32.05179001965735
 21
17.92369788991891
 72
     1
 10
32.05179001965735
 20
17.92369788991891
 11
32.26265722803873
 21
17.71283182174102
 72
     1
 10
32.26265722803873
 20
17.71283182174102
 11
32.47352329621572
 21
17.2910974049737
 72
     1
 10
32.47352329621572
 20
17.2910974049737
 11
32.68439050460074
 21
17.08023019659049
 72
     1
 10
32.68439050460074
 20
17.08023019659049
 11
33.10612492136716
 21
16.65849577982408
 72
     1
 10
33.10612492136716
 20
16.65849577982408
 11
33.52785933813357
 21
16.23676250326207
 72
     1
 10
33.52785933813357
 20
16.23676250326207
 11
33.94959261469558
 21
16.02589529487886
 72
     1
 10
33.94959261469558
 20
16.02589529487886
 11
34.37132703146199
 21
15.60416087811154
 72
     1
 10
34.37132703146199
 20
15.60416087811154
 11
34.7930614482284
 21
15.39329366972924
 72
     1
 10
34.7930614482284
 20
15.39329366972924
 11
35.00392865661343
 21
15.18242646134604
 72
     1
 10
35.00392865661343
 20
15.18242646134604
 11
35.42566193317544
 21
14.76069318478403
 72
     1
 10
35.42566193317544
 20
14.76069318478403
 11
35.63652914155682
 21
14.33895876801671
 72
     1
 10
35.63652914155682
 20
14.33895876801671
 11
36.05826355832324
 21
13.9172243512503
 72
     1
 10
36.05826355832324
 20
13.9172243512503
 11
36.47999683488524
 21
13.49549107468829
 72
     1
 10
36.47999683488524
 20
13.49549107468829
 11
36.90173125165165
 21
13.07375665792188
 72
     1
 10
36.90173125165165
 20
13.07375665792188
 11
37.32346566841807
 21
12.86288944953867
 72
     1
 10
37.32346566841807
 20
12.86288944953867
 11
37.74520008518448
 21
12.44115503277226
 72
     1
 10
37.74520008518448
 20
12.44115503277226
 11
38.1669333617465
 21
12.23028782438814
 72
     1
 10
38.1669333617465
 20
12.23028782438814
 11
38.37780057013151
 21
12.01942175621025
 72
     1
 10
38.37780057013151
 20
12.01942175621025
 11
38.5886677785129
 21
12.01942175621025
 72
     1
 10
38.5886677785129
 20
12.01942175621025
 11
38.79953498689793
 21
11.80855454782704
 72
     1
 10
38.79953498689793
 20
11.80855454782704
 11
39.01040219527931
 21
11.80855454782704
 72
     1
 10
39.01040219527931
 20
11.80855454782704
 11
39.22126826345993
 21
11.59768733944384
 72
     1
 10
39.22126826345993
 20
11.59768733944384
 11
39.43213547184132
 21
11.59768733944384
 72
     1
 10
39.43213547184132
 20
11.59768733944384
 11
39.64300268022635
 21
11.38682013106063
 72
     1
 10
39.64300268022635
 20
11.38682013106063
 11
39.64300268022635
 21
11.17595292267651
 72
     1
 10
39.64300268022635
 20
11.17595292267651
 11
39.64300268022635
 21
10.96508571429331
 72
     1
 10
39.64300268022635
 20
10.96508571429331
 11
39.43213547184132
 21
10.75421964611541
 72
     1
 10
39.43213547184132
 20
10.75421964611541
 11
39.22126826345993
 21
10.75421964611541
 72
     1
 10
39.22126826345993
 20
10.75421964611541
 11
39.01040219527931
 21
10.75421964611541
 72
     1
 10
39.01040219527931
 20
10.75421964611541
 11
38.5886677785129
 21
10.75421964611541
 72
     1
 10
38.5886677785129
 20
10.75421964611541
 11
38.37780057013151
 21
10.75421964611541
 72
     1
 10
38.37780057013151
 20
10.75421964611541
 11
38.1669333617465
 21
10.75421964611541
 72
     1
 10
38.1669333617465
 20
10.75421964611541
 11
37.9560661533651
 21
10.54335243773221
 72
     1
 10
37.9560661533651
 20
10.54335243773221
 11
37.53433287680309
 21
10.33248522934809
 72
     1
 10
37.53433287680309
 20
10.33248522934809
 11
37.11259846003668
 21
9.910750812581682
 72
     1
 10
37.11259846003668
 20
9.910750812581682
 11
36.90173125165165
 21
9.489016395815268
 72
     1
 10
36.90173125165165
 20
9.489016395815268
 11
36.47999683488524
 21
9.06728311925326
 72
     1
 10
36.47999683488524
 20
9.06728311925326
 11
36.26913076670826
 21
8.856415910870055
 72
     1
 10
36.26913076670826
 20
8.856415910870055
 11
36.05826355832324
 21
8.434681494103643
 72
     1
 10
36.05826355832324
 20
8.434681494103643
 11
35.63652914155682
 21
8.223814285720437
 72
     1
 10
35.63652914155682
 20
8.223814285720437
 11
35.00392865661343
 21
8.223814285720437
 72
     1
 10
35.00392865661343
 20
8.223814285720437
 11
28.25618254916481
 21
8.223814285720437
 72
     1
 10
28.25618254916481
 20
8.223814285720437
 11
27.8344492726028
 21
8.223814285720437
 72
     1
 10
27.8344492726028
 20
8.223814285720437
 11
27.41271485583638
 21
8.434681494103643
 72
     1
 10
27.41271485583638
 20
8.434681494103643
 11
26.99098043906997
 21
8.645548702486847
 72
     1
 10
26.99098043906997
 20
8.645548702486847
 11
26.78011323068858
 21
9.06728311925326
 72
     1
 10
26.78011323068858
 20
9.06728311925326
 11
26.35837995412658
 21
9.278150327636467
 72
     1
 10
26.35837995412658
 20
9.278150327636467
 11
25.93664553736017
 21
9.699883604198476
 72
     1
 10
25.93664553736017
 20
9.699883604198476
 11
25.72577832897514
 21
9.910750812581682
 72
     1
 10
25.72577832897514
 20
9.910750812581682
 11
25.30404505241313
 21
10.33248522934809
 72
     1
 10
25.30404505241313
 20
10.33248522934809
 11
25.09317784403175
 21
10.33248522934809
 72
     1
 10
25.09317784403175
 20
10.33248522934809
 11
24.88231063564672
 21
10.54335243773221
 72
     1
 10
24.88231063564672
 20
10.54335243773221
 11
24.67144342726533
 21
10.54335243773221
 72
     1
 10
24.67144342726533
 20
10.54335243773221
 11
24.24970901049528
 21
10.75421964611541
 72
     1
 10
24.24970901049528
 20
10.75421964611541
 11
24.03884180211389
 21
10.75421964611541
 72
     1
 10
24.03884180211389
 20
10.75421964611541
 11
24.03884180211389
 21
10.96508571429331
 72
     1
 10
24.03884180211389
 20
10.96508571429331
 11
23.82797573393691
 21
10.96508571429331
 72
     1
 10
23.82797573393691
 20
10.96508571429331
 11
23.82797573393691
 21
11.17595292267651
 72
     1
 10
23.82797573393691
 20
11.17595292267651
 11
24.03884180211389
 21
11.59768733944384
 72
     1
 10
24.03884180211389
 20
11.59768733944384
 11
24.24970901049528
 21
11.80855454782704
 72
     1
 10
24.24970901049528
 20
11.80855454782704
 11
24.4605762188803
 21
12.23028782438814
 72
     1
 10
24.4605762188803
 20
12.23028782438814
 11
24.88231063564672
 21
12.44115503277226
 72
     1
 10
24.88231063564672
 20
12.44115503277226
 11
25.09317784403175
 21
12.86288944953867
 72
     1
 10
25.09317784403175
 20
12.86288944953867
 11
25.51491112059011
 21
13.07375665792188
 72
     1
 10
25.51491112059011
 20
13.07375665792188
 11
25.72577832897514
 21
13.28462386630508
 72
     1
 10
25.72577832897514
 20
13.28462386630508
 11
26.14751274574155
 21
13.49549107468829
 72
     1
 10
26.14751274574155
 20
13.49549107468829
 11
26.78011323068858
 21
13.9172243512503
 72
     1
 10
26.78011323068858
 20
13.9172243512503
 11
27.201847647455
 21
14.33895876801671
 72
     1
 10
27.201847647455
 20
14.33895876801671
 11
27.8344492726028
 21
14.76069318478403
 72
     1
 10
27.8344492726028
 20
14.76069318478403
 11
28.25618254916481
 21
14.97156039316724
 72
     1
 10
28.25618254916481
 20
14.97156039316724
 11
28.67791696593122
 21
15.39329366972924
 97
        0
 75
     1
 76
     1
 47
0.2097881903089942
 98
        4
 10
-27033.65708138504
 20
5886.350716686653
 10
-27012.88805157255
 20
5886.350716686653
 10
-26997.15393751145
 20
5886.350716686653
 10
-26980.79045664343
 20
5885.930754220166
  0
LINE
  5
510
330
50B
100
AcDbEntity
  8
FURNITURE
 62
     7
100
AcDbLine
 10
-36.47999683488524
 20
20.30023830403298
 30
0.0
 11
36.69086404327027
 21
20.30023830403298
 31
0.0
  0
LINE
  5
511
330
50B
100
AcDbEntity
  8
FURNITURE
 62
     7
100
AcDbLine
 10
-36.47999683488524
 20
20.2289754996118
 30
0.0
 11
36.69086404327027
 21
20.2289754996118
 31
0.0
  0
LINE
  5
512
330
50B
100
AcDbEntity
  8
FURNITURE
 62
     7
100
AcDbLine
 10
-36.47999683488524
 20
19.2174085423967
 30
0.0
 11
36.69086404327027
 21
19.2174085423967
 31
0.0
  0
LINE
  5
513
330
50B
100
AcDbEntity
  8
FURNITURE
 62
     7
100
AcDbLine
 10
-36.47999683488524
 20
19.14614573797644
 30
0.0
 11
36.69086404327027
 21
19.14614573797644
 31
0.0
  0
LINE
  5
514
330
50B
100
AcDbEntity
  8
FURNITURE
 62
     7
100
AcDbLine
 10
-36.47999683488524
 20
21.51842292607853
 30
0.0
 11
36.69086404327027
 21
21.51842292607853
 31
0.0
  0
LINE
  5
515
330
50B
100
AcDbEntity
  8
FURNITURE
 62
     7
100
AcDbLine
 10
-36.47999683488524
 20
21.44716012165827
 30
0.0
 11
36.69086404327027
 21
21.44716012165827
 31
0.0
  0
LINE
  5
516
330
50B
100
AcDbEntity
  8
FURNITURE
 62
     7
100
AcDbLine
 10
-31.63005446268289
 20
17.71283182174102
 30
0.0
 11
-31.84092167106792
 21
17.71283182174102
 31
0.0
  0
LINE
  5
517
330
50B
100
AcDbEntity
  8
FURNITURE
 62
     7
100
AcDbLine
 10
-6.958611605521583
 20
17.71283182174102
 30
0.0
 11
-6.747744397140195
 21
17.71283182174102
 31
0.0
  0
LINE
  5
518
330
50B
100
AcDbEntity
  8
FURNITURE
 62
     7
100
AcDbLine
 10
32.26265722803873
 20
17.71283182174102
 30
0.0
 11
32.26265722803873
 21
17.71283182174102
 31
0.0
  0
LINE
  5
519
330
50B
100
AcDbEntity
  8
FURNITURE
 62
     7
100
AcDbLine
 10
13.7063577129702
 20
17.71283182174102
 30
0.0
 11
13.7063577129702
 21
17.71283182174102
 31
0.0
  0
LINE
  5
51A
330
50B
100
AcDbEntity
  8
FURNITURE
 62
     7
100
AcDbLine
 10
-12.01942118610896
 20
26.78011380078897
 30
0.0
 11
-12.01942118610896
 21
14.19838037571571
 31
0.0
  0
LINE
  5
51B
330
50B
100
AcDbEntity
  8
FURNITURE
 62
     7
100
AcDbLine
 10
12.23028839449034
 20
17.71283182174102
 30
0.0
 11
12.23028839449034
 21
26.78011380078897
 31
0.0
  0
LINE
  5
51C
330
50B
100
AcDbEntity
  8
FURNITURE
 62
     7
100
AcDbLine
 10
-12.01942118610896
 20
14.19838037571571
 30
0.0
 11
-12.01942118610896
 21
26.78011380078897
 31
0.0
  0
LINE
  5
51D
330
50B
100
AcDbEntity
  8
FURNITURE
 62
     7
100
AcDbLine
 10
12.23028839449034
 20
26.78011380078897
 30
0.0
 11
12.23028839449034
 21
17.71283182174102
 31
0.0
  0
LINE
  5
51E
330
50B
100
AcDbEntity
  8
FURNITURE
 62
     7
100
AcDbLine
 10
35.84739634994186
 20
0.0
 30
0.0
 11
35.21479472479041
 21
0.0
 31
0.0
  0
LINE
  5
51F
330
50B
100
AcDbEntity
  8
FURNITURE
 62
     7
100
AcDbLine
 10
-40.27560316516974
 20
6.115144482297182
 30
0.0
 11
-40.27560316516974
 21
23.61710795544877
 31
0.0
  0
LINE
  5
520
330
50B
100
AcDbEntity
  8
FURNITURE
 62
     7
100
AcDbLine
 10
-36.47999683488524
 20
13.07375665792188
 30
0.0
 11
-36.47999683488524
 21
26.78011380078897
 31
0.0
  0
LINE
  5
521
330
50B
100
AcDbEntity
  8
FURNITURE
 62
     7
100
AcDbLine
 10
-37.32346452821366
 20
4.217340747051821
 30
0.0
 11
-39.64300268022635
 21
4.217340747051821
 31
0.0
  0
LINE
  5
522
330
50B
100
AcDbEntity
  8
FURNITURE
 62
     7
100
AcDbLine
 10
-39.64300268022635
 20
4.217340747051821
 30
0.0
 11
-39.85386874840333
 21
4.428207955435028
 31
0.0
  0
LINE
  5
523
330
50B
100
AcDbEntity
  8
FURNITURE
 62
     7
100
AcDbLine
 10
-39.85386874840333
 20
4.428207955435028
 30
0.0
 11
-40.06473595678835
 21
4.849942372201439
 31
0.0
  0
LINE
  5
524
330
50B
100
AcDbEntity
  8
FURNITURE
 62
     7
100
AcDbLine
 10
-40.06473595678835
 20
4.849942372201439
 30
0.0
 11
-40.27560316516974
 21
5.271676788968762
 31
0.0
  0
LINE
  5
525
330
50B
100
AcDbEntity
  8
FURNITURE
 62
     7
100
AcDbLine
 10
-40.27560316516974
 20
5.271676788968762
 30
0.0
 11
-40.27560316516974
 21
6.115144482297182
 31
0.0
  0
LINE
  5
526
330
50B
100
AcDbEntity
  8
FURNITURE
 62
     7
100
AcDbLine
 10
39.62733056427897
 20
25.51491169069413
 30
0.0
 11
36.69086404327027
 21
25.51491169069413
 31
0.0
  0
LINE
  5
527
330
50B
100
AcDbEntity
  8
FURNITURE
 62
     7
100
AcDbLine
 10
36.69086404327027
 20
26.78011380078897
 30
0.0
 11
36.69086404327027
 21
13.28462386630508
 31
0.0
  0
LINE
  5
528
330
50B
100
AcDbEntity
  8
FURNITURE
 62
     7
100
AcDbLine
 10
40.25993104922235
 20
5.271676788968762
 30
0.0
 11
40.25993104922235
 21
6.115144482297182
 31
0.0
  0
LINE
  5
529
330
50B
100
AcDbEntity
  8
FURNITURE
 62
     7
100
AcDbLine
 10
-34.16045982307696
 20
28.88878360421313
 30
0.0
 11
-14.3389581979136
 21
28.88878360421313
 31
0.0
  0
LINE
  5
52A
330
50B
100
AcDbEntity
  8
FURNITURE
 62
     7
100
AcDbLine
 10
-14.3389581979136
 20
28.88878360421313
 30
0.0
 11
-13.91722378114718
 21
28.88878360421313
 31
0.0
  0
LINE
  5
52B
330
50B
100
AcDbEntity
  8
FURNITURE
 62
     7
100
AcDbLine
 10
-13.91722378114718
 20
28.88878360421313
 30
0.0
 11
-13.49548936438077
 21
28.67791753603432
 31
0.0
  0
LINE
  5
52C
330
50B
100
AcDbEntity
  8
FURNITURE
 62
     7
100
AcDbLine
 10
-13.49548936438077
 20
28.67791753603432
 30
0.0
 11
-13.07375608781876
 21
28.46705032765112
 31
0.0
  0
LINE
  5
52D
330
50B
100
AcDbEntity
  8
FURNITURE
 62
     7
100
AcDbLine
 10
-13.07375608781876
 20
28.46705032765112
 30
0.0
 11
-12.65202167105235
 21
28.25618311926701
 31
0.0
  0
LINE
  5
52E
330
50B
100
AcDbEntity
  8
FURNITURE
 62
     7
100
AcDbLine
 10
-12.65202167105235
 20
28.25618311926701
 30
0.0
 11
-12.44115446267096
 21
27.8344487025006
 31
0.0
  0
LINE
  5
52F
330
50B
100
AcDbEntity
  8
FURNITURE
 62
     7
100
AcDbLine
 10
-12.44115446267096
 20
27.8344487025006
 30
0.0
 11
-12.23028725428594
 21
27.6235814941183
 31
0.0
  0
LINE
  5
530
330
50B
100
AcDbEntity
  8
FURNITURE
 62
     7
100
AcDbLine
 10
-12.23028725428594
 20
27.6235814941183
 30
0.0
 11
-12.23028725428594
 21
27.20184821755538
 31
0.0
  0
LINE
  5
531
330
50B
100
AcDbEntity
  8
FURNITURE
 62
     7
100
AcDbLine
 10
-12.23028725428594
 20
27.20184821755538
 30
0.0
 11
-12.01942118610896
 21
26.78011380078897
 31
0.0
  0
LINE
  5
532
330
50B
100
AcDbEntity
  8
FURNITURE
 62
     7
100
AcDbLine
 10
12.23028839449034
 20
26.78011380078897
 30
0.0
 11
12.44115560287537
 21
27.20184821755538
 31
0.0
  0
LINE
  5
533
330
50B
100
AcDbEntity
  8
FURNITURE
 62
     7
100
AcDbLine
 10
12.44115560287537
 20
27.20184821755538
 30
0.0
 11
12.44115560287537
 21
27.6235814941183
 31
0.0
  0
LINE
  5
534
330
50B
100
AcDbEntity
  8
FURNITURE
 62
     7
100
AcDbLine
 10
12.44115560287537
 20
27.6235814941183
 30
0.0
 11
12.65202281125676
 21
27.8344487025006
 31
0.0
  0
LINE
  5
535
330
50B
100
AcDbEntity
  8
FURNITURE
 62
     7
100
AcDbLine
 10
12.65202281125676
 20
27.8344487025006
 30
0.0
 11
13.07375608781876
 21
28.25618311926701
 31
0.0
  0
LINE
  5
536
330
50B
100
AcDbEntity
  8
FURNITURE
 62
     7
100
AcDbLine
 10
13.07375608781876
 20
28.25618311926701
 30
0.0
 11
13.28462329620379
 21
28.46705032765112
 31
0.0
  0
LINE
  5
537
330
50B
100
AcDbEntity
  8
FURNITURE
 62
     7
100
AcDbLine
 10
13.28462329620379
 20
28.46705032765112
 30
0.0
 11
13.7063577129702
 21
28.67791753603432
 31
0.0
  0
LINE
  5
538
330
50B
100
AcDbEntity
  8
FURNITURE
 62
     7
100
AcDbLine
 10
13.7063577129702
 20
28.67791753603432
 30
0.0
 11
14.12809212973661
 21
28.88878360421313
 31
0.0
  0
LINE
  5
539
330
50B
100
AcDbEntity
  8
FURNITURE
 62
     7
100
AcDbLine
 10
14.12809212973661
 20
28.88878360421313
 30
0.0
 11
14.54982540629862
 21
28.88878360421313
 31
0.0
  0
LINE
  5
53A
330
50B
100
AcDbEntity
  8
FURNITURE
 62
     7
100
AcDbLine
 10
14.54982540629862
 20
28.88878360421313
 30
0.0
 11
34.37132703146199
 21
28.88878360421313
 31
0.0
  0
LINE
  5
53B
330
50B
100
AcDbEntity
  8
FURNITURE
 62
     7
100
AcDbLine
 10
-12.01942118610896
 20
26.78011380078897
 30
0.0
 11
-12.01942118610896
 21
27.20184821755538
 31
0.0
  0
LINE
  5
53C
330
50B
100
AcDbEntity
  8
FURNITURE
 62
     7
100
AcDbLine
 10
-12.01942118610896
 20
27.20184821755538
 30
0.0
 11
-11.80855397772393
 21
27.6235814941183
 31
0.0
  0
LINE
  5
53D
330
50B
100
AcDbEntity
  8
FURNITURE
 62
     7
100
AcDbLine
 10
-11.80855397772393
 20
27.6235814941183
 30
0.0
 11
-11.59768676934254
 21
27.8344487025006
 31
0.0
  0
LINE
  5
53E
330
50B
100
AcDbEntity
  8
FURNITURE
 62
     7
100
AcDbLine
 10
-11.59768676934254
 20
27.8344487025006
 30
0.0
 11
-11.38681956095752
 21
28.25618311926701
 31
0.0
  0
LINE
  5
53F
330
50B
100
AcDbEntity
  8
FURNITURE
 62
     7
100
AcDbLine
 10
-11.38681956095752
 20
28.25618311926701
 30
0.0
 11
-11.17595235257613
 21
28.46705032765112
 31
0.0
  0
LINE
  5
540
330
50B
100
AcDbEntity
  8
FURNITURE
 62
     7
100
AcDbLine
 10
-11.17595235257613
 20
28.46705032765112
 30
0.0
 11
-10.75421793580608
 21
28.67791753603432
 31
0.0
  0
LINE
  5
541
330
50B
100
AcDbEntity
  8
FURNITURE
 62
     7
100
AcDbLine
 10
-10.75421793580608
 20
28.67791753603432
 30
0.0
 11
-10.33248465924771
 21
28.88878360421313
 31
0.0
  0
LINE
  5
542
330
50B
100
AcDbEntity
  8
FURNITURE
 62
     7
100
AcDbLine
 10
-10.33248465924771
 20
28.88878360421313
 30
0.0
 11
-9.91075024247766
 21
28.88878360421313
 31
0.0
  0
LINE
  5
543
330
50B
100
AcDbEntity
  8
FURNITURE
 62
     7
100
AcDbLine
 10
-9.91075024247766
 20
28.88878360421313
 30
0.0
 11
10.12161745086268
 21
28.88878360421313
 31
0.0
  0
LINE
  5
544
330
50B
100
AcDbEntity
  8
FURNITURE
 62
     7
100
AcDbLine
 10
10.12161745086268
 20
28.88878360421313
 30
0.0
 11
10.5433518676291
 21
28.88878360421313
 31
0.0
  0
LINE
  5
545
330
50B
100
AcDbEntity
  8
FURNITURE
 62
     7
100
AcDbLine
 10
10.5433518676291
 20
28.88878360421313
 30
0.0
 11
10.96508628439551
 21
28.67791753603432
 31
0.0
  0
LINE
  5
546
330
50B
100
AcDbEntity
  8
FURNITURE
 62
     7
100
AcDbLine
 10
10.96508628439551
 20
28.67791753603432
 30
0.0
 11
11.38682070116192
 21
28.46705032765112
 31
0.0
  0
LINE
  5
547
330
50B
100
AcDbEntity
  8
FURNITURE
 62
     7
100
AcDbLine
 10
11.38682070116192
 20
28.46705032765112
 30
0.0
 11
11.59768676934254
 21
28.25618311926701
 31
0.0
  0
LINE
  5
548
330
50B
100
AcDbEntity
  8
FURNITURE
 62
     7
100
AcDbLine
 10
11.59768676934254
 20
28.25618311926701
 30
0.0
 11
11.80855397772393
 21
27.8344487025006
 31
0.0
  0
LINE
  5
549
330
50B
100
AcDbEntity
  8
FURNITURE
 62
     7
100
AcDbLine
 10
11.80855397772393
 20
27.8344487025006
 30
0.0
 11
12.01942118610896
 21
27.6235814941183
 31
0.0
  0
LINE
  5
54A
330
50B
100
AcDbEntity
  8
FURNITURE
 62
     7
100
AcDbLine
 10
12.01942118610896
 20
27.6235814941183
 30
0.0
 11
12.23028839449034
 21
27.20184821755538
 31
0.0
  0
LINE
  5
54B
330
50B
100
AcDbEntity
  8
FURNITURE
 62
     7
100
AcDbLine
 10
12.23028839449034
 20
27.20184821755538
 30
0.0
 11
12.23028839449034
 21
26.78011380078897
 31
0.0
  0
LINE
  5
54C
330
50B
100
AcDbEntity
  8
FURNITURE
 62
     7
100
AcDbLine
 10
-40.27560316516974
 20
23.61710795544877
 30
0.0
 11
-40.27560316516974
 21
24.46057678898251
 31
0.0
  0
LINE
  5
54D
330
50B
100
AcDbEntity
  8
FURNITURE
 62
     7
100
AcDbLine
 10
-40.27560316516974
 20
24.46057678898251
 30
0.0
 11
-40.06473595678835
 21
25.09317727392772
 31
0.0
  0
LINE
  5
54E
330
50B
100
AcDbEntity
  8
FURNITURE
 62
     7
100
AcDbLine
 10
-40.06473595678835
 20
25.09317727392772
 30
0.0
 11
-39.85386874840333
 21
25.51491169069413
 31
0.0
  0
LINE
  5
54F
330
50B
100
AcDbEntity
  8
FURNITURE
 62
     7
100
AcDbLine
 10
-39.85386874840333
 20
25.51491169069413
 30
0.0
 11
-39.64300268022635
 21
25.51491169069413
 31
0.0
  0
LINE
  5
550
330
50B
100
AcDbEntity
  8
FURNITURE
 62
     7
100
AcDbLine
 10
-39.64300268022635
 20
25.51491169069413
 30
0.0
 11
-36.47999683488524
 21
25.51491169069413
 31
0.0
  0
LINE
  5
551
330
50B
100
AcDbEntity
  8
FURNITURE
 62
     7
100
AcDbLine
 10
-36.47999683488524
 20
26.78011380078897
 30
0.0
 11
-36.47999683488524
 21
27.20184821755538
 31
0.0
  0
LINE
  5
552
330
50B
100
AcDbEntity
  8
FURNITURE
 62
     7
100
AcDbLine
 10
-36.47999683488524
 20
27.20184821755538
 30
0.0
 11
-36.26912962650022
 21
27.6235814941183
 31
0.0
  0
LINE
  5
553
330
50B
100
AcDbEntity
  8
FURNITURE
 62
     7
100
AcDbLine
 10
-36.26912962650022
 20
27.6235814941183
 30
0.0
 11
-36.05826241811883
 21
27.8344487025006
 31
0.0
  0
LINE
  5
554
330
50B
100
AcDbEntity
  8
FURNITURE
 62
     7
100
AcDbLine
 10
-36.05826241811883
 20
27.8344487025006
 30
0.0
 11
-35.84739520973381
 21
28.25618311926701
 31
0.0
  0
LINE
  5
555
330
50B
100
AcDbEntity
  8
FURNITURE
 62
     7
100
AcDbLine
 10
-35.84739520973381
 20
28.25618311926701
 30
0.0
 11
-35.42566193317544
 21
28.46705032765112
 31
0.0
  0
LINE
  5
556
330
50B
100
AcDbEntity
  8
FURNITURE
 62
     7
100
AcDbLine
 10
-35.42566193317544
 20
28.46705032765112
 30
0.0
 11
-35.21479472479041
 21
28.67791753603432
 31
0.0
  0
LINE
  5
557
330
50B
100
AcDbEntity
  8
FURNITURE
 62
     7
100
AcDbLine
 10
-35.21479472479041
 20
28.67791753603432
 30
0.0
 11
-34.793060308024
 21
28.88878360421313
 31
0.0
  0
LINE
  5
558
330
50B
100
AcDbEntity
  8
FURNITURE
 62
     7
100
AcDbLine
 10
-34.793060308024
 20
28.88878360421313
 30
0.0
 11
-34.16045982307696
 21
28.88878360421313
 31
0.0
  0
LINE
  5
559
330
50B
100
AcDbEntity
  8
FURNITURE
 62
     7
100
AcDbLine
 10
34.37132703146199
 20
28.88878360421313
 30
0.0
 11
35.00392865661343
 21
28.88878360421313
 31
0.0
  0
LINE
  5
55A
330
50B
100
AcDbEntity
  8
FURNITURE
 62
     7
100
AcDbLine
 10
35.00392865661343
 20
28.88878360421313
 30
0.0
 11
35.42566193317544
 21
28.67791753603432
 31
0.0
  0
LINE
  5
55B
330
50B
100
AcDbEntity
  8
FURNITURE
 62
     7
100
AcDbLine
 10
35.42566193317544
 20
28.67791753603432
 30
0.0
 11
35.63652914155682
 21
28.46705032765112
 31
0.0
  0
LINE
  5
55C
330
50B
100
AcDbEntity
  8
FURNITURE
 62
     7
100
AcDbLine
 10
35.63652914155682
 20
28.46705032765112
 30
0.0
 11
36.05826355832324
 21
28.25618311926701
 31
0.0
  0
LINE
  5
55D
330
50B
100
AcDbEntity
  8
FURNITURE
 62
     7
100
AcDbLine
 10
36.05826355832324
 20
28.25618311926701
 30
0.0
 11
36.26913076670826
 21
27.8344487025006
 31
0.0
  0
LINE
  5
55E
330
50B
100
AcDbEntity
  8
FURNITURE
 62
     7
100
AcDbLine
 10
36.26913076670826
 20
27.8344487025006
 30
0.0
 11
36.47999683488524
 21
27.6235814941183
 31
0.0
  0
LINE
  5
55F
330
50B
100
AcDbEntity
  8
FURNITURE
 62
     7
100
AcDbLine
 10
36.47999683488524
 20
27.6235814941183
 30
0.0
 11
36.69086404327027
 21
27.20184821755538
 31
0.0
  0
LINE
  5
560
330
50B
100
AcDbEntity
  8
FURNITURE
 62
     7
100
AcDbLine
 10
36.69086404327027
 20
27.20184821755538
 30
0.0
 11
36.69086404327027
 21
26.78011380078897
 31
0.0
  0
LINE
  5
561
330
50B
100
AcDbEntity
  8
FURNITURE
 62
     7
100
AcDbLine
 10
40.04906384084097
 20
4.849942372201439
 30
0.0
 11
40.25993104922235
 21
5.271676788968762
 31
0.0
  0
LINE
  5
562
330
50B
100
AcDbEntity
  8
FURNITURE
 62
     7
100
AcDbLine
 10
39.83819777266035
 20
4.428207955435028
 30
0.0
 11
40.04906384084097
 21
4.849942372201439
 31
0.0
  0
LINE
  5
563
330
50B
100
AcDbEntity
  8
FURNITURE
 62
     7
100
AcDbLine
 10
39.62733056427897
 20
4.217340747051821
 30
0.0
 11
39.83819777266035
 21
4.428207955435028
 31
0.0
  0
LINE
  5
564
330
50B
100
AcDbEntity
  8
FURNITURE
 62
     7
100
AcDbLine
 10
37.53433287680309
 20
4.217340747051821
 30
0.0
 11
39.62733056427897
 21
4.217340747051821
 31
0.0
  0
LINE
  5
565
330
50B
100
AcDbEntity
  8
FURNITURE
 62
     7
100
AcDbLine
 10
39.83819777266035
 20
25.51491169069413
 30
0.0
 11
39.62733056427897
 21
25.51491169069413
 31
0.0
  0
LINE
  5
566
330
50B
100
AcDbEntity
  8
FURNITURE
 62
     7
100
AcDbLine
 10
40.04906384084097
 20
25.09317727392772
 30
0.0
 11
39.83819777266035
 21
25.51491169069413
 31
0.0
  0
LINE
  5
567
330
50B
100
AcDbEntity
  8
FURNITURE
 62
     7
100
AcDbLine
 10
40.25993104922235
 20
24.46057678898251
 30
0.0
 11
40.04906384084097
 21
25.09317727392772
 31
0.0
  0
LINE
  5
568
330
50B
100
AcDbEntity
  8
FURNITURE
 62
     7
100
AcDbLine
 10
40.25993104922235
 20
23.61710795544877
 30
0.0
 11
40.25993104922235
 21
24.46057678898251
 31
0.0
  0
LINE
  5
569
330
50B
100
AcDbEntity
  8
FURNITURE
 62
     7
100
AcDbLine
 10
40.25993104922235
 20
6.115144482297182
 30
0.0
 11
40.25993104922235
 21
23.61710795544877
 31
0.0
  0
LINE
  5
56A
330
50B
100
AcDbEntity
  8
FURNITURE
 62
     7
100
AcDbLine
 10
36.26913076670826
 20
0.0
 30
0.0
 11
35.84739634994186
 21
0.0
 31
0.0
  0
LINE
  5
56B
330
50B
100
AcDbEntity
  8
FURNITURE
 62
     7
100
AcDbLine
 10
36.47999683488524
 20
0.2108672083832062
 30
0.0
 11
36.26913076670826
 21
0.0
 31
0.0
  0
LINE
  5
56C
330
50B
100
AcDbEntity
  8
FURNITURE
 62
     7
100
AcDbLine
 10
36.90173125165165
 20
0.2108672083832062
 30
0.0
 11
36.47999683488524
 21
0.2108672083832062
 31
0.0
  0
LINE
  5
56D
330
50B
100
AcDbEntity
  8
FURNITURE
 62
     7
100
AcDbLine
 10
37.11259846003668
 20
0.4217344167664125
 30
0.0
 11
36.90173125165165
 21
0.2108672083832062
 31
0.0
  0
LINE
  5
56E
330
50B
100
AcDbEntity
  8
FURNITURE
 62
     7
100
AcDbLine
 10
37.32346566841807
 20
0.4217344167664125
 30
0.0
 11
37.11259846003668
 21
0.4217344167664125
 31
0.0
  0
LINE
  5
56F
330
50B
100
AcDbEntity
  8
FURNITURE
 62
     7
100
AcDbLine
 10
37.53433287680309
 20
0.6326016251496185
 30
0.0
 11
37.32346566841807
 21
0.4217344167664125
 31
0.0
  0
LINE
  5
570
330
50B
100
AcDbEntity
  8
FURNITURE
 62
     7
100
AcDbLine
 10
37.53433287680309
 20
0.8434688335328246
 30
0.0
 11
37.53433287680309
 21
0.6326016251496185
 31
0.0
  0
LINE
  5
571
330
50B
100
AcDbEntity
  8
FURNITURE
 62
     7
100
AcDbLine
 10
37.53433287680309
 20
7.380346592392013
 30
0.0
 11
37.53433287680309
 21
0.8434688335328246
 31
0.0
  0
LINE
  5
572
330
50B
100
AcDbEntity
  8
FURNITURE
 62
     7
100
AcDbLine
 10
37.53433287680309
 20
7.591213800775222
 30
0.0
 11
37.53433287680309
 21
7.380346592392013
 31
0.0
  0
LINE
  5
573
330
50B
100
AcDbEntity
  8
FURNITURE
 62
     7
100
AcDbLine
 10
37.32346566841807
 20
7.802081009158428
 30
0.0
 11
37.53433287680309
 21
7.591213800775222
 31
0.0
  0
LINE
  5
574
330
50B
100
AcDbEntity
  8
FURNITURE
 62
     7
100
AcDbLine
 10
37.11259846003668
 20
7.802081009158428
 30
0.0
 11
37.32346566841807
 21
7.802081009158428
 31
0.0
  0
LINE
  5
575
330
50B
100
AcDbEntity
  8
FURNITURE
 62
     7
100
AcDbLine
 10
36.90173125165165
 20
8.012948217541634
 30
0.0
 11
37.11259846003668
 21
7.802081009158428
 31
0.0
  0
LINE
  5
576
330
50B
100
AcDbEntity
  8
FURNITURE
 62
     7
100
AcDbLine
 10
36.47999683488524
 20
8.012948217541634
 30
0.0
 11
36.90173125165165
 21
8.012948217541634
 31
0.0
  0
LINE
  5
577
330
50B
100
AcDbEntity
  8
FURNITURE
 62
     7
100
AcDbLine
 10
36.26913076670826
 20
8.223814285720437
 30
0.0
 11
36.47999683488524
 21
8.012948217541634
 31
0.0
  0
LINE
  5
578
330
50B
100
AcDbEntity
  8
FURNITURE
 62
     7
100
AcDbLine
 10
35.84739634994186
 20
8.223814285720437
 30
0.0
 11
36.26913076670826
 21
8.223814285720437
 31
0.0
  0
LINE
  5
579
330
50B
100
AcDbEntity
  8
FURNITURE
 62
     7
100
AcDbLine
 10
35.21479472479041
 20
8.223814285720437
 30
0.0
 11
35.84739634994186
 21
8.223814285720437
 31
0.0
  0
LINE
  5
57A
330
50B
100
AcDbEntity
  8
FURNITURE
 62
     7
100
AcDbLine
 10
-35.21479472479041
 20
8.223814285720437
 30
0.0
 11
35.21479472479041
 21
8.223814285720437
 31
0.0
  0
LINE
  5
57B
330
50B
100
AcDbEntity
  8
FURNITURE
 62
     7
100
AcDbLine
 10
-35.63652914155682
 20
8.223814285720437
 30
0.0
 11
-35.21479472479041
 21
8.223814285720437
 31
0.0
  0
LINE
  5
57C
330
50B
100
AcDbEntity
  8
FURNITURE
 62
     7
100
AcDbLine
 10
-36.05826241811883
 20
8.223814285720437
 30
0.0
 11
-35.63652914155682
 21
8.223814285720437
 31
0.0
  0
LINE
  5
57D
330
50B
100
AcDbEntity
  8
FURNITURE
 62
     7
100
AcDbLine
 10
-36.47999683488524
 20
8.012948217541634
 30
0.0
 11
-36.05826241811883
 21
8.223814285720437
 31
0.0
  0
LINE
  5
57E
330
50B
100
AcDbEntity
  8
FURNITURE
 62
     7
100
AcDbLine
 10
-36.69086404327027
 20
8.012948217541634
 30
0.0
 11
-36.47999683488524
 21
8.012948217541634
 31
0.0
  0
LINE
  5
57F
330
50B
100
AcDbEntity
  8
FURNITURE
 62
     7
100
AcDbLine
 10
-36.90173125165165
 20
7.802081009158428
 30
0.0
 11
-36.69086404327027
 21
8.012948217541634
 31
0.0
  0
LINE
  5
580
330
50B
100
AcDbEntity
  8
FURNITURE
 62
     7
100
AcDbLine
 10
-37.11259731982864
 20
7.802081009158428
 30
0.0
 11
-36.90173125165165
 21
7.802081009158428
 31
0.0
  0
LINE
  5
581
330
50B
100
AcDbEntity
  8
FURNITURE
 62
     7
100
AcDbLine
 10
-37.32346452821366
 20
7.591213800775222
 30
0.0
 11
-37.11259731982864
 21
7.802081009158428
 31
0.0
  0
LINE
  5
582
330
50B
100
AcDbEntity
  8
FURNITURE
 62
     7
100
AcDbLine
 10
-37.32346452821366
 20
7.380346592392013
 30
0.0
 11
-37.32346452821366
 21
7.591213800775222
 31
0.0
  0
LINE
  5
583
330
50B
100
AcDbEntity
  8
FURNITURE
 62
     7
100
AcDbLine
 10
-37.32346452821366
 20
0.8434688335328246
 30
0.0
 11
-37.32346452821366
 21
7.380346592392013
 31
0.0
  0
LINE
  5
584
330
50B
100
AcDbEntity
  8
FURNITURE
 62
     7
100
AcDbLine
 10
-37.32346452821366
 20
0.6326016251496185
 30
0.0
 11
-37.32346452821366
 21
0.8434688335328246
 31
0.0
  0
LINE
  5
585
330
50B
100
AcDbEntity
  8
FURNITURE
 62
     7
100
AcDbLine
 10
-37.11259731982864
 20
0.4217344167664125
 30
0.0
 11
-37.32346452821366
 21
0.6326016251496185
 31
0.0
  0
LINE
  5
586
330
50B
100
AcDbEntity
  8
FURNITURE
 62
     7
100
AcDbLine
 10
-36.90173125165165
 20
0.4217344167664125
 30
0.0
 11
-37.11259731982864
 21
0.4217344167664125
 31
0.0
  0
LINE
  5
587
330
50B
100
AcDbEntity
  8
FURNITURE
 62
     7
100
AcDbLine
 10
-36.69086404327027
 20
0.2108672083832062
 30
0.0
 11
-36.90173125165165
 21
0.4217344167664125
 31
0.0
  0
LINE
  5
588
330
50B
100
AcDbEntity
  8
FURNITURE
 62
     7
100
AcDbLine
 10
-36.47999683488524
 20
0.2108672083832062
 30
0.0
 11
-36.69086404327027
 21
0.2108672083832062
 31
0.0
  0
LINE
  5
589
330
50B
100
AcDbEntity
  8
FURNITURE
 62
     7
100
AcDbLine
 10
-36.05826241811883
 20
0.0
 30
0.0
 11
-36.47999683488524
 21
0.2108672083832062
 31
0.0
  0
LINE
  5
58A
330
50B
100
AcDbEntity
  8
FURNITURE
 62
     7
100
AcDbLine
 10
-35.63652914155682
 20
0.0
 30
0.0
 11
-36.05826241811883
 21
0.0
 31
0.0
  0
LINE
  5
58B
330
50B
100
AcDbEntity
  8
FURNITURE
 62
     7
100
AcDbLine
 10
-35.21479472479041
 20
0.0
 30
0.0
 11
-35.63652914155682
 21
0.0
 31
0.0
  0
LINE
  5
58C
330
50B
100
AcDbEntity
  8
FURNITURE
 62
     7
100
AcDbLine
 10
35.21479472479041
 20
0.0
 30
0.0
 11
-35.21479472479041
 21
0.0
 31
0.0
  0
LINE
  5
58D
330
50B
100
AcDbEntity
  8
FURNITURE
 62
     7
100
AcDbLine
 10
13.49549050458518
 20
17.92369788991891
 30
0.0
 11
13.7063577129702
 21
17.71283182174102
 31
0.0
  0
LINE
  5
58E
330
50B
100
AcDbEntity
  8
FURNITURE
 62
     7
100
AcDbLine
 10
13.49549050458518
 20
17.92369788991891
 30
0.0
 11
13.49549050458518
 21
17.92369788991891
 31
0.0
  0
LINE
  5
58F
330
50B
100
AcDbEntity
  8
FURNITURE
 62
     7
100
AcDbLine
 10
13.28462329620379
 20
18.13456509830212
 30
0.0
 11
13.49549050458518
 21
17.92369788991891
 31
0.0
  0
LINE
  5
590
330
50B
100
AcDbEntity
  8
FURNITURE
 62
     7
100
AcDbLine
 10
13.07375608781876
 20
18.13456509830212
 30
0.0
 11
13.28462329620379
 21
18.13456509830212
 31
0.0
  0
LINE
  5
591
330
50B
100
AcDbEntity
  8
FURNITURE
 62
     7
100
AcDbLine
 10
13.07375608781876
 20
18.34543230668532
 30
0.0
 11
13.07375608781876
 21
18.13456509830212
 31
0.0
  0
LINE
  5
592
330
50B
100
AcDbEntity
  8
FURNITURE
 62
     7
100
AcDbLine
 10
12.86289001964178
 20
18.34543230668532
 30
0.0
 11
13.07375608781876
 21
18.34543230668532
 31
0.0
  0
LINE
  5
593
330
50B
100
AcDbEntity
  8
FURNITURE
 62
     7
100
AcDbLine
 10
12.86289001964178
 20
18.34543230668532
 30
0.0
 11
12.86289001964178
 21
18.34543230668532
 31
0.0
  0
LINE
  5
594
330
50B
100
AcDbEntity
  8
FURNITURE
 62
     7
100
AcDbLine
 10
12.65202281125676
 20
18.13456509830212
 30
0.0
 11
12.86289001964178
 21
18.34543230668532
 31
0.0
  0
LINE
  5
595
330
50B
100
AcDbEntity
  8
FURNITURE
 62
     7
100
AcDbLine
 10
12.44115560287537
 20
18.13456509830212
 30
0.0
 11
12.65202281125676
 21
18.13456509830212
 31
0.0
  0
LINE
  5
596
330
50B
100
AcDbEntity
  8
FURNITURE
 62
     7
100
AcDbLine
 10
12.23028839449034
 20
17.92369788991891
 30
0.0
 11
12.44115560287537
 21
18.13456509830212
 31
0.0
  0
LINE
  5
597
330
50B
100
AcDbEntity
  8
FURNITURE
 62
     7
100
AcDbLine
 10
12.23028839449034
 20
17.71283182174102
 30
0.0
 11
12.23028839449034
 21
17.92369788991891
 31
0.0
  0
LINE
  5
598
330
50B
100
AcDbEntity
  8
FURNITURE
 62
     7
100
AcDbLine
 10
12.01942118610896
 20
17.2910974049737
 30
0.0
 11
12.23028839449034
 21
17.71283182174102
 31
0.0
  0
LINE
  5
599
330
50B
100
AcDbEntity
  8
FURNITURE
 62
     7
100
AcDbLine
 10
11.80855397772393
 20
17.08023019659049
 30
0.0
 11
12.01942118610896
 21
17.2910974049737
 31
0.0
  0
LINE
  5
59A
330
50B
100
AcDbEntity
  8
FURNITURE
 62
     7
100
AcDbLine
 10
11.80855397772393
 20
16.86936298820728
 30
0.0
 11
11.80855397772393
 21
17.08023019659049
 31
0.0
  0
LINE
  5
59B
330
50B
100
AcDbEntity
  8
FURNITURE
 62
     7
100
AcDbLine
 10
11.59768676934254
 20
16.65849577982408
 30
0.0
 11
11.80855397772393
 21
16.86936298820728
 31
0.0
  0
LINE
  5
59C
330
50B
100
AcDbEntity
  8
FURNITURE
 62
     7
100
AcDbLine
 10
10.96508628439551
 20
16.23676250326207
 30
0.0
 11
11.59768676934254
 21
16.65849577982408
 31
0.0
  0
LINE
  5
59D
330
50B
100
AcDbEntity
  8
FURNITURE
 62
     7
100
AcDbLine
 10
10.5433518676291
 20
15.81502808649475
 30
0.0
 11
10.96508628439551
 21
16.23676250326207
 31
0.0
  0
LINE
  5
59E
330
50B
100
AcDbEntity
  8
FURNITURE
 62
     7
100
AcDbLine
 10
10.12161745086268
 20
15.39329366972924
 30
0.0
 11
10.5433518676291
 21
15.81502808649475
 31
0.0
  0
LINE
  5
59F
330
50B
100
AcDbEntity
  8
FURNITURE
 62
     7
100
AcDbLine
 10
9.489016965919287
 20
14.97156039316724
 30
0.0
 11
10.12161745086268
 21
15.39329366972924
 31
0.0
  0
LINE
  5
5A0
330
50B
100
AcDbEntity
  8
FURNITURE
 62
     7
100
AcDbLine
 10
9.067282549152877
 20
14.76069318478403
 30
0.0
 11
9.489016965919287
 21
14.97156039316724
 31
0.0
  0
LINE
  5
5A1
330
50B
100
AcDbEntity
  8
FURNITURE
 62
     7
100
AcDbLine
 10
8.64554927259087
 20
14.33895876801671
 30
0.0
 11
9.067282549152877
 21
14.76069318478403
 31
0.0
  0
LINE
  5
5A2
330
50B
100
AcDbEntity
  8
FURNITURE
 62
     7
100
AcDbLine
 10
8.223814855824457
 20
13.9172243512503
 30
0.0
 11
8.64554927259087
 21
14.33895876801671
 31
0.0
  0
LINE
  5
5A3
330
50B
100
AcDbEntity
  8
FURNITURE
 62
     7
100
AcDbLine
 10
7.59121323067302
 20
13.49549107468829
 30
0.0
 11
8.223814855824457
 21
13.9172243512503
 31
0.0
  0
LINE
  5
5A4
330
50B
100
AcDbEntity
  8
FURNITURE
 62
     7
100
AcDbLine
 10
7.169479954111012
 20
13.28462386630508
 30
0.0
 11
7.59121323067302
 21
13.49549107468829
 31
0.0
  0
LINE
  5
5A5
330
50B
100
AcDbEntity
  8
FURNITURE
 62
     7
100
AcDbLine
 10
6.958612745729624
 20
13.07375665792188
 30
0.0
 11
7.169479954111012
 21
13.28462386630508
 31
0.0
  0
LINE
  5
5A6
330
50B
100
AcDbEntity
  8
FURNITURE
 62
     7
100
AcDbLine
 10
6.536878328963209
 20
12.86288944953867
 30
0.0
 11
6.958612745729624
 21
13.07375665792188
 31
0.0
  0
LINE
  5
5A7
330
50B
100
AcDbEntity
  8
FURNITURE
 62
     7
100
AcDbLine
 10
6.326011120578187
 20
12.44115503277226
 30
0.0
 11
6.536878328963209
 21
12.86288944953867
 31
0.0
  0
LINE
  5
5A8
330
50B
100
AcDbEntity
  8
FURNITURE
 62
     7
100
AcDbLine
 10
5.904277844016177
 20
12.23028782438814
 30
0.0
 11
6.326011120578187
 21
12.44115503277226
 31
0.0
  0
LINE
  5
5A9
330
50B
100
AcDbEntity
  8
FURNITURE
 62
     7
100
AcDbLine
 10
5.693410635634789
 20
11.80855454782704
 30
0.0
 11
5.904277844016177
 21
12.23028782438814
 31
0.0
  0
LINE
  5
5AA
330
50B
100
AcDbEntity
  8
FURNITURE
 62
     7
100
AcDbLine
 10
5.482543427249764
 20
11.59768733944384
 30
0.0
 11
5.693410635634789
 21
11.80855454782704
 31
0.0
  0
LINE
  5
5AB
330
50B
100
AcDbEntity
  8
FURNITURE
 62
     7
100
AcDbLine
 10
5.271676218864738
 20
11.17595292267651
 30
0.0
 11
5.482543427249764
 21
11.59768733944384
 31
0.0
  0
LINE
  5
5AC
330
50B
100
AcDbEntity
  8
FURNITURE
 62
     7
100
AcDbLine
 10
5.271676218864738
 20
10.96508571429331
 30
0.0
 11
5.271676218864738
 21
11.17595292267651
 31
0.0
  0
LINE
  5
5AD
330
50B
100
AcDbEntity
  8
FURNITURE
 62
     7
100
AcDbLine
 10
5.271676218864738
 20
10.96508571429331
 30
0.0
 11
5.271676218864738
 21
10.96508571429331
 31
0.0
  0
LINE
  5
5AE
330
50B
100
AcDbEntity
  8
FURNITURE
 62
     7
100
AcDbLine
 10
5.482543427249764
 20
10.75421964611541
 30
0.0
 11
5.271676218864738
 21
10.96508571429331
 31
0.0
  0
LINE
  5
5AF
330
50B
100
AcDbEntity
  8
FURNITURE
 62
     7
100
AcDbLine
 10
5.693410635634789
 20
10.75421964611541
 30
0.0
 11
5.482543427249764
 21
10.75421964611541
 31
0.0
  0
LINE
  5
5B0
330
50B
100
AcDbEntity
  8
FURNITURE
 62
     7
100
AcDbLine
 10
5.904277844016177
 20
10.54335243773221
 30
0.0
 11
5.693410635634789
 21
10.75421964611541
 31
0.0
  0
LINE
  5
5B1
330
50B
100
AcDbEntity
  8
FURNITURE
 62
     7
100
AcDbLine
 10
6.326011120578187
 20
10.54335243773221
 30
0.0
 11
5.904277844016177
 21
10.54335243773221
 31
0.0
  0
LINE
  5
5B2
330
50B
100
AcDbEntity
  8
FURNITURE
 62
     7
100
AcDbLine
 10
6.536878328963209
 20
10.33248522934809
 30
0.0
 11
6.326011120578187
 21
10.54335243773221
 31
0.0
  0
LINE
  5
5B3
330
50B
100
AcDbEntity
  8
FURNITURE
 62
     7
100
AcDbLine
 10
6.747745537344599
 20
10.33248522934809
 30
0.0
 11
6.536878328963209
 21
10.33248522934809
 31
0.0
  0
LINE
  5
5B4
330
50B
100
AcDbEntity
  8
FURNITURE
 62
     7
100
AcDbLine
 10
6.958612745729624
 20
9.910750812581682
 30
0.0
 11
6.747745537344599
 21
10.33248522934809
 31
0.0
  0
LINE
  5
5B5
330
50B
100
AcDbEntity
  8
FURNITURE
 62
     7
100
AcDbLine
 10
7.380346022287995
 20
9.699883604198476
 30
0.0
 11
6.958612745729624
 21
9.910750812581682
 31
0.0
  0
LINE
  5
5B6
330
50B
100
AcDbEntity
  8
FURNITURE
 62
     7
100
AcDbLine
 10
7.802080439058045
 20
9.278150327636467
 30
0.0
 11
7.380346022287995
 21
9.699883604198476
 31
0.0
  0
LINE
  5
5B7
330
50B
100
AcDbEntity
  8
FURNITURE
 62
     7
100
AcDbLine
 10
8.012947647439432
 20
9.06728311925326
 30
0.0
 11
7.802080439058045
 21
9.278150327636467
 31
0.0
  0
LINE
  5
5B8
330
50B
100
AcDbEntity
  8
FURNITURE
 62
     7
100
AcDbLine
 10
8.434682064205843
 20
8.645548702486847
 30
0.0
 11
8.012947647439432
 21
9.06728311925326
 31
0.0
  0
LINE
  5
5B9
330
50B
100
AcDbEntity
  8
FURNITURE
 62
     7
100
AcDbLine
 10
8.856415340767851
 20
8.434681494103643
 30
0.0
 11
8.434682064205843
 21
8.645548702486847
 31
0.0
  0
LINE
  5
5BA
330
50B
100
AcDbEntity
  8
FURNITURE
 62
     7
100
AcDbLine
 10
9.278149757534264
 20
8.223814285720437
 30
0.0
 11
8.856415340767851
 21
8.434681494103643
 31
0.0
  0
LINE
  5
5BB
330
50B
100
AcDbEntity
  8
FURNITURE
 62
     7
100
AcDbLine
 10
9.699884174300676
 20
8.223814285720437
 30
0.0
 11
9.278149757534264
 21
8.223814285720437
 31
0.0
  0
LINE
  5
5BC
330
50B
100
AcDbEntity
  8
FURNITURE
 62
     7
100
AcDbLine
 10
16.44762914154489
 20
8.223814285720437
 30
0.0
 11
9.699884174300676
 21
8.223814285720437
 31
0.0
  0
LINE
  5
5BD
330
50B
100
AcDbEntity
  8
FURNITURE
 62
     7
100
AcDbLine
 10
17.08022962648829
 20
8.223814285720437
 30
0.0
 11
16.44762914154489
 21
8.223814285720437
 31
0.0
  0
LINE
  5
5BE
330
50B
100
AcDbEntity
  8
FURNITURE
 62
     7
100
AcDbLine
 10
17.29109683487331
 20
8.434681494103643
 30
0.0
 11
17.08022962648829
 21
8.223814285720437
 31
0.0
  0
LINE
  5
5BF
330
50B
100
AcDbEntity
  8
FURNITURE
 62
     7
100
AcDbLine
 10
17.71283125163973
 20
8.856415910870055
 30
0.0
 11
17.29109683487331
 21
8.434681494103643
 31
0.0
  0
LINE
  5
5C0
330
50B
100
AcDbEntity
  8
FURNITURE
 62
     7
100
AcDbLine
 10
17.92369846002111
 20
9.06728311925326
 30
0.0
 11
17.71283125163973
 21
8.856415910870055
 31
0.0
  0
LINE
  5
5C1
330
50B
100
AcDbEntity
  8
FURNITURE
 62
     7
100
AcDbLine
 10
18.34543287678753
 20
9.489016395815268
 30
0.0
 11
17.92369846002111
 21
9.06728311925326
 31
0.0
  0
LINE
  5
5C2
330
50B
100
AcDbEntity
  8
FURNITURE
 62
     7
100
AcDbLine
 10
18.55629894496814
 20
9.910750812581682
 30
0.0
 11
18.34543287678753
 21
9.489016395815268
 31
0.0
  0
LINE
  5
5C3
330
50B
100
AcDbEntity
  8
FURNITURE
 62
     7
100
AcDbLine
 10
18.97803336173456
 20
10.33248522934809
 30
0.0
 11
18.55629894496814
 21
9.910750812581682
 31
0.0
  0
LINE
  5
5C4
330
50B
100
AcDbEntity
  8
FURNITURE
 62
     7
100
AcDbLine
 10
19.39976777850097
 20
10.54335243773221
 30
0.0
 11
18.97803336173456
 21
10.33248522934809
 31
0.0
  0
LINE
  5
5C5
330
50B
100
AcDbEntity
  8
FURNITURE
 62
     7
100
AcDbLine
 10
19.61063498688236
 20
10.75421964611541
 30
0.0
 11
19.39976777850097
 21
10.54335243773221
 31
0.0
  0
LINE
  5
5C6
330
50B
100
AcDbEntity
  8
FURNITURE
 62
     7
100
AcDbLine
 10
19.82150105506298
 20
10.75421964611541
 30
0.0
 11
19.61063498688236
 21
10.75421964611541
 31
0.0
  0
LINE
  5
5C7
330
50B
100
AcDbEntity
  8
FURNITURE
 62
     7
100
AcDbLine
 10
20.03236826344437
 20
10.75421964611541
 30
0.0
 11
19.82150105506298
 21
10.75421964611541
 31
0.0
  0
LINE
  5
5C8
330
50B
100
AcDbEntity
  8
FURNITURE
 62
     7
100
AcDbLine
 10
20.45410268021078
 20
10.75421964611541
 30
0.0
 11
20.03236826344437
 21
10.75421964611541
 31
0.0
  0
LINE
  5
5C9
330
50B
100
AcDbEntity
  8
FURNITURE
 62
     7
100
AcDbLine
 10
20.66496988859581
 20
10.75421964611541
 30
0.0
 11
20.45410268021078
 21
10.75421964611541
 31
0.0
  0
LINE
  5
5CA
330
50B
100
AcDbEntity
  8
FURNITURE
 62
     7
100
AcDbLine
 10
20.87583709697719
 20
10.75421964611541
 30
0.0
 11
20.66496988859581
 21
10.75421964611541
 31
0.0
  0
LINE
  5
5CB
330
50B
100
AcDbEntity
  8
FURNITURE
 62
     7
100
AcDbLine
 10
21.08670430536222
 20
10.96508571429331
 30
0.0
 11
20.87583709697719
 21
10.75421964611541
 31
0.0
  0
LINE
  5
5CC
330
50B
100
AcDbEntity
  8
FURNITURE
 62
     7
100
AcDbLine
 10
21.08670430536222
 20
11.17595292267651
 30
0.0
 11
21.08670430536222
 21
10.96508571429331
 31
0.0
  0
LINE
  5
5CD
330
50B
100
AcDbEntity
  8
FURNITURE
 62
     7
100
AcDbLine
 10
20.87583709697719
 20
11.38682013106063
 30
0.0
 11
21.08670430536222
 21
11.17595292267651
 31
0.0
  0
LINE
  5
5CE
330
50B
100
AcDbEntity
  8
FURNITURE
 62
     7
100
AcDbLine
 10
20.87583709697719
 20
11.59768733944384
 30
0.0
 11
20.87583709697719
 21
11.38682013106063
 31
0.0
  0
LINE
  5
5CF
330
50B
100
AcDbEntity
  8
FURNITURE
 62
     7
100
AcDbLine
 10
20.66496988859581
 20
11.59768733944384
 30
0.0
 11
20.87583709697719
 21
11.59768733944384
 31
0.0
  0
LINE
  5
5D0
330
50B
100
AcDbEntity
  8
FURNITURE
 62
     7
100
AcDbLine
 10
20.45410268021078
 20
11.80855454782704
 30
0.0
 11
20.66496988859581
 21
11.59768733944384
 31
0.0
  0
LINE
  5
5D1
330
50B
100
AcDbEntity
  8
FURNITURE
 62
     7
100
AcDbLine
 10
20.24323547182939
 20
11.80855454782704
 30
0.0
 11
20.45410268021078
 21
11.80855454782704
 31
0.0
  0
LINE
  5
5D2
330
50B
100
AcDbEntity
  8
FURNITURE
 62
     7
100
AcDbLine
 10
20.03236826344437
 20
12.01942175621025
 30
0.0
 11
20.24323547182939
 21
11.80855454782704
 31
0.0
  0
LINE
  5
5D3
330
50B
100
AcDbEntity
  8
FURNITURE
 62
     7
100
AcDbLine
 10
19.82150105506298
 20
12.01942175621025
 30
0.0
 11
20.03236826344437
 21
12.01942175621025
 31
0.0
  0
LINE
  5
5D4
330
50B
100
AcDbEntity
  8
FURNITURE
 62
     7
100
AcDbLine
 10
19.61063498688236
 20
12.23028782438814
 30
0.0
 11
19.82150105506298
 21
12.01942175621025
 31
0.0
  0
LINE
  5
5D5
330
50B
100
AcDbEntity
  8
FURNITURE
 62
     7
100
AcDbLine
 10
19.18890057011594
 20
12.44115503277226
 30
0.0
 11
19.61063498688236
 21
12.23028782438814
 31
0.0
  0
LINE
  5
5D6
330
50B
100
AcDbEntity
  8
FURNITURE
 62
     7
100
AcDbLine
 10
18.76716615334953
 20
12.86288944953867
 30
0.0
 11
19.18890057011594
 21
12.44115503277226
 31
0.0
  0
LINE
  5
5D7
330
50B
100
AcDbEntity
  8
FURNITURE
 62
     7
100
AcDbLine
 10
18.34543287678753
 20
13.07375665792188
 30
0.0
 11
18.76716615334953
 21
12.86288944953867
 31
0.0
  0
LINE
  5
5D8
330
50B
100
AcDbEntity
  8
FURNITURE
 62
     7
100
AcDbLine
 10
17.92369846002111
 20
13.49549107468829
 30
0.0
 11
18.34543287678753
 21
13.07375665792188
 31
0.0
  0
LINE
  5
5D9
330
50B
100
AcDbEntity
  8
FURNITURE
 62
     7
100
AcDbLine
 10
17.5019640432547
 20
13.9172243512503
 30
0.0
 11
17.92369846002111
 21
13.49549107468829
 31
0.0
  0
LINE
  5
5DA
330
50B
100
AcDbEntity
  8
FURNITURE
 62
     7
100
AcDbLine
 10
17.08022962648829
 20
14.33895876801671
 30
0.0
 11
17.5019640432547
 21
13.9172243512503
 31
0.0
  0
LINE
  5
5DB
330
50B
100
AcDbEntity
  8
FURNITURE
 62
     7
100
AcDbLine
 10
16.65849634992628
 20
14.76069318478403
 30
0.0
 11
17.08022962648829
 21
14.33895876801671
 31
0.0
  0
LINE
  5
5DC
330
50B
100
AcDbEntity
  8
FURNITURE
 62
     7
100
AcDbLine
 10
16.44762914154489
 20
15.18242646134604
 30
0.0
 11
16.65849634992628
 21
14.76069318478403
 31
0.0
  0
LINE
  5
5DD
330
50B
100
AcDbEntity
  8
FURNITURE
 62
     7
100
AcDbLine
 10
16.23676193315987
 20
15.39329366972924
 30
0.0
 11
16.44762914154489
 21
15.18242646134604
 31
0.0
  0
LINE
  5
5DE
330
50B
100
AcDbEntity
  8
FURNITURE
 62
     7
100
AcDbLine
 10
15.81502751639346
 20
15.60416087811245
 30
0.0
 11
16.23676193315987
 21
15.39329366972924
 31
0.0
  0
LINE
  5
5DF
330
50B
100
AcDbEntity
  8
FURNITURE
 62
     7
100
AcDbLine
 10
15.39329423983145
 20
16.02589529487886
 30
0.0
 11
15.81502751639346
 21
15.60416087811245
 31
0.0
  0
LINE
  5
5E0
330
50B
100
AcDbEntity
  8
FURNITURE
 62
     7
100
AcDbLine
 10
14.97155982306503
 20
16.23676250326207
 30
0.0
 11
15.39329423983145
 21
16.02589529487886
 31
0.0
  0
LINE
  5
5E1
330
50B
100
AcDbEntity
  8
FURNITURE
 62
     7
100
AcDbLine
 10
14.54982540629862
 20
16.65849577982408
 30
0.0
 11
14.97155982306503
 21
16.23676250326207
 31
0.0
  0
LINE
  5
5E2
330
50B
100
AcDbEntity
  8
FURNITURE
 62
     7
100
AcDbLine
 10
14.12809212973661
 20
17.08023019659049
 30
0.0
 11
14.54982540629862
 21
16.65849577982408
 31
0.0
  0
LINE
  5
5E3
330
50B
100
AcDbEntity
  8
FURNITURE
 62
     7
100
AcDbLine
 10
13.91722492135159
 20
17.2910974049737
 30
0.0
 11
14.12809212973661
 21
17.08023019659049
 31
0.0
  0
LINE
  5
5E4
330
50B
100
AcDbEntity
  8
FURNITURE
 62
     7
100
AcDbLine
 10
13.7063577129702
 20
17.71283182174102
 30
0.0
 11
13.91722492135159
 21
17.2910974049737
 31
0.0
  0
LINE
  5
5E5
330
50B
100
AcDbEntity
  8
FURNITURE
 62
     7
100
AcDbLine
 10
32.05179001965735
 20
17.92369788991891
 30
0.0
 11
32.26265722803873
 21
17.71283182174102
 31
0.0
  0
LINE
  5
5E6
330
50B
100
AcDbEntity
  8
FURNITURE
 62
     7
100
AcDbLine
 10
32.05179001965735
 20
17.92369788991891
 30
0.0
 11
32.05179001965735
 21
17.92369788991891
 31
0.0
  0
LINE
  5
5E7
330
50B
100
AcDbEntity
  8
FURNITURE
 62
     7
100
AcDbLine
 10
31.84092281127232
 20
18.13456509830212
 30
0.0
 11
32.05179001965735
 21
17.92369788991891
 31
0.0
  0
LINE
  5
5E8
330
50B
100
AcDbEntity
  8
FURNITURE
 62
     7
100
AcDbLine
 10
31.84092281127232
 20
18.13456509830212
 30
0.0
 11
31.84092281127232
 21
18.13456509830212
 31
0.0
  0
LINE
  5
5E9
330
50B
100
AcDbEntity
  8
FURNITURE
 62
     7
100
AcDbLine
 10
31.6300556028873
 20
18.34543230668532
 30
0.0
 11
31.84092281127232
 21
18.13456509830212
 31
0.0
  0
LINE
  5
5EA
330
50B
100
AcDbEntity
  8
FURNITURE
 62
     7
100
AcDbLine
 10
31.6300556028873
 20
18.34543230668532
 30
0.0
 11
31.6300556028873
 21
18.34543230668532
 31
0.0
  0
LINE
  5
5EB
330
50B
100
AcDbEntity
  8
FURNITURE
 62
     7
100
AcDbLine
 10
31.41918839450591
 20
18.34543230668532
 30
0.0
 11
31.6300556028873
 21
18.34543230668532
 31
0.0
  0
LINE
  5
5EC
330
50B
100
AcDbEntity
  8
FURNITURE
 62
     7
100
AcDbLine
 10
31.20832118612089
 20
18.13456509830212
 30
0.0
 11
31.41918839450591
 21
18.34543230668532
 31
0.0
  0
LINE
  5
5ED
330
50B
100
AcDbEntity
  8
FURNITURE
 62
     7
100
AcDbLine
 10
30.9974539777395
 20
18.13456509830212
 30
0.0
 11
31.20832118612089
 21
18.13456509830212
 31
0.0
  0
LINE
  5
5EE
330
50B
100
AcDbEntity
  8
FURNITURE
 62
     7
100
AcDbLine
 10
30.78658790956251
 20
17.92369788991891
 30
0.0
 11
30.9974539777395
 21
18.13456509830212
 31
0.0
  0
LINE
  5
5EF
330
50B
100
AcDbEntity
  8
FURNITURE
 62
     7
100
AcDbLine
 10
30.78658790956251
 20
17.71283182174102
 30
0.0
 11
30.78658790956251
 21
17.92369788991891
 31
0.0
  0
LINE
  5
5F0
330
50B
100
AcDbEntity
  8
FURNITURE
 62
     7
100
AcDbLine
 10
30.57572070117749
 20
17.2910974049737
 30
0.0
 11
30.78658790956251
 21
17.71283182174102
 31
0.0
  0
LINE
  5
5F1
330
50B
100
AcDbEntity
  8
FURNITURE
 62
     7
100
AcDbLine
 10
30.36485349279246
 20
17.08023019659049
 30
0.0
 11
30.57572070117749
 21
17.2910974049737
 31
0.0
  0
LINE
  5
5F2
330
50B
100
AcDbEntity
  8
FURNITURE
 62
     7
100
AcDbLine
 10
30.36485349279246
 20
16.86936298820728
 30
0.0
 11
30.36485349279246
 21
17.08023019659049
 31
0.0
  0
LINE
  5
5F3
330
50B
100
AcDbEntity
  8
FURNITURE
 62
     7
100
AcDbLine
 10
30.15398628441108
 20
16.65849577982408
 30
0.0
 11
30.36485349279246
 21
16.86936298820728
 31
0.0
  0
LINE
  5
5F4
330
50B
100
AcDbEntity
  8
FURNITURE
 62
     7
100
AcDbLine
 10
29.52138465925964
 20
16.23676250326207
 30
0.0
 11
30.15398628441108
 21
16.65849577982408
 31
0.0
  0
LINE
  5
5F5
330
50B
100
AcDbEntity
  8
FURNITURE
 62
     7
100
AcDbLine
 10
29.09965138269763
 20
15.81502808649475
 30
0.0
 11
29.52138465925964
 21
16.23676250326207
 31
0.0
  0
LINE
  5
5F6
330
50B
100
AcDbEntity
  8
FURNITURE
 62
     7
100
AcDbLine
 10
28.67791696593122
 20
15.39329366972924
 30
0.0
 11
29.09965138269763
 21
15.81502808649475
 31
0.0
  0
LINE
  5
5F7
330
50B
100
AcDbEntity
  8
FURNITURE
 62
     7
100
AcDbLine
 10
28.25618254916481
 20
14.97156039316724
 30
0.0
 11
28.67791696593122
 21
15.39329366972924
 31
0.0
  0
LINE
  5
5F8
330
50B
100
AcDbEntity
  8
FURNITURE
 62
     7
100
AcDbLine
 10
27.8344492726028
 20
14.76069318478403
 30
0.0
 11
28.25618254916481
 21
14.97156039316724
 31
0.0
  0
LINE
  5
5F9
330
50B
100
AcDbEntity
  8
FURNITURE
 62
     7
100
AcDbLine
 10
27.201847647455
 20
14.33895876801671
 30
0.0
 11
27.8344492726028
 21
14.76069318478403
 31
0.0
  0
LINE
  5
5FA
330
50B
100
AcDbEntity
  8
FURNITURE
 62
     7
100
AcDbLine
 10
26.78011323068858
 20
13.9172243512503
 30
0.0
 11
27.201847647455
 21
14.33895876801671
 31
0.0
  0
LINE
  5
5FB
330
50B
100
AcDbEntity
  8
FURNITURE
 62
     7
100
AcDbLine
 10
26.14751274574155
 20
13.49549107468829
 30
0.0
 11
26.78011323068858
 21
13.9172243512503
 31
0.0
  0
LINE
  5
5FC
330
50B
100
AcDbEntity
  8
FURNITURE
 62
     7
100
AcDbLine
 10
25.72577832897514
 20
13.28462386630508
 30
0.0
 11
26.14751274574155
 21
13.49549107468829
 31
0.0
  0
LINE
  5
5FD
330
50B
100
AcDbEntity
  8
FURNITURE
 62
     7
100
AcDbLine
 10
25.51491112059011
 20
13.07375665792188
 30
0.0
 11
25.72577832897514
 21
13.28462386630508
 31
0.0
  0
LINE
  5
5FE
330
50B
100
AcDbEntity
  8
FURNITURE
 62
     7
100
AcDbLine
 10
25.09317784403175
 20
12.86288944953867
 30
0.0
 11
25.51491112059011
 21
13.07375665792188
 31
0.0
  0
LINE
  5
5FF
330
50B
100
AcDbEntity
  8
FURNITURE
 62
     7
100
AcDbLine
 10
24.88231063564672
 20
12.44115503277226
 30
0.0
 11
25.09317784403175
 21
12.86288944953867
 31
0.0
  0
LINE
  5
600
330
50B
100
AcDbEntity
  8
FURNITURE
 62
     7
100
AcDbLine
 10
24.4605762188803
 20
12.23028782438814
 30
0.0
 11
24.88231063564672
 21
12.44115503277226
 31
0.0
  0
LINE
  5
601
330
50B
100
AcDbEntity
  8
FURNITURE
 62
     7
100
AcDbLine
 10
24.24970901049528
 20
11.80855454782704
 30
0.0
 11
24.4605762188803
 21
12.23028782438814
 31
0.0
  0
LINE
  5
602
330
50B
100
AcDbEntity
  8
FURNITURE
 62
     7
100
AcDbLine
 10
24.03884180211389
 20
11.59768733944384
 30
0.0
 11
24.24970901049528
 21
11.80855454782704
 31
0.0
  0
LINE
  5
603
330
50B
100
AcDbEntity
  8
FURNITURE
 62
     7
100
AcDbLine
 10
23.82797573393691
 20
11.17595292267651
 30
0.0
 11
24.03884180211389
 21
11.59768733944384
 31
0.0
  0
LINE
  5
604
330
50B
100
AcDbEntity
  8
FURNITURE
 62
     7
100
AcDbLine
 10
23.82797573393691
 20
10.96508571429331
 30
0.0
 11
23.82797573393691
 21
11.17595292267651
 31
0.0
  0
LINE
  5
605
330
50B
100
AcDbEntity
  8
FURNITURE
 62
     7
100
AcDbLine
 10
24.03884180211389
 20
10.96508571429331
 30
0.0
 11
23.82797573393691
 21
10.96508571429331
 31
0.0
  0
LINE
  5
606
330
50B
100
AcDbEntity
  8
FURNITURE
 62
     7
100
AcDbLine
 10
24.03884180211389
 20
10.75421964611541
 30
0.0
 11
24.03884180211389
 21
10.96508571429331
 31
0.0
  0
LINE
  5
607
330
50B
100
AcDbEntity
  8
FURNITURE
 62
     7
100
AcDbLine
 10
24.24970901049528
 20
10.75421964611541
 30
0.0
 11
24.03884180211389
 21
10.75421964611541
 31
0.0
  0
LINE
  5
608
330
50B
100
AcDbEntity
  8
FURNITURE
 62
     7
100
AcDbLine
 10
24.67144342726533
 20
10.54335243773221
 30
0.0
 11
24.24970901049528
 21
10.75421964611541
 31
0.0
  0
LINE
  5
609
330
50B
100
AcDbEntity
  8
FURNITURE
 62
     7
100
AcDbLine
 10
24.88231063564672
 20
10.54335243773221
 30
0.0
 11
24.67144342726533
 21
10.54335243773221
 31
0.0
  0
LINE
  5
60A
330
50B
100
AcDbEntity
  8
FURNITURE
 62
     7
100
AcDbLine
 10
25.09317784403175
 20
10.33248522934809
 30
0.0
 11
24.88231063564672
 21
10.54335243773221
 31
0.0
  0
LINE
  5
60B
330
50B
100
AcDbEntity
  8
FURNITURE
 62
     7
100
AcDbLine
 10
25.30404505241313
 20
10.33248522934809
 30
0.0
 11
25.09317784403175
 21
10.33248522934809
 31
0.0
  0
LINE
  5
60C
330
50B
100
AcDbEntity
  8
FURNITURE
 62
     7
100
AcDbLine
 10
25.72577832897514
 20
9.910750812581682
 30
0.0
 11
25.30404505241313
 21
10.33248522934809
 31
0.0
  0
LINE
  5
60D
330
50B
100
AcDbEntity
  8
FURNITURE
 62
     7
100
AcDbLine
 10
25.93664553736017
 20
9.699883604198476
 30
0.0
 11
25.72577832897514
 21
9.910750812581682
 31
0.0
  0
LINE
  5
60E
330
50B
100
AcDbEntity
  8
FURNITURE
 62
     7
100
AcDbLine
 10
26.35837995412658
 20
9.278150327636467
 30
0.0
 11
25.93664553736017
 21
9.699883604198476
 31
0.0
  0
LINE
  5
60F
330
50B
100
AcDbEntity
  8
FURNITURE
 62
     7
100
AcDbLine
 10
26.78011323068858
 20
9.06728311925326
 30
0.0
 11
26.35837995412658
 21
9.278150327636467
 31
0.0
  0
LINE
  5
610
330
50B
100
AcDbEntity
  8
FURNITURE
 62
     7
100
AcDbLine
 10
26.99098043906997
 20
8.645548702486847
 30
0.0
 11
26.78011323068858
 21
9.06728311925326
 31
0.0
  0
LINE
  5
611
330
50B
100
AcDbEntity
  8
FURNITURE
 62
     7
100
AcDbLine
 10
27.41271485583638
 20
8.434681494103643
 30
0.0
 11
26.99098043906997
 21
8.645548702486847
 31
0.0
  0
LINE
  5
612
330
50B
100
AcDbEntity
  8
FURNITURE
 62
     7
100
AcDbLine
 10
27.8344492726028
 20
8.223814285720437
 30
0.0
 11
27.41271485583638
 21
8.434681494103643
 31
0.0
  0
LINE
  5
613
330
50B
100
AcDbEntity
  8
FURNITURE
 62
     7
100
AcDbLine
 10
28.25618254916481
 20
8.223814285720437
 30
0.0
 11
27.8344492726028
 21
8.223814285720437
 31
0.0
  0
LINE
  5
614
330
50B
100
AcDbEntity
  8
FURNITURE
 62
     7
100
AcDbLine
 10
35.00392865661343
 20
8.223814285720437
 30
0.0
 11
28.25618254916481
 21
8.223814285720437
 31
0.0
  0
LINE
  5
615
330
50B
100
AcDbEntity
  8
FURNITURE
 62
     7
100
AcDbLine
 10
35.63652914155682
 20
8.223814285720437
 30
0.0
 11
35.00392865661343
 21
8.223814285720437
 31
0.0
  0
LINE
  5
616
330
50B
100
AcDbEntity
  8
FURNITURE
 62
     7
100
AcDbLine
 10
36.05826355832324
 20
8.434681494103643
 30
0.0
 11
35.63652914155682
 21
8.223814285720437
 31
0.0
  0
LINE
  5
617
330
50B
100
AcDbEntity
  8
FURNITURE
 62
     7
100
AcDbLine
 10
36.26913076670826
 20
8.856415910870055
 30
0.0
 11
36.05826355832324
 21
8.434681494103643
 31
0.0
  0
LINE
  5
618
330
50B
100
AcDbEntity
  8
FURNITURE
 62
     7
100
AcDbLine
 10
36.47999683488524
 20
9.06728311925326
 30
0.0
 11
36.26913076670826
 21
8.856415910870055
 31
0.0
  0
LINE
  5
619
330
50B
100
AcDbEntity
  8
FURNITURE
 62
     7
100
AcDbLine
 10
36.90173125165165
 20
9.489016395815268
 30
0.0
 11
36.47999683488524
 21
9.06728311925326
 31
0.0
  0
LINE
  5
61A
330
50B
100
AcDbEntity
  8
FURNITURE
 62
     7
100
AcDbLine
 10
37.11259846003668
 20
9.910750812581682
 30
0.0
 11
36.90173125165165
 21
9.489016395815268
 31
0.0
  0
LINE
  5
61B
330
50B
100
AcDbEntity
  8
FURNITURE
 62
     7
100
AcDbLine
 10
37.53433287680309
 20
10.33248522934809
 30
0.0
 11
37.11259846003668
 21
9.910750812581682
 31
0.0
  0
LINE
  5
61C
330
50B
100
AcDbEntity
  8
FURNITURE
 62
     7
100
AcDbLine
 10
37.9560661533651
 20
10.54335243773221
 30
0.0
 11
37.53433287680309
 21
10.33248522934809
 31
0.0
  0
LINE
  5
61D
330
50B
100
AcDbEntity
  8
FURNITURE
 62
     7
100
AcDbLine
 10
38.1669333617465
 20
10.75421964611541
 30
0.0
 11
37.9560661533651
 21
10.54335243773221
 31
0.0
  0
LINE
  5
61E
330
50B
100
AcDbEntity
  8
FURNITURE
 62
     7
100
AcDbLine
 10
38.37780057013151
 20
10.75421964611541
 30
0.0
 11
38.1669333617465
 21
10.75421964611541
 31
0.0
  0
LINE
  5
61F
330
50B
100
AcDbEntity
  8
FURNITURE
 62
     7
100
AcDbLine
 10
38.5886677785129
 20
10.75421964611541
 30
0.0
 11
38.37780057013151
 21
10.75421964611541
 31
0.0
  0
LINE
  5
620
330
50B
100
AcDbEntity
  8
FURNITURE
 62
     7
100
AcDbLine
 10
39.01040219527931
 20
10.75421964611541
 30
0.0
 11
38.5886677785129
 21
10.75421964611541
 31
0.0
  0
LINE
  5
621
330
50B
100
AcDbEntity
  8
FURNITURE
 62
     7
100
AcDbLine
 10
39.22126826345993
 20
10.75421964611541
 30
0.0
 11
39.01040219527931
 21
10.75421964611541
 31
0.0
  0
LINE
  5
622
330
50B
100
AcDbEntity
  8
FURNITURE
 62
     7
100
AcDbLine
 10
39.43213547184132
 20
10.75421964611541
 30
0.0
 11
39.22126826345993
 21
10.75421964611541
 31
0.0
  0
LINE
  5
623
330
50B
100
AcDbEntity
  8
FURNITURE
 62
     7
100
AcDbLine
 10
39.64300268022635
 20
10.96508571429331
 30
0.0
 11
39.43213547184132
 21
10.75421964611541
 31
0.0
  0
LINE
  5
624
330
50B
100
AcDbEntity
  8
FURNITURE
 62
     7
100
AcDbLine
 10
39.64300268022635
 20
11.17595292267651
 30
0.0
 11
39.64300268022635
 21
10.96508571429331
 31
0.0
  0
LINE
  5
625
330
50B
100
AcDbEntity
  8
FURNITURE
 62
     7
100
AcDbLine
 10
39.64300268022635
 20
11.38682013106063
 30
0.0
 11
39.64300268022635
 21
11.17595292267651
 31
0.0
  0
LINE
  5
626
330
50B
100
AcDbEntity
  8
FURNITURE
 62
     7
100
AcDbLine
 10
39.43213547184132
 20
11.59768733944384
 30
0.0
 11
39.64300268022635
 21
11.38682013106063
 31
0.0
  0
LINE
  5
627
330
50B
100
AcDbEntity
  8
FURNITURE
 62
     7
100
AcDbLine
 10
39.22126826345993
 20
11.59768733944384
 30
0.0
 11
39.43213547184132
 21
11.59768733944384
 31
0.0
  0
LINE
  5
628
330
50B
100
AcDbEntity
  8
FURNITURE
 62
     7
100
AcDbLine
 10
39.01040219527931
 20
11.80855454782704
 30
0.0
 11
39.22126826345993
 21
11.59768733944384
 31
0.0
  0
LINE
  5
629
330
50B
100
AcDbEntity
  8
FURNITURE
 62
     7
100
AcDbLine
 10
38.79953498689793
 20
11.80855454782704
 30
0.0
 11
39.01040219527931
 21
11.80855454782704
 31
0.0
  0
LINE
  5
62A
330
50B
100
AcDbEntity
  8
FURNITURE
 62
     7
100
AcDbLine
 10
38.5886677785129
 20
12.01942175621025
 30
0.0
 11
38.79953498689793
 21
11.80855454782704
 31
0.0
  0
LINE
  5
62B
330
50B
100
AcDbEntity
  8
FURNITURE
 62
     7
100
AcDbLine
 10
38.37780057013151
 20
12.01942175621025
 30
0.0
 11
38.5886677785129
 21
12.01942175621025
 31
0.0
  0
LINE
  5
62C
330
50B
100
AcDbEntity
  8
FURNITURE
 62
     7
100
AcDbLine
 10
38.1669333617465
 20
12.23028782438814
 30
0.0
 11
38.37780057013151
 21
12.01942175621025
 31
0.0
  0
LINE
  5
62D
330
50B
100
AcDbEntity
  8
FURNITURE
 62
     7
100
AcDbLine
 10
37.74520008518448
 20
12.44115503277226
 30
0.0
 11
38.1669333617465
 21
12.23028782438814
 31
0.0
  0
LINE
  5
62E
330
50B
100
AcDbEntity
  8
FURNITURE
 62
     7
100
AcDbLine
 10
37.32346566841807
 20
12.86288944953867
 30
0.0
 11
37.74520008518448
 21
12.44115503277226
 31
0.0
  0
LINE
  5
62F
330
50B
100
AcDbEntity
  8
FURNITURE
 62
     7
100
AcDbLine
 10
36.90173125165165
 20
13.07375665792188
 30
0.0
 11
37.32346566841807
 21
12.86288944953867
 31
0.0
  0
LINE
  5
630
330
50B
100
AcDbEntity
  8
FURNITURE
 62
     7
100
AcDbLine
 10
36.47999683488524
 20
13.49549107468829
 30
0.0
 11
36.90173125165165
 21
13.07375665792188
 31
0.0
  0
LINE
  5
631
330
50B
100
AcDbEntity
  8
FURNITURE
 62
     7
100
AcDbLine
 10
36.05826355832324
 20
13.9172243512503
 30
0.0
 11
36.47999683488524
 21
13.49549107468829
 31
0.0
  0
LINE
  5
632
330
50B
100
AcDbEntity
  8
FURNITURE
 62
     7
100
AcDbLine
 10
35.63652914155682
 20
14.33895876801671
 30
0.0
 11
36.05826355832324
 21
13.9172243512503
 31
0.0
  0
LINE
  5
633
330
50B
100
AcDbEntity
  8
FURNITURE
 62
     7
100
AcDbLine
 10
35.42566193317544
 20
14.76069318478403
 30
0.0
 11
35.63652914155682
 21
14.33895876801671
 31
0.0
  0
LINE
  5
634
330
50B
100
AcDbEntity
  8
FURNITURE
 62
     7
100
AcDbLine
 10
35.00392865661343
 20
15.18242646134604
 30
0.0
 11
35.42566193317544
 21
14.76069318478403
 31
0.0
  0
LINE
  5
635
330
50B
100
AcDbEntity
  8
FURNITURE
 62
     7
100
AcDbLine
 10
34.7930614482284
 20
15.39329366972924
 30
0.0
 11
35.00392865661343
 21
15.18242646134604
 31
0.0
  0
LINE
  5
636
330
50B
100
AcDbEntity
  8
FURNITURE
 62
     7
100
AcDbLine
 10
34.37132703146199
 20
15.60416087811154
 30
0.0
 11
34.7930614482284
 21
15.39329366972924
 31
0.0
  0
LINE
  5
637
330
50B
100
AcDbEntity
  8
FURNITURE
 62
     7
100
AcDbLine
 10
33.94959261469558
 20
16.02589529487886
 30
0.0
 11
34.37132703146199
 21
15.60416087811154
 31
0.0
  0
LINE
  5
638
330
50B
100
AcDbEntity
  8
FURNITURE
 62
     7
100
AcDbLine
 10
33.52785933813357
 20
16.23676250326207
 30
0.0
 11
33.94959261469558
 21
16.02589529487886
 31
0.0
  0
LINE
  5
639
330
50B
100
AcDbEntity
  8
FURNITURE
 62
     7
100
AcDbLine
 10
33.10612492136716
 20
16.65849577982408
 30
0.0
 11
33.52785933813357
 21
16.23676250326207
 31
0.0
  0
LINE
  5
63A
330
50B
100
AcDbEntity
  8
FURNITURE
 62
     7
100
AcDbLine
 10
32.68439050460074
 20
17.08023019659049
 30
0.0
 11
33.10612492136716
 21
16.65849577982408
 31
0.0
  0
LINE
  5
63B
330
50B
100
AcDbEntity
  8
FURNITURE
 62
     7
100
AcDbLine
 10
32.47352329621572
 20
17.2910974049737
 30
0.0
 11
32.68439050460074
 21
17.08023019659049
 31
0.0
  0
LINE
  5
63C
330
50B
100
AcDbEntity
  8
FURNITURE
 62
     7
100
AcDbLine
 10
32.26265722803873
 20
17.71283182174102
 30
0.0
 11
32.47352329621572
 21
17.2910974049737
 31
0.0
  0
LINE
  5
63D
330
50B
100
AcDbEntity
  8
FURNITURE
 62
     7
100
AcDbLine
 10
-6.958611605521583
 20
17.92369788991891
 30
0.0
 11
-6.958611605521583
 21
17.71283182174102
 31
0.0
  0
LINE
  5
63E
330
50B
100
AcDbEntity
  8
FURNITURE
 62
     7
100
AcDbLine
 10
-7.169478813906608
 20
17.92369788991891
 30
0.0
 11
-6.958611605521583
 21
17.92369788991891
 31
0.0
  0
LINE
  5
63F
330
50B
100
AcDbEntity
  8
FURNITURE
 62
     7
100
AcDbLine
 10
-7.169478813906608
 20
18.13456509830212
 30
0.0
 11
-7.169478813906608
 21
17.92369788991891
 31
0.0
  0
LINE
  5
640
330
50B
100
AcDbEntity
  8
FURNITURE
 62
     7
100
AcDbLine
 10
-7.380346022287995
 20
18.13456509830212
 30
0.0
 11
-7.169478813906608
 21
18.13456509830212
 31
0.0
  0
LINE
  5
641
330
50B
100
AcDbEntity
  8
FURNITURE
 62
     7
100
AcDbLine
 10
-7.380346022287995
 20
18.34543230668532
 30
0.0
 11
-7.380346022287995
 21
18.13456509830212
 31
0.0
  0
LINE
  5
642
330
50B
100
AcDbEntity
  8
FURNITURE
 62
     7
100
AcDbLine
 10
-7.59121323067302
 20
18.34543230668532
 30
0.0
 11
-7.380346022287995
 21
18.34543230668532
 31
0.0
  0
LINE
  5
643
330
50B
100
AcDbEntity
  8
FURNITURE
 62
     7
100
AcDbLine
 10
-7.59121323067302
 20
18.34543230668532
 30
0.0
 11
-7.59121323067302
 21
18.34543230668532
 31
0.0
  0
LINE
  5
644
330
50B
100
AcDbEntity
  8
FURNITURE
 62
     7
100
AcDbLine
 10
-8.012946507235027
 20
18.13456509830212
 30
0.0
 11
-7.59121323067302
 21
18.34543230668532
 31
0.0
  0
LINE
  5
645
330
50B
100
AcDbEntity
  8
FURNITURE
 62
     7
100
AcDbLine
 10
-8.012946507235027
 20
18.13456509830212
 30
0.0
 11
-8.012946507235027
 21
18.13456509830212
 31
0.0
  0
LINE
  5
646
330
50B
100
AcDbEntity
  8
FURNITURE
 62
     7
100
AcDbLine
 10
-8.223813715616412
 20
17.92369788991891
 30
0.0
 11
-8.012946507235027
 21
18.13456509830212
 31
0.0
  0
LINE
  5
647
330
50B
100
AcDbEntity
  8
FURNITURE
 62
     7
100
AcDbLine
 10
-8.43468092400144
 20
17.71283182174102
 30
0.0
 11
-8.223813715616412
 21
17.92369788991891
 31
0.0
  0
LINE
  5
648
330
50B
100
AcDbEntity
  8
FURNITURE
 62
     7
100
AcDbLine
 10
-8.43468092400144
 20
17.2910974049737
 30
0.0
 11
-8.43468092400144
 21
17.71283182174102
 31
0.0
  0
LINE
  5
649
330
50B
100
AcDbEntity
  8
FURNITURE
 62
     7
100
AcDbLine
 10
-8.645548132382826
 20
17.08023019659049
 30
0.0
 11
-8.43468092400144
 21
17.2910974049737
 31
0.0
  0
LINE
  5
64A
330
50B
100
AcDbEntity
  8
FURNITURE
 62
     7
100
AcDbLine
 10
-8.856415340767851
 20
16.86936298820728
 30
0.0
 11
-8.645548132382826
 21
17.08023019659049
 31
0.0
  0
LINE
  5
64B
330
50B
100
AcDbEntity
  8
FURNITURE
 62
     7
100
AcDbLine
 10
-9.06728254914924
 20
16.65849577982408
 30
0.0
 11
-8.856415340767851
 21
16.86936298820728
 31
0.0
  0
LINE
  5
64C
330
50B
100
AcDbEntity
  8
FURNITURE
 62
     7
100
AcDbLine
 10
-9.489015825711247
 20
16.23676250326207
 30
0.0
 11
-9.06728254914924
 21
16.65849577982408
 31
0.0
  0
LINE
  5
64D
330
50B
100
AcDbEntity
  8
FURNITURE
 62
     7
100
AcDbLine
 10
-10.12161745086268
 20
15.81502808649475
 30
0.0
 11
-9.489015825711247
 21
16.23676250326207
 31
0.0
  0
LINE
  5
64E
330
50B
100
AcDbEntity
  8
FURNITURE
 62
     7
100
AcDbLine
 10
-10.5433518676291
 20
15.39329366972924
 30
0.0
 11
-10.12161745086268
 21
15.81502808649475
 31
0.0
  0
LINE
  5
64F
330
50B
100
AcDbEntity
  8
FURNITURE
 62
     7
100
AcDbLine
 10
-10.9650851441911
 20
14.97156039316724
 30
0.0
 11
-10.5433518676291
 21
15.39329366972924
 31
0.0
  0
LINE
  5
650
330
50B
100
AcDbEntity
  8
FURNITURE
 62
     7
100
AcDbLine
 10
-11.38681956095752
 20
14.76069318478403
 30
0.0
 11
-10.9650851441911
 21
14.97156039316724
 31
0.0
  0
LINE
  5
651
330
50B
100
AcDbEntity
  8
FURNITURE
 62
     7
100
AcDbLine
 10
-11.80855397772393
 20
14.33895876801671
 30
0.0
 11
-11.38681956095752
 21
14.76069318478403
 31
0.0
  0
LINE
  5
652
330
50B
100
AcDbEntity
  8
FURNITURE
 62
     7
100
AcDbLine
 10
-12.44115446267096
 20
13.9172243512503
 30
0.0
 11
-11.80855397772393
 21
14.33895876801671
 31
0.0
  0
LINE
  5
653
330
50B
100
AcDbEntity
  8
FURNITURE
 62
     7
100
AcDbLine
 10
-13.07375608781876
 20
13.49549107468829
 30
0.0
 11
-12.44115446267096
 21
13.9172243512503
 31
0.0
  0
LINE
  5
654
330
50B
100
AcDbEntity
  8
FURNITURE
 62
     7
100
AcDbLine
 10
-13.28462329620379
 20
13.28462386630508
 30
0.0
 11
-13.07375608781876
 21
13.49549107468829
 31
0.0
  0
LINE
  5
655
330
50B
100
AcDbEntity
  8
FURNITURE
 62
     7
100
AcDbLine
 10
-13.49548936438077
 20
13.07375665792188
 30
0.0
 11
-13.28462329620379
 21
13.28462386630508
 31
0.0
  0
LINE
  5
656
330
50B
100
AcDbEntity
  8
FURNITURE
 62
     7
100
AcDbLine
 10
-13.91722378114718
 20
12.86288944953867
 30
0.0
 11
-13.49548936438077
 21
13.07375665792188
 31
0.0
  0
LINE
  5
657
330
50B
100
AcDbEntity
  8
FURNITURE
 62
     7
100
AcDbLine
 10
-14.3389581979136
 20
12.44115503277226
 30
0.0
 11
-13.91722378114718
 21
12.86288944953867
 31
0.0
  0
LINE
  5
658
330
50B
100
AcDbEntity
  8
FURNITURE
 62
     7
100
AcDbLine
 10
-14.54982540629862
 20
12.23028782438814
 30
0.0
 11
-14.3389581979136
 21
12.44115503277226
 31
0.0
  0
LINE
  5
659
330
50B
100
AcDbEntity
  8
FURNITURE
 62
     7
100
AcDbLine
 10
-14.76069261468001
 20
11.80855454782704
 30
0.0
 11
-14.54982540629862
 21
12.23028782438814
 31
0.0
  0
LINE
  5
65A
330
50B
100
AcDbEntity
  8
FURNITURE
 62
     7
100
AcDbLine
 10
-14.97155868286063
 20
11.59768733944384
 30
0.0
 11
-14.76069261468001
 21
11.80855454782704
 31
0.0
  0
LINE
  5
65B
330
50B
100
AcDbEntity
  8
FURNITURE
 62
     7
100
AcDbLine
 10
-15.18242589124202
 20
11.17595292267651
 30
0.0
 11
-14.97155868286063
 21
11.59768733944384
 31
0.0
  0
LINE
  5
65C
330
50B
100
AcDbEntity
  8
FURNITURE
 62
     7
100
AcDbLine
 10
-15.18242589124202
 20
10.96508571429331
 30
0.0
 11
-15.18242589124202
 21
11.17595292267651
 31
0.0
  0
LINE
  5
65D
330
50B
100
AcDbEntity
  8
FURNITURE
 62
     7
100
AcDbLine
 10
-15.18242589124202
 20
10.96508571429331
 30
0.0
 11
-15.18242589124202
 21
10.96508571429331
 31
0.0
  0
LINE
  5
65E
330
50B
100
AcDbEntity
  8
FURNITURE
 62
     7
100
AcDbLine
 10
-14.97155868286063
 20
10.75421964611541
 30
0.0
 11
-15.18242589124202
 21
10.96508571429331
 31
0.0
  0
LINE
  5
65F
330
50B
100
AcDbEntity
  8
FURNITURE
 62
     7
100
AcDbLine
 10
-14.76069261468001
 20
10.75421964611541
 30
0.0
 11
-14.97155868286063
 21
10.75421964611541
 31
0.0
  0
LINE
  5
660
330
50B
100
AcDbEntity
  8
FURNITURE
 62
     7
100
AcDbLine
 10
-14.54982540629862
 20
10.54335243773221
 30
0.0
 11
-14.76069261468001
 21
10.75421964611541
 31
0.0
  0
LINE
  5
661
330
50B
100
AcDbEntity
  8
FURNITURE
 62
     7
100
AcDbLine
 10
-14.12809098953221
 20
10.54335243773221
 30
0.0
 11
-14.54982540629862
 21
10.54335243773221
 31
0.0
  0
LINE
  5
662
330
50B
100
AcDbEntity
  8
FURNITURE
 62
     7
100
AcDbLine
 10
-13.91722378114718
 20
10.33248522934809
 30
0.0
 11
-14.12809098953221
 21
10.54335243773221
 31
0.0
  0
LINE
  5
663
330
50B
100
AcDbEntity
  8
FURNITURE
 62
     7
100
AcDbLine
 10
-13.7063565727658
 20
10.33248522934809
 30
0.0
 11
-13.91722378114718
 21
10.33248522934809
 31
0.0
  0
LINE
  5
664
330
50B
100
AcDbEntity
  8
FURNITURE
 62
     7
100
AcDbLine
 10
-13.49548936438077
 20
9.910750812581682
 30
0.0
 11
-13.7063565727658
 21
10.33248522934809
 31
0.0
  0
LINE
  5
665
330
50B
100
AcDbEntity
  8
FURNITURE
 62
     7
100
AcDbLine
 10
-13.07375608781876
 20
9.699883604198476
 30
0.0
 11
-13.49548936438077
 21
9.910750812581682
 31
0.0
  0
LINE
  5
666
330
50B
100
AcDbEntity
  8
FURNITURE
 62
     7
100
AcDbLine
 10
-12.65202167105235
 20
9.278150327636467
 30
0.0
 11
-13.07375608781876
 21
9.699883604198476
 31
0.0
  0
LINE
  5
667
330
50B
100
AcDbEntity
  8
FURNITURE
 62
     7
100
AcDbLine
 10
-12.44115446267096
 20
9.06728311925326
 30
0.0
 11
-12.65202167105235
 21
9.278150327636467
 31
0.0
  0
LINE
  5
668
330
50B
100
AcDbEntity
  8
FURNITURE
 62
     7
100
AcDbLine
 10
-12.01942118610896
 20
8.645548702486847
 30
0.0
 11
-12.44115446267096
 21
9.06728311925326
 31
0.0
  0
LINE
  5
669
330
50B
100
AcDbEntity
  8
FURNITURE
 62
     7
100
AcDbLine
 10
-11.59768676934254
 20
8.434681494103643
 30
0.0
 11
-12.01942118610896
 21
8.645548702486847
 31
0.0
  0
LINE
  5
66A
330
50B
100
AcDbEntity
  8
FURNITURE
 62
     7
100
AcDbLine
 10
-11.17595235257613
 20
8.223814285720437
 30
0.0
 11
-11.59768676934254
 21
8.434681494103643
 31
0.0
  0
LINE
  5
66B
330
50B
100
AcDbEntity
  8
FURNITURE
 62
     7
100
AcDbLine
 10
-10.9650851441911
 20
8.223814285720437
 30
0.0
 11
-11.17595235257613
 21
8.223814285720437
 31
0.0
  0
LINE
  5
66C
330
50B
100
AcDbEntity
  8
FURNITURE
 62
     7
100
AcDbLine
 10
-4.006472968565502
 20
8.223814285720437
 30
0.0
 11
-10.9650851441911
 21
8.223814285720437
 31
0.0
  0
LINE
  5
66D
330
50B
100
AcDbEntity
  8
FURNITURE
 62
     7
100
AcDbLine
 10
-3.584739692003495
 20
8.223814285720437
 30
0.0
 11
-4.006472968565502
 21
8.223814285720437
 31
0.0
  0
LINE
  5
66E
330
50B
100
AcDbEntity
  8
FURNITURE
 62
     7
100
AcDbLine
 10
-3.163005275237082
 20
8.434681494103643
 30
0.0
 11
-3.584739692003495
 21
8.223814285720437
 31
0.0
  0
LINE
  5
66F
330
50B
100
AcDbEntity
  8
FURNITURE
 62
     7
100
AcDbLine
 10
-2.74127085847067
 20
8.856415910870055
 30
0.0
 11
-3.163005275237082
 21
8.434681494103643
 31
0.0
  0
LINE
  5
670
330
50B
100
AcDbEntity
  8
FURNITURE
 62
     7
100
AcDbLine
 10
-2.530403650089283
 20
9.06728311925326
 30
0.0
 11
-2.74127085847067
 21
8.856415910870055
 31
0.0
  0
LINE
  5
671
330
50B
100
AcDbEntity
  8
FURNITURE
 62
     7
100
AcDbLine
 10
-2.319537581908662
 20
9.489016395815268
 30
0.0
 11
-2.530403650089283
 21
9.06728311925326
 31
0.0
  0
LINE
  5
672
330
50B
100
AcDbEntity
  8
FURNITURE
 62
     7
100
AcDbLine
 10
-1.897803165142249
 20
9.910750812581682
 30
0.0
 11
-2.319537581908662
 21
9.489016395815268
 31
0.0
  0
LINE
  5
673
330
50B
100
AcDbEntity
  8
FURNITURE
 62
     7
100
AcDbLine
 10
-1.686935956760861
 20
10.33248522934809
 30
0.0
 11
-1.897803165142249
 21
9.910750812581682
 31
0.0
  0
LINE
  5
674
330
50B
100
AcDbEntity
  8
FURNITURE
 62
     7
100
AcDbLine
 10
-1.26520153999081
 20
10.54335243773221
 30
0.0
 11
-1.686935956760861
 21
10.33248522934809
 31
0.0
  0
LINE
  5
675
330
50B
100
AcDbEntity
  8
FURNITURE
 62
     7
100
AcDbLine
 10
-1.054334331609425
 20
10.75421964611541
 30
0.0
 11
-1.26520153999081
 21
10.54335243773221
 31
0.0
  0
LINE
  5
676
330
50B
100
AcDbEntity
  8
FURNITURE
 62
     7
100
AcDbLine
 10
-0.6326010550474166
 20
10.75421964611541
 30
0.0
 11
-1.054334331609425
 21
10.75421964611541
 31
0.0
  0
LINE
  5
677
330
50B
100
AcDbEntity
  8
FURNITURE
 62
     7
100
AcDbLine
 10
-0.4217338466623917
 20
10.75421964611541
 30
0.0
 11
-0.6326010550474166
 21
10.75421964611541
 31
0.0
  0
LINE
  5
678
330
50B
100
AcDbEntity
  8
FURNITURE
 62
     7
100
AcDbLine
 10
0.0000005701040209
 20
10.75421964611541
 30
0.0
 11
-0.4217338466623917
 21
10.75421964611541
 31
0.0
  0
LINE
  5
679
330
50B
100
AcDbEntity
  8
FURNITURE
 62
     7
100
AcDbLine
 10
0.210867778485408
 20
10.75421964611541
 30
0.0
 11
0.0000005701040209
 21
10.75421964611541
 31
0.0
  0
LINE
  5
67A
330
50B
100
AcDbEntity
  8
FURNITURE
 62
     7
100
AcDbLine
 10
0.4217338466660295
 20
10.75421964611541
 30
0.0
 11
0.210867778485408
 21
10.75421964611541
 31
0.0
  0
LINE
  5
67B
330
50B
100
AcDbEntity
  8
FURNITURE
 62
     7
100
AcDbLine
 10
0.6326010550474166
 20
10.96508571429331
 30
0.0
 11
0.4217338466660295
 21
10.75421964611541
 31
0.0
  0
LINE
  5
67C
330
50B
100
AcDbEntity
  8
FURNITURE
 62
     7
100
AcDbLine
 10
0.6326010550474166
 20
11.17595292267651
 30
0.0
 11
0.6326010550474166
 21
10.96508571429331
 31
0.0
  0
LINE
  5
67D
330
50B
100
AcDbEntity
  8
FURNITURE
 62
     7
100
AcDbLine
 10
0.4217338466660295
 20
11.38682013106063
 30
0.0
 11
0.6326010550474166
 21
11.17595292267651
 31
0.0
  0
LINE
  5
67E
330
50B
100
AcDbEntity
  8
FURNITURE
 62
     7
100
AcDbLine
 10
0.4217338466660295
 20
11.59768733944384
 30
0.0
 11
0.4217338466660295
 21
11.38682013106063
 31
0.0
  0
LINE
  5
67F
330
50B
100
AcDbEntity
  8
FURNITURE
 62
     7
100
AcDbLine
 10
0.210867778485408
 20
11.59768733944384
 30
0.0
 11
0.4217338466660295
 21
11.59768733944384
 31
0.0
  0
LINE
  5
680
330
50B
100
AcDbEntity
  8
FURNITURE
 62
     7
100
AcDbLine
 10
0.0000005701040209
 20
11.80855454782704
 30
0.0
 11
0.210867778485408
 21
11.59768733944384
 31
0.0
  0
LINE
  5
681
330
50B
100
AcDbEntity
  8
FURNITURE
 62
     7
100
AcDbLine
 10
-0.2108666382810043
 20
11.80855454782704
 30
0.0
 11
0.0000005701040209
 21
11.80855454782704
 31
0.0
  0
LINE
  5
682
330
50B
100
AcDbEntity
  8
FURNITURE
 62
     7
100
AcDbLine
 10
-0.4217338466623917
 20
12.01942175621025
 30
0.0
 11
-0.2108666382810043
 21
11.80855454782704
 31
0.0
  0
LINE
  5
683
330
50B
100
AcDbEntity
  8
FURNITURE
 62
     7
100
AcDbLine
 10
-0.6326010550474166
 20
12.01942175621025
 30
0.0
 11
-0.4217338466623917
 21
12.01942175621025
 31
0.0
  0
LINE
  5
684
330
50B
100
AcDbEntity
  8
FURNITURE
 62
     7
100
AcDbLine
 10
-0.8434682634288035
 20
12.23028782438814
 30
0.0
 11
-0.6326010550474166
 21
12.01942175621025
 31
0.0
  0
LINE
  5
685
330
50B
100
AcDbEntity
  8
FURNITURE
 62
     7
100
AcDbLine
 10
-1.26520153999081
 20
12.44115503277226
 30
0.0
 11
-0.8434682634288035
 21
12.23028782438814
 31
0.0
  0
LINE
  5
686
330
50B
100
AcDbEntity
  8
FURNITURE
 62
     7
100
AcDbLine
 10
-1.686935956760861
 20
12.86288944953867
 30
0.0
 11
-1.26520153999081
 21
12.44115503277226
 31
0.0
  0
LINE
  5
687
330
50B
100
AcDbEntity
  8
FURNITURE
 62
     7
100
AcDbLine
 10
-2.108670373527274
 20
13.07375665792188
 30
0.0
 11
-1.686935956760861
 21
12.86288944953867
 31
0.0
  0
LINE
  5
688
330
50B
100
AcDbEntity
  8
FURNITURE
 62
     7
100
AcDbLine
 10
-2.530403650089283
 20
13.49549107468829
 30
0.0
 11
-2.108670373527274
 21
13.07375665792188
 31
0.0
  0
LINE
  5
689
330
50B
100
AcDbEntity
  8
FURNITURE
 62
     7
100
AcDbLine
 10
-2.952138066855694
 20
13.9172243512503
 30
0.0
 11
-2.530403650089283
 21
13.49549107468829
 31
0.0
  0
LINE
  5
68A
330
50B
100
AcDbEntity
  8
FURNITURE
 62
     7
100
AcDbLine
 10
-3.373872483622108
 20
14.33895876801671
 30
0.0
 11
-2.952138066855694
 21
13.9172243512503
 31
0.0
  0
LINE
  5
68B
330
50B
100
AcDbEntity
  8
FURNITURE
 62
     7
100
AcDbLine
 10
-3.795605760184116
 20
14.76069318478403
 30
0.0
 11
-3.373872483622108
 21
14.33895876801671
 31
0.0
  0
LINE
  5
68C
330
50B
100
AcDbEntity
  8
FURNITURE
 62
     7
100
AcDbLine
 10
-4.006472968565502
 20
15.18242646134604
 30
0.0
 11
-3.795605760184116
 21
14.76069318478403
 31
0.0
  0
LINE
  5
68D
330
50B
100
AcDbEntity
  8
FURNITURE
 62
     7
100
AcDbLine
 10
-4.217340176950528
 20
15.39329366972924
 30
0.0
 11
-4.006472968565502
 21
15.18242646134604
 31
0.0
  0
LINE
  5
68E
330
50B
100
AcDbEntity
  8
FURNITURE
 62
     7
100
AcDbLine
 10
-4.639074593716941
 20
15.60416087811245
 30
0.0
 11
-4.217340176950528
 21
15.39329366972924
 31
0.0
  0
LINE
  5
68F
330
50B
100
AcDbEntity
  8
FURNITURE
 62
     7
100
AcDbLine
 10
-5.060809010483354
 20
16.02589529487886
 30
0.0
 11
-4.639074593716941
 21
15.60416087811245
 31
0.0
  0
LINE
  5
690
330
50B
100
AcDbEntity
  8
FURNITURE
 62
     7
100
AcDbLine
 10
-5.482542287045362
 20
16.23676250326207
 30
0.0
 11
-5.060809010483354
 21
16.02589529487886
 31
0.0
  0
LINE
  5
691
330
50B
100
AcDbEntity
  8
FURNITURE
 62
     7
100
AcDbLine
 10
-5.904276703811772
 20
16.65849577982408
 30
0.0
 11
-5.482542287045362
 21
16.23676250326207
 31
0.0
  0
LINE
  5
692
330
50B
100
AcDbEntity
  8
FURNITURE
 62
     7
100
AcDbLine
 10
-6.326011120578187
 20
17.08023019659049
 30
0.0
 11
-5.904276703811772
 21
16.65849577982408
 31
0.0
  0
LINE
  5
693
330
50B
100
AcDbEntity
  8
FURNITURE
 62
     7
100
AcDbLine
 10
-6.747744397140195
 20
17.2910974049737
 30
0.0
 11
-6.326011120578187
 21
17.08023019659049
 31
0.0
  0
LINE
  5
694
330
50B
100
AcDbEntity
  8
FURNITURE
 62
     7
100
AcDbLine
 10
-6.747744397140195
 20
17.71283182174102
 30
0.0
 11
-6.747744397140195
 21
17.2910974049737
 31
0.0
  0
LINE
  5
695
330
50B
100
AcDbEntity
  8
FURNITURE
 62
     7
100
AcDbLine
 10
-31.63005446268289
 20
17.92369788991891
 30
0.0
 11
-31.63005446268289
 21
17.71283182174102
 31
0.0
  0
LINE
  5
696
330
50B
100
AcDbEntity
  8
FURNITURE
 62
     7
100
AcDbLine
 10
-31.63005446268289
 20
17.92369788991891
 30
0.0
 11
-31.63005446268289
 21
17.92369788991891
 31
0.0
  0
LINE
  5
697
330
50B
100
AcDbEntity
  8
FURNITURE
 62
     7
100
AcDbLine
 10
-31.41918839450591
 20
18.13456509830212
 30
0.0
 11
-31.63005446268289
 21
17.92369788991891
 31
0.0
  0
LINE
  5
698
330
50B
100
AcDbEntity
  8
FURNITURE
 62
     7
100
AcDbLine
 10
-31.20832118612089
 20
18.13456509830212
 30
0.0
 11
-31.41918839450591
 21
18.13456509830212
 31
0.0
  0
LINE
  5
699
330
50B
100
AcDbEntity
  8
FURNITURE
 62
     7
100
AcDbLine
 10
-31.20832118612089
 20
18.34543230668532
 30
0.0
 11
-31.20832118612089
 21
18.13456509830212
 31
0.0
  0
LINE
  5
69A
330
50B
100
AcDbEntity
  8
FURNITURE
 62
     7
100
AcDbLine
 10
-30.9974539777395
 20
18.34543230668532
 30
0.0
 11
-31.20832118612089
 21
18.34543230668532
 31
0.0
  0
LINE
  5
69B
330
50B
100
AcDbEntity
  8
FURNITURE
 62
     7
100
AcDbLine
 10
-30.9974539777395
 20
18.34543230668532
 30
0.0
 11
-30.9974539777395
 21
18.34543230668532
 31
0.0
  0
LINE
  5
69C
330
50B
100
AcDbEntity
  8
FURNITURE
 62
     7
100
AcDbLine
 10
-30.78658676935447
 20
18.13456509830212
 30
0.0
 11
-30.9974539777395
 21
18.34543230668532
 31
0.0
  0
LINE
  5
69D
330
50B
100
AcDbEntity
  8
FURNITURE
 62
     7
100
AcDbLine
 10
-30.57571956097309
 20
18.13456509830212
 30
0.0
 11
-30.78658676935447
 21
18.13456509830212
 31
0.0
  0
LINE
  5
69E
330
50B
100
AcDbEntity
  8
FURNITURE
 62
     7
100
AcDbLine
 10
-30.36485235258806
 20
17.92369788991891
 30
0.0
 11
-30.57571956097309
 21
18.13456509830212
 31
0.0
  0
LINE
  5
69F
330
50B
100
AcDbEntity
  8
FURNITURE
 62
     7
100
AcDbLine
 10
-30.15398514420667
 20
17.71283182174102
 30
0.0
 11
-30.36485235258806
 21
17.92369788991891
 31
0.0
  0
LINE
  5
6A0
330
50B
100
AcDbEntity
  8
FURNITURE
 62
     7
100
AcDbLine
 10
-30.15398514420667
 20
17.2910974049737
 30
0.0
 11
-30.15398514420667
 21
17.71283182174102
 31
0.0
  0
LINE
  5
6A1
330
50B
100
AcDbEntity
  8
FURNITURE
 62
     7
100
AcDbLine
 10
-29.94311907602605
 20
17.08023019659049
 30
0.0
 11
-30.15398514420667
 21
17.2910974049737
 31
0.0
  0
LINE
  5
6A2
330
50B
100
AcDbEntity
  8
FURNITURE
 62
     7
100
AcDbLine
 10
-29.73225186764466
 20
16.86936298820728
 30
0.0
 11
-29.94311907602605
 21
17.08023019659049
 31
0.0
  0
LINE
  5
6A3
330
50B
100
AcDbEntity
  8
FURNITURE
 62
     7
100
AcDbLine
 10
-29.73225186764466
 20
16.65849577982408
 30
0.0
 11
-29.73225186764466
 21
16.86936298820728
 31
0.0
  0
LINE
  5
6A4
330
50B
100
AcDbEntity
  8
FURNITURE
 62
     7
100
AcDbLine
 10
-29.09965024249323
 20
16.23676250326207
 30
0.0
 11
-29.73225186764466
 21
16.65849577982408
 31
0.0
  0
LINE
  5
6A5
330
50B
100
AcDbEntity
  8
FURNITURE
 62
     7
100
AcDbLine
 10
-28.46704975754983
 20
15.81502808649475
 30
0.0
 11
-29.09965024249323
 21
16.23676250326207
 31
0.0
  0
LINE
  5
6A6
330
50B
100
AcDbEntity
  8
FURNITURE
 62
     7
100
AcDbLine
 10
-28.04531534077978
 20
15.39329366972924
 30
0.0
 11
-28.46704975754983
 21
15.81502808649475
 31
0.0
  0
LINE
  5
6A7
330
50B
100
AcDbEntity
  8
FURNITURE
 62
     7
100
AcDbLine
 10
-27.62358092401701
 20
14.97156039316724
 30
0.0
 11
-28.04531534077978
 21
15.39329366972924
 31
0.0
  0
LINE
  5
6A8
330
50B
100
AcDbEntity
  8
FURNITURE
 62
     7
100
AcDbLine
 10
-27.201847647455
 20
14.76069318478403
 30
0.0
 11
-27.62358092401701
 21
14.97156039316724
 31
0.0
  0
LINE
  5
6A9
330
50B
100
AcDbEntity
  8
FURNITURE
 62
     7
100
AcDbLine
 10
-26.78011323068495
 20
14.33895876801671
 30
0.0
 11
-27.201847647455
 21
14.76069318478403
 31
0.0
  0
LINE
  5
6AA
330
50B
100
AcDbEntity
  8
FURNITURE
 62
     7
100
AcDbLine
 10
-26.14751160553715
 20
13.9172243512503
 30
0.0
 11
-26.78011323068495
 21
14.33895876801671
 31
0.0
  0
LINE
  5
6AB
330
50B
100
AcDbEntity
  8
FURNITURE
 62
     7
100
AcDbLine
 10
-25.51491112059011
 20
13.49549107468829
 30
0.0
 11
-26.14751160553715
 21
13.9172243512503
 31
0.0
  0
LINE
  5
6AC
330
50B
100
AcDbEntity
  8
FURNITURE
 62
     7
100
AcDbLine
 10
-25.30404391220873
 20
13.28462386630508
 30
0.0
 11
-25.51491112059011
 21
13.49549107468829
 31
0.0
  0
LINE
  5
6AD
330
50B
100
AcDbEntity
  8
FURNITURE
 62
     7
100
AcDbLine
 10
-25.0931767038237
 20
13.07375665792188
 30
0.0
 11
-25.30404391220873
 21
13.28462386630508
 31
0.0
  0
LINE
  5
6AE
330
50B
100
AcDbEntity
  8
FURNITURE
 62
     7
100
AcDbLine
 10
-24.67144228705729
 20
12.86288944953867
 30
0.0
 11
-25.0931767038237
 21
13.07375665792188
 31
0.0
  0
LINE
  5
6AF
330
50B
100
AcDbEntity
  8
FURNITURE
 62
     7
100
AcDbLine
 10
-24.24970901049528
 20
12.44115503277226
 30
0.0
 11
-24.67144228705729
 21
12.86288944953867
 31
0.0
  0
LINE
  5
6B0
330
50B
100
AcDbEntity
  8
FURNITURE
 62
     7
100
AcDbLine
 10
-24.03884180211389
 20
12.23028782438814
 30
0.0
 11
-24.24970901049528
 21
12.44115503277226
 31
0.0
  0
LINE
  5
6B1
330
50B
100
AcDbEntity
  8
FURNITURE
 62
     7
100
AcDbLine
 10
-23.82797459372887
 20
11.80855454782704
 30
0.0
 11
-24.03884180211389
 21
12.23028782438814
 31
0.0
  0
LINE
  5
6B2
330
50B
100
AcDbEntity
  8
FURNITURE
 62
     7
100
AcDbLine
 10
-23.61710738534748
 20
11.59768733944384
 30
0.0
 11
-23.82797459372887
 21
11.80855454782704
 31
0.0
  0
LINE
  5
6B3
330
50B
100
AcDbEntity
  8
FURNITURE
 62
     7
100
AcDbLine
 10
-23.40624017696246
 20
11.17595292267651
 30
0.0
 11
-23.61710738534748
 21
11.59768733944384
 31
0.0
  0
LINE
  5
6B4
330
50B
100
AcDbEntity
  8
FURNITURE
 62
     7
100
AcDbLine
 10
-23.40624017696246
 20
10.96508571429331
 30
0.0
 11
-23.40624017696246
 21
11.17595292267651
 31
0.0
  0
LINE
  5
6B5
330
50B
100
AcDbEntity
  8
FURNITURE
 62
     7
100
AcDbLine
 10
-23.40624017696246
 20
10.96508571429331
 30
0.0
 11
-23.40624017696246
 21
10.96508571429331
 31
0.0
  0
LINE
  5
6B6
330
50B
100
AcDbEntity
  8
FURNITURE
 62
     7
100
AcDbLine
 10
-23.61710738534748
 20
10.75421964611541
 30
0.0
 11
-23.40624017696246
 21
10.96508571429331
 31
0.0
  0
LINE
  5
6B7
330
50B
100
AcDbEntity
  8
FURNITURE
 62
     7
100
AcDbLine
 10
-23.82797459372887
 20
10.75421964611541
 30
0.0
 11
-23.61710738534748
 21
10.75421964611541
 31
0.0
  0
LINE
  5
6B8
330
50B
100
AcDbEntity
  8
FURNITURE
 62
     7
100
AcDbLine
 10
-24.03884180211389
 20
10.54335243773221
 30
0.0
 11
-23.82797459372887
 21
10.75421964611541
 31
0.0
  0
LINE
  5
6B9
330
50B
100
AcDbEntity
  8
FURNITURE
 62
     7
100
AcDbLine
 10
-24.4605762188803
 20
10.54335243773221
 30
0.0
 11
-24.03884180211389
 21
10.54335243773221
 31
0.0
  0
LINE
  5
6BA
330
50B
100
AcDbEntity
  8
FURNITURE
 62
     7
100
AcDbLine
 10
-24.67144228705729
 20
10.33248522934809
 30
0.0
 11
-24.4605762188803
 21
10.54335243773221
 31
0.0
  0
LINE
  5
6BB
330
50B
100
AcDbEntity
  8
FURNITURE
 62
     7
100
AcDbLine
 10
-24.88230949544231
 20
10.33248522934809
 30
0.0
 11
-24.67144228705729
 21
10.33248522934809
 31
0.0
  0
LINE
  5
6BC
330
50B
100
AcDbEntity
  8
FURNITURE
 62
     7
100
AcDbLine
 10
-25.0931767038237
 20
9.910750812581682
 30
0.0
 11
-24.88230949544231
 21
10.33248522934809
 31
0.0
  0
LINE
  5
6BD
330
50B
100
AcDbEntity
  8
FURNITURE
 62
     7
100
AcDbLine
 10
-25.51491112059011
 20
9.699883604198476
 30
0.0
 11
-25.0931767038237
 21
9.910750812581682
 31
0.0
  0
LINE
  5
6BE
330
50B
100
AcDbEntity
  8
FURNITURE
 62
     7
100
AcDbLine
 10
-25.93664553735653
 20
9.278150327636467
 30
0.0
 11
-25.51491112059011
 21
9.699883604198476
 31
0.0
  0
LINE
  5
6BF
330
50B
100
AcDbEntity
  8
FURNITURE
 62
     7
100
AcDbLine
 10
-26.14751160553715
 20
9.06728311925326
 30
0.0
 11
-25.93664553735653
 21
9.278150327636467
 31
0.0
  0
LINE
  5
6C0
330
50B
100
AcDbEntity
  8
FURNITURE
 62
     7
100
AcDbLine
 10
-26.56924602230356
 20
8.645548702486847
 30
0.0
 11
-26.14751160553715
 21
9.06728311925326
 31
0.0
  0
LINE
  5
6C1
330
50B
100
AcDbEntity
  8
FURNITURE
 62
     7
100
AcDbLine
 10
-26.99098043906997
 20
8.434681494103643
 30
0.0
 11
-26.56924602230356
 21
8.645548702486847
 31
0.0
  0
LINE
  5
6C2
330
50B
100
AcDbEntity
  8
FURNITURE
 62
     7
100
AcDbLine
 10
-27.41271371563198
 20
8.223814285720437
 30
0.0
 11
-26.99098043906997
 21
8.434681494103643
 31
0.0
  0
LINE
  5
6C3
330
50B
100
AcDbEntity
  8
FURNITURE
 62
     7
100
AcDbLine
 10
-27.83444813239839
 20
8.223814285720437
 30
0.0
 11
-27.41271371563198
 21
8.223814285720437
 31
0.0
  0
LINE
  5
6C4
330
50B
100
AcDbEntity
  8
FURNITURE
 62
     7
100
AcDbLine
 10
-34.58219309963897
 20
8.223814285720437
 30
0.0
 11
-27.83444813239839
 21
8.223814285720437
 31
0.0
  0
LINE
  5
6C5
330
50B
100
AcDbEntity
  8
FURNITURE
 62
     7
100
AcDbLine
 10
-35.00392751640538
 20
8.223814285720437
 30
0.0
 11
-34.58219309963897
 21
8.223814285720437
 31
0.0
  0
LINE
  5
6C6
330
50B
100
AcDbEntity
  8
FURNITURE
 62
     7
100
AcDbLine
 10
-35.42566193317544
 20
8.434681494103643
 30
0.0
 11
-35.00392751640538
 21
8.223814285720437
 31
0.0
  0
LINE
  5
6C7
330
50B
100
AcDbEntity
  8
FURNITURE
 62
     7
100
AcDbLine
 10
-35.84739520973381
 20
8.856415910870055
 30
0.0
 11
-35.42566193317544
 21
8.434681494103643
 31
0.0
  0
LINE
  5
6C8
330
50B
100
AcDbEntity
  8
FURNITURE
 62
     7
100
AcDbLine
 10
-36.05826241811883
 20
9.06728311925326
 30
0.0
 11
-35.84739520973381
 21
8.856415910870055
 31
0.0
  0
LINE
  5
6C9
330
50B
100
AcDbEntity
  8
FURNITURE
 62
     7
100
AcDbLine
 10
-36.26912962650022
 20
9.489016395815268
 30
0.0
 11
-36.05826241811883
 21
9.06728311925326
 31
0.0
  0
LINE
  5
6CA
330
50B
100
AcDbEntity
  8
FURNITURE
 62
     7
100
AcDbLine
 10
-36.69086404327027
 20
9.910750812581682
 30
0.0
 11
-36.26912962650022
 21
9.489016395815268
 31
0.0
  0
LINE
  5
6CB
330
50B
100
AcDbEntity
  8
FURNITURE
 62
     7
100
AcDbLine
 10
-36.90173125165165
 20
10.33248522934809
 30
0.0
 11
-36.69086404327027
 21
9.910750812581682
 31
0.0
  0
LINE
  5
6CC
330
50B
100
AcDbEntity
  8
FURNITURE
 62
     7
100
AcDbLine
 10
-37.32346452821366
 20
10.54335243773221
 30
0.0
 11
-36.90173125165165
 21
10.33248522934809
 31
0.0
  0
LINE
  5
6CD
330
50B
100
AcDbEntity
  8
FURNITURE
 62
     7
100
AcDbLine
 10
-37.53433173659869
 20
10.75421964611541
 30
0.0
 11
-37.32346452821366
 21
10.54335243773221
 31
0.0
  0
LINE
  5
6CE
330
50B
100
AcDbEntity
  8
FURNITURE
 62
     7
100
AcDbLine
 10
-37.9560661533651
 20
10.75421964611541
 30
0.0
 11
-37.53433173659869
 21
10.75421964611541
 31
0.0
  0
LINE
  5
6CF
330
50B
100
AcDbEntity
  8
FURNITURE
 62
     7
100
AcDbLine
 10
-38.1669333617465
 20
10.75421964611541
 30
0.0
 11
-37.9560661533651
 21
10.75421964611541
 31
0.0
  0
LINE
  5
6D0
330
50B
100
AcDbEntity
  8
FURNITURE
 62
     7
100
AcDbLine
 10
-38.5886666383085
 20
10.75421964611541
 30
0.0
 11
-38.1669333617465
 21
10.75421964611541
 31
0.0
  0
LINE
  5
6D1
330
50B
100
AcDbEntity
  8
FURNITURE
 62
     7
100
AcDbLine
 10
-38.79953384669353
 20
10.75421964611541
 30
0.0
 11
-38.5886666383085
 21
10.75421964611541
 31
0.0
  0
LINE
  5
6D2
330
50B
100
AcDbEntity
  8
FURNITURE
 62
     7
100
AcDbLine
 10
-39.01040105507491
 20
10.75421964611541
 30
0.0
 11
-38.79953384669353
 21
10.75421964611541
 31
0.0
  0
LINE
  5
6D3
330
50B
100
AcDbEntity
  8
FURNITURE
 62
     7
100
AcDbLine
 10
-39.22126826345993
 20
10.96508571429331
 30
0.0
 11
-39.01040105507491
 21
10.75421964611541
 31
0.0
  0
LINE
  5
6D4
330
50B
100
AcDbEntity
  8
FURNITURE
 62
     7
100
AcDbLine
 10
-39.22126826345993
 20
11.17595292267651
 30
0.0
 11
-39.22126826345993
 21
10.96508571429331
 31
0.0
  0
LINE
  5
6D5
330
50B
100
AcDbEntity
  8
FURNITURE
 62
     7
100
AcDbLine
 10
-39.01040105507491
 20
11.38682013106063
 30
0.0
 11
-39.22126826345993
 21
11.17595292267651
 31
0.0
  0
LINE
  5
6D6
330
50B
100
AcDbEntity
  8
FURNITURE
 62
     7
100
AcDbLine
 10
-39.01040105507491
 20
11.59768733944384
 30
0.0
 11
-39.01040105507491
 21
11.38682013106063
 31
0.0
  0
LINE
  5
6D7
330
50B
100
AcDbEntity
  8
FURNITURE
 62
     7
100
AcDbLine
 10
-38.79953384669353
 20
11.59768733944384
 30
0.0
 11
-39.01040105507491
 21
11.59768733944384
 31
0.0
  0
LINE
  5
6D8
330
50B
100
AcDbEntity
  8
FURNITURE
 62
     7
100
AcDbLine
 10
-38.5886666383085
 20
11.80855454782704
 30
0.0
 11
-38.79953384669353
 21
11.59768733944384
 31
0.0
  0
LINE
  5
6D9
330
50B
100
AcDbEntity
  8
FURNITURE
 62
     7
100
AcDbLine
 10
-38.37780057013151
 20
11.80855454782704
 30
0.0
 11
-38.5886666383085
 21
11.80855454782704
 31
0.0
  0
LINE
  5
6DA
330
50B
100
AcDbEntity
  8
FURNITURE
 62
     7
100
AcDbLine
 10
-38.1669333617465
 20
12.01942175621025
 30
0.0
 11
-38.37780057013151
 21
11.80855454782704
 31
0.0
  0
LINE
  5
6DB
330
50B
100
AcDbEntity
  8
FURNITURE
 62
     7
100
AcDbLine
 10
-37.9560661533651
 20
12.01942175621025
 30
0.0
 11
-38.1669333617465
 21
12.01942175621025
 31
0.0
  0
LINE
  5
6DC
330
50B
100
AcDbEntity
  8
FURNITURE
 62
     7
100
AcDbLine
 10
-37.74519894498007
 20
12.23028782438814
 30
0.0
 11
-37.9560661533651
 21
12.01942175621025
 31
0.0
  0
LINE
  5
6DD
330
50B
100
AcDbEntity
  8
FURNITURE
 62
     7
100
AcDbLine
 10
-37.32346452821366
 20
12.44115503277226
 30
0.0
 11
-37.74519894498007
 21
12.23028782438814
 31
0.0
  0
LINE
  5
6DE
330
50B
100
AcDbEntity
  8
FURNITURE
 62
     7
100
AcDbLine
 10
-36.90173125165165
 20
12.86288944953867
 30
0.0
 11
-37.32346452821366
 21
12.44115503277226
 31
0.0
  0
LINE
  5
6DF
330
50B
100
AcDbEntity
  8
FURNITURE
 62
     7
100
AcDbLine
 10
-36.47999683488524
 20
13.07375665792188
 30
0.0
 11
-36.90173125165165
 21
12.86288944953867
 31
0.0
  0
LINE
  5
6E0
330
50B
100
AcDbEntity
  8
FURNITURE
 62
     7
100
AcDbLine
 10
-36.05826241811883
 20
13.49549107468829
 30
0.0
 11
-36.47999683488524
 21
13.07375665792188
 31
0.0
  0
LINE
  5
6E1
330
50B
100
AcDbEntity
  8
FURNITURE
 62
     7
100
AcDbLine
 10
-35.63652914155682
 20
13.9172243512503
 30
0.0
 11
-36.05826241811883
 21
13.49549107468829
 31
0.0
  0
LINE
  5
6E2
330
50B
100
AcDbEntity
  8
FURNITURE
 62
     7
100
AcDbLine
 10
-35.21479472479041
 20
14.33895876801671
 30
0.0
 11
-35.63652914155682
 21
13.9172243512503
 31
0.0
  0
LINE
  5
6E3
330
50B
100
AcDbEntity
  8
FURNITURE
 62
     7
100
AcDbLine
 10
-34.793060308024
 20
14.76069318478403
 30
0.0
 11
-35.21479472479041
 21
14.33895876801671
 31
0.0
  0
LINE
  5
6E4
330
50B
100
AcDbEntity
  8
FURNITURE
 62
     7
100
AcDbLine
 10
-34.58219309963897
 20
15.18242646134604
 30
0.0
 11
-34.793060308024
 21
14.76069318478403
 31
0.0
  0
LINE
  5
6E5
330
50B
100
AcDbEntity
  8
FURNITURE
 62
     7
100
AcDbLine
 10
-34.37132589125758
 20
15.39329366972924
 30
0.0
 11
-34.58219309963897
 21
15.18242646134604
 31
0.0
  0
LINE
  5
6E6
330
50B
100
AcDbEntity
  8
FURNITURE
 62
     7
100
AcDbLine
 10
-33.94959261469558
 20
15.60416087811245
 30
0.0
 11
-34.37132589125758
 21
15.39329366972924
 31
0.0
  0
LINE
  5
6E7
330
50B
100
AcDbEntity
  8
FURNITURE
 62
     7
100
AcDbLine
 10
-33.52785819792917
 20
16.02589529487886
 30
0.0
 11
-33.94959261469558
 21
15.60416087811245
 31
0.0
  0
LINE
  5
6E8
330
50B
100
AcDbEntity
  8
FURNITURE
 62
     7
100
AcDbLine
 10
-33.10612378116275
 20
16.23676250326207
 30
0.0
 11
-33.52785819792917
 21
16.02589529487886
 31
0.0
  0
LINE
  5
6E9
330
50B
100
AcDbEntity
  8
FURNITURE
 62
     7
100
AcDbLine
 10
-32.68439050460074
 20
16.65849577982408
 30
0.0
 11
-33.10612378116275
 21
16.23676250326207
 31
0.0
  0
LINE
  5
6EA
330
50B
100
AcDbEntity
  8
FURNITURE
 62
     7
100
AcDbLine
 10
-32.26265608783433
 20
17.08023019659049
 30
0.0
 11
-32.68439050460074
 21
16.65849577982408
 31
0.0
  0
LINE
  5
6EB
330
50B
100
AcDbEntity
  8
FURNITURE
 62
     7
100
AcDbLine
 10
-32.0517888794493
 20
17.2910974049737
 30
0.0
 11
-32.26265608783433
 21
17.08023019659049
 31
0.0
  0
LINE
  5
6EC
330
50B
100
AcDbEntity
  8
FURNITURE
 62
     7
100
AcDbLine
 10
-31.84092167106792
 20
17.71283182174102
 30
0.0
 11
-32.0517888794493
 21
17.2910974049737
 31
0.0
  0
ENDBLK
  5
6ED
330
50B
100
AcDbEntity
  8
0
100
AcDbBlockEnd
  0
BLOCK
  5
6EF
330
6EE
100
AcDbEntity
  8
0
100
AcDbBlockBegin
  2
AFEDADSDF
 70
     0
 10
0.0
 20
0.0
 30
0.0
  3
AFEDADSDF
  1

  0
HATCH
  5
6F0
330
6EE
100
AcDbEntity
  8
FURNITURE
 62
   251
100
AcDbHatch
 10
0.0
 20
0.0
 30
0.0
210
0.0
220
0.0
230
1.0
  2
SOLID
 70
     1
 71
     0
 91
        3
 92
        7
 72
     0
 73
     1
 93
       48
 10
-12.7532374319926
 20
23.78580088798663
 10
-12.55080523199285
 20
23.98823363998599
 10
-12.34837247999166
 20
24.39309803998549
 10
-11.94350807999581
 20
24.7979624399859
 10
-11.74107532799462
 20
25.20282794398463
 10
-11.53864367999267
 20
25.40525959198568
 10
-11.53864367999267
 20
25.60769234398595
 10
-11.33621092799149
 20
25.81012399198517
 10
-11.33621092799149
 20
26.01255674398544
 10
-11.13377927999318
 20
26.21498949598481
 10
-11.13377927999318
 20
26.41742114398494
 10
-10.93134652799199
 20
26.61985389598431
 10
-10.72891377599444
 20
26.61985389598431
 10
-10.52648212799249
 20
26.61985389598522
 10
-10.32404937599494
 20
26.41742114398494
 10
-10.32404937599494
 20
26.21498949598481
 10
-10.32404937599494
 20
26.01255674398454
 10
-10.32404937599494
 20
25.60769234398504
 10
-10.32404937599494
 20
25.40525959198476
 10
-10.32404937599494
 20
25.20282794398554
 10
-10.12161662399376
 20
25.00039519198526
 10
-9.919184975995448
 20
24.59553079198577
 10
-9.514319471993076
 20
24.1906652879843
 10
-9.10945507199358
 20
23.98823363998599
 10
-8.704590671994081
 20
23.58336813598635
 10
-8.502157919996534
 20
23.38093648798713
 10
-8.097293519997038
 20
23.17850373598685
 10
-7.894860767995851
 20
22.77363933598735
 10
-7.894860767995851
 20
23.17850373598685
 10
-7.894860767995851
 20
23.38093648798713
 10
-7.894860767995851
 20
23.78580088798571
 10
-7.69242911999754
 20
23.9882336399869
 10
-7.69242911999754
 20
24.19066528798612
 10
-7.489996367996353
 20
24.39309803998549
 10
-7.287563615995167
 20
24.59553079198577
 10
-7.085131967996857
 20
24.59553079198577
 10
-4.048646207997076
 20
24.59553079198577
 10
-4.048646207997076
 20
26.75868410398471
 10
-4.251078959998267
 20
26.96111685598407
 10
-4.655943359997762
 20
27.1635485039842
 10
-5.06080775999726
 20
27.36598125598448
 10
-5.870537663995492
 20
27.36598125598448
 10
-22.67242295998585
 20
27.36598125598448
 10
-23.48215175998848
 20
27.36598125598448
 10
-24.08944891198553
 20
27.1635485039842
 10
-24.4943144159879
 20
26.96111685598499
 10
-24.4943144159879
 20
26.75868410398471
 10
-24.4943144159879
 20
23.78580088798663
 97
        0
 92
        7
 72
     0
 73
     1
 93
       32
 10
0.0
 20
23.17850373598685
 10
0.0
 20
23.38093648798713
 10
0.0
 20
23.78580088798571
 10
-0.2024316479983099
 20
23.98823363998599
 10
-0.2024316479983099
 20
24.19066528798612
 10
-0.4048643999994967
 20
24.39309803998549
 10
-0.6072960480014447
 20
24.59553079198577
 10
-0.8097287999989928
 20
24.59553079198577
 10
-7.085131967996857
 20
24.59553079198577
 10
-7.287563615995167
 20
24.59553079198577
 10
-7.489996367996353
 20
24.39309803998549
 10
-7.692429119993903
 20
24.19066528798612
 10
-7.69242911999754
 20
23.98823363998599
 10
-7.894860767995851
 20
23.78580088798663
 10
-7.894860767995851
 20
23.38093648798713
 10
-7.894860767995851
 20
23.17850373598685
 10
-7.894860767995851
 20
-23.17850373598685
 10
-7.894860767995851
 20
-23.38093648798622
 10
-7.894860767995851
 20
-23.78580088798571
 10
-7.69242911999754
 20
-23.98823363998599
 10
-7.69242911999754
 20
-24.19066639198536
 10
-7.489996367996353
 20
-24.39309803998549
 10
-7.287563615995167
 20
-24.59553079198577
 10
-7.085131967996857
 20
-24.59553079198577
 10
-0.8097287999989928
 20
-24.59553079198577
 10
-0.6072960479978065
 20
-24.59553079198577
 10
-0.4048643999994967
 20
-24.39309803998549
 10
-0.2024316479983099
 20
-24.19066639198536
 10
-0.2024316479983099
 20
-23.98823363998599
 10
0.0
 20
-23.78580088798571
 10
0.0
 20
-23.38093648798622
 10
0.0
 20
-23.17850373598685
 97
        0
 92
        7
 72
     0
 73
     1
 93
       47
 10
-5.870537663995492
 20
-26.82228664798458
 10
-5.06080775999726
 20
-26.82228664798458
 10
-4.655943359997762
 20
-26.61985389598522
 10
-4.251078959998267
 20
-26.41742224798509
 10
-4.048646207997076
 20
-26.21498949598481
 10
-4.048646207997076
 20
-24.59553079198577
 10
-7.085131967996857
 20
-24.59553079198577
 10
-7.287563615995167
 20
-24.59553079198577
 10
-7.489996367996353
 20
-24.39309803998549
 10
-7.69242911999754
 20
-24.19066639198536
 10
-7.69242911999754
 20
-23.98823363998599
 10
-7.894860767995851
 20
-23.78580088798663
 10
-7.894860767995851
 20
-23.38093648798622
 10
-7.894860767995851
 20
-23.17850373598685
 10
-7.894860767995851
 20
-21.76147778398808
 10
-8.097293519993396
 20
-22.16634218398668
 10
-8.502157919996534
 20
-22.57120768798722
 10
-8.704590671994081
 20
-22.77363933598644
 10
-9.10945507199358
 20
-22.97607208798672
 10
-9.514319471996712
 20
-23.38093648798622
 10
-9.919184975995448
 20
-23.5833692399865
 10
-10.12161662399376
 20
-23.98823363998599
 10
-10.32404937599494
 20
-24.19066639198536
 10
-10.32404937599494
 20
-24.59553079198577
 10
-10.32404937599494
 20
-24.79796354398513
 10
-10.32404937599494
 20
-25.20282794398463
 10
-10.32404937599494
 20
-25.40525959198476
 10
-10.32404937599494
 20
-25.60769234398595
 10
-10.52648212799249
 20
-25.81012509598532
 10
-10.72891377599444
 20
-25.81012509598532
 10
-10.93134652799199
 20
-25.60769234398504
 10
-11.13377927999318
 20
-25.60769234398504
 10
-11.13377927999318
 20
-25.40525959198476
 10
-11.33621092799512
 20
-25.20282794398463
 10
-11.33621092799512
 20
-25.00039519198526
 10
-11.53864367999267
 20
-24.79796354398605
 10
-11.53864367999267
 20
-24.59553079198577
 10
-11.74107532799462
 20
-24.39309803998549
 10
-11.94350807999217
 20
-23.9882336399869
 10
-12.34837247999166
 20
-23.58336923998741
 10
-12.55080523199285
 20
-23.17850373598685
 10
-24.4943144159879
 20
-23.17850373598594
 10
-24.4943144159879
 20
-26.21498949598481
 10
-24.4943144159879
 20
-26.41742224798509
 10
-24.08944891198553
 20
-26.6198538959834
 10
-23.48215175998484
 20
-26.82228664798458
 10
-22.67242295998585
 20
-26.82228664798458
 97
        0
 75
     1
 76
     1
 47
0.2979347892552017
 98
        3
 10
-18.69902113283751
 20
25.26567546156548
 10
-2.567098348445142
 20
18.02943486316235
 10
-14.74834599061432
 20
-25.71692687744144
  0
HATCH
  5
6F1
330
6EE
100
AcDbEntity
  8
FURNITURE
 62
   251
100
AcDbHatch
 10
0.0
 20
0.0
 30
0.0
210
0.0
220
0.0
230
1.0
  2
SOLID
 70
     1
 71
     0
 91
        8
 92
        7
 72
     0
 73
     1
 93
       20
 10
-20.4168836159879
 20
23.78580088798663
 10
-25.70890761598639
 20
23.78580088798663
 10
-26.11377311998513
 20
23.78580088798663
 10
-26.51863751998462
 20
23.58336813598635
 10
-26.72106916798294
 20
23.38093648798713
 10
-27.12593467198531
 20
23.17850373598685
 10
-27.32836631998362
 20
22.77363933598735
 10
-27.5307990719848
 20
22.36877493598786
 10
-27.73323182398236
 20
22.16634218398758
 10
-27.73323182398236
 20
21.55904503198781
 10
-27.73323182398236
 20
2.53040387999863
 10
-27.73323182398236
 20
1.923106727998856
 10
-27.5307990719848
 20
1.720675079998725
 10
-27.32836631998362
 20
1.315810679999229
 10
-27.12593467198531
 20
0.9109451760004958
 10
-26.72106916798294
 20
0.7085135279994575
 10
-26.51863751998462
 20
0.50608077600009
 10
-26.11377311998513
 20
0.3036480239998127
 10
-25.70890761598639
 20
0.3036480239998127
 10
-20.4168836159879
 20
0.3036480239998127
 97
        0
 92
        7
 72
     0
 73
     1
 93
        4
 10
-18.98539857598734
 20
23.78580088798663
 10
-20.3478836159884
 20
23.78580088798663
 10
-20.3478836159884
 20
0.3036480239998127
 10
-18.98539857599098
 20
0.3036480239998127
 97
        0
 92
        7
 72
     0
 73
     1
 93
        4
 10
-17.7385630559911
 20
23.78580088798663
 10
-18.91639857598784
 20
23.78580088798663
 10
-18.91639857598784
 20
0.3036480239998127
 10
-17.7385630559911
 20
0.3036480239998127
 97
        0
 92
        7
 72
     0
 73
     1
 93
      103
 10
-11.74107532799462
 20
12.04472445599276
 10
-11.94350807999217
 20
12.44958995999241
 10
-12.34837247999166
 20
12.65202160799345
 10
-12.55080523199285
 20
13.05688600799294
 10
-12.75323798399404
 20
13.2593187599914
 10
-12.95566963199235
 20
13.66418315998908
 10
-13.36053513599108
 20
14.27148031199158
 10
-13.76539953599058
 20
14.67634581599122
 10
-14.17026393599371
 20
15.08121021599254
 10
-14.37269668799126
 20
15.68850736799049
 10
-14.77756108799076
 20
16.0933717679909
 10
-15.18242548799026
 20
16.4982361679904
 10
-15.58729099199263
 20
16.90310167198913
 10
-15.99215539198849
 20
17.51039771998876
 10
-16.19458703999043
 20
17.71283047198994
 10
-16.39701979199162
 20
17.71283047198994
 10
-16.59945254399281
 20
17.91526322398931
 10
-17.00431694398867
 20
18.11769487198944
 10
-17.20674969598985
 20
18.11769487198944
 10
-17.40918134398816
 20
18.32012762398881
 10
-17.40918134398816
 20
18.52256037598909
 10
-17.61161409598935
 20
18.72499202398921
 10
-17.61161409598935
 20
18.92742477598858
 10
-17.40918134398816
 20
19.12985752798886
 10
-17.20674969598985
 20
19.33228917598899
 10
-17.00431694398867
 20
19.53472192798836
 10
-16.59945254399281
 20
19.73715357598848
 10
-16.39701979199162
 20
19.93958632798876
 10
-15.99215539199213
 20
20.34445072798826
 10
-15.58729099199263
 20
20.74931623198882
 10
-15.38485823999144
 20
21.15418063198831
 10
-14.97999383999195
 20
21.5590450319869
 10
-14.77756108799076
 20
21.9639094319864
 10
-14.57512833598957
 20
22.16634218398758
 10
-14.17026393599008
 20
22.36877493598786
 10
-13.76539953599058
 20
22.77363933598735
 10
-13.36053513599108
 20
23.17850373598685
 10
-12.95566963199235
 20
23.58336813598635
 10
-12.7532374319926
 20
23.78580088798663
 10
-17.6695630559916
 20
23.78580088798663
 10
-17.6695630559916
 20
1.113377927999863
 10
-17.40918134398816
 20
1.113377927999863
 10
-17.40918134398816
 20
1.315810679999229
 10
-17.20674969598985
 20
1.315810679999229
 10
-17.20674969598985
 20
1.518242327999359
 10
-17.00431694398867
 20
1.518242327999359
 10
-17.00431694399231
 20
1.720675079998725
 10
-16.59945254399281
 20
1.923106727998856
 10
-16.39701979199162
 20
2.125539479998224
 10
-15.99215539199213
 20
2.53040387999863
 10
-15.58729099199263
 20
2.935269383997365
 10
-15.38485823999144
 20
3.340133783997772
 10
-14.97999383999195
 20
3.744998183997267
 10
-14.77756108799076
 20
4.149862583997673
 10
-14.57512833599321
 20
4.352295335997041
 10
-14.17026393599371
 20
4.554728087997319
 10
-13.76539953599058
 20
4.959592487996815
 10
-13.36053513599108
 20
5.364456887997222
 10
-12.95566963199235
 20
5.769322391996865
 10
-12.55080523199285
 20
6.174186791995453
 10
-12.34837247999166
 20
6.579051191996768
 10
-11.94350807999581
 20
6.983915591995353
 10
-11.74107532799462
 20
7.388781095994999
 10
-11.53864367999267
 20
7.591212743996035
 10
-11.53864367999267
 20
7.793645495995406
 10
-11.33621092799512
 20
7.996078247994772
 10
-11.33621092799512
 20
8.198509895995812
 10
-11.13377927999318
 20
8.400942647995178
 10
-11.13377927999318
 20
8.603374295995309
 10
-10.93134652799199
 20
8.603374295995309
 10
-10.72891377599444
 20
8.805807047994676
 10
-10.52648212799613
 20
8.805807047994676
 10
-10.32404937599494
 20
8.603374295995309
 10
-10.32404937599494
 20
8.400942647995178
 10
-10.32404937599494
 20
8.198509895994903
 10
-10.32404937599494
 20
7.793645495995406
 10
-10.32404937599494
 20
7.591212743996035
 10
-10.32404937599494
 20
7.186348343996543
 10
-10.12161662399376
 20
6.983915591995353
 10
-9.919184975995448
 20
6.579051191996768
 10
-9.514319471996712
 20
6.376618439997399
 10
-9.10945507199358
 20
5.971754039996085
 10
-8.704590671994081
 20
5.769322391995046
 10
-8.502157919996534
 20
5.566889639996587
 10
-8.097293519997038
 20
5.162025239997092
 10
-7.894860767995851
 20
4.757159735996538
 10
-7.894860767995851
 20
15.28364186399267
 10
-8.097293519997038
 20
14.87877746399135
 10
-8.299726271994587
 20
14.47391306399004
 10
-8.704590671994081
 20
14.06904866399145
 10
-8.90702342399527
 20
13.86661591199208
 10
-9.311887823994764
 20
13.46175151199168
 10
-9.514319471996712
 20
13.05688600799203
 10
-9.919184975995448
 20
12.8544543599919
 10
-9.919184975995448
 20
12.65202160799254
 10
-10.12161662399376
 20
12.44958995999241
 10
-10.12161662399376
 20
12.04472445599367
 10
-10.32404937599494
 20
11.84229280799263
 10
-10.32404937599494
 20
11.63986005599326
 10
-10.52648212799613
 20
11.43742730399299
 10
-10.72891377599444
 20
11.4374273039939
 10
-11.13377927999318
 20
11.63986005599418
 10
-11.33621092799512
 20
11.84229280799354
 97
        0
 92
        7
 72
     0
 73
     1
 93
       76
 10
-7.894860767995851
 20
-2.530404983999686
 10
-8.097293519997038
 20
-2.935269383998274
 10
-8.299726271994587
 20
-3.340133783997772
 10
-8.704590671994081
 20
-3.744998183998177
 10
-8.90702342399527
 20
-3.947430935997545
 10
-9.311887823994764
 20
-4.352295335997951
 10
-9.514319471993076
 20
-4.757160839996686
 10
-9.919184975995448
 20
-4.959592487996815
 10
-9.919184975995448
 20
-5.162025239997092
 10
-10.12161662399376
 20
-5.566889639997497
 10
-10.12161662399376
 20
-5.769322391995955
 10
-10.32404937599494
 20
-5.971754039996085
 10
-10.32404937599494
 20
-6.174186791996362
 10
-10.52648212799249
 20
-6.37661954399664
 10
-10.72891377599444
 20
-6.37661954399664
 10
-11.13377927999318
 20
-6.174186791996362
 10
-11.33621092799512
 20
-5.971754039996085
 10
-11.74107532799462
 20
-5.769322391996865
 10
-11.94350807999217
 20
-5.566889639996587
 10
-12.34837247999166
 20
-5.162025239997092
 10
-12.55080523199285
 20
-4.757160839997592
 10
-12.75323798399404
 20
-4.554728087997319
 10
-12.95566963199235
 20
-4.352295335997951
 10
-13.36053513599108
 20
-3.744998183998177
 10
-13.76539953599058
 20
-3.137701032000221
 10
-14.17026393599371
 20
-2.732836631998905
 10
-14.37269668799126
 20
-2.327972231998501
 10
-14.77756108799076
 20
-1.923107831999004
 10
-15.18242548799026
 20
-1.518242327999359
 10
-15.58729099199263
 20
-0.9109451759995864
 10
-15.99215539199213
 20
-0.5060807759991806
 10
-16.19458703999043
 20
-0.3036491279999609
 10
-16.39701979199162
 20
-0.1012163759996838
 10
-16.59945254399281
 20
0.1012163760005933
 10
-17.00431694398867
 20
0.1012163760005933
 10
-17.20674969598985
 20
0.3036480239998127
 10
-17.6695630559916
 20
0.3036480239998127
 10
-17.66956305598796
 20
-18.11769597598868
 10
-17.61161409598935
 20
-18.11769597598868
 10
-17.61161409598935
 20
-17.91526322399113
 10
-17.40918134398816
 20
-17.51039882398891
 10
-17.20674969598985
 20
-17.30796607199045
 10
-17.00431694398867
 20
-17.10553331999017
 10
-16.59945254399281
 20
-17.10553331999017
 10
-16.39701979199162
 20
-16.90310167199004
 10
-16.19458703999043
 20
-16.70066891999067
 10
-15.99215539199213
 20
-16.4982361679904
 10
-15.58729099199263
 20
-16.0933717679909
 10
-15.18242548799026
 20
-15.48607461599022
 10
-14.77756108799076
 20
-15.08121021599072
 10
-14.37269668799126
 20
-14.67634581599122
 10
-14.17026393599371
 20
-14.27148031199158
 10
-13.76539953599058
 20
-13.86661591199117
 10
-13.36053513599108
 20
-13.25931875999231
 10
-12.95566963199235
 20
-12.65202160799345
 10
-12.75323798399404
 20
-12.44958995999241
 10
-12.55080523199285
 20
-12.24715720799395
 10
-12.34837247999166
 20
-11.84229280799263
 10
-11.94350807999217
 20
-11.43742840799314
 10
-11.74107532799462
 20
-11.23499565599377
 10
-11.33621092799512
 20
-11.03256290399349
 10
-11.13377927999318
 20
-10.627698503994
 10
-10.72891377599444
 20
-10.627698503994
 10
-10.52648212799613
 20
-10.627698503994
 10
-10.32404937599494
 20
-10.83013125599336
 10
-10.32404937599494
 20
-11.03256290399349
 10
-10.12161662399376
 20
-11.23499565599377
 10
-10.12161662399376
 20
-11.43742840799405
 10
-9.919184975995448
 20
-11.84229280799263
 10
-9.514319471993076
 20
-12.24715720799213
 10
-9.311887823994764
 20
-12.65202160799254
 10
-8.90702342399527
 20
-13.05688711199309
 10
-8.704590671994081
 20
-13.25931875999231
 10
-8.299726271994587
 20
-13.66418426399105
 10
-8.097293519993396
 20
-14.06904866399236
 10
-7.894860767995851
 20
-14.27148031199067
 97
        0
 92
        7
 72
     0
 73
     1
 93
       21
 10
-13.36053513599108
 20
-22.36877493598695
 10
-13.76539953599058
 20
-21.96391053598745
 10
-14.17026393599008
 20
-21.55904503198781
 10
-14.57512833599321
 20
-21.35661338398768
 10
-14.77756108799076
 20
-21.1541806319874
 10
-14.97999383999195
 20
-20.74931623198791
 10
-15.38485823999144
 20
-20.34445183198932
 10
-15.58729099199263
 20
-19.93958632798694
 10
-15.99215539199213
 20
-19.53472192798836
 10
-16.39701979199162
 20
-19.12985752798795
 10
-16.59945254398917
 20
-18.72499202398921
 10
-17.00431694398867
 20
-18.72499202398921
 10
-17.00431694398867
 20
-18.52256037598909
 10
-17.20674969598985
 20
-18.52256037598909
 10
-17.20674969598985
 20
-18.32012762398881
 10
-17.40918134398816
 20
-18.32012762398881
 10
-17.40918134398816
 20
-18.11769597598868
 10
-17.6695630559916
 20
-18.11769597598868
 10
-17.6695630559916
 20
-23.17850373598685
 10
-12.55080523199285
 20
-23.17850373598594
 10
-12.95566963199235
 20
-22.77363933598644
 97
        0
 92
        7
 72
     0
 73
     1
 93
        4
 10
-17.7385630559911
 20
0.3036480239998127
 10
-18.91639857598784
 20
0.3036480239998127
 10
-18.91639857598784
 20
-23.17850373598685
 10
-17.7385630559911
 20
-23.17850373598685
 97
        0
 92
        7
 72
     0
 73
     1
 93
        4
 10
-18.98539857598734
 20
0.3036480239998127
 10
-20.3478836159884
 20
0.3036480239998127
 10
-20.3478836159884
 20
-23.17850373598685
 10
-18.98539857598734
 20
-23.17850373598594
 97
        0
 75
     1
 76
     1
 47
0.1452818841853514
 98
        8
 10
-20.50134995037661
 20
12.55253531872677
 10
-19.85919529460079
 20
12.71292675557379
 10
-18.73542464699494
 20
12.71292675557379
 10
-16.48787907349106
 20
11.91096957134232
 10
-14.72194949181721
 20
-7.496366756357018
 10
-15.68518575377311
 20
-22.73353031450552
 10
-18.09326999121913
 20
-20.00688047656786
 10
-19.37757930277075
 20
-19.04453185549118
  0
HATCH
  5
6F2
330
6EE
100
AcDbEntity
  8
FURNITURE
 62
   251
100
AcDbHatch
 10
0.0
 20
0.0
 30
0.0
210
0.0
220
0.0
230
1.0
  2
SOLID
 70
     1
 71
     0
 91
        1
 92
        7
 72
     0
 73
     1
 93
       20
 10
-20.4168836159879
 20
0.3036480239998127
 10
-25.70890761598639
 20
0.3036480239998127
 10
-26.11377311998513
 20
0.3036480239998127
 10
-26.51863751998462
 20
0.1012163760005933
 10
-26.72106916798294
 20
-0.1012163759996838
 10
-27.12593467198531
 20
-0.3036491279999609
 10
-27.32836631998362
 20
-0.7085135279994575
 10
-27.5307990719848
 20
-0.9109451759995864
 10
-27.73323182398236
 20
-1.315810679999229
 10
-27.73323182398236
 20
-1.923107831999004
 10
-27.73323182398236
 20
-20.95174787998804
 10
-27.73323182398236
 20
-21.55904503198781
 10
-27.5307990719848
 20
-21.76147778398718
 10
-27.32836631998362
 20
-22.16634218398668
 10
-27.12593467198531
 20
-22.57120768798722
 10
-26.72106916798294
 20
-22.77363933598644
 10
-26.51863751998462
 20
-22.97607208798672
 10
-26.11377311998513
 20
-23.17850373598685
 10
-25.70890761598639
 20
-23.17850373598685
 10
-20.4168836159879
 20
-23.17850373598685
 97
        0
 75
     1
 76
     1
 47
0.1452818841853514
 98
        1
 10
-22.42781819599259
 20
-7.015192445818684
  0
HATCH
  5
6F3
330
6EE
100
AcDbEntity
  8
FURNITURE
 62
    52
100
AcDbHatch
 10
0.0
 20
0.0
 30
0.0
210
0.0
220
0.0
230
1.0
  2
SOLID
 70
     1
 71
     0
 91
        3
 92
        7
 72
     0
 73
     1
 93
       82
 10
-7.894860767995851
 20
22.77363933598735
 10
-8.097293519997038
 20
23.17850373598685
 10
-8.502157919996534
 20
23.38093648798622
 10
-8.704590671994081
 20
23.58336813598635
 10
-9.10945507199358
 20
23.98823363998508
 10
-9.514319471993076
 20
24.19066528798612
 10
-9.919184975991813
 20
24.59553079198577
 10
-10.12161662399376
 20
25.00039519198435
 10
-10.32404937599494
 20
25.20282794398463
 10
-10.32404937599494
 20
25.40525959198476
 10
-10.32404937599494
 20
25.60769234398504
 10
-10.32404937599494
 20
26.01255674398454
 10
-10.32404937599494
 20
26.21498949598481
 10
-10.32404937599494
 20
26.41742114398494
 10
-10.52648212799249
 20
26.61985389598431
 10
-10.72891377599444
 20
26.61985389598431
 10
-10.93134652799199
 20
26.61985389598431
 10
-11.13377927999318
 20
26.41742114398494
 10
-11.13377927999318
 20
26.21498949598481
 10
-11.33621092799512
 20
26.01255674398454
 10
-11.33621092799512
 20
25.81012399198517
 10
-11.53864367999267
 20
25.60769234398504
 10
-11.53864367999267
 20
25.40525959198568
 10
-11.74107532799462
 20
25.20282794398463
 10
-11.94350807999217
 20
24.79796243998681
 10
-12.3483724799953
 20
24.39309803998549
 10
-12.55080523199285
 20
23.98823363998599
 10
-12.95566963199235
 20
23.58336813598635
 10
-13.36053513599108
 20
23.17850373598685
 10
-13.76539953599058
 20
22.77363933598735
 10
-14.17026393599371
 20
22.36877493598603
 10
-14.57512833599321
 20
22.16634218398668
 10
-14.77756108799076
 20
21.9639094319873
 10
-14.97999383999195
 20
21.55904503198781
 10
-15.38485823999144
 20
21.15418063198831
 10
-15.58729099199263
 20
20.74931623198882
 10
-15.99215539199213
 20
20.34445072798826
 10
-16.39701979199162
 20
19.93958632798876
 10
-16.59945254399281
 20
19.73715357598848
 10
-17.00431694398867
 20
19.53472192798836
 10
-17.20674969598985
 20
19.33228917598899
 10
-17.40918134398816
 20
19.12985752798886
 10
-17.61161409598935
 20
18.92742477598858
 10
-17.61161409598935
 20
18.72499202398921
 10
-17.40918134398816
 20
18.52256037598909
 10
-17.40918134398816
 20
18.32012762398881
 10
-17.20674969598985
 20
18.11769487198944
 10
-17.00431694399231
 20
18.11769487198944
 10
-16.59945254399281
 20
17.91526322398931
 10
-16.39701979199162
 20
17.71283047198994
 10
-16.19458703999043
 20
17.71283047198994
 10
-15.99215539199213
 20
17.51039771999058
 10
-15.58729099199263
 20
16.90310167198822
 10
-15.18242548799026
 20
16.4982361679904
 10
-14.77756108799076
 20
16.0933717679909
 10
-14.37269668799126
 20
15.6885073679914
 10
-14.17026393599371
 20
15.08121021599254
 10
-13.76539953599058
 20
14.67634581599122
 10
-13.36053513599108
 20
14.27148031199158
 10
-12.95566963199235
 20
13.6641831599909
 10
-12.75323798399404
 20
13.25931875999322
 10
-12.55080523199285
 20
13.05688600799294
 10
-12.34837247999166
 20
12.65202160799254
 10
-11.94350807999217
 20
12.44958995999241
 10
-11.74107532799462
 20
12.04472445599276
 10
-11.33621092799512
 20
11.84229280799263
 10
-11.13377927999318
 20
11.63986005599326
 10
-10.72891377599444
 20
11.43742730399299
 10
-10.52648212799249
 20
11.4374273039939
 10
-10.32404937599494
 20
11.63986005599326
 10
-10.32404937599494
 20
11.84229280799354
 10
-10.12161662399376
 20
12.04472445599276
 10
-10.12161662399376
 20
12.44958995999332
 10
-9.919184975995448
 20
12.65202160799254
 10
-9.919184975995448
 20
12.8544543599919
 10
-9.514319471993076
 20
13.05688600799294
 10
-9.311887823994764
 20
13.46175151199168
 10
-8.90702342399527
 20
13.86661591199208
 10
-8.704590671994081
 20
14.06904866399145
 10
-8.299726271994587
 20
14.47391306399004
 10
-8.097293519997038
 20
14.87877746399135
 10
-7.894860767995851
 20
15.28364186399085
 97
        0
 92
        7
 72
     0
 73
     1
 93
       85
 10
-7.894860767995851
 20
4.757159735997448
 10
-8.097293519997038
 20
5.162025239998
 10
-8.502157919996534
 20
5.566889639996587
 10
-8.704590671994081
 20
5.769322391995955
 10
-9.109455071997218
 20
5.971754039996995
 10
-9.514319471996712
 20
6.37661843999558
 10
-9.919184975995448
 20
6.579051191995858
 10
-10.12161662399376
 20
6.983915591995353
 10
-10.32404937599494
 20
7.186348343996543
 10
-10.32404937599494
 20
7.591212743996035
 10
-10.32404937599494
 20
7.793645495995406
 10
-10.32404937599494
 20
8.198509895994903
 10
-10.32404937599494
 20
8.400942647995178
 10
-10.32404937599494
 20
8.603374295995309
 10
-10.52648212799613
 20
8.805807047994676
 10
-10.72891377599444
 20
8.805807047994676
 10
-10.93134652799199
 20
8.603374295995309
 10
-11.13377927999318
 20
8.603374295995309
 10
-11.13377927999318
 20
8.400942647995178
 10
-11.33621092799512
 20
8.198509895994903
 10
-11.33621092799149
 20
7.996078247995683
 10
-11.53864367999267
 20
7.793645495995406
 10
-11.53864367999267
 20
7.591212743996035
 10
-11.74107532799462
 20
7.388781095994999
 10
-11.94350807999217
 20
6.983915591996263
 10
-12.34837247999166
 20
6.579051191996768
 10
-12.55080523199285
 20
6.174186791995453
 10
-12.95566963199235
 20
5.769322391996865
 10
-13.36053513599108
 20
5.364456887997222
 10
-13.76539953599058
 20
4.959592487996815
 10
-14.17026393599371
 20
4.554728087997319
 10
-14.57512833598957
 20
4.352295335997951
 10
-14.7775610879944
 20
4.149862583996764
 10
-14.97999383999195
 20
3.744998183998177
 10
-15.38485823999144
 20
3.340133783998679
 10
-15.58729099199263
 20
2.935269383998274
 10
-15.99215539199213
 20
2.53040387999863
 10
-16.39701979199162
 20
2.125539479998224
 10
-16.59945254399281
 20
1.923106727998856
 10
-17.00431694398867
 20
1.720675079998725
 10
-17.00431694398867
 20
1.518242327999359
 10
-17.20674969598985
 20
1.518242327999359
 10
-17.20674969598985
 20
1.315810679999229
 10
-17.40918134398816
 20
1.315810679999229
 10
-17.40918134398816
 20
1.113377927999863
 10
-17.61161409598935
 20
1.113377927999863
 10
-17.61161409598935
 20
0.9109451759995864
 10
-17.40918134398816
 20
0.7085135279994575
 10
-17.40918134398816
 20
0.5060807759991806
 10
-17.20674969598985
 20
0.3036480239998127
 10
-17.00431694399231
 20
0.1012163759996838
 10
-16.59945254398917
 20
0.1012163759996838
 10
-16.39701979199162
 20
-0.1012163759996838
 10
-16.19458703999043
 20
-0.3036491279999609
 10
-15.99215539199213
 20
-0.5060807759991806
 10
-15.58729099199263
 20
-0.9109451760014052
 10
-15.18242548799026
 20
-1.518242327998448
 10
-14.77756108799076
 20
-1.923107831999004
 10
-14.37269668799126
 20
-2.327972231998501
 10
-14.17026393599008
 20
-2.732836631998905
 10
-13.76539953599058
 20
-3.137701031998402
 10
-13.36053513599108
 20
-3.744998183998177
 10
-12.95566963199235
 20
-4.352295335997951
 10
-12.75323798399404
 20
-4.554728087997319
 10
-12.55080523199285
 20
-4.757160839996686
 10
-12.34837247999166
 20
-5.162025239998
 10
-11.94350807999217
 20
-5.566889639996587
 10
-11.74107532799462
 20
-5.769322391996865
 10
-11.33621092799512
 20
-5.971754039996085
 10
-11.13377927999318
 20
-6.174186791996362
 10
-10.7289137759908
 20
-6.37661954399664
 10
-10.52648212799249
 20
-6.37661954399664
 10
-10.32404937599494
 20
-6.174186791995453
 10
-10.32404937599494
 20
-5.971754039996085
 10
-10.12161662399376
 20
-5.769322391996865
 10
-10.12161662399376
 20
-5.566889639996587
 10
-9.919184975995448
 20
-5.162025239997092
 10
-9.919184975995448
 20
-4.959592487996815
 10
-9.514319471993076
 20
-4.757160839996686
 10
-9.311887823994764
 20
-4.352295335997951
 10
-8.90702342399527
 20
-3.947430935997545
 10
-8.704590671994081
 20
-3.744998183998177
 10
-8.299726271994587
 20
-3.340133783997772
 10
-8.097293519997038
 20
-2.935269383998274
 10
-7.894860767995851
 20
-2.530404983999686
 97
        0
 92
        7
 72
     0
 73
     1
 93
       83
 10
-7.894860767995851
 20
-14.27148031199158
 10
-8.097293519993396
 20
-14.06904866399236
 10
-8.299726271994587
 20
-13.66418426399105
 10
-8.704590671994081
 20
-13.25931875999231
 10
-8.90702342399527
 20
-13.05688711199309
 10
-9.311887823994764
 20
-12.65202160799072
 10
-9.514319471996712
 20
-12.24715720799122
 10
-9.919184975995448
 20
-11.84229280799354
 10
-10.12161662399376
 20
-11.43742840799314
 10
-10.12161662399376
 20
-11.23499565599377
 10
-10.32404937599494
 20
-11.03256290399349
 10
-10.32404937599494
 20
-10.83013125599336
 10
-10.52648212799249
 20
-10.627698503994
 10
-10.72891377599444
 20
-10.627698503994
 10
-11.13377927999318
 20
-10.627698503994
 10
-11.33621092799512
 20
-11.03256290399349
 10
-11.74107532799462
 20
-11.23499565599377
 10
-11.94350807999217
 20
-11.43742840799314
 10
-12.34837247999166
 20
-11.84229280799263
 10
-12.55080523199285
 20
-12.24715720799213
 10
-12.75323798399404
 20
-12.44958995999241
 10
-12.95566963199235
 20
-12.65202160799345
 10
-13.36053513599108
 20
-13.25931875999231
 10
-13.76539953599058
 20
-13.86661591199208
 10
-14.17026393599371
 20
-14.27148031199158
 10
-14.37269668799126
 20
-14.67634581599213
 10
-14.77756108799076
 20
-15.08121021599072
 10
-15.18242548799026
 20
-15.48607461599203
 10
-15.58729099199263
 20
-16.09337176798999
 10
-15.99215539199213
 20
-16.4982361679904
 10
-16.19458703999043
 20
-16.70066891999067
 10
-16.39701979199162
 20
-16.90310167199004
 10
-16.59945254399281
 20
-17.10553331999017
 10
-17.00431694398867
 20
-17.10553331999017
 10
-17.20674969598985
 20
-17.30796607199045
 10
-17.40918134398816
 20
-17.51039882398891
 10
-17.61161409598935
 20
-17.91526322398931
 10
-17.61161409598935
 20
-18.11769597598868
 10
-17.40918134398816
 20
-18.11769597598868
 10
-17.40918134398816
 20
-18.32012762398881
 10
-17.20674969598985
 20
-18.32012762398881
 10
-17.20674969598985
 20
-18.52256037598909
 10
-17.00431694398867
 20
-18.52256037598909
 10
-17.00431694398867
 20
-18.72499202398921
 10
-16.59945254399281
 20
-18.72499202398921
 10
-16.39701979199162
 20
-19.12985752799068
 10
-15.99215539199213
 20
-19.53472192798836
 10
-15.58729099198899
 20
-19.93958632798785
 10
-15.38485823999144
 20
-20.34445183198841
 10
-14.97999383999195
 20
-20.749316231987
 10
-14.77756108799076
 20
-21.1541806319874
 10
-14.57512833599321
 20
-21.35661338398859
 10
-14.17026393599008
 20
-21.55904503198781
 10
-13.76539953599058
 20
-21.96391053598745
 10
-13.36053513599108
 20
-22.36877493598695
 10
-12.95566963199235
 20
-22.77363933598644
 10
-12.55080523199285
 20
-23.17850373598685
 10
-12.34837247999166
 20
-23.58336923998741
 10
-11.94350807999217
 20
-23.98823363998599
 10
-11.74107532799462
 20
-24.39309803998549
 10
-11.53864367999267
 20
-24.59553079198668
 10
-11.53864367999267
 20
-24.79796354398513
 10
-11.33621092799149
 20
-25.00039519198526
 10
-11.33621092799512
 20
-25.20282794398554
 10
-11.13377927999318
 20
-25.40525959198568
 10
-11.13377927999318
 20
-25.60769234398504
 10
-10.93134652799199
 20
-25.60769234398504
 10
-10.72891377599444
 20
-25.81012509598532
 10
-10.52648212799249
 20
-25.81012509598532
 10
-10.32404937599494
 20
-25.60769234398504
 10
-10.32404937599494
 20
-25.40525959198476
 10
-10.32404937599494
 20
-25.20282794398463
 10
-10.32404937599494
 20
-24.79796354398513
 10
-10.32404937599494
 20
-24.59553079198577
 10
-10.32404937599494
 20
-24.19066639198536
 10
-10.12161662399376
 20
-23.9882336399869
 10
-9.919184975995448
 20
-23.5833692399865
 10
-9.514319471996712
 20
-23.38093648798713
 10
-9.109455071997218
 20
-22.97607208798672
 10
-8.704590671994081
 20
-22.77363933598644
 10
-8.502157919996534
 20
-22.57120768798722
 10
-8.097293519997038
 20
-22.16634218398668
 10
-7.894860767995851
 20
-21.76147778398718
 97
        0
 75
     1
 76
     1
 47
0.1452818841853514
 98
        3
 10
-12.79548552449341
 20
19.9305299425323
 10
-11.83224926253751
 20
2.608279999608385
 10
-11.1900946067617
 20
-15.83670770701519
  0
LWPOLYLINE
  5
6F4
330
6EE
100
AcDbEntity
  8
FURNITURE
 62
     7
100
AcDbPolyline
 90
       90
 70
     0
 43
0.06899999999996
 10
-17.00431694398867
 20
19.53472192798836
 10
-16.59945254398917
 20
19.73715357598848
 10
-16.39701979199162
 20
19.93958632798876
 10
-15.99215539199213
 20
20.34445072798826
 10
-15.58729099199263
 20
20.74931623198791
 10
-15.38485823999144
 20
21.1541806319874
 10
-14.97999383999195
 20
21.55904503198781
 10
-14.77756108799076
 20
21.9639094319873
 10
-14.57512833599321
 20
22.16634218398668
 10
-14.17026393599008
 20
22.36877493598695
 10
-13.76539953599058
 20
22.77363933598735
 10
-13.36053513599108
 20
23.17850373598685
 10
-12.95566963199235
 20
23.58336813598635
 10
-12.55080523199285
 20
23.98823363998599
 10
-12.34837247999166
 20
24.39309803998549
 10
-11.94350807999217
 20
24.7979624399859
 10
-11.74107532799462
 20
25.20282794398554
 10
-11.53864367999267
 20
25.40525959198476
 10
-11.53864367999267
 20
25.60769234398504
 10
-11.33621092799512
 20
25.81012399198517
 10
-11.33621092799512
 20
26.01255674398454
 10
-11.13377927999318
 20
26.21498949598481
 10
-11.13377927999318
 20
26.41742114398494
 10
-10.93134652799199
 20
26.61985389598431
 10
-10.72891377599444
 20
26.61985389598431
 10
-10.52648212799249
 20
26.61985389598431
 10
-10.32404937599494
 20
26.41742114398494
 10
-10.32404937599494
 20
26.21498949598481
 10
-10.32404937599494
 20
26.01255674398454
 10
-10.32404937599494
 20
25.60769234398504
 10
-10.32404937599494
 20
25.40525959198476
 10
-10.32404937599494
 20
25.20282794398554
 10
-10.12161662399376
 20
25.00039519198526
 10
-9.919184975995448
 20
24.59553079198577
 10
-9.514319471993076
 20
24.19066528798612
 10
-9.10945507199358
 20
23.98823363998599
 10
-8.704590671994081
 20
23.58336813598635
 10
-8.502157919996534
 20
23.38093648798713
 10
-8.097293519997038
 20
23.17850373598685
 10
-7.894860767995851
 20
22.77363933598735
 10
-7.894860767995851
 20
22.16634218398668
 10
-7.894860767995851
 20
15.6885073679914
 10
-7.894860767995851
 20
15.28364186399085
 10
-8.097293519997038
 20
14.87877746399135
 10
-8.299726271994587
 20
14.47391306399186
 10
-8.704590671994081
 20
14.06904866399145
 10
-8.90702342399527
 20
13.86661591199208
 10
-9.311887823994764
 20
13.46175151199259
 10
-9.514319471993076
 20
13.05688600799294
 10
-9.919184975995448
 20
12.85445435999281
 10
-9.919184975995448
 20
12.65202160799254
 10
-10.12161662399376
 20
12.44958995999241
 10
-10.12161662399376
 20
12.04472445599276
 10
-10.32404937599494
 20
11.84229280799263
 10
-10.32404937599494
 20
11.63986005599326
 10
-10.52648212799249
 20
11.4374273039939
 10
-10.52648212799249
 20
11.4374273039939
 10
-10.72891377599444
 20
11.4374273039939
 10
-11.13377927999318
 20
11.63986005599326
 10
-11.33621092799512
 20
11.84229280799263
 10
-11.74107532799462
 20
12.04472445599276
 10
-11.94350807999217
 20
12.44958995999241
 10
-12.34837247999166
 20
12.65202160799254
 10
-12.55080523199285
 20
13.05688600799294
 10
-12.75323798399404
 20
13.25931875999231
 10
-12.95566963199235
 20
13.66418315999271
 10
-13.36053513599108
 20
14.27148031199158
 10
-13.76539953599058
 20
14.67634581599122
 10
-14.17026393599008
 20
15.08121021599072
 10
-14.37269668799126
 20
15.6885073679914
 10
-14.77756108799076
 20
16.0933717679909
 10
-15.18242548799026
 20
16.4982361679904
 10
-15.58729099199263
 20
16.90310167199004
 10
-15.99215539199213
 20
17.51039771998967
 10
-16.19458703999043
 20
17.71283047198994
 10
-16.39701979199162
 20
17.71283047198994
 10
-16.59945254398917
 20
17.91526322398931
 10
-17.00431694398867
 20
18.11769487198944
 10
-17.20674969598985
 20
18.11769487198944
 10
-17.40918134398816
 20
18.32012762398881
 10
-17.40918134398816
 20
18.52256037598909
 10
-17.61161409598935
 20
18.72499202398921
 10
-17.61161409598935
 20
18.72499202398921
 10
-17.61161409598935
 20
18.92742477598858
 10
-17.40918134398816
 20
19.12985752798886
 10
-17.40918134398816
 20
19.12985752798886
 10
-17.20674969598985
 20
19.33228917598899
 10
-17.20674969598985
 20
19.33228917598899
 10
-17.00431694398867
 20
19.53472192798836
 10
-17.00431694398867
 20
19.53472192798836
  0
LWPOLYLINE
  5
6F5
330
6EE
100
AcDbEntity
  8
FURNITURE
 62
     7
100
AcDbPolyline
 90
       90
 70
     0
 43
0.06899999999996
 10
-17.00431694398867
 20
1.720675079998725
 10
-16.59945254398917
 20
1.923106727998856
 10
-16.39701979199162
 20
2.125539479998224
 10
-15.99215539199213
 20
2.53040387999863
 10
-15.58729099199263
 20
2.935269383998274
 10
-15.38485823999144
 20
3.340133783997772
 10
-14.97999383999195
 20
3.744998183998177
 10
-14.77756108799076
 20
4.149862583997673
 10
-14.57512833599321
 20
4.352295335997951
 10
-14.17026393599008
 20
4.554728087997319
 10
-13.76539953599058
 20
4.959592487996815
 10
-13.36053513599108
 20
5.364456887997222
 10
-12.95566963199235
 20
5.769322391996865
 10
-12.55080523199285
 20
6.174186791996362
 10
-12.34837247999166
 20
6.579051191996768
 10
-11.94350807999217
 20
6.983915591996263
 10
-11.74107532799462
 20
7.388781095995908
 10
-11.53864367999267
 20
7.591212743996035
 10
-11.53864367999267
 20
7.793645495995406
 10
-11.33621092799512
 20
7.996078247994772
 10
-11.33621092799512
 20
8.198509895994903
 10
-11.13377927999318
 20
8.400942647995178
 10
-11.13377927999318
 20
8.603374295995309
 10
-10.93134652799199
 20
8.603374295995309
 10
-10.72891377599444
 20
8.805807047994676
 10
-10.52648212799249
 20
8.805807047994676
 10
-10.32404937599494
 20
8.603374295995309
 10
-10.32404937599494
 20
8.400942647995178
 10
-10.32404937599494
 20
8.198509895994903
 10
-10.32404937599494
 20
7.793645495995406
 10
-10.32404937599494
 20
7.591212743996035
 10
-10.32404937599494
 20
7.186348343996543
 10
-10.12161662399376
 20
6.983915591996263
 10
-9.919184975995448
 20
6.579051191996768
 10
-9.514319471993076
 20
6.376618439996491
 10
-9.10945507199358
 20
5.971754039996995
 10
-8.704590671994081
 20
5.769322391996865
 10
-8.502157919996534
 20
5.566889639996587
 10
-8.097293519997038
 20
5.162025239997092
 10
-7.894860767995851
 20
4.757159735997448
 10
-7.894860767995851
 20
4.352295335997951
 10
-7.894860767995851
 20
-2.327972231998501
 10
-7.894860767995851
 20
-2.530404983998778
 10
-8.097293519997038
 20
-2.935269383998274
 10
-8.299726271994587
 20
-3.340133783997772
 10
-8.704590671994081
 20
-3.744998183998177
 10
-8.90702342399527
 20
-3.947430935997545
 10
-9.311887823994764
 20
-4.352295335997951
 10
-9.514319471993076
 20
-4.757160839996686
 10
-9.919184975995448
 20
-4.959592487996815
 10
-9.919184975995448
 20
-5.162025239997092
 10
-10.12161662399376
 20
-5.566889639996587
 10
-10.12161662399376
 20
-5.769322391996865
 10
-10.32404937599494
 20
-5.971754039996085
 10
-10.32404937599494
 20
-6.174186791996362
 10
-10.52648212799249
 20
-6.37661954399664
 10
-10.52648212799249
 20
-6.37661954399664
 10
-10.72891377599444
 20
-6.37661954399664
 10
-11.13377927999318
 20
-6.174186791996362
 10
-11.33621092799512
 20
-5.971754039996085
 10
-11.74107532799462
 20
-5.769322391996865
 10
-11.94350807999217
 20
-5.566889639996587
 10
-12.34837247999166
 20
-5.162025239997092
 10
-12.55080523199285
 20
-4.757160839996686
 10
-12.75323798399404
 20
-4.554728087997319
 10
-12.95566963199235
 20
-4.352295335997951
 10
-13.36053513599108
 20
-3.744998183998177
 10
-13.76539953599058
 20
-3.137701031998402
 10
-14.17026393599008
 20
-2.732836631997997
 10
-14.37269668799126
 20
-2.327972231998501
 10
-14.77756108799076
 20
-1.923107831999004
 10
-15.18242548799026
 20
-1.518242327999359
 10
-15.58729099199263
 20
-0.9109451759995864
 10
-15.99215539199213
 20
-0.5060807759991806
 10
-16.19458703999043
 20
-0.3036491279999609
 10
-16.39701979199162
 20
-0.1012163759996838
 10
-16.59945254398917
 20
0.1012163760005933
 10
-17.00431694398867
 20
0.1012163760005933
 10
-17.20674969598985
 20
0.3036480239998127
 10
-17.40918134398816
 20
0.50608077600009
 10
-17.40918134398816
 20
0.7085135279994575
 10
-17.61161409598935
 20
0.9109451759995864
 10
-17.61161409598935
 20
0.9109451759995864
 10
-17.61161409598935
 20
1.113377927999863
 10
-17.40918134398816
 20
1.113377927999863
 10
-17.40918134398816
 20
1.315810679999229
 10
-17.20674969598985
 20
1.315810679999229
 10
-17.20674969598985
 20
1.518242327999359
 10
-17.00431694398867
 20
1.518242327999359
 10
-17.00431694398867
 20
1.720675079998725
  0
LINE
  5
6F6
330
6EE
100
AcDbEntity
  8
FURNITURE
 62
     7
100
AcDbLine
 10
0.0
 20
23.17850373598685
 30
0.0
 11
0.0
 21
-23.17850373598685
 31
0.0
  0
LINE
  5
6F7
330
6EE
100
AcDbEntity
  8
FURNITURE
 62
     7
100
AcDbLine
 10
-7.894860767995851
 20
-23.17850373598685
 30
0.0
 11
-7.894860767995851
 21
23.17850373598685
 31
0.0
  0
LINE
  5
6F8
330
6EE
100
AcDbEntity
  8
FURNITURE
 62
     7
100
AcDbLine
 10
-5.870537663995492
 20
27.36598125598448
 30
0.0
 11
-22.67242295998585
 21
27.36598125598448
 31
0.0
  0
LINE
  5
6F9
330
6EE
100
AcDbEntity
  8
FURNITURE
 62
     7
100
AcDbLine
 10
-25.70890761598639
 20
23.78580088798663
 30
0.0
 11
-12.68860982399201
 21
23.78580088798663
 31
0.0
  0
LINE
  5
6FA
330
6EE
100
AcDbEntity
  8
FURNITURE
 62
     7
100
AcDbLine
 10
-4.048646207997076
 20
24.59553079198577
 30
0.0
 11
-4.048646207997076
 21
26.75868410398471
 31
0.0
  0
LINE
  5
6FB
330
6EE
100
AcDbEntity
  8
FURNITURE
 62
     7
100
AcDbLine
 10
-4.048646207997076
 20
26.75868410398471
 30
0.0
 11
-4.251078959998267
 21
26.96111685598407
 31
0.0
  0
LINE
  5
6FC
330
6EE
100
AcDbEntity
  8
FURNITURE
 62
     7
100
AcDbLine
 10
-4.251078959998267
 20
26.96111685598407
 30
0.0
 11
-4.655943359997762
 21
27.1635485039842
 31
0.0
  0
LINE
  5
6FD
330
6EE
100
AcDbEntity
  8
FURNITURE
 62
     7
100
AcDbLine
 10
-4.655943359997762
 20
27.1635485039842
 30
0.0
 11
-5.06080775999726
 21
27.36598125598448
 31
0.0
  0
LINE
  5
6FE
330
6EE
100
AcDbEntity
  8
FURNITURE
 62
     7
100
AcDbLine
 10
-5.06080775999726
 20
27.36598125598448
 30
0.0
 11
-5.870537663995492
 21
27.36598125598448
 31
0.0
  0
LINE
  5
6FF
330
6EE
100
AcDbEntity
  8
FURNITURE
 62
     7
100
AcDbLine
 10
-7.894860767995851
 20
23.17850373598685
 30
0.0
 11
-7.894860767995851
 21
23.38093648798713
 31
0.0
  0
LINE
  5
700
330
6EE
100
AcDbEntity
  8
FURNITURE
 62
     7
100
AcDbLine
 10
-7.894860767995851
 20
23.38093648798713
 30
0.0
 11
-7.894860767995851
 21
23.78580088798663
 31
0.0
  0
LINE
  5
701
330
6EE
100
AcDbEntity
  8
FURNITURE
 62
     7
100
AcDbLine
 10
-7.894860767995851
 20
23.78580088798663
 30
0.0
 11
-7.69242911999754
 21
23.98823363998599
 31
0.0
  0
LINE
  5
702
330
6EE
100
AcDbEntity
  8
FURNITURE
 62
     7
100
AcDbLine
 10
-7.69242911999754
 20
23.98823363998599
 30
0.0
 11
-7.69242911999754
 21
24.19066528798612
 31
0.0
  0
LINE
  5
703
330
6EE
100
AcDbEntity
  8
FURNITURE
 62
     7
100
AcDbLine
 10
-7.69242911999754
 20
24.19066528798612
 30
0.0
 11
-7.489996367996353
 21
24.39309803998549
 31
0.0
  0
LINE
  5
704
330
6EE
100
AcDbEntity
  8
FURNITURE
 62
     7
100
AcDbLine
 10
-7.489996367996353
 20
24.39309803998549
 30
0.0
 11
-7.489996367996353
 21
24.39309803998549
 31
0.0
  0
LINE
  5
705
330
6EE
100
AcDbEntity
  8
FURNITURE
 62
     7
100
AcDbLine
 10
-7.489996367996353
 20
24.39309803998549
 30
0.0
 11
-7.287563615995167
 21
24.59553079198577
 31
0.0
  0
LINE
  5
706
330
6EE
100
AcDbEntity
  8
FURNITURE
 62
     7
100
AcDbLine
 10
-7.287563615995167
 20
24.59553079198577
 30
0.0
 11
-7.085131967996857
 21
24.59553079198577
 31
0.0
  0
LINE
  5
707
330
6EE
100
AcDbEntity
  8
FURNITURE
 62
     7
100
AcDbLine
 10
-7.085131967996857
 20
24.59553079198577
 30
0.0
 11
-0.8097287999989928
 21
24.59553079198577
 31
0.0
  0
LINE
  5
708
330
6EE
100
AcDbEntity
  8
FURNITURE
 62
     7
100
AcDbLine
 10
-0.8097287999989928
 20
24.59553079198577
 30
0.0
 11
-0.6072960480014447
 21
24.59553079198577
 31
0.0
  0
LINE
  5
709
330
6EE
100
AcDbEntity
  8
FURNITURE
 62
     7
100
AcDbLine
 10
-0.6072960480014447
 20
24.59553079198577
 30
0.0
 11
-0.4048643999994967
 21
24.39309803998549
 31
0.0
  0
LINE
  5
70A
330
6EE
100
AcDbEntity
  8
FURNITURE
 62
     7
100
AcDbLine
 10
-0.4048643999994967
 20
24.39309803998549
 30
0.0
 11
-0.4048643999994967
 21
24.39309803998549
 31
0.0
  0
LINE
  5
70B
330
6EE
100
AcDbEntity
  8
FURNITURE
 62
     7
100
AcDbLine
 10
-0.4048643999994967
 20
24.39309803998549
 30
0.0
 11
-0.2024316479983099
 21
24.19066528798612
 31
0.0
  0
LINE
  5
70C
330
6EE
100
AcDbEntity
  8
FURNITURE
 62
     7
100
AcDbLine
 10
-0.2024316479983099
 20
24.19066528798612
 30
0.0
 11
-0.2024316479983099
 21
23.98823363998599
 31
0.0
  0
LINE
  5
70D
330
6EE
100
AcDbEntity
  8
FURNITURE
 62
     7
100
AcDbLine
 10
-0.2024316479983099
 20
23.98823363998599
 30
0.0
 11
0.0
 21
23.78580088798663
 31
0.0
  0
LINE
  5
70E
330
6EE
100
AcDbEntity
  8
FURNITURE
 62
     7
100
AcDbLine
 10
0.0
 20
23.78580088798663
 30
0.0
 11
0.0
 21
23.38093648798713
 31
0.0
  0
LINE
  5
70F
330
6EE
100
AcDbEntity
  8
FURNITURE
 62
     7
100
AcDbLine
 10
0.0
 20
23.38093648798713
 30
0.0
 11
0.0
 21
23.17850373598685
 31
0.0
  0
LINE
  5
710
330
6EE
100
AcDbEntity
  8
FURNITURE
 62
     7
100
AcDbLine
 10
-17.20674969598985
 20
0.3036480239998127
 30
0.0
 11
-25.70890761598639
 21
0.3036480239998127
 31
0.0
  0
LINE
  5
711
330
6EE
100
AcDbEntity
  8
FURNITURE
 62
     7
100
AcDbLine
 10
-25.70890761598639
 20
0.3036480239998127
 30
0.0
 11
-17.20674969598985
 21
0.3036480239998127
 31
0.0
  0
LINE
  5
712
330
6EE
100
AcDbEntity
  8
FURNITURE
 62
     7
100
AcDbLine
 10
-25.70890761598639
 20
0.3036480239998127
 30
0.0
 11
-26.11377311998513
 21
0.3036480239998127
 31
0.0
  0
LINE
  5
713
330
6EE
100
AcDbEntity
  8
FURNITURE
 62
     7
100
AcDbLine
 10
-26.11377311998513
 20
0.3036480239998127
 30
0.0
 11
-26.51863751998462
 21
0.50608077600009
 31
0.0
  0
LINE
  5
714
330
6EE
100
AcDbEntity
  8
FURNITURE
 62
     7
100
AcDbLine
 10
-26.51863751998462
 20
0.50608077600009
 30
0.0
 11
-26.72106916798294
 21
0.7085135279994575
 31
0.0
  0
LINE
  5
715
330
6EE
100
AcDbEntity
  8
FURNITURE
 62
     7
100
AcDbLine
 10
-26.72106916798294
 20
0.7085135279994575
 30
0.0
 11
-27.12593467198531
 21
0.9109451759995864
 31
0.0
  0
LINE
  5
716
330
6EE
100
AcDbEntity
  8
FURNITURE
 62
     7
100
AcDbLine
 10
-27.12593467198531
 20
0.9109451759995864
 30
0.0
 11
-27.32836631998362
 21
1.315810679999229
 31
0.0
  0
LINE
  5
717
330
6EE
100
AcDbEntity
  8
FURNITURE
 62
     7
100
AcDbLine
 10
-27.32836631998362
 20
1.315810679999229
 30
0.0
 11
-27.5307990719848
 21
1.720675079998725
 31
0.0
  0
LINE
  5
718
330
6EE
100
AcDbEntity
  8
FURNITURE
 62
     7
100
AcDbLine
 10
-27.5307990719848
 20
1.720675079998725
 30
0.0
 11
-27.73323182398236
 21
1.923106727998856
 31
0.0
  0
LINE
  5
719
330
6EE
100
AcDbEntity
  8
FURNITURE
 62
     7
100
AcDbLine
 10
-27.73323182398236
 20
1.923106727998856
 30
0.0
 11
-27.73323182398236
 21
2.53040387999863
 31
0.0
  0
LINE
  5
71A
330
6EE
100
AcDbEntity
  8
FURNITURE
 62
     7
100
AcDbLine
 10
-27.73323182398236
 20
-1.315810679999229
 30
0.0
 11
-27.5307990719848
 21
-0.9109451759995864
 31
0.0
  0
LINE
  5
71B
330
6EE
100
AcDbEntity
  8
FURNITURE
 62
     7
100
AcDbLine
 10
-27.5307990719848
 20
-0.9109451759995864
 30
0.0
 11
-27.32836631998362
 21
-0.7085135279994575
 31
0.0
  0
LINE
  5
71C
330
6EE
100
AcDbEntity
  8
FURNITURE
 62
     7
100
AcDbLine
 10
-27.32836631998362
 20
-0.7085135279994575
 30
0.0
 11
-27.12593467198531
 21
-0.3036491279999609
 31
0.0
  0
LINE
  5
71D
330
6EE
100
AcDbEntity
  8
FURNITURE
 62
     7
100
AcDbLine
 10
-27.12593467198531
 20
-0.3036491279999609
 30
0.0
 11
-26.72106916798294
 21
-0.1012163759996838
 31
0.0
  0
LINE
  5
71E
330
6EE
100
AcDbEntity
  8
FURNITURE
 62
     7
100
AcDbLine
 10
-26.72106916798294
 20
-0.1012163759996838
 30
0.0
 11
-26.51863751998462
 21
0.1012163760005933
 31
0.0
  0
LINE
  5
71F
330
6EE
100
AcDbEntity
  8
FURNITURE
 62
     7
100
AcDbLine
 10
-26.51863751998462
 20
0.1012163760005933
 30
0.0
 11
-26.11377311998513
 21
0.3036480239998127
 31
0.0
  0
LINE
  5
720
330
6EE
100
AcDbEntity
  8
FURNITURE
 62
     7
100
AcDbLine
 10
-26.11377311998513
 20
0.3036480239998127
 30
0.0
 11
-25.70890761598639
 21
0.3036480239998127
 31
0.0
  0
LINE
  5
721
330
6EE
100
AcDbEntity
  8
FURNITURE
 62
     7
100
AcDbLine
 10
-27.73323182398236
 20
2.53040387999863
 30
0.0
 11
-27.73323182398236
 21
21.55904503198781
 31
0.0
  0
LINE
  5
722
330
6EE
100
AcDbEntity
  8
FURNITURE
 62
     7
100
AcDbLine
 10
-22.67242295998585
 20
27.36598125598448
 30
0.0
 11
-23.48215175998484
 21
27.36598125598448
 31
0.0
  0
LINE
  5
723
330
6EE
100
AcDbEntity
  8
FURNITURE
 62
     7
100
AcDbLine
 10
-23.48215175998484
 20
27.36598125598448
 30
0.0
 11
-24.08944891198553
 21
27.1635485039842
 31
0.0
  0
LINE
  5
724
330
6EE
100
AcDbEntity
  8
FURNITURE
 62
     7
100
AcDbLine
 10
-24.08944891198553
 20
27.1635485039842
 30
0.0
 11
-24.4943144159879
 21
26.96111685598407
 31
0.0
  0
LINE
  5
725
330
6EE
100
AcDbEntity
  8
FURNITURE
 62
     7
100
AcDbLine
 10
-24.4943144159879
 20
26.96111685598407
 30
0.0
 11
-24.4943144159879
 21
26.75868410398471
 31
0.0
  0
LINE
  5
726
330
6EE
100
AcDbEntity
  8
FURNITURE
 62
     7
100
AcDbLine
 10
-24.4943144159879
 20
26.75868410398471
 30
0.0
 11
-24.4943144159879
 21
23.78580088798663
 31
0.0
  0
LINE
  5
727
330
6EE
100
AcDbEntity
  8
FURNITURE
 62
     7
100
AcDbLine
 10
-27.73323182398236
 20
21.55904503198781
 30
0.0
 11
-27.73323182398236
 21
22.16634218398668
 31
0.0
  0
LINE
  5
728
330
6EE
100
AcDbEntity
  8
FURNITURE
 62
     7
100
AcDbLine
 10
-27.73323182398236
 20
22.16634218398668
 30
0.0
 11
-27.5307990719848
 21
22.36877493598695
 31
0.0
  0
LINE
  5
729
330
6EE
100
AcDbEntity
  8
FURNITURE
 62
     7
100
AcDbLine
 10
-27.5307990719848
 20
22.36877493598695
 30
0.0
 11
-27.32836631998362
 21
22.77363933598735
 31
0.0
  0
LINE
  5
72A
330
6EE
100
AcDbEntity
  8
FURNITURE
 62
     7
100
AcDbLine
 10
-27.32836631998362
 20
22.77363933598735
 30
0.0
 11
-27.12593467198531
 21
23.17850373598685
 31
0.0
  0
LINE
  5
72B
330
6EE
100
AcDbEntity
  8
FURNITURE
 62
     7
100
AcDbLine
 10
-27.12593467198531
 20
23.17850373598685
 30
0.0
 11
-26.72106916798294
 21
23.38093648798713
 31
0.0
  0
LINE
  5
72C
330
6EE
100
AcDbEntity
  8
FURNITURE
 62
     7
100
AcDbLine
 10
-26.72106916798294
 20
23.38093648798713
 30
0.0
 11
-26.51863751998462
 21
23.58336813598635
 31
0.0
  0
LINE
  5
72D
330
6EE
100
AcDbEntity
  8
FURNITURE
 62
     7
100
AcDbLine
 10
-26.51863751998462
 20
23.58336813598635
 30
0.0
 11
-26.11377311998513
 21
23.78580088798663
 31
0.0
  0
LINE
  5
72E
330
6EE
100
AcDbEntity
  8
FURNITURE
 62
     7
100
AcDbLine
 10
-26.11377311998513
 20
23.78580088798663
 30
0.0
 11
-25.70890761598639
 21
23.78580088798663
 31
0.0
  0
LWPOLYLINE
  5
72F
330
6EE
100
AcDbEntity
  8
FURNITURE
 62
     7
100
AcDbPolyline
 90
       90
 70
     0
 43
0.06899999999996
 10
-17.00431694398867
 20
-18.72499202398921
 10
-16.59945254398917
 20
-18.72499202398921
 10
-16.39701979199162
 20
-19.12985752798886
 10
-15.99215539199213
 20
-19.53472192798836
 10
-15.58729099199263
 20
-19.93958632798876
 10
-15.38485823999144
 20
-20.34445183198841
 10
-14.97999383999195
 20
-20.74931623198791
 10
-14.77756108799076
 20
-21.1541806319874
 10
-14.57512833599321
 20
-21.35661338398768
 10
-14.17026393599008
 20
-21.55904503198781
 10
-13.76539953599058
 20
-21.96391053598745
 10
-13.36053513599108
 20
-22.36877493598695
 10
-12.95566963199235
 20
-22.77363933598644
 10
-12.55080523199285
 20
-23.17850373598685
 10
-12.34837247999166
 20
-23.5833692399865
 10
-11.94350807999217
 20
-23.98823363998599
 10
-11.74107532799462
 20
-24.39309803998549
 10
-11.53864367999267
 20
-24.59553079198577
 10
-11.53864367999267
 20
-24.79796354398513
 10
-11.33621092799512
 20
-25.00039519198526
 10
-11.33621092799512
 20
-25.20282794398463
 10
-11.13377927999318
 20
-25.40525959198476
 10
-11.13377927999318
 20
-25.60769234398504
 10
-10.93134652799199
 20
-25.60769234398504
 10
-10.72891377599444
 20
-25.81012509598532
 10
-10.52648212799249
 20
-25.81012509598532
 10
-10.32404937599494
 20
-25.60769234398504
 10
-10.32404937599494
 20
-25.40525959198476
 10
-10.32404937599494
 20
-25.20282794398463
 10
-10.32404937599494
 20
-24.79796354398513
 10
-10.32404937599494
 20
-24.59553079198577
 10
-10.32404937599494
 20
-24.19066639198536
 10
-10.12161662399376
 20
-23.98823363998599
 10
-9.919184975995448
 20
-23.5833692399865
 10
-9.514319471993076
 20
-23.38093648798622
 10
-9.10945507199358
 20
-22.97607208798672
 10
-8.704590671994081
 20
-22.77363933598644
 10
-8.502157919996534
 20
-22.57120768798722
 10
-8.097293519997038
 20
-22.16634218398668
 10
-7.894860767995851
 20
-21.76147778398718
 10
-7.894860767995851
 20
-21.35661338398768
 10
-7.894860767995851
 20
-14.67634581599122
 10
-7.894860767995851
 20
-14.27148031199158
 10
-8.097293519997038
 20
-14.06904866399145
 10
-8.299726271994587
 20
-13.66418426399195
 10
-8.704590671994081
 20
-13.25931875999231
 10
-8.90702342399527
 20
-13.05688711199309
 10
-9.311887823994764
 20
-12.65202160799254
 10
-9.514319471993076
 20
-12.24715720799304
 10
-9.919184975995448
 20
-11.84229280799263
 10
-9.919184975995448
 20
-11.84229280799263
 10
-10.12161662399376
 20
-11.43742840799314
 10
-10.12161662399376
 20
-11.23499565599377
 10
-10.32404937599494
 20
-11.03256290399349
 10
-10.32404937599494
 20
-10.83013125599336
 10
-10.52648212799249
 20
-10.627698503994
 10
-10.52648212799249
 20
-10.627698503994
 10
-10.72891377599444
 20
-10.627698503994
 10
-11.13377927999318
 20
-10.627698503994
 10
-11.33621092799512
 20
-11.03256290399349
 10
-11.74107532799462
 20
-11.23499565599377
 10
-11.94350807999217
 20
-11.43742840799314
 10
-12.34837247999166
 20
-11.84229280799263
 10
-12.55080523199285
 20
-12.24715720799304
 10
-12.75323798399404
 20
-12.44958995999241
 10
-12.95566963199235
 20
-12.65202160799254
 10
-13.36053513599108
 20
-13.25931875999231
 10
-13.76539953599058
 20
-13.86661591199208
 10
-14.17026393599008
 20
-14.27148031199158
 10
-14.37269668799126
 20
-14.67634581599122
 10
-14.77756108799076
 20
-15.08121021599072
 10
-15.18242548799026
 20
-15.48607461599113
 10
-15.58729099199263
 20
-16.0933717679909
 10
-15.99215539199213
 20
-16.4982361679904
 10
-16.19458703999043
 20
-16.70066891999067
 10
-16.39701979199162
 20
-16.90310167199004
 10
-16.59945254398917
 20
-17.10553331999017
 10
-17.00431694398867
 20
-17.10553331999017
 10
-17.20674969598985
 20
-17.30796607199045
 10
-17.40918134398816
 20
-17.51039882398982
 10
-17.40918134398816
 20
-17.51039882398982
 10
-17.61161409598935
 20
-17.91526322398931
 10
-17.61161409598935
 20
-17.91526322398931
 10
-17.61161409598935
 20
-18.11769597598868
 10
-17.40918134398816
 20
-18.11769597598868
 10
-17.40918134398816
 20
-18.32012762398881
 10
-17.20674969598985
 20
-18.32012762398881
 10
-17.20674969598985
 20
-18.52256037598909
 10
-17.00431694398867
 20
-18.52256037598909
 10
-17.00431694398867
 20
-18.72499202398921
  0
LINE
  5
730
330
6EE
100
AcDbEntity
  8
FURNITURE
 62
     7
100
AcDbLine
 10
-5.870537663995492
 20
-26.82228664798458
 30
0.0
 11
-22.67242295998585
 21
-26.82228664798458
 31
0.0
  0
LINE
  5
731
330
6EE
100
AcDbEntity
  8
FURNITURE
 62
     7
100
AcDbLine
 10
-12.55080523199285
 20
-23.17850373598685
 30
0.0
 11
-25.70890761598639
 21
-23.17850373598685
 31
0.0
  0
LINE
  5
732
330
6EE
100
AcDbEntity
  8
FURNITURE
 62
     7
100
AcDbLine
 10
0.0
 20
-23.17850373598685
 30
0.0
 11
0.0
 21
-23.38093648798622
 31
0.0
  0
LINE
  5
733
330
6EE
100
AcDbEntity
  8
FURNITURE
 62
     7
100
AcDbLine
 10
0.0
 20
-23.38093648798622
 30
0.0
 11
0.0
 21
-23.78580088798663
 31
0.0
  0
LINE
  5
734
330
6EE
100
AcDbEntity
  8
FURNITURE
 62
     7
100
AcDbLine
 10
0.0
 20
-23.78580088798663
 30
0.0
 11
-0.2024316479983099
 21
-23.98823363998599
 31
0.0
  0
LINE
  5
735
330
6EE
100
AcDbEntity
  8
FURNITURE
 62
     7
100
AcDbLine
 10
-0.2024316479983099
 20
-23.98823363998599
 30
0.0
 11
-0.2024316479983099
 21
-24.19066639198536
 31
0.0
  0
LINE
  5
736
330
6EE
100
AcDbEntity
  8
FURNITURE
 62
     7
100
AcDbLine
 10
-0.2024316479983099
 20
-24.19066639198536
 30
0.0
 11
-0.4048643999994967
 21
-24.39309803998549
 31
0.0
  0
LINE
  5
737
330
6EE
100
AcDbEntity
  8
FURNITURE
 62
     7
100
AcDbLine
 10
-0.4048643999994967
 20
-24.39309803998549
 30
0.0
 11
-0.4048643999994967
 21
-24.39309803998549
 31
0.0
  0
LINE
  5
738
330
6EE
100
AcDbEntity
  8
FURNITURE
 62
     7
100
AcDbLine
 10
-0.4048643999994967
 20
-24.39309803998549
 30
0.0
 11
-0.6072960480014447
 21
-24.59553079198577
 31
0.0
  0
LINE
  5
739
330
6EE
100
AcDbEntity
  8
FURNITURE
 62
     7
100
AcDbLine
 10
-0.6072960480014447
 20
-24.59553079198577
 30
0.0
 11
-0.8097287999989928
 21
-24.59553079198577
 31
0.0
  0
LINE
  5
73A
330
6EE
100
AcDbEntity
  8
FURNITURE
 62
     7
100
AcDbLine
 10
-0.8097287999989928
 20
-24.59553079198577
 30
0.0
 11
-7.085131967996857
 21
-24.59553079198577
 31
0.0
  0
LINE
  5
73B
330
6EE
100
AcDbEntity
  8
FURNITURE
 62
     7
100
AcDbLine
 10
-7.085131967996857
 20
-24.59553079198577
 30
0.0
 11
-7.287563615995167
 21
-24.59553079198577
 31
0.0
  0
LINE
  5
73C
330
6EE
100
AcDbEntity
  8
FURNITURE
 62
     7
100
AcDbLine
 10
-7.287563615995167
 20
-24.59553079198577
 30
0.0
 11
-7.489996367996353
 21
-24.39309803998549
 31
0.0
  0
LINE
  5
73D
330
6EE
100
AcDbEntity
  8
FURNITURE
 62
     7
100
AcDbLine
 10
-7.489996367996353
 20
-24.39309803998549
 30
0.0
 11
-7.489996367996353
 21
-24.39309803998549
 31
0.0
  0
LINE
  5
73E
330
6EE
100
AcDbEntity
  8
FURNITURE
 62
     7
100
AcDbLine
 10
-7.489996367996353
 20
-24.39309803998549
 30
0.0
 11
-7.69242911999754
 21
-24.19066639198536
 31
0.0
  0
LINE
  5
73F
330
6EE
100
AcDbEntity
  8
FURNITURE
 62
     7
100
AcDbLine
 10
-7.69242911999754
 20
-24.19066639198536
 30
0.0
 11
-7.69242911999754
 21
-23.98823363998599
 31
0.0
  0
LINE
  5
740
330
6EE
100
AcDbEntity
  8
FURNITURE
 62
     7
100
AcDbLine
 10
-7.69242911999754
 20
-23.98823363998599
 30
0.0
 11
-7.894860767995851
 21
-23.78580088798663
 31
0.0
  0
LINE
  5
741
330
6EE
100
AcDbEntity
  8
FURNITURE
 62
     7
100
AcDbLine
 10
-7.894860767995851
 20
-23.78580088798663
 30
0.0
 11
-7.894860767995851
 21
-23.38093648798622
 31
0.0
  0
LINE
  5
742
330
6EE
100
AcDbEntity
  8
FURNITURE
 62
     7
100
AcDbLine
 10
-7.894860767995851
 20
-23.38093648798622
 30
0.0
 11
-7.894860767995851
 21
-23.17850373598685
 31
0.0
  0
LINE
  5
743
330
6EE
100
AcDbEntity
  8
FURNITURE
 62
     7
100
AcDbLine
 10
-4.048646207997076
 20
-24.59553079198577
 30
0.0
 11
-4.048646207997076
 21
-26.21498949598481
 31
0.0
  0
LINE
  5
744
330
6EE
100
AcDbEntity
  8
FURNITURE
 62
     7
100
AcDbLine
 10
-4.048646207997076
 20
-26.21498949598481
 30
0.0
 11
-4.251078959998267
 21
-26.41742224798509
 31
0.0
  0
LINE
  5
745
330
6EE
100
AcDbEntity
  8
FURNITURE
 62
     7
100
AcDbLine
 10
-4.251078959998267
 20
-26.41742224798509
 30
0.0
 11
-4.655943359997762
 21
-26.61985389598522
 31
0.0
  0
LINE
  5
746
330
6EE
100
AcDbEntity
  8
FURNITURE
 62
     7
100
AcDbLine
 10
-4.655943359997762
 20
-26.61985389598522
 30
0.0
 11
-5.06080775999726
 21
-26.82228664798458
 31
0.0
  0
LINE
  5
747
330
6EE
100
AcDbEntity
  8
FURNITURE
 62
     7
100
AcDbLine
 10
-5.06080775999726
 20
-26.82228664798458
 30
0.0
 11
-5.870537663995492
 21
-26.82228664798458
 31
0.0
  0
LINE
  5
748
330
6EE
100
AcDbEntity
  8
FURNITURE
 62
     7
100
AcDbLine
 10
-27.73323182398236
 20
-20.95174787998804
 30
0.0
 11
-27.73323182398236
 21
-1.923107831999004
 31
0.0
  0
LINE
  5
749
330
6EE
100
AcDbEntity
  8
FURNITURE
 62
     7
100
AcDbLine
 10
-22.67242295998585
 20
-26.82228664798458
 30
0.0
 11
-23.48215175998484
 21
-26.82228664798458
 31
0.0
  0
LINE
  5
74A
330
6EE
100
AcDbEntity
  8
FURNITURE
 62
     7
100
AcDbLine
 10
-23.48215175998484
 20
-26.82228664798458
 30
0.0
 11
-24.08944891198553
 21
-26.61985389598522
 31
0.0
  0
LINE
  5
74B
330
6EE
100
AcDbEntity
  8
FURNITURE
 62
     7
100
AcDbLine
 10
-24.08944891198553
 20
-26.61985389598522
 30
0.0
 11
-24.4943144159879
 21
-26.41742224798509
 31
0.0
  0
LINE
  5
74C
330
6EE
100
AcDbEntity
  8
FURNITURE
 62
     7
100
AcDbLine
 10
-24.4943144159879
 20
-26.41742224798509
 30
0.0
 11
-24.4943144159879
 21
-26.21498949598481
 31
0.0
  0
LINE
  5
74D
330
6EE
100
AcDbEntity
  8
FURNITURE
 62
     7
100
AcDbLine
 10
-24.4943144159879
 20
-26.21498949598481
 30
0.0
 11
-24.4943144159879
 21
-23.17850373598685
 31
0.0
  0
LINE
  5
74E
330
6EE
100
AcDbEntity
  8
FURNITURE
 62
     7
100
AcDbLine
 10
-25.70890761598639
 20
-23.17850373598685
 30
0.0
 11
-26.11377311998513
 21
-23.17850373598685
 31
0.0
  0
LINE
  5
74F
330
6EE
100
AcDbEntity
  8
FURNITURE
 62
     7
100
AcDbLine
 10
-26.11377311998513
 20
-23.17850373598685
 30
0.0
 11
-26.51863751998462
 21
-22.97607208798672
 31
0.0
  0
LINE
  5
750
330
6EE
100
AcDbEntity
  8
FURNITURE
 62
     7
100
AcDbLine
 10
-26.51863751998462
 20
-22.97607208798672
 30
0.0
 11
-26.72106916798294
 21
-22.77363933598644
 31
0.0
  0
LINE
  5
751
330
6EE
100
AcDbEntity
  8
FURNITURE
 62
     7
100
AcDbLine
 10
-26.72106916798294
 20
-22.77363933598644
 30
0.0
 11
-27.12593467198531
 21
-22.57120768798722
 31
0.0
  0
LINE
  5
752
330
6EE
100
AcDbEntity
  8
FURNITURE
 62
     7
100
AcDbLine
 10
-27.12593467198531
 20
-22.57120768798722
 30
0.0
 11
-27.32836631998362
 21
-22.16634218398668
 31
0.0
  0
LINE
  5
753
330
6EE
100
AcDbEntity
  8
FURNITURE
 62
     7
100
AcDbLine
 10
-27.32836631998362
 20
-22.16634218398668
 30
0.0
 11
-27.5307990719848
 21
-21.76147778398718
 31
0.0
  0
LINE
  5
754
330
6EE
100
AcDbEntity
  8
FURNITURE
 62
     7
100
AcDbLine
 10
-27.5307990719848
 20
-21.76147778398718
 30
0.0
 11
-27.73323182398236
 21
-21.55904503198781
 31
0.0
  0
LINE
  5
755
330
6EE
100
AcDbEntity
  8
FURNITURE
 62
     7
100
AcDbLine
 10
-27.73323182398236
 20
-21.55904503198781
 30
0.0
 11
-27.73323182398236
 21
-20.95174787998804
 31
0.0
  0
LINE
  5
756
330
6EE
100
AcDbEntity
  8
FURNITURE
 62
     7
100
AcDbLine
 10
-27.73323182398236
 20
-1.923107831999004
 30
0.0
 11
-27.73323182398236
 21
-1.315810679999229
 31
0.0
  0
LINE
  5
757
330
6EE
100
AcDbEntity
  8
FURNITURE
 62
     7
100
AcDbLine
 10
-20.4168836159879
 20
-23.17850373598685
 30
0.0
 11
-20.4168836159879
 21
23.78580088798663
 31
0.0
  0
LINE
  5
758
330
6EE
100
AcDbEntity
  8
FURNITURE
 62
     7
100
AcDbLine
 10
-20.3478836159884
 20
-23.17850373598685
 30
0.0
 11
-20.3478836159884
 21
23.78580088798663
 31
0.0
  0
LINE
  5
759
330
6EE
100
AcDbEntity
  8
FURNITURE
 62
     7
100
AcDbLine
 10
-18.98539857598734
 20
-23.17850373598685
 30
0.0
 11
-18.98539857598734
 21
23.78580088798663
 31
0.0
  0
LINE
  5
75A
330
6EE
100
AcDbEntity
  8
FURNITURE
 62
     7
100
AcDbLine
 10
-18.91639857598784
 20
-23.17850373598685
 30
0.0
 11
-18.91639857598784
 21
23.78580088798663
 31
0.0
  0
LINE
  5
75B
330
6EE
100
AcDbEntity
  8
FURNITURE
 62
     7
100
AcDbLine
 10
-17.7385630559911
 20
-23.17850373598685
 30
0.0
 11
-17.7385630559911
 21
23.78580088798663
 31
0.0
  0
LINE
  5
75C
330
6EE
100
AcDbEntity
  8
FURNITURE
 62
     7
100
AcDbLine
 10
-17.6695630559916
 20
-23.17850373598685
 30
0.0
 11
-17.6695630559916
 21
23.78580088798663
 31
0.0
  0
ENDBLK
  5
75D
330
6EE
100
AcDbEntity
  8
0
100
AcDbBlockEnd
  0
BLOCK
  5
75F
330
75E
100
AcDbEntity
  8
0
100
AcDbBlockBegin
  2
DAS
 70
     0
 10
0.0
 20
0.0
 30
0.0
  3
DAS
  1

  0
LINE
  5
760
330
75E
100
AcDbEntity
  8
FURN
100
AcDbLine
 10
8.539999999999964
 20
9.0
 30
0.0
 11
8.539999999999964
 21
-45.0
 31
0.0
  0
LINE
  5
761
330
75E
100
AcDbEntity
  8
FURN
100
AcDbLine
 10
8.539999999999964
 20
-45.0
 30
0.0
 11
4.53999999999996
 21
-45.0
 31
0.0
  0
LINE
  5
762
330
75E
100
AcDbEntity
  8
FURN
100
AcDbLine
 10
4.53999999999996
 20
-45.0
 30
0.0
 11
4.53999999999996
 21
9.0
 31
0.0
  0
LINE
  5
763
330
75E
100
AcDbEntity
  8
FURN
100
AcDbLine
 10
4.53999999999996
 20
9.0
 30
0.0
 11
8.539999999999964
 21
9.0
 31
0.0
  0
LINE
  5
764
330
75E
100
AcDbEntity
  8
FURN
100
AcDbLine
 10
4.53999999999996
 20
-36.0
 30
0.0
 11
0.0399999999999636
 21
-36.0
 31
0.0
  0
LINE
  5
765
330
75E
100
AcDbEntity
  8
FURN
100
AcDbLine
 10
4.53999999999996
 20
0.0
 30
0.0
 11
0.0
 21
0.0
 31
0.0
  0
ENDBLK
  5
766
330
75E
100
AcDbEntity
  8
0
100
AcDbBlockEnd
  0
BLOCK
  5
76A
330
767
100
AcDbEntity
  8
0
100
AcDbBlockBegin
  2
A$C798D1D60
 70
     0
 10
0.0
 20
0.0
 30
0.0
  3
A$C798D1D60
  1

  0
LINE
  5
76B
330
767
100
AcDbEntity
  8
FURNITURE
  6
CONTINUOUS
 62
     7
100
AcDbLine
 10
16.49999777563607
 20
73.49999966758331
 30
0.0
 11
88.49999777563607
 21
73.49999966758331
 31
0.0
  0
INSERT
  5
76C
330
767
100
AcDbEntity
  8
FURNITURE
100
AcDbBlockReference
  2
FURN-G5
 10
-832.4383502243642
 20
-481.6026443324171
 30
0.0
  0
LWPOLYLINE
  5
76D
330
767
100
AcDbEntity
  8
FURNITURE
  6
CONTINUOUS
 62
   181
100
AcDbPolyline
 90
        5
 70
     1
 43
0.0
 10
88.49999777563607
 20
73.49999966758331
 10
16.49999777563607
 20
73.49999966758331
 10
16.49999777563607
 20
17.99999966758332
 10
34.49999777563607
 20
-0.0000003324166755
 10
88.49999777563607
 20
-0.0000003324166755
  0
INSERT
  5
76E
330
767
100
AcDbEntity
  8
FURNITURE
100
AcDbBlockReference
  2
FURN-G7
 10
-832.4383502243642
 20
-481.6026443324171
 30
0.0
  0
LINE
  5
76F
330
767
100
AcDbEntity
  8
FURNITURE
  6
CONTINUOUS
 62
     7
100
AcDbLine
 10
16.49999777563607
 20
17.99999966758332
 30
0.0
 11
34.49999777563607
 21
-0.0000003324166755
 31
0.0
  0
SOLID
  5
770
330
767
100
AcDbEntity
  8
FURNITURE
  6
CONTINUOUS
 62
    42
100
AcDbTrace
 10
14.99999777563607
 20
77.99999966758331
 30
0.0
 11
-0.0000022243643798
 21
77.99999966758331
 31
0.0
 12
14.99999777563607
 22
62.99999966758332
 32
0.0
 13
-0.0000022243643798
 23
62.99999966758332
 33
0.0
  0
SOLID
  5
771
330
767
100
AcDbEntity
  8
FURNITURE
  6
CONTINUOUS
 62
    42
100
AcDbTrace
 10
104.999997775636
 20
77.99999966758331
 30
0.0
 11
89.99999777563606
 21
77.99999966758331
 31
0.0
 12
104.999997775636
 22
62.99999966758332
 32
0.0
 13
89.99999777563606
 23
62.99999966758332
 33
0.0
  0
ENDBLK
  5
772
330
767
100
AcDbEntity
  8
0
100
AcDbBlockEnd
  0
BLOCK
  5
776
330
773
100
AcDbEntity
  8
0
100
AcDbBlockBegin
  2
A$C089D5E05
 70
     0
 10
0.0
 20
0.0
 30
0.0
  3
A$C089D5E05
  1

  0
SOLID
  5
777
330
773
100
AcDbEntity
  8
FURNITURE
  6
CONTINUOUS
 62
    33
100
AcDbTrace
 10
43.49999582782766
 20
9.500000914545126
 30
0.0
 11
43.49999582782766
 21
58.50000243460727
 31
0.0
 12
9.49999582782766
 22
9.500000914545126
 32
0.0
 13
9.49999582782766
 23
58.50000243460727
 33
0.0
  0
SOLID
  5
778
330
773
100
AcDbEntity
  8
FURNITURE
  6
CONTINUOUS
 62
    44
100
AcDbTrace
 10
34.65624282782755
 20
67.00000243460727
 30
0.0
 11
34.49999582782766
 21
68.00000243460727
 31
0.0
 12
18.34374282782755
 22
67.00000243460727
 32
0.0
 13
18.49999582782766
 23
68.00000243460727
 33
0.0
  0
SOLID
  5
779
330
773
100
AcDbEntity
  8
FURNITURE
  6
CONTINUOUS
 62
    44
100
AcDbTrace
 10
0.9999958278276608
 20
23.34367691454463
 30
0.0
 11
0.9999958278276608
 21
39.6561959145447
 31
0.0
 12
-0.0000041721723392
 22
23.50000091454513
 32
0.0
 13
-0.0000041721723392
 23
39.50000091454513
 33
0.0
  0
SOLID
  5
77A
330
773
100
AcDbEntity
  8
FURNITURE
  6
CONTINUOUS
 62
    44
100
AcDbTrace
 10
52.99999582782766
 20
23.50000091454513
 30
0.0
 11
52.99999582782766
 21
39.50000091454513
 31
0.0
 12
51.99999582782766
 22
23.34368591454495
 32
0.0
 13
51.99999582782766
 23
39.6561959145447
 33
0.0
  0
SOLID
  5
77B
330
773
100
AcDbEntity
  8
FURNITURE
  6
CONTINUOUS
 62
    44
100
AcDbTrace
 10
34.49999582782766
 20
0.0000009145451259
 30
0.0
 11
34.65626182782762
 21
1.000000914545126
 31
0.0
 12
18.49999582782766
 22
0.0000009145451259
 32
0.0
 13
18.34372382782749
 23
1.000000914545126
 33
0.0
  0
SOLID
  5
77C
330
773
100
AcDbEntity
  8
FURNITURE
  6
CONTINUOUS
 62
     1
100
AcDbTrace
 10
51.49999582782766
 20
23.26549691454511
 30
0.0
 11
51.49999582782766
 21
39.73422691454471
 31
0.0
 12
43.49999582782766
 22
22.01550991454496
 32
0.0
 13
43.49999582782766
 23
40.98424791454454
 33
0.0
  0
SOLID
  5
77D
330
773
100
AcDbEntity
  8
FURNITURE
  6
CONTINUOUS
 62
     1
100
AcDbTrace
 10
35.98435582782713
 20
58.50000243460727
 30
0.0
 11
34.73432582782698
 21
66.50000243460727
 31
0.0
 12
17.01563682782762
 22
58.50000243460727
 32
0.0
 13
18.26561382782711
 23
66.50000243460727
 33
0.0
  0
SOLID
  5
77E
330
773
100
AcDbEntity
  8
FURNITURE
  6
CONTINUOUS
 62
     1
100
AcDbTrace
 10
9.49999582782766
 20
22.01550991454496
 30
0.0
 11
9.49999582782766
 21
40.98424791454454
 31
0.0
 12
1.499995827827661
 22
23.26549691454511
 32
0.0
 13
1.499995827827661
 23
39.73422691454471
 33
0.0
  0
SOLID
  5
77F
330
773
100
AcDbEntity
  8
FURNITURE
  6
CONTINUOUS
 62
     1
100
AcDbTrace
 10
34.73434482782704
 20
1.500000914545126
 30
0.0
 11
35.9843748278272
 21
9.500000914545126
 31
0.0
 12
18.26561382782711
 22
1.500000914545126
 32
0.0
 13
17.01561782782755
 23
9.500000914545126
 33
0.0
  0
LINE
  5
780
330
773
100
AcDbEntity
  8
FURNITURE
  6
CONTINUOUS
 62
     7
100
AcDbLine
 10
52.99999582782766
 20
39.50000091454513
 30
0.0
 11
52.99999582782766
 21
23.50000091454513
 31
0.0
  0
LINE
  5
781
330
773
100
AcDbEntity
  8
FURNITURE
  6
CONTINUOUS
 62
     7
100
AcDbLine
 10
51.99999582782766
 20
23.34368591454495
 30
0.0
 11
51.99999582782766
 21
39.6561959145447
 31
0.0
  0
LINE
  5
782
330
773
100
AcDbEntity
  8
FURNITURE
  6
CONTINUOUS
 62
     7
100
AcDbLine
 10
51.49999582782766
 20
39.73422691454471
 30
0.0
 11
51.49999582782766
 21
23.26549691454511
 31
0.0
  0
LINE
  5
783
330
773
100
AcDbEntity
  8
FURNITURE
  6
CONTINUOUS
 62
     7
100
AcDbLine
 10
51.99999582782766
 20
23.34368591454495
 30
0.0
 11
52.99999582782766
 21
23.50000091454513
 31
0.0
  0
LINE
  5
784
330
773
100
AcDbEntity
  8
FURNITURE
  6
CONTINUOUS
 62
     7
100
AcDbLine
 10
43.49761582782685
 20
22.01513791454454
 30
0.0
 11
51.49999582782766
 21
23.26549691454511
 31
0.0
  0
LINE
  5
785
330
773
100
AcDbEntity
  8
FURNITURE
  6
CONTINUOUS
 62
     7
100
AcDbLine
 10
52.99999582782766
 20
39.50000091454513
 30
0.0
 11
51.99999582782766
 21
39.6561959145447
 31
0.0
  0
LINE
  5
786
330
773
100
AcDbEntity
  8
FURNITURE
  6
CONTINUOUS
 62
     7
100
AcDbLine
 10
51.49999582782766
 20
39.73422691454471
 30
0.0
 11
43.49761582782685
 21
40.98461991454496
 31
0.0
  0
LINE
  5
787
330
773
100
AcDbEntity
  8
FURNITURE
  6
CONTINUOUS
 62
     7
100
AcDbLine
 10
34.49999582782766
 20
68.00000243460727
 30
0.0
 11
34.65624282782755
 21
67.00000243460727
 31
0.0
  0
LINE
  5
788
330
773
100
AcDbEntity
  8
FURNITURE
  6
CONTINUOUS
 62
     7
100
AcDbLine
 10
34.73432582782698
 20
66.50000243460727
 30
0.0
 11
35.9847378278273
 21
58.49756143460672
 31
0.0
  0
LINE
  5
789
330
773
100
AcDbEntity
  8
FURNITURE
  6
CONTINUOUS
 62
     7
100
AcDbLine
 10
17.01525482782745
 20
58.49756143460672
 30
0.0
 11
18.26561382782711
 21
66.50000243460727
 31
0.0
  0
LINE
  5
78A
330
773
100
AcDbEntity
  8
FURNITURE
  6
CONTINUOUS
 62
     7
100
AcDbLine
 10
18.34374282782755
 20
67.00000243460727
 30
0.0
 11
18.49999582782766
 21
68.00000243460727
 31
0.0
  0
LINE
  5
78B
330
773
100
AcDbEntity
  8
FURNITURE
  6
CONTINUOUS
 62
     7
100
AcDbLine
 10
34.49999582782766
 20
68.00000243460727
 30
0.0
 11
18.49999582782766
 21
68.00000243460727
 31
0.0
  0
LINE
  5
78C
330
773
100
AcDbEntity
  8
FURNITURE
  6
CONTINUOUS
 62
     7
100
AcDbLine
 10
34.73432582782698
 20
66.50000243460727
 30
0.0
 11
18.26561382782711
 21
66.50000243460727
 31
0.0
  0
LINE
  5
78D
330
773
100
AcDbEntity
  8
FURNITURE
  6
CONTINUOUS
 62
     7
100
AcDbLine
 10
18.34374282782755
 20
67.00000243460727
 30
0.0
 11
34.65624282782755
 21
67.00000243460727
 31
0.0
  0
LINE
  5
78E
330
773
100
AcDbEntity
  8
FURNITURE
  6
CONTINUOUS
 62
     7
100
AcDbLine
 10
34.49999582782766
 20
0.0000009145451259
 30
0.0
 11
34.65626182782762
 21
1.000000914545126
 31
0.0
  0
LINE
  5
78F
330
773
100
AcDbEntity
  8
FURNITURE
  6
CONTINUOUS
 62
     7
100
AcDbLine
 10
34.73434482782704
 20
1.500000914545126
 30
0.0
 11
35.9847378278273
 21
9.502320914544725
 31
0.0
  0
LINE
  5
790
330
773
100
AcDbEntity
  8
FURNITURE
  6
CONTINUOUS
 62
     7
100
AcDbLine
 10
17.01525482782745
 20
9.502320914544725
 30
0.0
 11
18.26561382782711
 21
1.500000914545126
 31
0.0
  0
LINE
  5
791
330
773
100
AcDbEntity
  8
FURNITURE
  6
CONTINUOUS
 62
     7
100
AcDbLine
 10
18.34372382782749
 20
1.000000914545126
 30
0.0
 11
18.49999582782766
 21
0.0000009145451259
 31
0.0
  0
LINE
  5
792
330
773
100
AcDbEntity
  8
FURNITURE
  6
CONTINUOUS
 62
     7
100
AcDbLine
 10
34.73434482782704
 20
1.500000914545126
 30
0.0
 11
18.26561382782711
 21
1.500000914545126
 31
0.0
  0
LINE
  5
793
330
773
100
AcDbEntity
  8
FURNITURE
  6
CONTINUOUS
 62
     7
100
AcDbLine
 10
18.34372382782749
 20
1.000000914545126
 30
0.0
 11
34.65626182782762
 21
1.000000914545126
 31
0.0
  0
LINE
  5
794
330
773
100
AcDbEntity
  8
FURNITURE
  6
CONTINUOUS
 62
     7
100
AcDbLine
 10
34.49999582782766
 20
0.0000009145451259
 30
0.0
 11
18.49999582782766
 21
0.0000009145451259
 31
0.0
  0
LINE
  5
795
330
773
100
AcDbEntity
  8
FURNITURE
  6
CONTINUOUS
 62
     7
100
AcDbLine
 10
-0.0000041721723392
 20
39.50000091454513
 30
0.0
 11
-0.0000041721723392
 21
23.50000091454513
 31
0.0
  0
LINE
  5
796
330
773
100
AcDbEntity
  8
FURNITURE
  6
CONTINUOUS
 62
     7
100
AcDbLine
 10
1.499995827827661
 20
39.73422691454471
 30
0.0
 11
1.499995827827661
 21
23.26549691454511
 31
0.0
  0
LINE
  5
797
330
773
100
AcDbEntity
  8
FURNITURE
  6
CONTINUOUS
 62
     7
100
AcDbLine
 10
0.9999958278276608
 20
23.34367691454463
 30
0.0
 11
0.9999958278276608
 21
39.6561959145447
 31
0.0
  0
LINE
  5
798
330
773
100
AcDbEntity
  8
FURNITURE
  6
CONTINUOUS
 62
     7
100
AcDbLine
 10
1.499995827827661
 20
39.73422691454471
 30
0.0
 11
9.502376827826993
 21
40.98461991454496
 31
0.0
  0
LINE
  5
799
330
773
100
AcDbEntity
  8
FURNITURE
  6
CONTINUOUS
 62
     7
100
AcDbLine
 10
-0.0000041721723392
 20
39.50000091454513
 30
0.0
 11
0.9999958278276608
 21
39.6561959145447
 31
0.0
  0
LINE
  5
79A
330
773
100
AcDbEntity
  8
FURNITURE
  6
CONTINUOUS
 62
     7
100
AcDbLine
 10
0.9999958278276608
 20
23.34367691454463
 30
0.0
 11
-0.0000041721723392
 21
23.50000091454513
 31
0.0
  0
LINE
  5
79B
330
773
100
AcDbEntity
  8
FURNITURE
  6
CONTINUOUS
 62
     7
100
AcDbLine
 10
9.502376827826993
 20
22.01513791454454
 30
0.0
 11
1.499995827827661
 21
23.26549691454511
 31
0.0
  0
LWPOLYLINE
  5
79C
330
773
100
AcDbEntity
  8
FURNITURE
  6
CONTINUOUS
 62
     7
100
AcDbPolyline
 90
        4
 70
     1
 43
0.0
 10
9.49999582782766
 20
58.50000243460727
 10
43.49999582782766
 20
58.50000243460727
 10
43.49999582782766
 20
9.500000914545126
 10
9.49999582782766
 20
9.500000914545126
  0
ENDBLK
  5
79D
330
773
100
AcDbEntity
  8
0
100
AcDbBlockEnd
  0
ENDSEC
  0
SECTION
  2
ENTITIES
  0
LINE
  5
97F
330
1F
100
AcDbEntity
  8
WALLS
 62
     8
100
AcDbLine
 10
10.52507058529454
 20
1091.579501328421
 30
0.0
 11
10.52507058529272
 21
11.57950132842026
 31
0.0
  0
LINE
  5
982
330
1F
100
AcDbEntity
  8
WALLS
 62
     8
100
AcDbLine
 10
19.52507058529545
 20
1082.579501328419
 30
0.0
 11
19.52507058529272
 21
20.57950132842117
 31
0.0
  0
LINE
  5
983
330
1F
100
AcDbEntity
  8
WALLS
 62
     8
100
AcDbLine
 10
610.5250705852945
 20
1091.579501328421
 30
0.0
 11
610.5250705852945
 21
11.57950132842117
 31
0.0
  0
LINE
  5
985
330
1F
100
AcDbEntity
  8
WALLS
 62
     8
100
AcDbLine
 10
601.5250705852945
 20
1082.579501328421
 30
0.0
 11
601.5250705852955
 21
20.57950132842026
 31
0.0
  0
HATCH
  5
986
330
1F
100
AcDbEntity
  8
LINE
 62
     6
100
AcDbHatch
 10
0.0
 20
0.0
 30
0.0
210
0.0
220
0.0
230
1.0
  2
SOLID
 70
     1
 71
     0
 91
       20
 92
        7
 72
     0
 73
     1
 93
        8
 10
402.0250705852927
 20
1042.079501328421
 10
393.0250705852909
 20
1042.079501328421
 10
393.0250705852945
 20
994.0795013284248
 10
349.5250705852955
 20
994.0795013284248
 10
349.5250705852955
 20
989.5795013284267
 10
406.5250705852909
 20
989.5795013284248
 10
406.52507058529
 20
998.5795013284194
 10
402.0250705852936
 20
998.5795013284212
 97
        0
 92
       23
 72
     0
 73
     1
 93
        8
 10
249.0250705852955
 20
845.5795013284085
 10
244.5250705852964
 20
845.5795013284103
 10
244.5250705852955
 20
724.0795013284021
 10
249.0250705852945
 20
724.0795013284003
 10
249.0250705852973
 20
787.0795013283966
 10
259.5250705852936
 20
787.079501328393
 10
259.5250705852936
 20
791.579501328403
 10
249.0250705852964
 20
791.5795013284048
 97
        0
 92
        7
 72
     0
 73
     1
 93
       10
 10
201.0250705852936
 20
269.5795013284266
 10
205.5250705852936
 20
269.5795013284266
 10
205.5250705852918
 20
278.5795013284075
 10
201.0250705852955
 20
278.5795013284075
 10
201.0250705852945
 20
355.0795013284057
 10
196.5250705852936
 20
355.0795013284048
 10
196.5250705852955
 20
245.5795013284312
 10
144.0250705852945
 20
245.5795013284312
 10
144.0250705852936
 20
236.5795013284284
 10
201.0250705852945
 20
236.5795013284257
 97
        0
 92
        7
 72
     0
 73
     1
 93
        6
 10
64.52507058529363
 20
275.5795013284111
 10
55.52507058529454
 20
275.5795013284093
 10
55.52507058529454
 20
236.5795013284348
 10
82.52507058529363
 20
236.579501328433
 10
82.52507058529363
 20
245.5795013284303
 10
64.52507058529363
 20
245.5795013284294
 97
        0
 92
        7
 72
     0
 73
     1
 93
       12
 10
201.0250705852955
 20
439.0795013284057
 10
196.5250705852955
 20
439.079501328403
 10
196.5250705852982
 20
410.5795013284075
 10
64.52507058529454
 20
410.5795013283911
 10
64.52507058529272
 20
451.0795013283829
 10
55.52507058529454
 20
451.0795013283829
 10
55.52507058529363
 20
371.5795013284102
 10
64.52507058529363
 20
371.5795013284102
 10
64.52507058529272
 20
401.5795013283911
 10
196.5250705852964
 20
401.5795013284157
 10
196.5250705852955
 20
397.0795013284075
 10
201.0250705852955
 20
397.0795013284057
 97
        0
 92
        7
 72
     0
 73
     1
 93
       12
 10
205.5250705852936
 20
512.5795013283985
 10
64.52507058529272
 20
512.5795013283948
 10
64.52507058529272
 20
542.5795013283948
 10
55.52507058529454
 20
542.5795013283966
 10
55.52507058529454
 20
499.0795013283848
 10
64.52507058529181
 20
499.0795013283857
 10
64.5250705852909
 20
503.5795013283848
 10
196.5250705852964
 20
503.5795013284039
 10
196.5250705852964
 20
481.079501328402
 10
201.0250705852945
 20
481.079501328403
 10
201.0250705852955
 20
503.5795013284057
 10
205.5250705852927
 20
503.5795013284057
 97
        0
 92
        7
 72
     0
 73
     1
 93
       10
 10
64.52507058529363
 20
713.5795013284239
 10
55.52507058529363
 20
713.5795013284248
 10
55.52507058529454
 20
638.5795013284294
 10
64.52507058529272
 20
638.5795013284303
 10
64.52507058529272
 20
668.5795013284285
 10
249.0250705852964
 20
668.5795013284076
 10
249.0250705852955
 20
682.0795013283985
 10
244.5250705852955
 20
682.079501328403
 10
244.5250705852964
 20
677.5795013283939
 10
64.52507058529363
 20
677.5795013284276
 97
        0
 92
        7
 72
     0
 73
     1
 93
       10
 10
69.02507058529272
 20
998.5795013284121
 10
55.52507058529454
 20
998.5795013284103
 10
55.52507058529363
 20
785.5795013284248
 10
64.52507058529363
 20
785.5795013284239
 10
64.52507058529363
 20
821.5795013284221
 10
93.02507058529363
 20
821.5795013284185
 10
93.02507058529363
 20
830.5795013284194
 10
64.52507058529363
 20
830.5795013284221
 10
64.52507058529272
 20
989.5795013284157
 10
69.02507058529454
 20
989.5795013284157
 97
        0
 92
        7
 72
     0
 73
     1
 93
       10
 10
156.0250705852936
 20
998.5795013284157
 10
105.0250705852936
 20
998.5795013284139
 10
105.0250705852945
 20
989.5795013284176
 10
127.5250705852945
 20
989.5795013284194
 10
127.5250705852945
 20
830.579501328413
 10
123.0250705852936
 20
830.579501328413
 10
123.0250705852936
 20
821.5795013284248
 10
132.0250705852991
 20
821.5795013284212
 10
132.0250705852891
 20
989.5795013284194
 10
156.0250705852964
 20
989.5795013284194
 97
        0
 92
        7
 72
     0
 73
     1
 93
        8
 10
228.0250705852973
 20
1042.079501328419
 10
219.0250705852973
 20
1042.079501328421
 10
219.0250705852955
 20
998.5795013284212
 10
214.5250705852991
 20
998.5795013284194
 10
214.5250705852982
 20
989.579501328423
 10
271.5250705852936
 20
989.5795013284248
 10
271.5250705852936
 20
994.0795013284248
 10
228.0250705852945
 20
994.0795013284248
 97
        0
 92
        7
 72
     0
 73
     1
 93
       10
 10
516.0250705852955
 20
998.5795013284121
 10
465.0250705852945
 20
998.5795013284176
 10
465.0250705852927
 20
989.5795013284212
 10
489.0250705852991
 20
989.5795013284176
 10
489.0250705852891
 20
821.579501328423
 10
498.0250705852945
 20
821.579501328423
 10
498.0250705852964
 20
830.5795013284112
 10
493.5250705852945
 20
830.579501328413
 10
493.5250705852945
 20
989.5795013284194
 10
516.0250705852945
 20
989.5795013284194
 97
        0
 92
       23
 72
     0
 73
     1
 93
        8
 10
376.5250705852936
 20
845.5795013284094
 10
372.0250705852927
 20
845.5795013284094
 10
372.0250705852955
 20
791.5795013284066
 10
361.5250705852955
 20
791.579501328403
 10
361.5250705852955
 20
787.0795013283939
 10
372.0250705852918
 20
787.0795013283948
 10
372.0250705852936
 20
724.0795013283976
 10
376.5250705852936
 20
724.0795013284021
 97
        0
 92
        7
 72
     0
 73
     1
 93
       10
 10
565.5250705852936
 20
713.5795013284248
 10
556.5250705852955
 20
713.5795013284221
 10
556.5250705852955
 20
677.5795013284257
 10
376.5250705852936
 20
677.5795013283966
 10
376.5250705852945
 20
682.0795013284021
 10
372.0250705852945
 20
682.0795013283985
 10
372.0250705852918
 20
668.5795013284076
 10
556.5250705852964
 20
668.5795013284285
 10
556.5250705852964
 20
638.5795013284303
 10
565.5250705852945
 20
638.5795013284294
 97
        0
 92
        7
 72
     0
 73
     1
 93
       10
 10
565.5250705852945
 20
998.5795013284085
 10
552.0250705852955
 20
998.5795013284085
 10
552.0250705852955
 20
989.5795013284139
 10
556.5250705852955
 20
989.5795013284157
 10
556.5250705852955
 20
830.5795013284203
 10
528.0250705852955
 20
830.5795013284194
 10
528.0250705852955
 20
821.5795013284194
 10
556.5250705852955
 20
821.5795013284221
 10
556.5250705852955
 20
785.579501328423
 10
565.5250705852945
 20
785.5795013284257
 97
        0
 92
        7
 72
     0
 73
     1
 93
       12
 10
565.5250705852955
 20
542.5795013283966
 10
556.5250705852964
 20
542.5795013283966
 10
556.5250705852964
 20
512.5795013283957
 10
415.5250705852945
 20
512.5795013283948
 10
415.5250705852955
 20
503.5795013284057
 10
420.0250705852936
 20
503.5795013284057
 10
420.0250705852945
 20
481.079501328402
 10
424.5250705852927
 20
481.079501328403
 10
424.5250705852936
 20
503.579501328403
 10
556.5250705852964
 20
503.5795013283839
 10
556.5250705852973
 20
499.0795013283848
 10
565.5250705852945
 20
499.0795013283829
 97
        0
 92
        7
 72
     0
 73
     1
 93
       12
 10
565.5250705852945
 20
451.0795013283811
 10
556.5250705852964
 20
451.0795013283857
 10
556.5250705852945
 20
410.579501328393
 10
424.5250705852909
 20
410.5795013284075
 10
424.5250705852936
 20
439.0795013284039
 10
420.0250705852945
 20
439.0795013284075
 10
420.0250705852945
 20
397.0795013284075
 10
424.5250705852945
 20
397.0795013284066
 10
424.5250705852936
 20
401.5795013284166
 10
556.5250705852964
 20
401.5795013283911
 10
556.5250705852964
 20
371.5795013284093
 10
565.5250705852945
 20
371.5795013284102
 97
        0
 92
        7
 72
     0
 73
     1
 93
        6
 10
565.5250705852945
 20
275.5795013284111
 10
556.5250705852945
 20
275.5795013284102
 10
556.5250705852973
 20
245.5795013284294
 10
538.5250705852936
 20
245.5795013284303
 10
538.5250705852945
 20
236.579501328433
 10
565.5250705852955
 20
236.5795013284348
 97
        0
 92
        7
 72
     0
 73
     1
 93
       10
 10
477.0250705852945
 20
245.5795013284303
 10
424.5250705852945
 20
245.5795013284303
 10
424.5250705852955
 20
355.0795013284057
 10
420.0250705852945
 20
355.0795013284066
 10
420.0250705852927
 20
278.5795013284075
 10
415.5250705852964
 20
278.5795013284057
 10
415.5250705852955
 20
269.5795013284266
 10
420.0250705852936
 20
269.5795013284266
 10
420.0250705852955
 20
236.5795013284257
 10
477.0250705852945
 20
236.5795013284303
 97
        0
 92
        7
 72
     1
 73
     1
 93
        2
 10
186.0250705852955
 20
86.57950132842845
 42
1.0
 10
174.0250705852955
 20
86.57950132842845
 42
1.0
 97
        0
 92
        7
 72
     1
 73
     1
 93
        2
 10
447.0250705852936
 20
86.57950132842845
 42
1.0
 10
435.0250705852936
 20
86.57950132842845
 42
1.0
 97
        0
 75
     0
 76
     1
 47
0.6486323229677645
 98
       22
 10
5515.024675509767
 20
-7235.248836527052
 10
399.0246755097673
 20
1004.251163472948
 10
312.0246755097673
 20
913.2511634729478
 10
246.5246755097673
 20
826.7511634729478
 10
171.0246755097673
 20
240.2511634729478
 10
61.52467550976735
 20
259.2511634729478
 10
160.0246755097673
 20
406.7511634729478
 10
160.0246755097673
 20
508.2511634729478
 10
60.52467550976735
 20
677.7511634729478
 10
62.52467550976735
 20
993.7511634729478
 10
132.0246755097673
 20
994.2511634729478
 10
222.5246755097673
 20
1016.751163472948
 10
489.5246755097673
 20
995.7511634729478
 10
373.5246755097673
 20
775.7511634729478
 10
414.0246755097673
 20
672.7511634729478
 10
562.0246755097673
 20
824.2511634729478
 10
563.0246755097673
 20
508.7511634729478
 10
562.5246755097673
 20
405.7511634729478
 10
560.5246755097673
 20
243.7511634729478
 10
432.0246755097673
 20
240.2511634729478
 10
182.5246755097673
 20
85.75116347294781
 10
442.5246755097673
 20
86.25116347294781
1001
ACAD
1010
0.0
1020
0.0
1030
0.0
  0
LINE
  5
988
330
1F
100
AcDbEntity
  8
LINE
100
AcDbLine
 10
556.5250705852955
 20
989.5795013284157
 30
0.0
 11
556.5250705852955
 21
830.5795013284221
 31
0.0
  0
LINE
  5
989
330
1F
100
AcDbEntity
  8
LINE
100
AcDbLine
 10
552.0250705852955
 20
998.5795013284121
 30
0.0
 11
552.0250705852945
 21
989.5795013284176
 31
0.0
  0
LINE
  5
98A
330
1F
100
AcDbEntity
  8
LINE
100
AcDbLine
 10
516.0250705852955
 20
998.5795013284157
 30
0.0
 11
516.0250705852945
 21
989.5795013284212
 31
0.0
  0
LINE
  5
98B
330
1F
100
AcDbEntity
  8
LINE
100
AcDbLine
 10
556.5250705852936
 20
713.5795013284239
 30
0.0
 11
556.5250705852955
 21
677.5795013284257
 31
0.0
  0
LINE
  5
98C
330
1F
100
AcDbEntity
  8
LINE
100
AcDbLine
 10
556.5250705852964
 20
542.5795013283966
 30
0.0
 11
556.5250705852964
 21
512.5795013283957
 31
0.0
  0
LINE
  5
98D
330
1F
100
AcDbEntity
  8
LINE
100
AcDbLine
 10
556.5250705852962
 20
451.0795013283848
 30
0.0
 11
556.5250705852955
 21
410.579501328393
 31
0.0
  0
LINE
  5
98F
330
1F
100
AcDbEntity
  8
LINE
100
AcDbLine
 10
556.5250705853009
 20
275.5795013284102
 30
0.0
 11
556.5250705852955
 21
245.5795013284294
 31
0.0
  0
LINE
  5
990
330
1F
100
AcDbEntity
  8
WINDOWS
100
AcDbLine
 10
538.5250705852945
 20
245.5795013284294
 30
0.0
 11
538.5250705852945
 21
236.5795013284339
 31
0.0
  0
HATCH
  5
991
330
1F
100
AcDbEntity
  8
LINE
 62
     6
100
AcDbHatch
 10
0.0
 20
0.0
 30
0.0
210
0.0
220
0.0
230
1.0
  2
SOLID
 70
     1
 71
     0
 91
        1
 92
        7
 72
     0
 73
     1
 93
       43
 10
315.0250705852955
 20
989.5795013284248
 10
319.5250705852964
 20
989.5795013284285
 10
319.5250705852955
 20
994.0795013284248
 10
315.0250705852945
 20
994.0795013284248
 10
315.0250705852936
 20
1001.579501328418
 10
315.0250705852945
 20
1082.579501328419
 10
393.0250705852891
 20
1082.579501328419
 10
393.02507058529
 20
1078.079501328421
 10
402.0250705852918
 20
1078.079501328423
 10
402.0250705852927
 20
1091.579501328423
 10
219.0250705852964
 20
1091.579501328423
 10
219.0250705852964
 20
1082.579501328423
 10
306.0250705852955
 20
1082.579501328421
 10
306.0250705852955
 20
994.079501328423
 10
301.5250705852845
 20
994.0795013284248
 10
301.5250705852845
 20
989.5795013284248
 10
306.0250705852936
 20
989.5795013284303
 10
306.0250705852964
 20
791.5795013283994
 10
301.5250705852936
 20
791.5795013283985
 10
301.5250705852936
 20
787.0795013283839
 10
306.0250705852955
 20
787.0795013283848
 10
306.0250705852973
 20
512.5795013284221
 10
253.5250705852927
 20
512.5795013284094
 10
253.5250705852927
 20
503.5795013284139
 10
306.0250705852973
 20
503.5795013284221
 10
306.0250705852973
 20
278.5795013284275
 10
262.5250705852945
 20
278.579501328413
 10
262.5250705852927
 20
269.5795013284257
 10
306.0250705852955
 20
269.5795013284284
 10
306.0250705852973
 20
59.57950132841935
 10
315.0250705852936
 20
59.57950132842208
 10
315.0250705852945
 20
269.5795013284293
 10
358.5250705852964
 20
269.5795013284257
 10
358.5250705852955
 20
278.5795013284139
 10
315.0250705852936
 20
278.5795013284293
 10
315.0250705852955
 20
503.5795013284202
 10
367.5250705852964
 20
503.5795013284139
 10
367.5250705852964
 20
512.5795013284103
 10
315.0250705852936
 20
512.5795013284221
 10
315.0250705852955
 20
787.0795013283839
 10
319.5250705852964
 20
787.0795013283839
 10
319.5250705852936
 20
791.5795013284003
 10
315.0250705852955
 20
791.5795013283994
 97
        0
 75
     0
 76
     1
 47
1.321188118406007
 98
        1
 10
311.5246755097673
 20
977.7511634729478
1001
ACAD
1010
0.0
1020
0.0
1030
0.0
  0
LINE
  5
992
102
{ACAD_REACTORS
330
986
102
}
330
1F
100
AcDbEntity
  8
LINE
100
AcDbLine
 10
219.0250705852973
 20
1091.579501328423
 30
0.0
 11
402.0250705852918
 21
1091.579501328423
 31
0.0
  0
LINE
  5
993
102
{ACAD_REACTORS
330
986
102
}
330
1F
100
AcDbEntity
  8
LINE
100
AcDbLine
 10
219.0250705852964
 20
1082.579501328421
 30
0.0
 11
306.0250705852945
 21
1082.579501328421
 31
0.0
  0
LINE
  5
994
102
{ACAD_REACTORS
330
986
102
}
330
1F
100
AcDbEntity
  8
LINE
100
AcDbLine
 10
315.0250705852945
 20
1082.579501328421
 30
0.0
 11
393.02507058529
 21
1082.579501328421
 31
0.0
  0
LINE
  5
995
102
{ACAD_REACTORS
330
986
102
}
330
1F
100
AcDbEntity
  8
LINE
100
AcDbLine
 10
393.0250705852882
 20
1078.079501328421
 30
0.0
 11
402.0250705852918
 21
1078.079501328423
 31
0.0
  0
LINE
  5
996
330
1F
100
AcDbEntity
  8
LINE
100
AcDbLine
 10
393.0250705852955
 20
1042.079501328421
 30
0.0
 11
402.0250705852991
 21
1042.079501328423
 31
0.0
  0
LINE
  5
997
330
1F
100
AcDbEntity
  8
WALLS
 62
     8
100
AcDbLine
 10
402.0250705852927
 20
1082.579501328421
 30
0.0
 11
601.5250705852945
 21
1082.579501328421
 31
0.0
  0
LINE
  5
998
330
1F
100
AcDbEntity
  8
WALLS
 62
     8
100
AcDbLine
 10
10.52507058529454
 20
11.57950132842117
 30
0.0
 11
162.0250705852927
 21
11.57950132841753
 31
0.0
  0
LINE
  5
999
330
1F
100
AcDbEntity
  8
WALLS
 62
     8
100
AcDbLine
 10
301.5250705852945
 20
11.57950132841844
 30
0.0
 11
319.5250705852936
 21
11.57950132842026
 31
0.0
  0
LINE
  5
99C
330
1F
100
AcDbEntity
  8
WALLS
 62
     8
100
AcDbLine
 10
459.0250705852936
 20
11.57950132842117
 30
0.0
 11
610.5250705852936
 21
11.57950132842208
 31
0.0
  0
LINE
  5
99D
330
1F
100
AcDbEntity
  8
WALLS
 62
     8
100
AcDbLine
 10
19.52507058529272
 20
20.57950132842117
 30
0.0
 11
175.5250705852964
 21
20.57950132842117
 31
0.0
  0
LINE
  5
99E
330
1F
100
AcDbEntity
  8
WALLS
 62
     8
100
AcDbLine
 10
288.0250705852936
 20
20.57950132842117
 30
0.0
 11
306.0250705852955
 21
20.57950132842117
 31
0.0
  0
LINE
  5
99F
330
1F
100
AcDbEntity
  8
WALLS
 62
     8
100
AcDbLine
 10
315.0250705852955
 20
20.57950132841935
 30
0.0
 11
333.0250705852955
 21
20.57950132841844
 31
0.0
  0
LINE
  5
9A0
330
1F
100
AcDbEntity
  8
WALLS
 62
     8
100
AcDbLine
 10
445.5250705852918
 20
20.57950132841935
 30
0.0
 11
601.5250705852955
 21
20.57950132842026
 31
0.0
  0
LINE
  5
9A1
330
1F
100
AcDbEntity
  8
WALLS
 62
     8
100
AcDbLine
 10
445.5250705852945
 20
7.079501328419347
 30
0.0
 11
459.0250705852955
 21
7.079501328419347
 31
0.0
  0
LINE
  5
9A2
330
1F
100
AcDbEntity
  8
WALLS
 62
     8
100
AcDbLine
 10
319.5250705852936
 20
7.079501328420257
 30
0.0
 11
333.0250705852945
 21
7.079501328420257
 31
0.0
  0
LINE
  5
9A3
102
{ACAD_REACTORS
330
986
102
}
330
1F
100
AcDbEntity
  8
LINE
100
AcDbLine
 10
306.0250705852955
 20
1082.579501328421
 30
0.0
 11
306.0250705852955
 21
994.0795013284248
 31
0.0
  0
LINE
  5
9A4
330
1F
100
AcDbEntity
  8
LINE
100
AcDbLine
 10
306.0250705852955
 20
989.5795013284285
 30
0.0
 11
306.0250705852955
 21
974.036907384924
 31
0.0
  0
LINE
  5
9A5
102
{ACAD_REACTORS
330
986
102
}
330
1F
100
AcDbEntity
  8
LINE
100
AcDbLine
 10
315.0250705852945
 20
1082.579501328421
 30
0.0
 11
315.0250705852955
 21
994.0795013284248
 31
0.0
  0
LINE
  5
9A6
330
1F
100
AcDbEntity
  8
LINE
100
AcDbLine
 10
315.0250705852955
 20
989.5795013284248
 30
0.0
 11
315.0250705852955
 21
974.036907384924
 31
0.0
  0
LINE
  5
9A7
330
1F
100
AcDbEntity
  8
WALLS
100
AcDbLine
 10
420.0250705852955
 20
236.5795013284266
 30
0.0
 11
477.0250705852955
 21
236.5795013284371
 31
0.0
  0
LINE
  5
9A9
330
1F
100
AcDbEntity
  8
WALLS
100
AcDbLine
 10
424.5250705852936
 20
245.5795013284312
 30
0.0
 11
477.0250705852945
 21
245.5795013284305
 31
0.0
  0
LINE
  5
9AA
330
1F
100
AcDbEntity
  8
WALLS
100
AcDbLine
 10
315.0250705852945
 20
791.5795013283994
 30
0.0
 11
315.0250705852936
 21
989.5795013284248
 31
0.0
  0
LINE
  5
9AB
330
1F
100
AcDbEntity
  8
WALLS
100
AcDbLine
 10
372.0250705852927
 20
668.5795013284066
 30
0.0
 11
372.0250705852945
 21
682.0795013283994
 31
0.0
  0
LINE
  5
9AC
330
1F
100
AcDbEntity
  8
WALLS
100
AcDbLine
 10
372.0250705852936
 20
724.079501328403
 30
0.0
 11
372.0250705852927
 21
787.0795013283921
 31
0.0
  0
LINE
  5
9AD
330
1F
100
AcDbEntity
  8
WALLS
100
AcDbLine
 10
372.0250705852945
 20
791.5795013284103
 30
0.0
 11
372.0250705852936
 21
845.5795013284094
 31
0.0
  0
LINE
  5
9AE
330
1F
100
AcDbEntity
  8
WALLS
100
AcDbLine
 10
376.5250705852936
 20
677.5795013283957
 30
0.0
 11
376.5250705852936
 21
682.079501328403
 31
0.0
  0
LINE
  5
9AF
330
1F
100
AcDbEntity
  8
WALLS
100
AcDbLine
 10
376.5250705852936
 20
724.079501328403
 30
0.0
 11
376.5250705852936
 21
845.5795013284094
 31
0.0
  0
LINE
  5
9B0
102
{ACAD_REACTORS
330
986
102
}
330
1F
100
AcDbEntity
  8
WALLS
100
AcDbLine
 10
315.0250705852945
 20
994.0795013284248
 30
0.0
 11
315.0250705852936
 21
1001.579501328418
 31
0.0
  0
LINE
  5
9B1
102
{ACAD_REACTORS
330
986
102
}
330
1F
100
AcDbEntity
  8
WALLS
100
AcDbLine
 10
319.5250705852955
 20
989.5795013284212
 30
0.0
 11
319.5250705852955
 21
994.0795013284248
 31
0.0
  0
LINE
  5
9B2
330
1F
100
AcDbEntity
  8
WALLS
100
AcDbLine
 10
349.5250705852955
 20
989.5795013284212
 30
0.0
 11
349.5250705852955
 21
994.0795013284248
 31
0.0
  0
LINE
  5
9B3
102
{ACAD_REACTORS
330
986
102
}
330
1F
100
AcDbEntity
  8
WALLS
100
AcDbLine
 10
315.0250705852854
 20
994.0795013284248
 30
0.0
 11
319.5250705852955
 21
994.0795013284248
 31
0.0
  0
LINE
  5
9B4
330
1F
100
AcDbEntity
  8
WALLS
100
AcDbLine
 10
349.5250705852955
 20
994.0795013284248
 30
0.0
 11
393.0250705852945
 21
994.0795013284248
 31
0.0
  0
LINE
  5
9B5
330
1F
100
AcDbEntity
  8
WALLS
100
AcDbLine
 10
402.0250705852927
 20
998.5795013284212
 30
0.0
 11
565.5250705852945
 21
998.5795013284103
 31
0.0
  0
LINE
  5
9B6
102
{ACAD_REACTORS
330
986
102
}
330
1F
100
AcDbEntity
  8
WALLS
100
AcDbLine
 10
315.0250705852845
 20
989.5795013284248
 30
0.0
 11
319.5250705852955
 21
989.5795013284285
 31
0.0
  0
LINE
  5
9B7
330
1F
100
AcDbEntity
  8
WALLS
100
AcDbLine
 10
349.5250705852955
 20
989.5795013284248
 30
0.0
 11
406.5250705852909
 21
989.5795013284176
 31
0.0
  0
LINE
  5
9B8
330
1F
100
AcDbEntity
  8
WALLS
100
AcDbLine
 10
493.5250705852945
 20
989.5795013284194
 30
0.0
 11
516.0250705852945
 21
989.5795013284212
 31
0.0
  0
LINE
  5
9B9
330
1F
100
AcDbEntity
  8
WALLS
100
AcDbLine
 10
306.0250705852945
 20
1010.579501328421
 30
0.0
 11
306.0250705852945
 21
994.0795013284248
 31
0.0
  0
LINE
  5
9BA
102
{ACAD_REACTORS
330
986
102
}
330
1F
100
AcDbEntity
  8
WALLS
100
AcDbLine
 10
306.0250705852945
 20
989.5795013284267
 30
0.0
 11
306.0250705852955
 21
791.5795013283985
 31
0.0
  0
LINE
  5
9BB
102
{ACAD_REACTORS
330
986
102
}
330
1F
100
AcDbEntity
  8
WALLS
100
AcDbLine
 10
306.0250705852955
 20
787.0795013283839
 30
0.0
 11
306.0250705852973
 21
512.5795013284212
 31
0.0
  0
LINE
  5
9BC
330
1F
100
AcDbEntity
  8
WALLS
100
AcDbLine
 10
306.0250705852964
 20
503.5795013284193
 30
0.0
 11
306.0250705852964
 21
278.5795013284293
 31
0.0
  0
LINE
  5
9BD
102
{ACAD_REACTORS
330
986
102
}
330
1F
100
AcDbEntity
  8
WALLS
100
AcDbLine
 10
306.0250705852955
 20
269.5795013284293
 30
0.0
 11
306.0250705852973
 21
59.57950132841753
 31
0.0
  0
LINE
  5
9BE
330
1F
100
AcDbEntity
  8
WALLS
100
AcDbLine
 10
528.0250705852955
 20
830.5795013284176
 30
0.0
 11
528.0250705852955
 21
821.5795013284176
 31
0.0
  0
LINE
  5
9BF
102
{ACAD_REACTORS
330
986
102
}
330
1F
100
AcDbEntity
  8
WALLS
100
AcDbLine
 10
315.0250705852955
 20
989.5795013284103
 30
0.0
 11
315.0250705852955
 21
791.5795013283994
 31
0.0
  0
LINE
  5
9C0
102
{ACAD_REACTORS
330
986
102
}
330
1F
100
AcDbEntity
  8
WALLS
100
AcDbLine
 10
319.5250705852945
 20
791.5795013283994
 30
0.0
 11
319.5250705852955
 21
787.0795013283885
 31
0.0
  0
LINE
  5
9C1
330
1F
100
AcDbEntity
  8
WALLS
100
AcDbLine
 10
361.5250705852955
 20
791.579501328403
 30
0.0
 11
361.5250705852955
 21
787.0795013283957
 31
0.0
  0
LINE
  5
9C2
102
{ACAD_REACTORS
330
986
102
}
330
1F
100
AcDbEntity
  8
WALLS
100
AcDbLine
 10
315.0250705852945
 20
787.0795013283885
 30
0.0
 11
315.0250705852945
 21
512.5795013284212
 31
0.0
  0
LINE
  5
9C3
102
{ACAD_REACTORS
330
986
102
}
330
1F
100
AcDbEntity
  8
WALLS
100
AcDbLine
 10
315.0250705852945
 20
503.5795013284248
 30
0.0
 11
315.0250705852936
 21
278.5795013284321
 31
0.0
  0
LINE
  5
9C4
102
{ACAD_REACTORS
330
986
102
}
330
1F
100
AcDbEntity
  8
WALLS
100
AcDbLine
 10
315.0250705852945
 20
269.5795013284284
 30
0.0
 11
315.0250705852945
 21
59.57950132841935
 31
0.0
  0
LINE
  5
9C6
330
1F
100
AcDbEntity
  8
WINDOWS
100
AcDbLine
 10
477.0250705852945
 20
245.5795013284303
 30
0.0
 11
477.0250705852955
 21
236.5795013284294
 31
0.0
  0
LINE
  5
9C9
330
1F
100
AcDbEntity
  8
WALLS
100
AcDbLine
 10
402.0250705852918
 20
1091.579501328421
 30
0.0
 11
402.0250705852927
 21
998.5795013284212
 31
0.0
  0
LINE
  5
9CA
330
1F
100
AcDbEntity
  8
WALLS
100
AcDbLine
 10
465.0250705852945
 20
998.5795013284212
 30
0.0
 11
465.0250705852936
 21
989.5795013284176
 31
0.0
  0
LINE
  5
9CB
330
1F
100
AcDbEntity
  8
WALLS
100
AcDbLine
 10
393.0250705852911
 20
1042.079501328421
 30
0.0
 11
393.0250705852945
 21
994.0795013284248
 31
0.0
  0
LINE
  5
9CC
330
1F
100
AcDbEntity
  8
WALLS
100
AcDbLine
 10
493.5250705852955
 20
989.5795013284194
 30
0.0
 11
493.5250705852945
 21
830.5795013284139
 31
0.0
  0
LINE
  5
9CD
330
1F
100
AcDbEntity
  8
WALLS
100
AcDbLine
 10
498.0250705852955
 20
830.5795013284148
 30
0.0
 11
498.0250705852955
 21
821.5795013284239
 31
0.0
  0
LINE
  5
9CE
330
1F
100
AcDbEntity
  8
WALLS
100
AcDbLine
 10
489.0250705852991
 20
989.5795013284139
 30
0.0
 11
489.02507058529
 21
821.5795013284212
 31
0.0
  0
LINE
  5
9CF
330
1F
100
AcDbEntity
  8
WALLS
100
AcDbLine
 10
556.5250705852936
 20
821.5795013284221
 30
0.0
 11
528.0250705852955
 21
821.5795013284185
 31
0.0
  0
LINE
  5
9D0
330
1F
100
AcDbEntity
  8
WALLS
100
AcDbLine
 10
556.5250705852964
 20
677.5795013284267
 30
0.0
 11
376.5250705852936
 21
677.5795013283957
 31
0.0
  0
LINE
  5
9D1
330
1F
100
AcDbEntity
  8
WALLS
100
AcDbLine
 10
376.5250705852936
 20
682.079501328403
 30
0.0
 11
372.0250705852927
 21
682.0795013283994
 31
0.0
  0
LINE
  5
9D2
330
1F
100
AcDbEntity
  8
WALLS
100
AcDbLine
 10
376.52507058526
 20
724.079501328403
 30
0.0
 11
372.0250705852591
 21
724.0795013283994
 31
0.0
  0
LINE
  5
9D3
330
1F
100
AcDbEntity
  8
WALLS
100
AcDbLine
 10
556.5250705852964
 20
668.5795013284285
 30
0.0
 11
372.0250705852927
 21
668.5795013284066
 31
0.0
  0
LINE
  5
9D4
330
1F
100
AcDbEntity
  8
WALLS
100
AcDbLine
 10
565.5250705852955
 20
638.5795013284294
 30
0.0
 11
556.5250705852955
 21
638.5795013284294
 31
0.0
  0
LINE
  5
9D5
330
1F
100
AcDbEntity
  8
WALLS
100
AcDbLine
 10
372.0250705852936
 20
787.0795013283957
 30
0.0
 11
361.5250705852955
 21
787.0795013283921
 31
0.0
  0
LINE
  5
9D6
102
{ACAD_REACTORS
330
986
102
}
330
1F
100
AcDbEntity
  8
WALLS
100
AcDbLine
 10
319.5250705852955
 20
787.0795013283848
 30
0.0
 11
315.0250705852918
 21
787.0795013283848
 31
0.0
  0
LINE
  5
9D7
102
{ACAD_REACTORS
330
986
102
}
330
1F
100
AcDbEntity
  8
WALLS
100
AcDbLine
 10
315.0250705852955
 20
512.5795013284212
 30
0.0
 11
367.5250705852964
 21
512.5795013284103
 31
0.0
  0
LINE
  5
9D8
330
1F
100
AcDbEntity
  8
WALLS
100
AcDbLine
 10
415.5250705852964
 20
512.5795013283966
 30
0.0
 11
556.5250705852955
 21
512.5795013283957
 31
0.0
  0
LINE
  5
9D9
330
1F
100
AcDbEntity
  8
WALLS
100
AcDbLine
 10
556.5250705852964
 20
542.5795013283966
 30
0.0
 11
565.5250705852945
 21
542.5795013283976
 31
0.0
  0
LINE
  5
9DA
102
{ACAD_REACTORS
330
986
102
}
330
1F
100
AcDbEntity
  8
WALLS
100
AcDbLine
 10
315.0250705852955
 20
503.5795013284211
 30
0.0
 11
367.5250705852955
 21
503.5795013284139
 31
0.0
  0
LINE
  5
9DB
330
1F
100
AcDbEntity
  8
WALLS
100
AcDbLine
 10
415.5250705852973
 20
503.5795013284066
 30
0.0
 11
420.0250705852936
 21
503.5795013284066
 31
0.0
  0
LINE
  5
9DC
330
1F
100
AcDbEntity
  8
WALLS
100
AcDbLine
 10
424.5250705852936
 20
503.579501328403
 30
0.0
 11
556.5250705852955
 21
503.5795013283839
 31
0.0
  0
LINE
  5
9DD
330
1F
100
AcDbEntity
  8
WINDOWS
100
AcDbLine
 10
556.5250705852973
 20
499.0795013283848
 30
0.0
 11
565.5250705852936
 21
499.0795013283839
 31
0.0
  0
LINE
  5
9DE
330
1F
100
AcDbEntity
  8
WINDOWS
100
AcDbLine
 10
556.5250705852955
 20
451.0795013283848
 30
0.0
 11
565.5250705852936
 21
451.0795013283829
 31
0.0
  0
LINE
  5
9DF
102
{ACAD_REACTORS
330
986
102
}
330
1F
100
AcDbEntity
  8
WALLS
100
AcDbLine
 10
315.0250705852818
 20
278.5795013284284
 30
0.0
 11
358.5250705852964
 21
278.5795013284139
 31
0.0
  0
LINE
  5
9E0
330
1F
100
AcDbEntity
  8
WALLS
100
AcDbLine
 10
415.5250705852964
 20
278.5795013284066
 30
0.0
 11
420.0250705852964
 21
278.5795013284066
 31
0.0
  0
LINE
  5
9E1
330
1F
100
AcDbEntity
  8
STAIRS
100
AcDbLine
 10
315.0250705852909
 20
356.5795013284284
 30
0.0
 11
357.0250705852973
 21
356.5795013284175
 31
0.0
  0
LINE
  5
9E2
330
1F
100
AcDbEntity
  8
STAIRS
100
AcDbLine
 10
315.0250705853155
 20
451.0795013284284
 30
0.0
 11
357.0250705853218
 21
451.0795013284175
 31
0.0
  0
LINE
  5
9E3
330
1F
100
AcDbEntity
  8
UP
100
AcDbLine
 10
315.0250705853182
 20
461.5795013284284
 30
0.0
 11
357.0250705853246
 21
461.5795013284175
 31
0.0
  0
LINE
  5
9E4
330
1F
100
AcDbEntity
  8
WALLS
 62
     8
100
AcDbLine
 10
355.0250705852955
 20
463.5795013284175
 30
0.0
 11
357.0250705853255
 21
463.5795013284175
 31
0.0
  0
LINE
  5
9E5
330
1F
100
AcDbEntity
  8
STAIRS
100
AcDbLine
 10
315.0250705853127
 20
440.5795013284284
 30
0.0
 11
357.0250705853191
 21
440.5795013284175
 31
0.0
  0
LINE
  5
9E6
330
1F
100
AcDbEntity
  8
STAIRS
100
AcDbLine
 10
315.02507058531
 20
430.0795013284284
 30
0.0
 11
357.0250705853164
 21
430.0795013284175
 31
0.0
  0
LINE
  5
9E7
330
1F
100
AcDbEntity
  8
STAIRS
100
AcDbLine
 10
315.0250705853073
 20
419.5795013284284
 30
0.0
 11
357.0250705853136
 21
419.5795013284175
 31
0.0
  0
LINE
  5
9E8
330
1F
100
AcDbEntity
  8
STAIRS
100
AcDbLine
 10
315.0250705853045
 20
409.0795013284284
 30
0.0
 11
357.0250705853109
 21
409.0795013284175
 31
0.0
  0
LINE
  5
9E9
330
1F
100
AcDbEntity
  8
STAIRS
100
AcDbLine
 10
315.0250705853018
 20
398.5795013284284
 30
0.0
 11
357.0250705853082
 21
398.5795013284175
 31
0.0
  0
LINE
  5
9EA
330
1F
100
AcDbEntity
  8
STAIRS
100
AcDbLine
 10
315.0250705852991
 20
388.0795013284284
 30
0.0
 11
357.0250705853055
 21
388.0795013284175
 31
0.0
  0
LINE
  5
9EB
330
1F
100
AcDbEntity
  8
STAIRS
100
AcDbLine
 10
315.0250705852964
 20
377.5795013284284
 30
0.0
 11
357.0250705853027
 21
377.5795013284175
 31
0.0
  0
LINE
  5
9EC
330
1F
100
AcDbEntity
  8
STAIRS
100
AcDbLine
 10
315.0250705852936
 20
367.0795013284284
 30
0.0
 11
357.0250705853
 21
367.0795013284175
 31
0.0
  0
LINE
  5
9ED
330
1F
100
AcDbEntity
  8
WALLS
100
AcDbLine
 10
424.5250705852918
 20
410.5795013284066
 30
0.0
 11
556.5250705852964
 21
410.579501328392
 31
0.0
  0
LINE
  5
9EF
102
{ACAD_REACTORS
330
986
102
}
330
1F
100
AcDbEntity
  8
WALLS
100
AcDbLine
 10
315.02507058528
 20
269.5795013284284
 30
0.0
 11
358.5250705852973
 21
269.5795013284248
 31
0.0
  0
LINE
  5
9F0
330
1F
100
AcDbEntity
  8
WALLS
100
AcDbLine
 10
415.5250705852955
 20
269.5795013284211
 30
0.0
 11
420.0250705852936
 21
269.5795013284202
 31
0.0
  0
LINE
  5
9F1
330
1F
100
AcDbEntity
  8
WALLS
100
AcDbLine
 10
424.5250705852936
 20
401.5795013284175
 30
0.0
 11
556.5250705852973
 21
401.5795013283902
 31
0.0
  0
LINE
  5
9F2
330
1F
100
AcDbEntity
  8
WALLS
100
AcDbLine
 10
556.5250705852936
 20
830.5795013284221
 30
0.0
 11
528.0250705852955
 21
830.5795013284194
 31
0.0
  0
LINE
  5
9F3
330
1F
100
AcDbEntity
  8
WALLS
100
AcDbLine
 10
498.0250705852955
 20
830.579501328413
 30
0.0
 11
493.5250705852964
 21
830.579501328413
 31
0.0
  0
LINE
  5
9F4
330
1F
100
AcDbEntity
  8
WALLS
100
AcDbLine
 10
489.0250705852918
 20
821.5795013284212
 30
0.0
 11
432.0250705852936
 21
821.5795013284157
 31
0.0
  0
LINE
  5
9F5
330
1F
100
AcDbEntity
  8
WALLS
100
AcDbLine
 10
489.0250705852918
 20
822.3295013284212
 30
0.0
 11
432.7750705852927
 21
822.3295013284167
 31
0.0
  0
LINE
  5
9F6
330
1F
100
AcDbEntity
  8
WALLS
100
AcDbLine
 10
432.7750705852927
 20
845.5795013284148
 30
0.0
 11
376.5250705852927
 21
845.5795013284103
 31
0.0
  0
LINE
  5
9F7
330
1F
100
AcDbEntity
  8
WALLS
100
AcDbLine
 10
432.0250705852927
 20
844.8295013284167
 30
0.0
 11
376.5250705852927
 21
844.8295013284103
 31
0.0
  0
LINE
  5
9F8
330
1F
100
AcDbEntity
  8
WALLS
100
AcDbLine
 10
498.0250705852955
 20
821.5795013284239
 30
0.0
 11
489.02507058529
 21
821.5795013284212
 31
0.0
  0
LINE
  5
9F9
330
1F
100
AcDbEntity
  8
WALLS
100
AcDbLine
 10
376.5250705852936
 20
845.5795013284094
 30
0.0
 11
372.0250705852936
 21
845.5795013284094
 31
0.0
  0
LINE
  5
9FA
330
1F
100
AcDbEntity
  8
WALLS
100
AcDbLine
 10
372.0250705852936
 20
791.5795013284066
 30
0.0
 11
361.5250705852955
 21
791.579501328403
 31
0.0
  0
LINE
  5
9FB
102
{ACAD_REACTORS
330
986
102
}
330
1F
100
AcDbEntity
  8
WALLS
100
AcDbLine
 10
319.5250705852945
 20
791.5795013283994
 30
0.0
 11
315.0250705852936
 21
791.5795013283994
 31
0.0
  0
LINE
  5
9FC
330
1F
100
AcDbEntity
  8
WALLS
100
AcDbLine
 10
420.0250705852955
 20
236.5795013284266
 30
0.0
 11
420.0250705852945
 21
269.5795013284211
 31
0.0
  0
LINE
  5
9FD
330
1F
100
AcDbEntity
  8
WALLS
100
AcDbLine
 10
420.0250705852936
 20
278.5795013284066
 30
0.0
 11
420.0250705852945
 21
355.0795013284066
 31
0.0
  0
LINE
  5
9FE
330
1F
100
AcDbEntity
  8
WALLS
100
AcDbLine
 10
420.0250705852945
 20
397.0795013284066
 30
0.0
 11
420.0250705852945
 21
439.0795013284048
 31
0.0
  0
LINE
  5
9FF
330
1F
100
AcDbEntity
  8
WALLS
100
AcDbLine
 10
420.0250705852945
 20
481.079501328403
 30
0.0
 11
420.0250705852936
 21
503.579501328403
 31
0.0
  0
LINE
  5
A00
330
1F
100
AcDbEntity
  8
WALLS
100
AcDbLine
 10
424.5250705852936
 20
245.5795013284312
 30
0.0
 11
424.5250705852945
 21
355.0795013284066
 31
0.0
  0
LINE
  5
A01
330
1F
100
AcDbEntity
  8
WALLS
100
AcDbLine
 10
424.5250705852945
 20
397.079501328403
 30
0.0
 11
424.5250705852936
 21
401.5795013284066
 31
0.0
  0
LINE
  5
A02
330
1F
100
AcDbEntity
  8
WALLS
100
AcDbLine
 10
424.5250705852918
 20
410.5795013284066
 30
0.0
 11
424.5250705852927
 21
439.0795013284039
 31
0.0
  0
LINE
  5
A03
330
1F
100
AcDbEntity
  8
WALLS
100
AcDbLine
 10
424.5250705852927
 20
481.0795013284039
 30
0.0
 11
424.5250705852927
 21
503.5795013283993
 31
0.0
  0
LINE
  5
A04
102
{ACAD_REACTORS
330
986
102
}
330
1F
100
AcDbEntity
  8
WALLS
100
AcDbLine
 10
358.5250705852955
 20
278.5795013284175
 30
0.0
 11
358.5250705852964
 21
269.5795013284248
 31
0.0
  0
LINE
  5
A05
330
1F
100
AcDbEntity
  8
WALLS
100
AcDbLine
 10
415.5250705852964
 20
278.5795013284066
 30
0.0
 11
415.5250705852955
 21
269.5795013284175
 31
0.0
  0
LINE
  5
A06
102
{ACAD_REACTORS
330
986
102
}
330
1F
100
AcDbEntity
  8
WALLS
100
AcDbLine
 10
367.5250705852955
 20
503.5795013283993
 30
0.0
 11
367.5250705852964
 21
512.5795013283921
 31
0.0
  0
LINE
  5
A07
330
1F
100
AcDbEntity
  8
WALLS
100
AcDbLine
 10
415.5250705852964
 20
503.5795013284102
 30
0.0
 11
415.5250705852955
 21
512.5795013283994
 31
0.0
  0
LINE
  5
A08
330
1F
100
AcDbEntity
  8
WALLS
100
AcDbLine
 10
424.5250705852918
 20
439.079501328403
 30
0.0
 11
420.0250705852936
 21
439.0795013284066
 31
0.0
  0
LINE
  5
A09
330
1F
100
AcDbEntity
  8
WALLS
100
AcDbLine
 10
424.5250705852918
 20
481.079501328403
 30
0.0
 11
420.0250705852936
 21
481.079501328403
 31
0.0
  0
LINE
  5
A0A
330
1F
100
AcDbEntity
  8
WALLS
100
AcDbLine
 10
424.5250705852936
 20
397.0795013284066
 30
0.0
 11
420.0250705852955
 21
397.0795013284066
 31
0.0
  0
LINE
  5
A0B
330
1F
100
AcDbEntity
  8
WALLS
100
AcDbLine
 10
424.5250705852936
 20
355.0795013284066
 30
0.0
 11
420.0250705852955
 21
355.0795013284066
 31
0.0
  0
LINE
  5
A0C
330
1F
100
AcDbEntity
  8
WALLS
100
AcDbLine
 10
319.5250705852955
 20
789.3295013283921
 30
0.0
 11
321.5250705852955
 21
789.3295013283921
 31
0.0
  0
LINE
  5
A0D
330
1F
100
AcDbEntity
  8
DOORS
100
AcDbLine
 10
321.5250705852955
 20
789.3295013283921
 30
0.0
 11
321.5250705852955
 21
827.3295013283921
 31
0.0
  0
LINE
  5
A0E
330
1F
100
AcDbEntity
  8
WALLS
100
AcDbLine
 10
361.5250705852955
 20
789.3295013283994
 30
0.0
 11
359.5250705852955
 21
789.3295013283994
 31
0.0
  0
LINE
  5
A10
330
1F
100
AcDbEntity
  8
WALLS
100
AcDbLine
 10
374.2750705852936
 20
682.0795013283994
 30
0.0
 11
374.2750705852936
 21
684.0795013283994
 31
0.0
  0
LINE
  5
A11
330
1F
100
AcDbEntity
  8
DOORS
100
AcDbLine
 10
374.2750705852936
 20
684.0795013283994
 30
0.0
 11
412.27507058526
 21
684.0795013283994
 31
0.0
  0
LINE
  5
A12
330
1F
100
AcDbEntity
  8
WALLS
100
AcDbLine
 10
374.2750705852591
 20
724.0795013283994
 30
0.0
 11
374.2750705852591
 21
722.0795013283994
 31
0.0
  0
LINE
  5
A14
330
1F
100
AcDbEntity
  8
WALLS
100
AcDbLine
 10
406.52507058529
 20
998.5795013284212
 30
0.0
 11
406.5250705852909
 21
989.5795013284176
 31
0.0
  0
LINE
  5
A16
330
1F
100
AcDbEntity
  8
WALLS
 62
     8
100
AcDbLine
 10
402.0250705852918
 20
1091.579501328423
 30
0.0
 11
610.5250705852945
 21
1091.579501328423
 31
0.0
  0
LINE
  5
A17
330
1F
100
AcDbEntity
  8
LINE
100
AcDbLine
 10
432.7750705852936
 20
822.3295013284176
 30
0.0
 11
432.7750705852927
 21
845.5795013284157
 31
0.0
  0
LINE
  5
A18
330
1F
100
AcDbEntity
  8
LINE
100
AcDbLine
 10
432.0250705852936
 20
821.5795013284157
 30
0.0
 11
432.0250705852927
 21
844.8295013284157
 31
0.0
  0
LINE
  5
A1B
330
1F
100
AcDbEntity
  8
STAIRS
100
AcDbLine
 10
315.0250705852909
 20
346.0795013284284
 30
0.0
 11
357.0250705852973
 21
346.0795013284175
 31
0.0
  0
LINE
  5
A1C
330
1F
100
AcDbEntity
  8
STAIRS
100
AcDbLine
 10
315.0250705852882
 20
335.5795013284284
 30
0.0
 11
357.0250705852945
 21
335.5795013284175
 31
0.0
  0
LINE
  5
A1D
330
1F
100
AcDbEntity
  8
WALLS
 62
     8
100
AcDbLine
 10
315.0250705852854
 20
325.0795013284284
 30
0.0
 11
320.6744528915492
 21
325.0795013284266
 31
0.0
  0
LINE
  5
A1E
102
{ACAD_REACTORS
330
986
102
}
330
1F
100
AcDbEntity
  8
LINE
100
AcDbLine
 10
315.0250705852945
 20
59.57950132842026
 30
0.0
 11
306.0250705852973
 21
59.57950132841935
 31
0.0
  0
LINE
  5
A1F
330
1F
100
AcDbEntity
  8
WALLS
 62
     8
100
AcDbLine
 10
306.0250705852973
 20
59.57950132841753
 30
0.0
 11
306.0250705852973
 21
20.57950132842208
 31
0.0
  0
LINE
  5
A20
330
1F
100
AcDbEntity
  8
WALLS
 62
     8
100
AcDbLine
 10
315.0250705852945
 20
59.57950132841935
 30
0.0
 11
315.0250705852945
 21
20.57950132841935
 31
0.0
  0
LINE
  5
A21
330
1F
100
AcDbEntity
  8
WALLS
 62
     8
100
AcDbLine
 10
319.5250705852964
 20
20.57950132841935
 30
0.0
 11
319.5250705852936
 21
7.079501328420257
 31
0.0
  0
LINE
  5
A22
330
1F
100
AcDbEntity
  8
WALLS
 62
     8
100
AcDbLine
 10
333.0250705852945
 20
20.57950132841935
 30
0.0
 11
333.0250705852945
 21
7.079501328420257
 31
0.0
  0
LINE
  5
A26
330
1F
100
AcDbEntity
  8
WINDOWS
100
AcDbLine
 10
556.5250705853009
 20
275.5795013284102
 30
0.0
 11
565.5250705852991
 21
275.5795013284111
 31
0.0
  0
LINE
  5
A27
330
1F
100
AcDbEntity
  8
WINDOWS
100
AcDbLine
 10
556.5250705852918
 20
371.5795013284102
 30
0.0
 11
565.52507058529
 21
371.5795013284111
 31
0.0
  0
MTEXT
  5
A2B
330
1F
100
AcDbEntity
  8
LABELS
100
AcDbMText
 10
412.3426980446807
 20
544.3284406804221
 30
0.0
 40
6.0
 41
63.81216511937964
 71
     8
 72
     5
  1
\A1;Tv Lounge\P20'-1{\H0.7x;\S1/2;\H1.429x;"x13'-0"}
  0
MTEXT
  5
A2C
330
1F
100
AcDbEntity
  8
LABELS
100
AcDbMText
 10
481.1248574326296
 20
455.862010596609
 30
0.0
 40
6.0
 41
63.81216511937964
 71
     8
 72
     5
  1
Kitchen\P11'-0{\H1x;"x7'-9"}
  0
MTEXT
  5
A2D
330
1F
100
AcDbEntity
  8
LABELS
100
AcDbMText
 10
483.9295955974944
 20
280.4473983083778
 30
0.0
 40
6.0
 41
63.81216511937964
 71
     8
 72
     5
  1
Drawing Room\P11'-0"x13'-0"
  0
LINE
  5
A2E
330
1F
100
AcDbEntity
  8
LINE
100
AcDbLine
 10
422.2750705852945
 20
397.0795013284066
 30
0.0
 11
422.2750705852945
 21
395.0795013284066
 31
0.0
  0
LINE
  5
A2F
330
1F
100
AcDbEntity
  8
LINE
100
AcDbLine
 10
422.2750705852945
 20
355.0795013284066
 30
0.0
 11
422.2750705852945
 21
357.0795013284066
 31
0.0
  0
LINE
  5
A31
330
1F
100
AcDbEntity
  8
DOORS
100
AcDbLine
 10
422.2750705852945
 20
395.0795013284066
 30
0.0
 11
460.2750705852945
 21
395.0795013284066
 31
0.0
  0
MTEXT
  5
A32
330
1F
100
AcDbEntity
  8
LABELS
100
AcDbMText
 10
345.2724772595379
 20
701.4491246271953
 30
0.0
 40
6.0
 41
63.81216511937964
 71
     8
 72
     5
  1
Lobby\P4'-9" Wide
  0
MTEXT
  5
A33
330
1F
100
AcDbEntity
  8
LABELS
100
AcDbMText
 10
439.0049632501127
 20
692.9928351761353
 30
0.0
 40
6.0
 41
63.81216511937964
 71
     8
 72
     5
  1
Bed Room\P15'-0{\H1x;"x12'-0"}
  0
MTEXT
  5
A34
330
1F
100
AcDbEntity
  8
LABELS
100
AcDbMText
 10
368.5111498865977
 20
867.6018818773589
 30
0.0
 40
6.0
 41
63.81216511937964
 71
     8
 72
     5
  1
Bed Room\P14'-6"x12'-0"
  0
LINE
  5
A35
330
1F
100
AcDbEntity
  8
LINE
100
AcDbLine
 10
319.5250705852955
 20
991.829501328423
 30
0.0
 11
321.5250127645954
 21
991.8142934535397
 31
0.0
  0
LINE
  5
A36
330
1F
100
AcDbEntity
  8
LINE
100
AcDbLine
 10
349.5250705852955
 20
991.829501328423
 30
0.0
 11
347.5250705852955
 21
991.829501328423
 31
0.0
  0
LINE
  5
A38
330
1F
100
AcDbEntity
  8
DOORS
100
AcDbLine
 10
321.5250127645954
 20
991.8142934535397
 30
0.0
 11
321.5250127645954
 21
1017.814355721911
 31
0.0
  0
MTEXT
  5
A39
330
1F
100
AcDbEntity
  8
LABELS
100
AcDbMText
 10
351.18251789129
 20
1033.015233771603
 30
0.0
 40
6.0
 41
63.81216511937964
 71
     8
 72
     5
  1
\A1;Bath\P6'-6"x7'-4{\H0.7x;\S1/2;}"
  0
MTEXT
  5
A3B
330
1F
100
AcDbEntity
  8
LABELS
100
AcDbMText
 10
524.5336391959959
 20
905.9256922110542
 30
0.0
 40
6.0
 41
63.81216511937964
 71
     8
 72
     5
  1
Bath\P5'-3"x13'-3"
  0
LINE
  5
A3C
330
1F
100
AcDbEntity
  8
LINE
100
AcDbLine
 10
498.0250705852955
 20
826.0795013284194
 30
0.0
 11
500.0250705852955
 21
826.0795013284194
 31
0.0
  0
LINE
  5
A3D
330
1F
100
AcDbEntity
  8
LINE
100
AcDbLine
 10
528.0250705852955
 20
826.0795013284176
 30
0.0
 11
526.0250705852955
 21
826.0795013284176
 31
0.0
  0
LINE
  5
A3F
330
1F
100
AcDbEntity
  8
DOORS
100
AcDbLine
 10
500.0250705852955
 20
826.0795013284194
 30
0.0
 11
500.0250705852955
 21
852.0795013284194
 31
0.0
  0
LINE
  5
A41
330
1F
100
AcDbEntity
  8
LINE
100
AcDbLine
 10
556.5250705852955
 20
713.5795013284239
 30
0.0
 11
565.5250705852945
 21
713.5795013284239
 31
0.0
  0
LINE
  5
A42
330
1F
100
AcDbEntity
  8
LINE
100
AcDbLine
 10
556.5250705852955
 20
785.5795013284239
 30
0.0
 11
565.5250705852945
 21
785.5795013284239
 31
0.0
  0
MTEXT
  5
A44
330
1F
100
AcDbEntity
  8
LABELS
100
AcDbMText
 10
593.3464171378514
 20
700.7175507974823
 30
0.0
 40
6.0
 41
63.81216511937964
 71
     8
 72
     5
  1
Passage\P3'-0" Wide
  0
MTEXT
  5
A45
330
1F
100
AcDbEntity
  8
LABELS
100
AcDbMText
 10
496.1624804187472
 20
1031.302816036134
 30
0.0
 40
6.0
 41
63.81216511937964
 71
     8
 72
     5
  1
Back Open\P7'-0" Wide
  0
LINE
  5
A46
330
1F
100
AcDbEntity
  8
LINE
100
AcDbLine
 10
358.5250705852964
 20
274.0795013284211
 30
0.0
 11
360.5250705852964
 21
274.0795013284211
 31
0.0
  0
LINE
  5
A47
330
1F
100
AcDbEntity
  8
LINE
100
AcDbLine
 10
415.5250705852964
 20
274.0795013284121
 30
0.0
 11
413.5250705852964
 21
274.0795013284121
 31
0.0
  0
LINE
  5
A4A
330
1F
100
AcDbEntity
  8
DOORS
100
AcDbLine
 10
360.5250705852964
 20
274.0795013284211
 30
0.0
 11
360.5250705852964
 21
300.5795013284211
 31
0.0
  0
LINE
  5
A4B
330
1F
100
AcDbEntity
  8
DOORS
100
AcDbLine
 10
413.5250705852964
 20
274.0795013284121
 30
0.0
 11
413.5250705852964
 21
300.5795013284121
 31
0.0
  0
MTEXT
  5
A53
330
1F
100
AcDbEntity
  8
LABELS
100
AcDbMText
 10
364.7043782083151
 20
471.5862674279212
 30
0.0
 40
6.0
 41
63.81216511937964
 71
     8
 72
     5
  1
Up
  0
MTEXT
  5
A54
330
1F
100
AcDbEntity
  8
LABELS
100
AcDbMText
 10
389.4708029354138
 20
344.3592796678747
 30
0.0
 40
6.0
 41
63.81216511937964
 71
     8
 72
     5
  1
Main Ent & Stairs\P8'-9"x18'-9"
  0
MTEXT
  5
A55
330
1F
100
AcDbEntity
  8
LABELS
100
AcDbMText
 10
425.3398427280395
 20
139.966830323319
 30
0.0
 40
6.0
 41
63.81216511937964
 71
     8
 72
     5
  1
Porch\P12'-0"x20'-9"
  0
LINE
  5
A56
330
1F
100
AcDbEntity
  8
WALLS
 62
     8
100
AcDbLine
 10
459.0250705852945
 20
11.57950132842117
 30
0.0
 11
459.0250705852955
 21
7.079501328419347
 31
0.0
  0
LINE
  5
A57
330
1F
100
AcDbEntity
  8
WALLS
 62
     8
100
AcDbLine
 10
445.5250705852936
 20
20.57950132841753
 30
0.0
 11
445.5250705852945
 21
7.079501328419347
 31
0.0
  0
LINE
  5
A58
330
1F
100
AcDbEntity
  8
WALLS
 62
     8
100
AcDbLine
 10
459.0250705852936
 20
68.57950132842936
 30
0.0
 11
459.0250705852936
 21
20.57950132841935
 31
0.0
  0
INSERT
  5
A59
330
1F
100
AcDbEntity
  8
1234
100
AcDbBlockReference
  2
FURN-G128
 10
-413.1745484147036
 20
1123.224316328388
 30
0.0
 41
-1.0
 50
180.0
  0
INSERT
  5
A5A
330
1F
100
AcDbEntity
  8
1234
100
AcDbBlockReference
  2
FURN-G126
 10
-160.3528274147043
 20
1407.919463328401
 30
0.0
 50
270.0
  0
INSERT
  5
A5B
330
1F
100
AcDbEntity
  8
LINE
100
AcDbBlockReference
  2
A$C798D1D60
 10
476.525070917713
 20
802.07949910406
 30
0.0
 50
270.0
  0
INSERT
  5
A5C
330
1F
100
AcDbEntity
  8
LINE
100
AcDbBlockReference
  2
DAS
 10
376.5250705852936
 20
746.3453948207887
 30
0.0
 41
-1.0
 50
180.0
  0
INSERT
  5
A5D
330
1F
100
AcDbEntity
  8
LINE
100
AcDbBlockReference
  2
A$C798D1D60
 10
409.0250709177076
 20
970.0794991040482
 30
0.0
 50
270.0
  0
INSERT
  5
A5E
330
1F
100
AcDbEntity
  8
LINE
100
AcDbBlockReference
  2
DAS
 10
315.0250705852936
 20
894.5403178991035
 30
0.0
 41
-1.0
 50
180.0
  0
INSERT
  5
A61
330
1F
100
AcDbEntity
  8
FURNITURE
100
AcDbBlockReference
  2
CORNER_TABLE_2X2
 10
-542.7963303427236
 20
652.1225691176339
 30
0.0
 41
-1.0
 43
-1.0
 50
90.0
210
0.0
220
0.0
230
-1.0
  0
INSERT
  5
A62
330
1F
100
AcDbEntity
  8
FURNITURE
100
AcDbBlockReference
  2
AFEDADSDF
 10
418.6616235645238
 20
665.4174818009676
 30
0.0
 41
1.01016110429191
 42
1.01016110429191
 43
1.01016110429191
 50
90.0
  0
INSERT
  5
A63
330
1F
100
AcDbEntity
  8
FURNITURE
100
AcDbBlockReference
  2
AFDSAF
 10
488.9207185226464
 20
665.6698926172573
 30
0.0
 41
0.9899999999979627
 42
0.9899999999979627
 43
0.9899999999979627
 50
180.0
  0
INSERT
  5
A64
330
1F
100
AcDbEntity
  8
FURNITURE
100
AcDbBlockReference
  2
AFEDADSDF
 10
556.4947101168559
 20
610.1466498222251
 30
0.0
 41
1.01016110429191
 42
1.01016110429191
 43
1.01016110429191
  0
INSERT
  5
A65
330
1F
100
AcDbEntity
  8
FURNITURE
100
AcDbBlockReference
  2
AFEDADSDF
 10
556.4947101168559
 20
552.1278945051315
 30
0.0
 41
1.01016110429191
 42
1.01016110429191
 43
1.01016110429191
  0
INSERT
  5
A66
330
1F
100
AcDbEntity
  8
LINE
100
AcDbBlockReference
  2
DAS
 10
487.5246755097673
 20
512.5395013283967
 30
0.0
 41
-1.0
 50
270.0
  0
INSERT
  5
A67
330
1F
100
AcDbEntity
  8
FURN
100
AcDbBlockReference
  2
CARPET_RECT_OK
 10
463.7654713115239
 20
583.977578355885
 30
0.0
 41
-0.9562499999956344
 42
0.9562499999992724
 43
0.9562499999999999
 50
270.0
  0
INSERT
  5
A68
330
1F
100
AcDbEntity
  8
FURNITURE
100
AcDbBlockReference
  2
CORNER_TABLE_2X2
 10
-542.7963303427246
 20
260.1225691175957
 30
0.0
 41
-1.0
 43
-1.0
 50
90.0
210
0.0
220
0.0
230
-1.0
  0
INSERT
  5
A69
330
1F
100
AcDbEntity
  8
FURNITURE
100
AcDbBlockReference
  2
AFEDADSDF
 10
556.4947101168568
 20
361.1466498221868
 30
0.0
 41
1.01016110429191
 42
1.01016110429191
 43
1.01016110429191
  0
INSERT
  5
A6A
330
1F
100
AcDbEntity
  8
FURNITURE
100
AcDbBlockReference
  2
AFEDADSDF
 10
556.4947101168568
 20
303.1278945050933
 30
0.0
 41
1.01016110429191
 42
1.01016110429191
 43
1.01016110429191
  0
INSERT
  5
A6B
330
1F
100
AcDbEntity
  8
FURNITURE
100
AcDbBlockReference
  2
AFDSAF
 10
489.9207185226464
 20
247.7511634729478
 30
0.0
 41
-0.9899999999979627
 42
0.9900000000016007
 43
0.99
  0
INSERT
  5
A6C
330
1F
100
AcDbEntity
  8
FURNITURE
100
AcDbBlockReference
  2
CORNER_TABLE_2X2
 10
-437.0246755097673
 20
260.1225691175957
 30
0.0
 41
-1.0
 43
-1.0
 50
90.0
210
0.0
220
0.0
230
-1.0
  0
INSERT
  5
A6D
330
1F
100
AcDbEntity
  8
FURN
100
AcDbBlockReference
  2
CARPET_RECT_OK
 10
487.2654713115239
 20
335.977578355885
 30
0.0
 41
-0.9562499999956344
 42
0.9562499999992724
 43
0.9562499999999999
 50
270.0
  0
INSERT
  5
A6E
330
1F
100
AcDbEntity
  8
FURNITURE
100
AcDbBlockReference
  2
A$C092F29D2
 10
388.929750857304
 20
78.07950032785058
 30
0.0
 41
-1.100000000005821
 42
1.099999999998545
 43
1.1
  0
MTEXT
  5
A71
330
1F
100
AcDbEntity
  8
LABELS
100
AcDbMText
 10
514.8394476525132
 20
94.96683032331904
 30
0.0
 40
6.0
 41
63.81216511937964
 71
     8
 72
     5
  1
Lawn\P12'-0"x18'-0"
  0
INSERT
  5
A72
330
1F
100
AcDbEntity
  8
LINE
100
AcDbBlockReference
  2
A$C089D5E05
 10
325.5246755097673
 20
542.2511634729478
 30
0.0
  0
LINE
  5
A74
330
1F
100
AcDbEntity
  8
LINE
100
AcDbLine
 10
64.52507058529363
 20
989.5795013284157
 30
0.0
 11
64.52507058529363
 21
830.5795013284221
 31
0.0
  0
LINE
  5
A75
330
1F
100
AcDbEntity
  8
LINE
100
AcDbLine
 10
69.02507058529363
 20
998.5795013284121
 30
0.0
 11
69.02507058529454
 21
989.5795013284176
 31
0.0
  0
LINE
  5
A76
330
1F
100
AcDbEntity
  8
LINE
100
AcDbLine
 10
105.0250705852936
 20
998.5795013284157
 30
0.0
 11
105.0250705852945
 21
989.5795013284212
 31
0.0
  0
LINE
  5
A77
330
1F
100
AcDbEntity
  8
LINE
100
AcDbLine
 10
64.52507058529363
 20
821.5795013284221
 30
0.0
 11
64.52507058529363
 21
785.5795013284239
 31
0.0
  0
LINE
  5
A78
330
1F
100
AcDbEntity
  8
LINE
100
AcDbLine
 10
64.52507058529272
 20
542.5795013283966
 30
0.0
 11
64.52507058529272
 21
512.5795013283957
 31
0.0
  0
LINE
  5
A79
330
1F
100
AcDbEntity
  8
LINE
100
AcDbLine
 10
64.52507058529363
 20
451.0795013283848
 30
0.0
 11
64.52507058529363
 21
410.579501328393
 31
0.0
  0
LINE
  5
A7B
330
1F
100
AcDbEntity
  8
LINE
100
AcDbLine
 10
64.52507058528818
 20
275.5795013284102
 30
0.0
 11
64.52507058529363
 21
245.5795013284294
 31
0.0
  0
LINE
  5
A7C
330
1F
100
AcDbEntity
  8
WINDOWS
100
AcDbLine
 10
82.52507058529454
 20
245.5795013284294
 30
0.0
 11
82.52507058529454
 21
236.5795013284339
 31
0.0
  0
LINE
  5
A7D
330
1F
100
AcDbEntity
  8
LINE
100
AcDbLine
 10
228.0250705852936
 20
1042.079501328421
 30
0.0
 11
219.02507058529
 21
1042.079501328423
 31
0.0
  0
LINE
  5
A7E
330
1F
100
AcDbEntity
  8
WALLS
100
AcDbLine
 10
82.52507058529454
 20
236.5795013284339
 30
0.0
 11
55.52507058529454
 21
236.5795013284348
 31
0.0
  0
LINE
  5
A80
330
1F
100
AcDbEntity
  8
WALLS
100
AcDbLine
 10
196.5250705852955
 20
245.5795013284312
 30
0.0
 11
144.0250705852945
 21
245.5795013284305
 31
0.0
  0
LINE
  5
A81
330
1F
100
AcDbEntity
  8
WALLS
100
AcDbLine
 10
249.0250705852964
 20
668.5795013284066
 30
0.0
 11
249.0250705852945
 21
682.0795013283994
 31
0.0
  0
LINE
  5
A82
330
1F
100
AcDbEntity
  8
WALLS
100
AcDbLine
 10
249.0250705852955
 20
724.079501328403
 30
0.0
 11
249.0250705852964
 21
787.0795013283921
 31
0.0
  0
LINE
  5
A83
330
1F
100
AcDbEntity
  8
WALLS
100
AcDbLine
 10
249.0250705852945
 20
791.5795013284103
 30
0.0
 11
249.0250705852955
 21
845.5795013284094
 31
0.0
  0
LINE
  5
A84
330
1F
100
AcDbEntity
  8
WALLS
100
AcDbLine
 10
244.5250705852955
 20
677.5795013283957
 30
0.0
 11
244.5250705852955
 21
682.079501328403
 31
0.0
  0
LINE
  5
A85
330
1F
100
AcDbEntity
  8
WALLS
100
AcDbLine
 10
244.5250705852955
 20
724.079501328403
 30
0.0
 11
244.5250705852955
 21
845.5795013284094
 31
0.0
  0
LINE
  5
A86
330
1F
100
AcDbEntity
  8
WALLS
100
AcDbLine
 10
271.5250705852936
 20
989.5795013284212
 30
0.0
 11
271.5250705852936
 21
994.0795013284248
 31
0.0
  0
LINE
  5
A87
330
1F
100
AcDbEntity
  8
WALLS
100
AcDbLine
 10
271.5250705852936
 20
994.0795013284248
 30
0.0
 11
228.0250705852945
 21
994.0795013284248
 31
0.0
  0
LINE
  5
A88
330
1F
100
AcDbEntity
  8
WALLS
100
AcDbLine
 10
219.0250705852964
 20
998.5795013284212
 30
0.0
 11
55.52507058529454
 21
998.5795013284103
 31
0.0
  0
LINE
  5
A89
330
1F
100
AcDbEntity
  8
WALLS
100
AcDbLine
 10
271.5250705852936
 20
989.5795013284248
 30
0.0
 11
214.5250705852982
 21
989.5795013284139
 31
0.0
  0
LINE
  5
A8A
330
1F
100
AcDbEntity
  8
WALLS
100
AcDbLine
 10
127.5250705852945
 20
989.5795013284194
 30
0.0
 11
105.0250705852945
 21
989.5795013284157
 31
0.0
  0
LINE
  5
A8B
330
1F
100
AcDbEntity
  8
WALLS
100
AcDbLine
 10
93.02507058529363
 20
830.5795013284176
 30
0.0
 11
93.02507058529363
 21
821.5795013284176
 31
0.0
  0
LINE
  5
A8C
330
1F
100
AcDbEntity
  8
WALLS
100
AcDbLine
 10
259.5250705852936
 20
791.579501328403
 30
0.0
 11
259.5250705852936
 21
787.0795013283957
 31
0.0
  0
LINE
  5
A8E
330
1F
100
AcDbEntity
  8
WINDOWS
100
AcDbLine
 10
144.0250705852945
 20
245.5795013284303
 30
0.0
 11
144.0250705852936
 21
236.5795013284294
 31
0.0
  0
LINE
  5
A91
330
1F
100
AcDbEntity
  8
WALLS
100
AcDbLine
 10
219.0250705852968
 20
1042.079501328423
 30
0.0
 11
219.0250705852964
 21
998.5795013284212
 31
0.0
  0
LINE
  5
A92
330
1F
100
AcDbEntity
  8
WALLS
100
AcDbLine
 10
156.0250705852945
 20
998.5795013284212
 30
0.0
 11
156.0250705852955
 21
989.5795013284176
 31
0.0
  0
LINE
  5
A93
330
1F
100
AcDbEntity
  8
WINDOWS
100
AcDbLine
 10
228.025070585298
 20
1042.079501328421
 30
0.0
 11
228.0250705852945
 21
994.0795013284248
 31
0.0
  0
LINE
  5
A94
330
1F
100
AcDbEntity
  8
WALLS
100
AcDbLine
 10
127.5250705852936
 20
989.5795013284194
 30
0.0
 11
127.5250705852945
 21
830.5795013284139
 31
0.0
  0
LINE
  5
A95
330
1F
100
AcDbEntity
  8
WALLS
100
AcDbLine
 10
123.0250705852936
 20
830.5795013284148
 30
0.0
 11
123.0250705852936
 21
821.5795013284239
 31
0.0
  0
LINE
  5
A96
330
1F
100
AcDbEntity
  8
WALLS
100
AcDbLine
 10
132.02507058529
 20
989.5795013284139
 30
0.0
 11
132.0250705852991
 21
821.5795013284212
 31
0.0
  0
LINE
  5
A97
330
1F
100
AcDbEntity
  8
WALLS
100
AcDbLine
 10
64.52507058529545
 20
821.5795013284221
 30
0.0
 11
93.02507058529363
 21
821.5795013284185
 31
0.0
  0
LINE
  5
A98
330
1F
100
AcDbEntity
  8
WALLS
100
AcDbLine
 10
64.52507058529272
 20
677.5795013284267
 30
0.0
 11
244.5250705852955
 21
677.5795013283957
 31
0.0
  0
LINE
  5
A99
330
1F
100
AcDbEntity
  8
WALLS
100
AcDbLine
 10
244.5250705852955
 20
682.079501328403
 30
0.0
 11
249.0250705852964
 21
682.0795013283994
 31
0.0
  0
LINE
  5
A9A
330
1F
100
AcDbEntity
  8
WALLS
100
AcDbLine
 10
244.5250705853291
 20
724.079501328403
 30
0.0
 11
249.02507058533
 21
724.0795013283994
 31
0.0
  0
LINE
  5
A9B
330
1F
100
AcDbEntity
  8
WALLS
100
AcDbLine
 10
64.52507058529272
 20
668.5795013284285
 30
0.0
 11
249.0250705852964
 21
668.5795013284066
 31
0.0
  0
LINE
  5
A9C
330
1F
100
AcDbEntity
  8
WALLS
100
AcDbLine
 10
55.52507058529363
 20
638.5795013284294
 30
0.0
 11
64.52507058529363
 21
638.5795013284294
 31
0.0
  0
LINE
  5
A9D
330
1F
100
AcDbEntity
  8
WALLS
100
AcDbLine
 10
249.0250705852955
 20
787.0795013283957
 30
0.0
 11
259.5250705852936
 21
787.0795013283921
 31
0.0
  0
LINE
  5
A9E
330
1F
100
AcDbEntity
  8
WALLS
100
AcDbLine
 10
306.0250705852936
 20
512.5795013284212
 30
0.0
 11
253.5250705852927
 21
512.5795013284103
 31
0.0
  0
LINE
  5
A9F
330
1F
100
AcDbEntity
  8
WALLS
100
AcDbLine
 10
205.5250705852927
 20
512.5795013283966
 30
0.0
 11
64.52507058529363
 21
512.5795013283957
 31
0.0
  0
LINE
  5
AA0
330
1F
100
AcDbEntity
  8
WALLS
100
AcDbLine
 10
64.52507058529272
 20
542.5795013283966
 30
0.0
 11
55.52507058529454
 21
542.5795013283976
 31
0.0
  0
LINE
  5
AA1
330
1F
100
AcDbEntity
  8
WALLS
100
AcDbLine
 10
306.0250705852936
 20
503.5795013284211
 30
0.0
 11
253.5250705852936
 21
503.5795013284139
 31
0.0
  0
LINE
  5
AA2
330
1F
100
AcDbEntity
  8
WALLS
100
AcDbLine
 10
205.5250705852918
 20
503.5795013284066
 30
0.0
 11
201.0250705852955
 21
503.5795013284066
 31
0.0
  0
LINE
  5
AA3
330
1F
100
AcDbEntity
  8
WALLS
100
AcDbLine
 10
196.5250705852955
 20
503.579501328403
 30
0.0
 11
64.52507058529363
 21
503.5795013283839
 31
0.0
  0
LINE
  5
AA4
330
1F
100
AcDbEntity
  8
WALLS
100
AcDbLine
 10
64.52507058529181
 20
499.0795013283848
 30
0.0
 11
55.52507058529545
 21
499.0795013283839
 31
0.0
  0
LINE
  5
AA5
330
1F
100
AcDbEntity
  8
WALLS
100
AcDbLine
 10
64.52507058529363
 20
451.0795013283848
 30
0.0
 11
55.52507058529545
 21
451.0795013283829
 31
0.0
  0
LINE
  5
AA6
102
{ACAD_REACTORS
330
986
102
}
330
1F
100
AcDbEntity
  8
WALLS
100
AcDbLine
 10
306.0250705853073
 20
278.5795013284284
 30
0.0
 11
262.5250705852927
 21
278.5795013284139
 31
0.0
  0
LINE
  5
AA7
330
1F
100
AcDbEntity
  8
WALLS
100
AcDbLine
 10
205.5250705852927
 20
278.5795013284066
 30
0.0
 11
201.0250705852927
 21
278.5795013284066
 31
0.0
  0
LINE
  5
AA8
330
1F
100
AcDbEntity
  8
STAIRS
100
AcDbLine
 10
306.0250705852982
 20
356.5795013284284
 30
0.0
 11
264.0250705852918
 21
356.5795013284175
 31
0.0
  0
LINE
  5
AA9
330
1F
100
AcDbEntity
  8
STAIRS
100
AcDbLine
 10
306.0250705852736
 20
451.0795013284284
 30
0.0
 11
264.0250705852673
 21
451.0795013284175
 31
0.0
  0
LINE
  5
AAA
330
1F
100
AcDbEntity
  8
UP
100
AcDbLine
 10
306.0250705852709
 20
461.5795013284284
 30
0.0
 11
264.0250705852645
 21
461.5795013284175
 31
0.0
  0
LINE
  5
AAB
330
1F
100
AcDbEntity
  8
WALLS
 62
     8
100
AcDbLine
 10
266.0250705852936
 20
463.5795013284175
 30
0.0
 11
264.0250705852636
 21
463.5795013284175
 31
0.0
  0
LINE
  5
AAC
330
1F
100
AcDbEntity
  8
STAIRS
100
AcDbLine
 10
306.0250705852764
 20
440.5795013284284
 30
0.0
 11
264.02507058527
 21
440.5795013284175
 31
0.0
  0
LINE
  5
AAD
330
1F
100
AcDbEntity
  8
STAIRS
100
AcDbLine
 10
306.0250705852791
 20
430.0795013284284
 30
0.0
 11
264.0250705852727
 21
430.0795013284175
 31
0.0
  0
LINE
  5
AAE
330
1F
100
AcDbEntity
  8
STAIRS
100
AcDbLine
 10
306.0250705852818
 20
419.5795013284284
 30
0.0
 11
264.0250705852754
 21
419.5795013284175
 31
0.0
  0
LINE
  5
AAF
330
1F
100
AcDbEntity
  8
STAIRS
100
AcDbLine
 10
306.0250705852845
 20
409.0795013284284
 30
0.0
 11
264.0250705852782
 21
409.0795013284175
 31
0.0
  0
LINE
  5
AB0
330
1F
100
AcDbEntity
  8
STAIRS
100
AcDbLine
 10
306.0250705852873
 20
398.5795013284284
 30
0.0
 11
264.0250705852809
 21
398.5795013284175
 31
0.0
  0
LINE
  5
AB1
330
1F
100
AcDbEntity
  8
STAIRS
100
AcDbLine
 10
306.02507058529
 20
388.0795013284284
 30
0.0
 11
264.0250705852836
 21
388.0795013284175
 31
0.0
  0
LINE
  5
AB2
330
1F
100
AcDbEntity
  8
STAIRS
100
AcDbLine
 10
306.0250705852927
 20
377.5795013284284
 30
0.0
 11
264.0250705852864
 21
377.5795013284175
 31
0.0
  0
LINE
  5
AB3
330
1F
100
AcDbEntity
  8
STAIRS
100
AcDbLine
 10
306.0250705852955
 20
367.0795013284284
 30
0.0
 11
264.0250705852891
 21
367.0795013284175
 31
0.0
  0
LINE
  5
AB4
330
1F
100
AcDbEntity
  8
WALLS
100
AcDbLine
 10
196.5250705852973
 20
410.5795013284066
 30
0.0
 11
64.52507058529272
 21
410.579501328392
 31
0.0
  0
LINE
  5
AB6
102
{ACAD_REACTORS
330
986
102
}
330
1F
100
AcDbEntity
  8
WALLS
100
AcDbLine
 10
306.0250705853091
 20
269.5795013284284
 30
0.0
 11
262.5250705852918
 21
269.5795013284248
 31
0.0
  0
LINE
  5
AB7
330
1F
100
AcDbEntity
  8
WALLS
100
AcDbLine
 10
205.5250705852936
 20
269.5795013284211
 30
0.0
 11
201.0250705852955
 21
269.5795013284202
 31
0.0
  0
LINE
  5
AB8
330
1F
100
AcDbEntity
  8
WALLS
100
AcDbLine
 10
196.5250705852955
 20
401.5795013284175
 30
0.0
 11
64.52507058529181
 21
401.5795013283902
 31
0.0
  0
LINE
  5
AB9
330
1F
100
AcDbEntity
  8
WALLS
100
AcDbLine
 10
64.52507058529545
 20
830.5795013284221
 30
0.0
 11
93.02507058529363
 21
830.5795013284194
 31
0.0
  0
LINE
  5
ABA
330
1F
100
AcDbEntity
  8
WALLS
100
AcDbLine
 10
123.0250705852936
 20
830.579501328413
 30
0.0
 11
127.5250705852927
 21
830.579501328413
 31
0.0
  0
LINE
  5
ABB
330
1F
100
AcDbEntity
  8
WALLS
100
AcDbLine
 10
132.0250705852973
 20
821.5795013284212
 30
0.0
 11
189.0250705852955
 21
821.5795013284157
 31
0.0
  0
LINE
  5
ABC
330
1F
100
AcDbEntity
  8
WALLS
100
AcDbLine
 10
132.0250705852973
 20
822.3295013284212
 30
0.0
 11
188.2750705852964
 21
822.3295013284167
 31
0.0
  0
LINE
  5
ABD
330
1F
100
AcDbEntity
  8
WALLS
100
AcDbLine
 10
188.2750705852964
 20
845.5795013284148
 30
0.0
 11
244.5250705852964
 21
845.5795013284103
 31
0.0
  0
LINE
  5
ABE
330
1F
100
AcDbEntity
  8
WALLS
100
AcDbLine
 10
189.0250705852964
 20
844.8295013284167
 30
0.0
 11
244.5250705852964
 21
844.8295013284103
 31
0.0
  0
LINE
  5
ABF
330
1F
100
AcDbEntity
  8
WALLS
100
AcDbLine
 10
123.0250705852936
 20
821.5795013284239
 30
0.0
 11
132.0250705852991
 21
821.5795013284212
 31
0.0
  0
LINE
  5
AC0
330
1F
100
AcDbEntity
  8
WALLS
100
AcDbLine
 10
244.5250705852955
 20
845.5795013284094
 30
0.0
 11
249.0250705852955
 21
845.5795013284094
 31
0.0
  0
LINE
  5
AC1
330
1F
100
AcDbEntity
  8
WALLS
100
AcDbLine
 10
249.0250705852955
 20
791.5795013284066
 30
0.0
 11
259.5250705852936
 21
791.579501328403
 31
0.0
  0
LINE
  5
AC2
330
1F
100
AcDbEntity
  8
WALLS
100
AcDbLine
 10
201.0250705852936
 20
236.5795013284266
 30
0.0
 11
201.0250705852945
 21
269.5795013284211
 31
0.0
  0
LINE
  5
AC3
330
1F
100
AcDbEntity
  8
WALLS
100
AcDbLine
 10
201.0250705852955
 20
278.5795013284066
 30
0.0
 11
201.0250705852945
 21
355.0795013284066
 31
0.0
  0
LINE
  5
AC4
330
1F
100
AcDbEntity
  8
WALLS
100
AcDbLine
 10
201.0250705852945
 20
397.0795013284066
 30
0.0
 11
201.0250705852945
 21
439.0795013284048
 31
0.0
  0
LINE
  5
AC5
330
1F
100
AcDbEntity
  8
WALLS
100
AcDbLine
 10
201.0250705852945
 20
481.079501328403
 30
0.0
 11
201.0250705852955
 21
503.579501328403
 31
0.0
  0
LINE
  5
AC6
330
1F
100
AcDbEntity
  8
WALLS
100
AcDbLine
 10
196.5250705852955
 20
245.5795013284312
 30
0.0
 11
196.5250705852945
 21
355.0795013284066
 31
0.0
  0
LINE
  5
AC7
330
1F
100
AcDbEntity
  8
WALLS
100
AcDbLine
 10
196.5250705852945
 20
397.079501328403
 30
0.0
 11
196.5250705852955
 21
401.5795013284066
 31
0.0
  0
LINE
  5
AC8
330
1F
100
AcDbEntity
  8
WALLS
100
AcDbLine
 10
196.5250705852973
 20
410.5795013284066
 30
0.0
 11
196.5250705852964
 21
439.0795013284039
 31
0.0
  0
LINE
  5
AC9
330
1F
100
AcDbEntity
  8
WALLS
100
AcDbLine
 10
196.5250705852964
 20
481.0795013284039
 30
0.0
 11
196.5250705852964
 21
503.5795013283993
 31
0.0
  0
LINE
  5
ACA
102
{ACAD_REACTORS
330
986
102
}
330
1F
100
AcDbEntity
  8
WALLS
100
AcDbLine
 10
262.5250705852936
 20
278.5795013284175
 30
0.0
 11
262.5250705852927
 21
269.5795013284248
 31
0.0
  0
LINE
  5
ACB
330
1F
100
AcDbEntity
  8
WALLS
100
AcDbLine
 10
205.5250705852927
 20
278.5795013284066
 30
0.0
 11
205.5250705852936
 21
269.5795013284175
 31
0.0
  0
LINE
  5
ACC
330
1F
100
AcDbEntity
  8
WALLS
100
AcDbLine
 10
253.5250705852936
 20
503.5795013283993
 30
0.0
 11
253.5250705852927
 21
512.5795013283921
 31
0.0
  0
LINE
  5
ACD
330
1F
100
AcDbEntity
  8
WALLS
100
AcDbLine
 10
205.5250705852927
 20
503.5795013284102
 30
0.0
 11
205.5250705852936
 21
512.5795013283994
 31
0.0
  0
LINE
  5
ACE
330
1F
100
AcDbEntity
  8
WALLS
100
AcDbLine
 10
196.5250705852973
 20
439.079501328403
 30
0.0
 11
201.0250705852955
 21
439.0795013284066
 31
0.0
  0
LINE
  5
ACF
330
1F
100
AcDbEntity
  8
WALLS
100
AcDbLine
 10
196.5250705852973
 20
481.079501328403
 30
0.0
 11
201.0250705852955
 21
481.079501328403
 31
0.0
  0
LINE
  5
AD0
330
1F
100
AcDbEntity
  8
WALLS
100
AcDbLine
 10
196.5250705852955
 20
397.0795013284066
 30
0.0
 11
201.0250705852936
 21
397.0795013284066
 31
0.0
  0
LINE
  5
AD1
330
1F
100
AcDbEntity
  8
WALLS
100
AcDbLine
 10
196.5250705852955
 20
355.0795013284066
 30
0.0
 11
201.0250705852936
 21
355.0795013284066
 31
0.0
  0
LINE
  5
AD2
330
1F
100
AcDbEntity
  8
WALLS
100
AcDbLine
 10
259.5250705852936
 20
789.3295013283994
 30
0.0
 11
261.5250705852936
 21
789.3295013283994
 31
0.0
  0
LINE
  5
AD4
330
1F
100
AcDbEntity
  8
WALLS
100
AcDbLine
 10
246.7750705852955
 20
682.0795013283994
 30
0.0
 11
246.7750705852955
 21
684.0795013283994
 31
0.0
  0
LINE
  5
AD5
330
1F
100
AcDbEntity
  8
DOORS
100
AcDbLine
 10
246.7750705852955
 20
684.0795013283994
 30
0.0
 11
208.7750705853291
 21
684.0795013283994
 31
0.0
  0
LINE
  5
AD6
330
1F
100
AcDbEntity
  8
WALLS
100
AcDbLine
 10
246.77507058533
 20
724.0795013283994
 30
0.0
 11
246.77507058533
 21
722.0795013283994
 31
0.0
  0
LINE
  5
AD8
330
1F
100
AcDbEntity
  8
WALLS
100
AcDbLine
 10
214.5250705852991
 20
998.5795013284212
 30
0.0
 11
214.5250705852982
 21
989.5795013284176
 31
0.0
  0
LINE
  5
ADA
330
1F
100
AcDbEntity
  8
LINE
100
AcDbLine
 10
188.2750705852955
 20
822.3295013284176
 30
0.0
 11
188.2750705852964
 21
845.5795013284157
 31
0.0
  0
LINE
  5
ADB
330
1F
100
AcDbEntity
  8
LINE
100
AcDbLine
 10
189.0250705852955
 20
821.5795013284157
 30
0.0
 11
189.0250705852964
 21
844.8295013284157
 31
0.0
  0
LINE
  5
ADE
330
1F
100
AcDbEntity
  8
STAIRS
100
AcDbLine
 10
306.0250705852982
 20
346.0795013284284
 30
0.0
 11
264.0250705852918
 21
346.0795013284175
 31
0.0
  0
LINE
  5
ADF
330
1F
100
AcDbEntity
  8
STAIRS
100
AcDbLine
 10
306.0250705853009
 20
335.5795013284284
 30
0.0
 11
264.0250705852945
 21
335.5795013284175
 31
0.0
  0
LINE
  5
AE3
330
1F
100
AcDbEntity
  8
LINE
100
AcDbLine
 10
64.52507058528818
 20
275.5795013284102
 30
0.0
 11
55.52507058529
 21
275.5795013284111
 31
0.0
  0
LINE
  5
AE4
330
1F
100
AcDbEntity
  8
LINE
100
AcDbLine
 10
64.52507058529727
 20
371.5795013284102
 30
0.0
 11
55.52507058529909
 21
371.5795013284111
 31
0.0
  0
MTEXT
  5
AE8
330
1F
100
AcDbEntity
  8
LABELS
100
AcDbMText
 10
208.7074431259084
 20
544.3284406804221
 30
0.0
 40
6.0
 41
63.81216511937964
 71
     8
 72
     5
  1
\A1;Tv Lounge\P20'-1{\H0.7x;\S1/2;\H1.429x;"x13'-0"}
  0
MTEXT
  5
AE9
330
1F
100
AcDbEntity
  8
LABELS
100
AcDbMText
 10
139.9252837379595
 20
455.862010596609
 30
0.0
 40
6.0
 41
63.81216511937964
 71
     8
 72
     5
  1
Kitchen\P11'-0{\H1x;"x7'-9"}
  0
MTEXT
  5
AEA
330
1F
100
AcDbEntity
  8
LABELS
100
AcDbMText
 10
137.1205455730947
 20
280.4473983083778
 30
0.0
 40
6.0
 41
63.81216511937964
 71
     8
 72
     5
  1
Drawing Room\P11'-0"x13'-0"
  0
LINE
  5
AEB
330
1F
100
AcDbEntity
  8
LINE
100
AcDbLine
 10
198.7750705852945
 20
397.0795013284066
 30
0.0
 11
198.7750705852945
 21
395.0795013284066
 31
0.0
  0
LINE
  5
AEC
330
1F
100
AcDbEntity
  8
LINE
100
AcDbLine
 10
198.7750705852945
 20
355.0795013284066
 30
0.0
 11
198.7750705852945
 21
357.0795013284066
 31
0.0
  0
LINE
  5
AEE
330
1F
100
AcDbEntity
  8
DOORS
100
AcDbLine
 10
198.7750705852945
 20
395.0795013284066
 30
0.0
 11
160.7750705852945
 21
395.0795013284066
 31
0.0
  0
MTEXT
  5
AEF
330
1F
100
AcDbEntity
  8
LABELS
100
AcDbMText
 10
275.7776639110511
 20
701.4491246271953
 30
0.0
 40
6.0
 41
63.81216511937964
 71
     8
 72
     5
  1
Lobby\P4'-9" Wide
  0
MTEXT
  5
AF0
330
1F
100
AcDbEntity
  8
LABELS
100
AcDbMText
 10
182.0451779204764
 20
692.9928351761353
 30
0.0
 40
6.0
 41
63.81216511937964
 71
     8
 72
     5
  1
Bed Room\P15'-0{\H1x;"x12'-0"}
  0
MTEXT
  5
AF1
330
1F
100
AcDbEntity
  8
LABELS
100
AcDbMText
 10
252.5389912839914
 20
867.6018818773589
 30
0.0
 40
6.0
 41
63.81216511937964
 71
     8
 72
     5
  1
Bed Room\P14'-6"x12'-0"
  0
LINE
  5
AF2
330
1F
100
AcDbEntity
  8
LINE
100
AcDbLine
 10
271.5250705852936
 20
991.829501328423
 30
0.0
 11
273.5250705852936
 21
991.829501328423
 31
0.0
  0
MTEXT
  5
AF4
330
1F
100
AcDbEntity
  8
LABELS
100
AcDbMText
 10
269.8676232792991
 20
1033.015233771603
 30
0.0
 40
6.0
 41
63.81216511937964
 71
     8
 72
     5
  1
\A1;Bath\P6'-6"x7'-4{\H0.7x;\S1/2;}"
  0
MTEXT
  5
AF6
330
1F
100
AcDbEntity
  8
LABELS
100
AcDbMText
 10
96.51650197459321
 20
905.9256922110542
 30
0.0
 40
6.0
 41
63.81216511937964
 71
     8
 72
     5
  1
Bath\P5'-3"x13'-3"
  0
LINE
  5
AF7
330
1F
100
AcDbEntity
  8
LINE
100
AcDbLine
 10
123.0250705852936
 20
826.0795013284194
 30
0.0
 11
121.0250705852936
 21
826.0795013284194
 31
0.0
  0
LINE
  5
AF8
330
1F
100
AcDbEntity
  8
LINE
100
AcDbLine
 10
93.02507058529363
 20
826.0795013284176
 30
0.0
 11
95.02507058529363
 21
826.0795013284176
 31
0.0
  0
LINE
  5
AFA
330
1F
100
AcDbEntity
  8
DOORS
100
AcDbLine
 10
121.0250705852936
 20
826.0795013284194
 30
0.0
 11
121.0250705852936
 21
852.0795013284194
 31
0.0
  0
LINE
  5
AFC
330
1F
100
AcDbEntity
  8
LINE
100
AcDbLine
 10
64.52507058529363
 20
713.5795013284239
 30
0.0
 11
55.52507058529454
 21
713.5795013284239
 31
0.0
  0
LINE
  5
AFD
330
1F
100
AcDbEntity
  8
LINE
100
AcDbLine
 10
64.52507058529363
 20
785.5795013284239
 30
0.0
 11
55.52507058529454
 21
785.5795013284239
 31
0.0
  0
MTEXT
  5
AFF
330
1F
100
AcDbEntity
  8
0
100
AcDbMText
 10
27.70372403273768
 20
700.7175507974823
 30
0.0
 40
6.0
 41
63.81216511937964
 71
     2
 72
     5
  1
Passage\P3'-0" Wide
 11
-6.123031769111886E-17
 21
1.0
 31
0.0
  0
MTEXT
  5
B00
330
1F
100
AcDbEntity
  8
LABELS
100
AcDbMText
 10
124.8876607518418
 20
1031.302816036134
 30
0.0
 40
6.0
 41
63.81216511937964
 71
     8
 72
     5
  1
Back Open\P7'-0" Wide
  0
LINE
  5
B01
330
1F
100
AcDbEntity
  8
DOORS
100
AcDbLine
 10
262.5250705852927
 20
274.0795013284211
 30
0.0
 11
260.5250705852927
 21
274.0795013284211
 31
0.0
  0
LINE
  5
B02
330
1F
100
AcDbEntity
  8
DOORS
100
AcDbLine
 10
205.5250705852927
 20
274.0795013284121
 30
0.0
 11
207.5250705852927
 21
274.0795013284121
 31
0.0
  0
LINE
  5
B05
330
1F
100
AcDbEntity
  8
DOORS
100
AcDbLine
 10
260.5250705852927
 20
274.0795013284211
 30
0.0
 11
260.5250705852927
 21
300.5795013284211
 31
0.0
  0
LINE
  5
B06
330
1F
100
AcDbEntity
  8
DOORS
100
AcDbLine
 10
207.5250705852927
 20
274.0795013284121
 30
0.0
 11
207.5250705852927
 21
300.5795013284121
 31
0.0
  0
MTEXT
  5
B0E
330
1F
100
AcDbEntity
  8
LABELS
100
AcDbMText
 10
256.345762962274
 20
471.5862674279212
 30
0.0
 40
6.0
 41
63.81216511937964
 71
     8
 72
     5
  1
Up
  0
MTEXT
  5
B0F
330
1F
100
AcDbEntity
  8
LABELS
100
AcDbMText
 10
231.5793382351753
 20
344.3592796678747
 30
0.0
 40
6.0
 41
63.81216511937964
 71
     8
 72
     5
  1
Main Ent & Stairs\P8'-9"x18'-9"
  0
MTEXT
  5
B10
330
1F
100
AcDbEntity
  8
LABELS
100
AcDbMText
 10
195.7102984425496
 20
139.966830323319
 30
0.0
 40
6.0
 41
63.81216511937964
 71
     8
 72
     5
  1
Porch\P12'-0"x20'-9"
  0
LINE
  5
B11
330
1F
100
AcDbEntity
  8
WALLS
 62
     8
100
AcDbLine
 10
162.0250705852955
 20
68.57950132842936
 30
0.0
 11
162.0250705852955
 21
20.57950132841935
 31
0.0
  0
INSERT
  5
B12
330
1F
100
AcDbEntity
  8
1234
100
AcDbBlockReference
  2
FURN-G128
 10
1034.224689585293
 20
1123.224316328388
 30
0.0
 50
180.0
  0
INSERT
  5
B13
330
1F
100
AcDbEntity
  8
1234
100
AcDbBlockReference
  2
FURN-G126
 10
781.4029685852934
 20
1407.919463328401
 30
0.0
 41
-1.0
 50
90.0
  0
INSERT
  5
B14
330
1F
100
AcDbEntity
  8
LINE
100
AcDbBlockReference
  2
A$C798D1D60
 10
144.525070252876
 20
802.07949910406
 30
0.0
 41
-1.0
 50
90.0
  0
INSERT
  5
B15
330
1F
100
AcDbEntity
  8
LINE
100
AcDbBlockReference
  2
DAS
 10
244.5250705852955
 20
746.3453948207887
 30
0.0
 50
180.0
  0
INSERT
  5
B16
330
1F
100
AcDbEntity
  8
LINE
100
AcDbBlockReference
  2
A$C798D1D60
 10
212.0250702528815
 20
970.0794991040482
 30
0.0
 41
-1.0
 50
90.0
  0
INSERT
  5
B17
330
1F
100
AcDbEntity
  8
LINE
100
AcDbBlockReference
  2
DAS
 10
306.0250705852955
 20
894.5403178991035
 30
0.0
 50
180.0
  0
INSERT
  5
B1A
330
1F
100
AcDbEntity
  8
FURNITURE
100
AcDbBlockReference
  2
CORNER_TABLE_2X2
 10
-78.25381082786544
 20
652.1225691176339
 30
0.0
 43
-1.0
 50
270.0
210
0.0
220
0.0
230
-1.0
  0
INSERT
  5
B1B
330
1F
100
AcDbEntity
  8
FURNITURE
100
AcDbBlockReference
  2
AFEDADSDF
 10
202.3885176060653
 20
665.4174818009676
 30
0.0
 41
-1.01016110429191
 42
1.01016110429191
 43
1.01016110429404
 50
270.0
  0
INSERT
  5
B1C
330
1F
100
AcDbEntity
  8
FURNITURE
100
AcDbBlockReference
  2
AFDSAF
 10
132.1294226479426
 20
665.6698926172573
 30
0.0
 41
-0.9899999999979627
 42
0.9900000000016007
 43
0.99
 50
180.0
  0
INSERT
  5
B1D
330
1F
100
AcDbEntity
  8
FURNITURE
100
AcDbBlockReference
  2
AFEDADSDF
 10
64.55543105373317
 20
610.1466498222251
 30
0.0
 41
-1.01016110429191
 42
1.01016110429191
 43
1.01016110429404
  0
INSERT
  5
B1E
330
1F
100
AcDbEntity
  8
FURNITURE
100
AcDbBlockReference
  2
AFEDADSDF
 10
64.55543105373317
 20
552.1278945051315
 30
0.0
 41
-1.01016110429191
 42
1.01016110429191
 43
1.01016110429404
  0
INSERT
  5
B1F
330
1F
100
AcDbEntity
  8
LINE
100
AcDbBlockReference
  2
DAS
 10
133.5254656608217
 20
512.5395013283967
 30
0.0
 50
90.0
  0
INSERT
  5
B20
330
1F
100
AcDbEntity
  8
FURN
100
AcDbBlockReference
  2
CARPET_RECT_OK
 10
157.2846698590652
 20
583.977578355885
 30
0.0
 41
0.9562499999956344
 42
0.9562499999956344
 43
0.9562499999956344
 50
90.0
  0
INSERT
  5
B21
330
1F
100
AcDbEntity
  8
FURNITURE
100
AcDbBlockReference
  2
CORNER_TABLE_2X2
 10
-78.25381082786453
 20
260.1225691175957
 30
0.0
 43
-1.0
 50
270.0
210
0.0
220
0.0
230
-1.0
  0
INSERT
  5
B22
330
1F
100
AcDbEntity
  8
FURNITURE
100
AcDbBlockReference
  2
AFEDADSDF
 10
64.55543105373226
 20
361.1466498221868
 30
0.0
 41
-1.01016110429191
 42
1.01016110429191
 43
1.01016110429404
  0
INSERT
  5
B23
330
1F
100
AcDbEntity
  8
FURNITURE
100
AcDbBlockReference
  2
AFEDADSDF
 10
64.55543105373226
 20
303.1278945050933
 30
0.0
 41
-1.01016110429191
 42
1.01016110429191
 43
1.01016110429404
  0
INSERT
  5
B24
330
1F
100
AcDbEntity
  8
FURNITURE
100
AcDbBlockReference
  2
AFDSAF
 10
131.1294226479426
 20
247.7511634729478
 30
0.0
 41
0.9899999999979627
 42
0.9899999999979627
 43
0.9899999999979627
  0
INSERT
  5
B25
330
1F
100
AcDbEntity
  8
FURNITURE
100
AcDbBlockReference
  2
CORNER_TABLE_2X2
 10
-184.0254656608217
 20
260.1225691175957
 30
0.0
 43
-1.0
 50
270.0
210
0.0
220
0.0
230
-1.0
  0
INSERT
  5
B26
330
1F
100
AcDbEntity
  8
FURN
100
AcDbBlockReference
  2
CARPET_RECT_OK
 10
133.7846698590652
 20
335.977578355885
 30
0.0
 41
0.9562499999956344
 42
0.9562499999956344
 43
0.9562499999956344
 50
90.0
  0
INSERT
  5
B27
330
1F
100
AcDbEntity
  8
FURNITURE
100
AcDbBlockReference
  2
A$C092F29D2
 10
232.120390313285
 20
78.07950032785058
 30
0.0
 41
1.100000000005821
 42
1.100000000005821
 43
1.100000000005821
  0
MTEXT
  5
B2A
330
1F
100
AcDbEntity
  8
LABELS
100
AcDbMText
 10
106.2106935180759
 20
94.96683032331904
 30
0.0
 40
6.0
 41
63.81216511937964
 71
     8
 72
     5
  1
Lawn\P12'-0"x18'-0"
  0
INSERT
  5
B2B
330
1F
100
AcDbEntity
  8
LINE
100
AcDbBlockReference
  2
A$C089D5E05
 10
295.5254656608217
 20
542.2511634729478
 30
0.0
 41
-1.0
  0
LINE
  5
B2C
330
1F
100
AcDbEntity
  8
WALLS
 62
     8
100
AcDbLine
 10
10.52507058529454
 20
1091.579501328421
 30
0.0
 11
219.0250705852964
 21
1091.579501328421
 31
0.0
  0
LINE
  5
B2D
330
1F
100
AcDbEntity
  8
WALLS
 62
     8
100
AcDbLine
 10
19.52507058529545
 20
1082.579501328419
 30
0.0
 11
219.0250705852973
 21
1082.579501328419
 31
0.0
  0
LINE
  5
B2E
330
1F
100
AcDbEntity
  8
WALLS
 62
     8
100
AcDbLine
 10
175.5250705852936
 20
7.079501328419347
 30
0.0
 11
162.0250705852927
 21
7.079501328419347
 31
0.0
  0
LINE
  5
B2F
330
1F
100
AcDbEntity
  8
WALLS
 62
     8
100
AcDbLine
 10
301.5250705852945
 20
7.079501328420257
 30
0.0
 11
288.0250705852936
 21
7.079501328420257
 31
0.0
  0
LINE
  5
B30
330
1F
100
AcDbEntity
  8
WALLS
 62
     8
100
AcDbLine
 10
301.5250705852918
 20
20.57950132841935
 30
0.0
 11
301.5250705852945
 21
7.079501328420257
 31
0.0
  0
LINE
  5
B31
330
1F
100
AcDbEntity
  8
WALLS
 62
     8
100
AcDbLine
 10
288.0250705852936
 20
20.57950132841935
 30
0.0
 11
288.0250705852936
 21
7.079501328420257
 31
0.0
  0
LINE
  5
B32
330
1F
100
AcDbEntity
  8
WALLS
 62
     8
100
AcDbLine
 10
162.0250705852936
 20
11.57950132842117
 30
0.0
 11
162.0250705852927
 21
7.079501328419347
 31
0.0
  0
LINE
  5
B33
330
1F
100
AcDbEntity
  8
WALLS
 62
     8
100
AcDbLine
 10
175.5250705852945
 20
20.57950132841753
 30
0.0
 11
175.5250705852936
 21
7.079501328419347
 31
0.0
  0
LINE
  5
B35
330
1F
100
AcDbEntity
  8
DOORS
100
AcDbLine
 10
299.5251284059937
 20
1017.814355721911
 30
0.0
 11
299.5251284059937
 21
991.8142934535397
 31
0.0
  0
LINE
  5
B36
330
1F
100
AcDbEntity
  8
LINE
100
AcDbLine
 10
299.5251284059937
 20
991.8142934535397
 30
0.0
 11
301.5251284059937
 21
991.8142934535397
 31
0.0
  0
LINE
  5
B37
102
{ACAD_REACTORS
330
986
102
}
330
1F
100
AcDbEntity
  8
WALLS
100
AcDbLine
 10
301.5250705852845
 20
994.0795013284248
 30
0.0
 11
306.0250705852945
 21
994.0795013284248
 31
0.0
  0
LINE
  5
B38
102
{ACAD_REACTORS
330
986
102
}
330
1F
100
AcDbEntity
  8
WALLS
100
AcDbLine
 10
301.5250705852836
 20
989.5795013284248
 30
0.0
 11
306.0250705852945
 21
989.5795013284285
 31
0.0
  0
LINE
  5
B39
102
{ACAD_REACTORS
330
986
102
}
330
1F
100
AcDbEntity
  8
LINE
100
AcDbLine
 10
301.5250705852836
 20
989.5795013284248
 30
0.0
 11
301.5250705852836
 21
994.0795013284248
 31
0.0
  0
LINE
  5
B3A
102
{ACAD_REACTORS
330
986
102
}
330
1F
100
AcDbEntity
  8
WALLS
100
AcDbLine
 10
306.0250705852955
 20
787.0795013283848
 30
0.0
 11
301.5250705852918
 21
787.0795013283848
 31
0.0
  0
LINE
  5
B3B
102
{ACAD_REACTORS
330
986
102
}
330
1F
100
AcDbEntity
  8
WALLS
100
AcDbLine
 10
306.0250705852945
 20
791.5795013283994
 30
0.0
 11
301.5250705852936
 21
791.5795013283994
 31
0.0
  0
LINE
  5
B3C
102
{ACAD_REACTORS
330
986
102
}
330
1F
100
AcDbEntity
  8
LINE
100
AcDbLine
 10
301.5250705852936
 20
791.5795013283994
 30
0.0
 11
301.5250705852936
 21
787.0795013283848
 31
0.0
  0
LINE
  5
B3D
330
1F
100
AcDbEntity
  8
LINE
100
AcDbLine
 10
301.5250705852936
 20
789.3295013283921
 30
0.0
 11
299.5250705852936
 21
789.3295013283921
 31
0.0
  0
LINE
  5
B3E
330
1F
100
AcDbEntity
  8
DOORS
100
AcDbLine
 10
299.5250705852936
 20
789.3295013283921
 30
0.0
 11
299.5250705852936
 21
827.3295013283921
 31
0.0
  0
MTEXT
  5
B3F
330
1F
100
AcDbEntity
  8
LABELS
100
AcDbMText
 10
338.0246755097673
 20
299.7511634729478
 30
0.0
 40
6.0
 41
63.81216511937964
 71
     8
 72
     5
  1
{\C1;P/R}
  0
MTEXT
  5
B40
330
1F
100
AcDbEntity
  8
LABELS
100
AcDbMText
 10
283.0246755097673
 20
303.7511634729478
 30
0.0
 40
6.0
 41
63.81216511937964
 71
     8
 72
     5
  1
{\C1;P/R}
  0
LINE
  5
B54
330
1F
100
AcDbEntity
  8
WALLS
100
AcDbLine
 10
538.5250705852945
 20
236.5795013284339
 30
0.0
 11
565.5250705852945
 21
236.5795013284388
 31
0.0
  0
LINE
  5
B5B
330
1F
100
AcDbEntity
  8
WALLS
100
AcDbLine
 10
144.0250705852936
 20
236.5795013284293
 30
0.0
 11
201.0250705852936
 21
236.5795013284398
 31
0.0
  0
LINE
  5
B5C
330
1F
100
AcDbEntity
  8
WINDOWS
100
AcDbLine
 10
60.52507058528909
 20
275.5795013284102
 30
0.0
 11
60.52507058528909
 21
371.5795013284111
 31
0.0
  0
LINE
  5
B5D
330
1F
100
AcDbEntity
  8
WINDOWS
100
AcDbLine
 10
59.52507058528909
 20
275.5795013284102
 30
0.0
 11
59.52507058528909
 21
371.5795013284111
 31
0.0
  0
LINE
  5
B60
330
1F
100
AcDbEntity
  8
WINDOWS
100
AcDbLine
 10
144.0250705852945
 20
241.5795013284303
 30
0.0
 11
82.52507058529454
 21
241.5795013284303
 31
0.0
  0
LINE
  5
B61
330
1F
100
AcDbEntity
  8
WINDOWS
100
AcDbLine
 10
144.0250705852945
 20
240.5795013284303
 30
0.0
 11
82.52507058529454
 21
240.5795013284303
 31
0.0
  0
LINE
  5
B62
330
1F
100
AcDbEntity
  8
WINDOWS
100
AcDbLine
 10
477.0250705852945
 20
241.5795013284303
 30
0.0
 11
538.5250705852945
 21
241.5795013284303
 31
0.0
  0
LINE
  5
B63
330
1F
100
AcDbEntity
  8
WINDOWS
100
AcDbLine
 10
477.0250705852945
 20
240.5795013284303
 30
0.0
 11
538.5250705852945
 21
240.5795013284303
 31
0.0
  0
LINE
  5
B64
330
1F
100
AcDbEntity
  8
WINDOWS
100
AcDbLine
 10
560.5250705853
 20
275.5795013284102
 30
0.0
 11
560.5250705853
 21
371.5795013284111
 31
0.0
  0
LINE
  5
B65
330
1F
100
AcDbEntity
  8
WINDOWS
100
AcDbLine
 10
561.5250705853
 20
275.5795013284102
 30
0.0
 11
561.5250705853
 21
371.5795013284111
 31
0.0
  0
LINE
  5
B66
330
1F
100
AcDbEntity
  8
WINDOWS
100
AcDbLine
 10
561.5250705852955
 20
499.0795013283848
 30
0.0
 11
561.5250705852955
 21
451.0795013283839
 31
0.0
  0
LINE
  5
B67
330
1F
100
AcDbEntity
  8
WINDOWS
100
AcDbLine
 10
560.5250705852955
 20
499.0795013283848
 30
0.0
 11
560.5250705852955
 21
451.0795013283839
 31
0.0
  0
LINE
  5
B68
330
1F
100
AcDbEntity
  8
WINDOWS
100
AcDbLine
 10
406.52507058529
 20
994.5795013284212
 30
0.0
 11
465.0250705852936
 21
994.5795013284212
 31
0.0
  0
LINE
  5
B69
330
1F
100
AcDbEntity
  8
WINDOWS
100
AcDbLine
 10
406.52507058529
 20
993.5795013284212
 30
0.0
 11
465.0250705852936
 21
993.5795013284212
 31
0.0
  0
LINE
  5
B6A
330
1F
100
AcDbEntity
  8
WINDOWS
100
AcDbLine
 10
397.2282321475318
 20
1078.079501328423
 30
0.0
 11
397.2282321475382
 21
1042.079501328423
 31
0.0
  0
LINE
  5
B6B
330
1F
100
AcDbEntity
  8
WINDOWS
100
AcDbLine
 10
396.2282321475318
 20
1078.079501328423
 30
0.0
 11
396.2282321475382
 21
1042.079501328423
 31
0.0
  0
LINE
  5
B6C
330
1F
100
AcDbEntity
  8
WINDOWS
100
AcDbLine
 10
516.0250705852945
 20
994.5795013284176
 30
0.0
 11
552.0250705852945
 21
994.5795013284176
 31
0.0
  0
LINE
  5
B6D
330
1F
100
AcDbEntity
  8
WINDOWS
100
AcDbLine
 10
516.0250705852945
 20
993.5795013284176
 30
0.0
 11
552.0250705852945
 21
993.5795013284176
 31
0.0
  0
LINE
  5
B6E
330
1F
100
AcDbEntity
  8
WINDOWS
100
AcDbLine
 10
214.5250705852991
 20
994.5795013284212
 30
0.0
 11
156.0250705852955
 21
994.5795013284212
 31
0.0
  0
LINE
  5
B6F
330
1F
100
AcDbEntity
  8
WINDOWS
100
AcDbLine
 10
214.5250705852991
 20
993.5795013284212
 30
0.0
 11
156.0250705852955
 21
993.5795013284212
 31
0.0
  0
LINE
  5
B70
330
1F
100
AcDbEntity
  8
WINDOWS
100
AcDbLine
 10
223.8219090230582
 20
1082.579501328421
 30
0.0
 11
223.8219090230509
 21
1042.079501328423
 31
0.0
  0
LINE
  5
B71
330
1F
100
AcDbEntity
  8
WINDOWS
100
AcDbLine
 10
224.8219090230582
 20
1082.579501328421
 30
0.0
 11
224.8219090230509
 21
1042.079501328423
 31
0.0
  0
LINE
  5
B72
330
1F
100
AcDbEntity
  8
WINDOWS
100
AcDbLine
 10
105.0250705852945
 20
994.5795013284176
 30
0.0
 11
69.02507058529454
 21
994.5795013284176
 31
0.0
  0
LINE
  5
B73
330
1F
100
AcDbEntity
  8
WINDOWS
100
AcDbLine
 10
105.0250705852945
 20
993.5795013284176
 30
0.0
 11
69.02507058529454
 21
993.5795013284176
 31
0.0
  0
LINE
  5
B74
330
1F
100
AcDbEntity
  8
WINDOWS
100
AcDbLine
 10
59.52507058529363
 20
499.0795013283848
 30
0.0
 11
59.52507058529363
 21
451.0795013283839
 31
0.0
  0
LINE
  5
B75
330
1F
100
AcDbEntity
  8
WINDOWS
100
AcDbLine
 10
60.52507058529363
 20
499.0795013283848
 30
0.0
 11
60.52507058529363
 21
451.0795013283839
 31
0.0
  0
LINE
  5
B76
330
1F
100
AcDbEntity
  8
WINDOWS
100
AcDbLine
 10
561.5250705852955
 20
638.5795013284294
 30
0.0
 11
561.5250705852955
 21
542.5795013283976
 31
0.0
  0
LINE
  5
B77
330
1F
100
AcDbEntity
  8
WINDOWS
100
AcDbLine
 10
560.5250705852955
 20
638.5795013284294
 30
0.0
 11
560.5250705852955
 21
542.5795013283976
 31
0.0
  0
LINE
  5
B78
330
1F
100
AcDbEntity
  8
WINDOWS
100
AcDbLine
 10
561.5250705852945
 20
785.5795013284239
 30
0.0
 11
561.5250705852945
 21
713.5795013284239
 31
0.0
  0
LINE
  5
B79
330
1F
100
AcDbEntity
  8
WINDOWS
100
AcDbLine
 10
560.5250705852945
 20
785.5795013284239
 30
0.0
 11
560.5250705852945
 21
713.5795013284239
 31
0.0
  0
LINE
  5
B7A
330
1F
100
AcDbEntity
  8
WINDOWS
100
AcDbLine
 10
59.52507058529363
 20
638.5795013284294
 30
0.0
 11
59.52507058529363
 21
542.5795013283976
 31
0.0
  0
LINE
  5
B7B
330
1F
100
AcDbEntity
  8
WINDOWS
100
AcDbLine
 10
60.52507058529363
 20
638.5795013284294
 30
0.0
 11
60.52507058529363
 21
542.5795013283976
 31
0.0
  0
LINE
  5
B7C
330
1F
100
AcDbEntity
  8
WINDOWS
100
AcDbLine
 10
59.52507058529454
 20
785.5795013284239
 30
0.0
 11
59.52507058529454
 21
713.5795013284239
 31
0.0
  0
LINE
  5
B7D
330
1F
100
AcDbEntity
  8
WINDOWS
100
AcDbLine
 10
60.52507058529454
 20
785.5795013284239
 30
0.0
 11
60.52507058529454
 21
713.5795013284239
 31
0.0
  0
ENDSEC
  0
SECTION
  2
OBJECTS
  0
DICTIONARY
  5
C
330
0
100
AcDbDictionary
  3
ACAD_BACKGROUND
350
B41
  3
ACAD_CIP_PREVIOUS_PRODUCT_INFO
350
1A5
  3
ACAD_COLOR
350
73
  3
ACAD_DETAILVIEWSTYLE
350
1AB
  3
ACAD_GROUP
350
D
  3
ACAD_LAST_SAVED_VERSION_INFO
350
B82
  3
ACAD_LAYOUT
350
1A
  3
ACAD_MATERIAL
350
72
  3
ACAD_MLEADERSTYLE
350
D7
  3
ACAD_MLINESTYLE
350
17
  3
ACAD_PLOTSETTINGS
350
19
  3
ACAD_SCALELIST
350
B6
  3
ACAD_SECTIONVIEWSTYLE
350
1A8
  3
ACAD_VISUALSTYLE
350
99
  3
ACDBHEADERROUNDTRIPXREC
350
B83
  3
ACDBVARIABLEDICTIONARY
350
66
  3
AEC_PROPERTY_SET_DEFS
350
97B
  3
DWGPROPS
350
BA6
  0
DICTIONARY
  5
BA7
330
8
100
AcDbDictionary
280
     1
  3
ACAD_XREC_ROUNDTRIP
360
BA8
  0
DICTIONARY
  5
18E
330
2
100
AcDbDictionary
280
     1
  3
ACAD_LAYERSTATES
360
18F
  0
DICTIONARY
  5
15D
330
1F
100
AcDbDictionary
280
     1
  3
ACAD_SORTENTS
360
B5E
  0
DICTIONARY
  5
246
330
245
100
AcDbDictionary
280
     1
  3
ACAD_SORTENTS
360
247
  0
DICTIONARY
  5
506
330
505
100
AcDbDictionary
280
     1
  3
ACAD_SORTENTS
360
507
  0
DICTIONARY
  5
768
330
767
100
AcDbDictionary
280
     1
  3
ACAD_SORTENTS
360
769
  0
DICTIONARY
  5
774
330
773
100
AcDbDictionary
280
     1
  3
ACAD_SORTENTS
360
775
  0
DICTIONARY
  5
B41
102
{ACAD_REACTORS
330
C
102
}
330
C
100
AcDbDictionary
  0
XRECORD
  5
1A5
102
{ACAD_REACTORS
330
C
102
}
330
C
100
AcDbXrecord
300
ACD
300
2024
300
87798ACD_2024_0F
  0
DICTIONARY
  5
73
102
{ACAD_REACTORS
330
C
102
}
330
C
100
AcDbDictionary
  0
DICTIONARY
  5
1AB
102
{ACAD_REACTORS
330
C
102
}
330
C
100
AcDbDictionary
  3
IMPERIAL24
350
1AC
  0
DICTIONARY
  5
D
102
{ACAD_REACTORS
330
C
102
}
330
C
100
AcDbDictionary
  0
XRECORD
  5
B82
102
{ACAD_REACTORS
330
C
102
}
330
C
100
AcDbXrecord
300
{6DA898D0-20D5-4D41-AB34-61DB1F7B51CD}
301
{BD32D458-FE51-3F48-A6F9-BA621326DA17}
302
{6DA898D0-20D5-4D41-AB34-61DB1F7B51CD}
303
C:\Users\MBT\Desktop\DataBase(MAPS)+DWG\54x100map5(ground).dwg
  0
DICTIONARY
  5
1A
102
{ACAD_REACTORS
330
C
102
}
330
C
100
AcDbDictionary
  0
DICTIONARY
  5
72
102
{ACAD_REACTORS
330
C
102
}
330
C
100
AcDbDictionary
  3
BYBLOCK
350
97
  3
BYLAYER
350
96
  3
GLOBAL
350
98
  0
DICTIONARY
  5
D7
102
{ACAD_REACTORS
330
C
102
}
330
C
100
AcDbDictionary
  3
ANNOTATIVE
350
E5
  3
STANDARD
350
D8
  0
DICTIONARY
  5
17
102
{ACAD_REACTORS
330
C
102
}
330
C
100
AcDbDictionary
  3
STANDARD
350
18
  0
DICTIONARY
  5
19
102
{ACAD_REACTORS
330
C
102
}
330
C
100
AcDbDictionary
  0
DICTIONARY
  5
B6
102
{ACAD_REACTORS
330
C
102
}
330
C
100
AcDbDictionary
  3
A0
350
B7
  3
A1
350
124
  3
A2
350
125
  3
A3
350
126
  3
A4
350
127
  3
A5
350
128
  3
A6
350
129
  3
A7
350
12A
  3
A8
350
12B
  3
A9
350
12C
  3
B0
350
12D
  3
B1
350
12E
  3
B2
350
12F
  3
B3
350
130
  3
B4
350
131
  3
B5
350
132
  3
B6
350
133
  3
B7
350
134
  3
B8
350
135
  3
B9
350
136
  3
C0
350
137
  3
C1
350
138
  3
C2
350
139
  3
C3
350
13A
  3
C4
350
13B
  3
C5
350
13C
  3
C6
350
13D
  3
C7
350
13E
  3
C8
350
13F
  3
C9
350
140
  3
D0
350
141
  3
D1
350
142
  3
D2
350
143
  0
DICTIONARY
  5
1A8
102
{ACAD_REACTORS
330
C
102
}
330
C
100
AcDbDictionary
  3
IMPERIAL24
350
1AA
  0
DICTIONARY
  5
99
102
{ACAD_REACTORS
330
C
102
}
330
C
100
AcDbDictionary
  3
2DWIREFRAME
350
9F
  3
BASIC
350
9E
  3
BRIGHTEN
350
A5
  3
COLORCHANGE
350
A9
  3
CONCEPTUAL
350
A2
  3
DIM
350
A4
  3
EDGECOLOROFF
350
175
  3
FACEPATTERN
350
A8
  3
FLAT
350
9A
  3
FLATWITHEDGES
350
9B
  3
GOURAUD
350
9C
  3
GOURAUDWITHEDGES
350
9D
  3
HIDDEN
350
A1
  3
JITTEROFF
350
173
  3
LINEPATTERN
350
A7
  3
OVERHANGOFF
350
174
  3
REALISTIC
350
A3
  3
SHADED
350
182
  3
SHADED_WITH_EDGES
350
181
  3
SHADES_OF_GRAY
350
17E
  3
SKETCHY
350
17F
  3
THICKEN
350
A6
  3
WIREFRAME
350
A0
  3
X-RAY
350
180
  0
DICTIONARY
  5
B83
102
{ACAD_REACTORS
330
C
102
}
330
C
100
AcDbDictionary
  3
CEPSNID
350
B8D
  3
CEPSNTYPE
350
B8C
  3
COLORDICT
350
BA4
  3
DIMSTYLEDATA
350
BA3
  3
FINGERPRINTGUID
350
B8E
  3
HYPERLINKBASE
350
B86
  3
INSUNITS
350
B8B
  3
LAYOUTDICT
350
B88
  3
LWETCUNION
350
B8A
  3
MATERIALDICT
350
BA5
  3
PLOTSETDICT
350
B89
  3
PSVPSCALE
350
B90
  3
PUCSBASE
350
B93
  3
PUCSORGBACK
350
B99
  3
PUCSORGBOTTOM
350
B95
  3
PUCSORGFRONT
350
B98
  3
PUCSORGLEFT
350
B96
  3
PUCSORGRIGHT
350
B97
  3
PUCSORGTOP
350
B94
  3
PUCSORTHOREF
350
B91
  3
PUCSORTHOVIEW
350
B92
  3
STYLESHEET
350
B87
  3
TSTACKALIGN
350
B84
  3
TSTACKSIZE
350
B85
  3
UCSBASE
350
B9C
  3
UCSORGBACK
350
BA2
  3
UCSORGBOTTOM
350
B9E
  3
UCSORGFRONT
350
BA1
  3
UCSORGLEFT
350
B9F
  3
UCSORGRIGHT
350
BA0
  3
UCSORGTOP
350
B9D
  3
UCSORTHOREF
350
B9A
  3
UCSORTHOVIEW
350
B9B
  3
VERSIONGUID
350
B8F
  0
DICTIONARY
  5
66
102
{ACAD_REACTORS
330
C
102
}
330
C
100
AcDbDictionary
  3
CANNOSCALE
350
F0
  3
CMLEADERSTYLE
350
EF
  3
CTABLESTYLE
350
89
  3
CVIEWDETAILSTYLE
350
1B7
  3
CVIEWSECTIONSTYLE
350
1B8
  3
DIMASSOC
350
67
  3
HIDETEXT
350
6B
  3
LAYEREVAL
350
14D
  3
LAYERNOTIFY
350
14E
  3
MSLTSCALE
350
BA9
  0
DICTIONARY
  5
97B
102
{ACAD_REACTORS
330
C
102
}
330
C
100
AcDbDictionary
  0
XRECORD
  5
BA6
102
{ACAD_REACTORS
330
C
102
}
330
C
100
AcDbXrecord
  1
DWGPROPS COOKIE
  2

  3

  4

  6

  7

  8
cmdrun
  9

300
=
301
=
302
=
303
=
304
=
305
=
306
=
307
=
308
=
309
=
 40
0.0
 41
2461136.131400463
 42
2461136.240874479
  1

 90
        0
  0
XRECORD
  5
BA8
102
{ACAD_REACTORS
330
BA7
102
}
330
BA7
100
AcDbXrecord
102
VTR_0.000_0.000_1.000_1.000_VISUALSTYLE
340
9F
102
VTR_0.000_0.000_1.000_1.000_GRIDDISPLAY
 70
     3
102
VTR_0.000_0.000_1.000_1.000_GRIDMAJOR
 70
     5
102
VTR_0.000_0.000_1.000_1.000_DEFAULTLIGHTING
280
     1
102
VTR_0.000_0.000_1.000_1.000_DEFAULTLIGHTINGTYPE
 70
     1
102
VTR_0.000_0.000_1.000_1.000_BRIGHTNESS
141
0.0
102
VTR_0.000_0.000_1.000_1.000_CONTRAST
142
0.0
  0
DICTIONARY
  5
18F
102
{ACAD_REACTORS
330
18E
102
}
330
18E
100
AcDbDictionary
  0
SORTENTSTABLE
  5
B5E
102
{ACAD_REACTORS
330
15D
102
}
330
15D
100
AcDbSortentsTable
330
1F
331
A16
  5
A18
331
A17
  5
A1B
331
A18
  5
A1C
331
A1B
  5
A1D
331
A1C
  5
A1E
331
A1D
  5
A1F
331
A1E
  5
A20
331
A1F
  5
A21
331
A20
  5
A22
331
A21
  5
A24
331
A22
  5
A26
331
A26
  5
A2F
331
A27
  5
A31
331
A2B
  5
A36
331
A2C
  5
A37
331
A2D
  5
A38
331
A2E
  5
A39
331
A2F
  5
A3A
331
A31
  5
A3B
331
A32
  5
A3C
331
A33
  5
A3F
331
A34
  5
A40
331
A35
  5
A42
331
A36
  5
A43
331
A38
  5
A44
331
A39
  5
A45
331
A3B
  5
A4B
331
A3C
  5
A4E
331
A3D
  5
A4F
331
A3F
  5
A53
331
A41
  5
A59
331
A42
  5
A5A
331
A44
  5
A5D
331
A45
  5
A5E
331
A46
  5
A61
331
A47
  5
A62
331
A4A
  5
A63
331
A4B
  5
A64
331
A53
  5
A65
331
A54
  5
A66
331
A55
  5
A67
331
A56
  5
A68
331
A57
  5
A69
331
A58
  5
A6A
331
A59
  5
A6B
331
A5A
  5
A6C
331
A5B
  5
A6D
331
A5C
  5
A6E
331
A5D
  5
A71
331
A5E
  5
A72
331
A61
  5
A73
331
A62
  5
A74
331
A63
  5
A75
331
A64
  5
A76
331
A65
  5
A77
331
A66
  5
A78
331
A67
  5
A7B
331
A68
  5
A7C
331
A69
  5
A7D
331
A6A
  5
A7E
331
A6B
  5
A80
331
A6C
  5
A81
331
A6D
  5
A82
331
A6E
  5
A83
331
A71
  5
A84
331
A72
  5
A85
331
A74
  5
A86
331
A75
  5
A87
331
A76
  5
A88
331
A77
  5
A89
331
A78
  5
A8A
331
A79
  5
A8B
331
A7B
  5
A8C
331
A7C
  5
A8E
331
A7D
  5
A91
331
A7E
  5
A92
331
A80
  5
A93
331
A81
  5
A94
331
A82
  5
A95
331
A83
  5
A96
331
A84
  5
A97
331
A85
  5
A98
331
A86
  5
A99
331
A87
  5
A9A
331
A88
  5
A9B
331
A89
  5
A9C
331
A8A
  5
A9D
331
A8B
  5
A9E
331
A8C
  5
A9F
331
A8E
  5
AA0
331
A91
  5
AA1
331
A92
  5
AA2
331
A93
  5
AA3
331
A94
  5
AA4
331
A95
  5
AA5
331
A96
  5
AA6
331
A97
  5
AA7
331
A98
  5
AA8
331
A99
  5
AA9
331
A9A
  5
AAA
331
A9B
  5
AAB
331
A9C
  5
AAC
331
A9D
  5
AAD
331
A9E
  5
AAE
331
A9F
  5
AAF
331
AA0
  5
AB0
331
AA1
  5
AB1
331
AA2
  5
AB2
331
AA3
  5
AB3
331
AA4
  5
AB4
331
AA5
  5
AB6
331
AA6
  5
AB7
331
AA7
  5
AB8
331
AA8
  5
AB9
331
AA9
  5
ABA
331
AAA
  5
ABB
331
AAB
  5
ABC
331
AAC
  5
ABD
331
AAD
  5
ABE
331
AAE
  5
ABF
331
AAF
  5
AC0
331
AB0
  5
AC1
331
AB1
  5
AC2
331
AB2
  5
AC3
331
AB3
  5
AC4
331
AB4
  5
AC5
331
AB6
  5
AC6
331
AB7
  5
AC7
331
AB8
  5
AC8
331
AB9
  5
AC9
331
ABA
  5
ACA
331
ABB
  5
ACB
331
ABC
  5
ACC
331
ABD
  5
ACD
331
ABE
  5
ACE
331
ABF
  5
ACF
331
AC0
  5
AD0
331
AC1
  5
AD1
331
AC2
  5
AD2
331
AC3
  5
AD4
331
AC4
  5
AD5
331
AC5
  5
AD6
331
AC6
  5
AD8
331
AC7
  5
AD9
331
AC8
  5
ADA
331
AC9
  5
ADB
331
ACA
  5
ADE
331
ACB
  5
ADF
331
ACC
  5
AE0
331
ACD
  5
AE3
331
ACE
  5
AE4
331
ACF
  5
AE8
331
AD0
  5
AE9
331
AD1
  5
AEA
331
AD2
  5
AEB
331
AD4
  5
AEC
331
AD5
  5
AEE
331
AD6
  5
AEF
331
AD8
  5
AF0
331
ADA
  5
AF4
331
ADB
  5
AF5
331
ADE
  5
AF7
331
ADF
  5
AF8
331
AE3
  5
AFF
331
AE4
  5
B01
331
AE8
  5
B0E
331
AE9
  5
B0F
331
AEA
  5
B10
331
AEB
  5
B11
331
AEC
  5
B12
331
AEE
  5
B13
331
AEF
  5
B16
331
AF0
  5
B17
331
AF1
  5
B1A
331
AF2
  5
B1B
331
AF4
  5
B1C
331
AF6
  5
B1F
331
AF7
  5
B20
331
AF8
  5
B22
331
AFA
  5
B23
331
AFC
  5
B26
331
AFD
  5
B27
331
AFF
  5
B2C
331
B00
  5
B2D
331
B01
  5
B2E
331
B02
  5
B2F
331
B05
  5
B30
331
B06
  5
B31
331
B0E
  5
B32
331
B0F
  5
B33
331
B10
  5
B35
331
B11
  5
B36
331
B12
  5
B37
331
B13
  5
B38
331
B14
  5
B39
331
B15
  5
B3A
331
B16
  5
B3B
331
B17
  5
B3C
331
B1A
  5
B3D
331
B1B
  5
B3E
331
B1C
  5
B3F
331
B1D
  5
B40
331
B1E
  5
B54
331
B1F
  5
B5B
331
B20
  5
B5C
331
B21
  5
B5D
331
B22
  5
B60
331
B23
  5
B61
331
B24
  5
B62
331
B25
  5
B63
331
B26
  5
B64
331
B27
  5
B65
331
B2A
  5
B66
331
B2B
  5
B67
331
B2C
  5
B68
331
B2D
  5
B69
331
B2E
  5
B6A
331
B2F
  5
B6B
331
B30
  5
B6C
331
B31
  5
B6D
331
B32
  5
B6E
331
B33
  5
B6F
331
B35
  5
B70
331
B36
  5
B71
331
B37
  5
B72
331
B38
  5
B73
331
B39
  5
B74
331
B3A
  5
B75
331
B3B
  5
B76
331
B3C
  5
B77
331
B3D
  5
B78
331
B3E
  5
B79
331
B3F
  5
B7A
331
B40
  5
B7B
331
B54
  5
B7C
331
B5B
  5
B7D
331
B5C
  5
B06
331
B5D
  5
B0A
331
B60
  5
B02
331
B61
  5
B05
331
B62
  5
A32
331
B63
  5
A33
331
B64
  5
A34
331
B65
  5
A35
331
B66
  5
A27
331
B67
  5
A29
331
B68
  5
A16
331
B69
  5
A17
331
B6A
  5
A47
331
B6B
  5
A4A
331
B6C
  5
A54
331
B6D
  5
A57
331
B6E
  5
AF1
331
B6F
  5
AF2
331
B70
  5
B1D
331
B71
  5
B1E
331
B72
  5
B24
331
B73
  5
B25
331
B74
  5
AFA
331
B75
  5
AFB
331
B76
  5
A2D
331
B77
  5
A2E
331
B78
  5
A5B
331
B79
  5
A5C
331
B7A
  5
AFC
331
B7B
  5
AFD
331
B7C
  5
B2A
331
B7D
  5
B2B
  0
SORTENTSTABLE
  5
247
102
{ACAD_REACTORS
330
246
102
}
330
246
100
AcDbSortentsTable
330
245
  0
SORTENTSTABLE
  5
507
102
{ACAD_REACTORS
330
506
102
}
330
506
100
AcDbSortentsTable
330
505
  0
SORTENTSTABLE
  5
769
102
{ACAD_REACTORS
330
768
102
}
330
768
100
AcDbSortentsTable
330
767
  0
SORTENTSTABLE
  5
775
102
{ACAD_REACTORS
330
774
102
}
330
774
100
AcDbSortentsTable
330
773
  0
ACAD_PROXY_OBJECT
  5
1AC
102
{ACAD_REACTORS
330
1AB
102
}
330
1AB
100
AcDbProxyObject
 90
      499
 91
      516
 93
     1245
310
90A496D70657269616C3234481E5C0F42F5A8DC671FC056BD1B81E856B9F81E5C0F42F5A8DC671FA33E5C0F42F5A8DC671FA02000000000000741FA02AD129E2E20B1AB30B9102B34B2BBAA3CB832902E33101112BA3198911F1290129E2E20B1AB30B9102B34B2BBA232BA30B4B624B21F12AE2829A1A0A62290129E2E20B
310
1AB30B9102B34B2BBA9B1B0B632902E33101112B9B7111F12A33A33800
340
11
340
0
340
16
340
11
340
16
340
16
 94
        0
  0
MATERIAL
  5
97
102
{ACAD_REACTORS
330
72
102
}
102
{ACAD_XDICTIONARY
360
188
102
}
330
72
100
AcDbMaterial
  1
BYBLOCK
 73
     2
 78
     2
172
     2
176
     2
270
     2
274
     2
  0
MATERIAL
  5
96
102
{ACAD_REACTORS
330
72
102
}
102
{ACAD_XDICTIONARY
360
186
102
}
330
72
100
AcDbMaterial
  1
BYLAYER
 73
     2
 78
     2
172
     2
176
     2
270
     2
274
     2
  0
MATERIAL
  5
98
102
{ACAD_REACTORS
330
72
102
}
102
{ACAD_XDICTIONARY
360
110
102
}
330
72
100
AcDbMaterial
  1
GLOBAL
 73
     2
 43
0.0208000000566244
 43
0.0
 43
0.0
 43
0.0
 43
0.0
 43
0.0208000000566244
 43
0.0
 43
0.0
 43
0.0
 43
0.0
 43
1.0
 43
0.0
 43
0.0
 43
0.0
 43
0.0
 43
1.0
 78
     2
172
     2
 49
0.0208000000566244
 49
0.0
 49
0.0
 49
0.0
 49
0.0
 49
0.0208000000566244
 49
0.0
 49
0.0
 49
0.0
 49
0.0
 49
1.0
 49
0.0
 49
0.0
 49
0.0
 49
0.0
 49
1.0
176
     2
142
0.0208000000566244
142
0.0
142
0.0
142
0.0
142
0.0
142
0.0208000000566244
142
0.0
142
0.0
142
0.0
142
0.0
142
1.0
142
0.0
142
0.0
142
0.0
142
0.0
142
1.0
270
     2
144
0.0208000000566244
144
0.0
144
0.0
144
0.0
144
0.0
144
0.0208000000566244
144
0.0
144
0.0
144
0.0
144
0.0
144
1.0
144
0.0
144
0.0
144
0.0
144
0.0
144
1.0
274
     2
1001
ACAD
1070
    -1
1070
     3
1070
     0
1000

1071
        0
1070
     0
  0
ACAD_PROXY_OBJECT
  5
E5
102
{ACAD_REACTORS
330
D7
102
}
330
D7
100
AcDbProxyObject
 90
      499
 91
      508
 93
      610
310
40901902A4063FBFFFFFE056BD1B81E855B9FC0AD7A3703D0AD73F4214DD185B99185C9900AD7A3703D0AC73F90140501A02B5E8DC0F42B1CFC02B5E8DC0F42B1CFE5766000000000000300FC0
340
14
340
0
340
11
340
0
 94
        0
1001
ACAD_MLEADERVER
1070
     2
  0
ACAD_PROXY_OBJECT
  5
D8
102
{ACAD_REACTORS
330
D7
102
}
330
D7
100
AcDbProxyObject
 90
      499
 91
      508
 93
      610
310
40901902A4063FBFFFFFE056BD1B81E855B9FC0AD7A3703D0AD73F4214DD185B99185C9900AD7A3703D0AC73F90140501A02B5E8DC0F42B1CFC02B5E8DC0F42B1CFE5764000000000000300FC0
340
14
340
0
340
11
340
0
 94
        0
1001
ACAD_MLEADERVER
1070
     2
  0
MLINESTYLE
  5
18
102
{ACAD_REACTORS
330
17
102
}
330
17
100
AcDbMlineStyle
  2
STANDARD
 70
     0
  3

 62
   256
 51
90.0
 52
90.0
 71
     2
 49
0.5
 62
   256
  6
BYLAYER
 49
-0.5
 62
   256
  6
BYLAYER
  0
ACAD_PROXY_OBJECT
  5
B7
102
{ACAD_REACTORS
330
B6
102
}
330
B6
100
AcDbProxyObject
 90
      499
 91
      507
 93
       41
310
903313A31580
  0
ACAD_PROXY_OBJECT
  5
124
102
{ACAD_REACTORS
330
B6
102
}
330
B6
100
AcDbProxyObject
 90
      499
 91
      507
 93
      105
310
903313A324000000000000004000
  0
ACAD_PROXY_OBJECT
  5
125
102
{ACAD_REACTORS
330
B6
102
}
330
B6
100
AcDbProxyObject
 90
      499
 91
      507
 93
      105
310
903313A344000000000000104000
  0
ACAD_PROXY_OBJECT
  5
126
102
{ACAD_REACTORS
330
B6
102
}
330
B6
100
AcDbProxyObject
 90
      499
 91
      507
 93
      105
310
903313A354000000000000144000
  0
ACAD_PROXY_OBJECT
  5
127
102
{ACAD_REACTORS
330
B6
102
}
330
B6
100
AcDbProxyObject
 90
      499
 91
      507
 93
      105
310
903313A384000000000000204000
  0
ACAD_PROXY_OBJECT
  5
128
102
{ACAD_REACTORS
330
B6
102
}
330
B6
100
AcDbProxyObject
 90
      499
 91
      507
 93
      113
310
904313A31304000000000000244000
  0
ACAD_PROXY_OBJECT
  5
129
102
{ACAD_REACTORS
330
B6
102
}
330
B6
100
AcDbProxyObject
 90
      499
 91
      507
 93
      113
310
904313A31364000000000000304000
  0
ACAD_PROXY_OBJECT
  5
12A
102
{ACAD_REACTORS
330
B6
102
}
330
B6
100
AcDbProxyObject
 90
      499
 91
      507
 93
      113
310
904313A32304000000000000344000
  0
ACAD_PROXY_OBJECT
  5
12B
102
{ACAD_REACTORS
330
B6
102
}
330
B6
100
AcDbProxyObject
 90
      499
 91
      507
 93
      113
310
904313A333040000000000003E4000
  0
ACAD_PROXY_OBJECT
  5
12C
102
{ACAD_REACTORS
330
B6
102
}
330
B6
100
AcDbProxyObject
 90
      499
 91
      507
 93
      113
310
904313A34304000000000000444000
  0
ACAD_PROXY_OBJECT
  5
12D
102
{ACAD_REACTORS
330
B6
102
}
330
B6
100
AcDbProxyObject
 90
      499
 91
      507
 93
      113
310
904313A35304000000000000494000
  0
ACAD_PROXY_OBJECT
  5
12E
102
{ACAD_REACTORS
330
B6
102
}
330
B6
100
AcDbProxyObject
 90
      499
 91
      507
 93
      121
310
905313A3130304000000000000594000
  0
ACAD_PROXY_OBJECT
  5
12F
102
{ACAD_REACTORS
330
B6
102
}
330
B6
100
AcDbProxyObject
 90
      499
 91
      507
 93
      105
310
903323A310000000000000010100
  0
ACAD_PROXY_OBJECT
  5
130
102
{ACAD_REACTORS
330
B6
102
}
330
B6
100
AcDbProxyObject
 90
      499
 91
      507
 93
      105
310
903343A310000000000000410100
  0
ACAD_PROXY_OBJECT
  5
131
102
{ACAD_REACTORS
330
B6
102
}
330
B6
100
AcDbProxyObject
 90
      499
 91
      507
 93
      105
310
903383A310000000000000810100
  0
ACAD_PROXY_OBJECT
  5
132
102
{ACAD_REACTORS
330
B6
102
}
330
B6
100
AcDbProxyObject
 90
      499
 91
      507
 93
      113
310
90431303A310000000000000910100
  0
ACAD_PROXY_OBJECT
  5
133
102
{ACAD_REACTORS
330
B6
102
}
330
B6
100
AcDbProxyObject
 90
      499
 91
      507
 93
      121
310
9053130303A310000000000001650100
  0
ACAD_PROXY_OBJECT
  5
134
102
{ACAD_REACTORS
330
B6
102
}
330
B6
100
AcDbProxyObject
 90
      499
 91
      507
 93
      257
310
90E312F31323822203D2031272D3022000000000000200FC000000000000284000
  0
ACAD_PROXY_OBJECT
  5
135
102
{ACAD_REACTORS
330
B6
102
}
330
B6
100
AcDbProxyObject
 90
      499
 91
      507
 93
      249
310
90D312F363422203D2031272D3022000000000000240FC000000000000284000
  0
ACAD_PROXY_OBJECT
  5
136
102
{ACAD_REACTORS
330
B6
102
}
330
B6
100
AcDbProxyObject
 90
      499
 91
      507
 93
      249
310
90D312F333222203D2031272D3022000000000000280FC000000000000284000
  0
ACAD_PROXY_OBJECT
  5
137
102
{ACAD_REACTORS
330
B6
102
}
330
B6
100
AcDbProxyObject
 90
      499
 91
      507
 93
      249
310
90D312F313622203D2031272D30220000000000002C0FC000000000000284000
  0
ACAD_PROXY_OBJECT
  5
138
102
{ACAD_REACTORS
330
B6
102
}
330
B6
100
AcDbProxyObject
 90
      499
 91
      507
 93
      249
310
90D332F333222203D2031272D30220000000000002E0FC000000000000284000
  0
ACAD_PROXY_OBJECT
  5
139
102
{ACAD_REACTORS
330
B6
102
}
330
B6
100
AcDbProxyObject
 90
      499
 91
      507
 93
      241
310
90C312F3822203D2031272D3022000000000000300FC000000000000284000
  0
ACAD_PROXY_OBJECT
  5
13A
102
{ACAD_REACTORS
330
B6
102
}
330
B6
100
AcDbProxyObject
 90
      499
 91
      507
 93
      249
310
90D332F313622203D2031272D3022000000000000320FC000000000000284000
  0
ACAD_PROXY_OBJECT
  5
13B
102
{ACAD_REACTORS
330
B6
102
}
330
B6
100
AcDbProxyObject
 90
      499
 91
      507
 93
      241
310
90C312F3422203D2031272D3022000000000000340FC000000000000284000
  0
ACAD_PROXY_OBJECT
  5
13C
102
{ACAD_REACTORS
330
B6
102
}
330
B6
100
AcDbProxyObject
 90
      499
 91
      507
 93
      241
310
90C332F3822203D2031272D3022000000000000360FC000000000000284000
  0
ACAD_PROXY_OBJECT
  5
13D
102
{ACAD_REACTORS
330
B6
102
}
330
B6
100
AcDbProxyObject
 90
      499
 91
      507
 93
      241
310
90C312F3222203D2031272D3022000000000000380FC000000000000284000
  0
ACAD_PROXY_OBJECT
  5
13E
102
{ACAD_REACTORS
330
B6
102
}
330
B6
100
AcDbProxyObject
 90
      499
 91
      507
 93
      241
310
90C332F3422203D2031272D30220000000000003A0FC000000000000284000
  0
ACAD_PROXY_OBJECT
  5
13F
102
{ACAD_REACTORS
330
B6
102
}
330
B6
100
AcDbProxyObject
 90
      499
 91
      507
 93
      161
310
90A3122203D2031272D30224000000000000284000
  0
ACAD_PROXY_OBJECT
  5
140
102
{ACAD_REACTORS
330
B6
102
}
330
B6
100
AcDbProxyObject
 90
      499
 91
      507
 93
      257
310
90E312D312F3222203D2031272D30220000000000003E0FC000000000000284000
  0
ACAD_PROXY_OBJECT
  5
141
102
{ACAD_REACTORS
330
B6
102
}
330
B6
100
AcDbProxyObject
 90
      499
 91
      507
 93
      225
310
90A3322203D2031272D302200000000000002100000000000000284000
  0
ACAD_PROXY_OBJECT
  5
142
102
{ACAD_REACTORS
330
B6
102
}
330
B6
100
AcDbProxyObject
 90
      499
 91
      507
 93
      225
310
90A3622203D2031272D302200000000000006100000000000000284000
  0
ACAD_PROXY_OBJECT
  5
143
102
{ACAD_REACTORS
330
B6
102
}
330
B6
100
AcDbProxyObject
 90
      499
 91
      507
 93
      249
310
90D31272D3022203D2031272D30220000000000000A100000000000000284000
  0
ACAD_PROXY_OBJECT
  5
1AA
102
{ACAD_REACTORS
330
1A8
102
}
330
1A8
100
AcDbProxyObject
 90
      499
 91
      515
 93
     2271
310
90A496D70657269616C32344A765C0F42F5A8DC671FE5C0F42F5A8DC671FA209258409E5840A25840A65840B05840B45C0F42F5A8DC6F1FA33A659703D0BD6A3719C7E5C0F42F5A8DC671FE5C0F42F5A8DC671FA02000000000000741FA02BE129E2E20B1AB30B9102B34B2BBAA3CB832902E33101112BA3198911F1290129
310
E2E20B1AB30B9102B34B2BBA9B2B1BA34B7B729BA30B93A24B21F1296929E2E20B1AB30B9102B34B2BBA9B2B1BA34B7B722B73224B21F12AE2829A1A0A62290129E2E20B1AB30B9102B34B2BBA9B1B0B632902E33101112B9B7111F12E0080A0C829CA6926662C206056BD1B81E85639FA0320D0305A88A9F643F27E32B996
310
9C2960E81F87FA0718D4DE3E87E32B9969C2960E85F9E5129FC49EA5FA7E
340
11
340
0
340
0
340
16
340
16
340
11
 94
        0
  0
ACAD_PROXY_OBJECT
  5
9F
102
{ACAD_REACTORS
330
99
102
}
330
99
100
AcDbProxyObject
 90
      499
 91
      506
 93
      444
310
42CC9915DA5C99599C985B59504902404333333333333E33F0000000000000F90107901411070040501600405405064090741402480A0340
1001
ACAD
1000
AcDbSavedByObjectVersion
1070
     0
  0
ACAD_PROXY_OBJECT
  5
9E
102
{ACAD_REACTORS
330
99
102
}
330
99
100
AcDbProxyObject
 90
      499
 91
      506
 93
      388
310
4150985CDA58D07406404333333333333E33F0000000000000F90107A41107004050150841D405064090741402480A0350
1001
ACAD
1000
AcDbSavedByObjectVersion
1070
     0
  0
ACAD_PROXY_OBJECT
  5
A5
102
{ACAD_REACTORS
330
99
102
}
330
99
100
AcDbProxyObject
 90
      499
 91
      506
 93
      436
310
42109C9A59DA1D195B90C40902404333333333333E33F0000000000000F9010790141107004050150841D405064090741402480A029950
1001
ACAD
1000
AcDbSavedByObjectVersion
1070
     0
  0
ACAD_PROXY_OBJECT
  5
A9
102
{ACAD_REACTORS
330
99
102
}
330
99
100
AcDbProxyObject
 90
      499
 91
      506
 93
      452
310
42D0DBDB1BDC90DA185B99D95104090240C333333333333E33F0000000000000F90108901411070040501508421405064090741402480A0350
1001
ACAD
1000
AcDbSavedByObjectVersion
1070
     0
  0
ACAD_PROXY_OBJECT
  5
A2
102
{ACAD_REACTORS
330
99
102
}
330
99
100
AcDbProxyObject
 90
      499
 91
      506
 93
      508
310
4290DBDB98D95C1D1D585B10940D02404333333333333E33F0000000000000F90107902409070040501000000000000111010841D405064090740C02480A0340
1001
ACAD
1000
AcDbSavedByObjectVersion
1070
     0
  0
ACAD_PROXY_OBJECT
  5
A4
102
{ACAD_REACTORS
330
99
102
}
330
99
100
AcDbProxyObject
 90
      499
 91
      506
 93
      420
310
40D11A5B50B40902404333333333333E33F0000000000000F9010790141107004050150841D405064090741402480A02677FFFFFD0
1001
ACAD
1000
AcDbSavedByObjectVersion
1070
     0
  0
ACAD_PROXY_OBJECT
  5
175
102
{ACAD_REACTORS
330
99
102
}
330
99
100
AcDbProxyObject
 90
      499
 91
      506
 93
      452
310
43115919D950DBDB1BDC93D999916409028333333333333E33F0000000000000F9010790141107004050150841D405064090741402480A0350
1001
ACAD
1000
AcDbSavedByObjectVersion
1070
     0
  0
ACAD_PROXY_OBJECT
  5
A8
102
{ACAD_REACTORS
330
99
102
}
330
99
100
AcDbProxyObject
 90
      499
 91
      506
 93
      452
310
42D19858D95C185D1D195C9B90F40902404333333333333E33F0000000000000F9010790141107004050150841D405064090741402480A0350
1001
ACAD
1000
AcDbSavedByObjectVersion
1070
     0
  0
ACAD_PROXY_OBJECT
  5
9A
102
{ACAD_REACTORS
330
99
102
}
330
99
100
AcDbProxyObject
 90
      499
 91
      506
 93
      380
310
41119B185D240901404333333333333E33F0000000000000F9010740A907004050150841D405064090741402480A1B50
1001
ACAD
1000
AcDbSavedByObjectVersion
1070
     0
  0
ACAD_PROXY_OBJECT
  5
9B
102
{ACAD_REACTORS
330
99
102
}
330
99
100
AcDbProxyObject
 90
      499
 91
      506
 93
      468
310
43519B185D15DA5D1A115919D95CD0140901404333333333333E33F0000000000000F90107409019070040501600405405064090741402480A1B50
1001
ACAD
1000
AcDbSavedByObjectVersion
1070
     0
  0
ACAD_PROXY_OBJECT
  5
9C
102
{ACAD_REACTORS
330
99
102
}
330
99
100
AcDbProxyObject
 90
      499
 91
      506
 93
      404
310
41D1DBDD5C985D5910240902404333333333333E33F0000000000000F9010740A9070040501641D405064090741402480A1B50
1001
ACAD
1000
AcDbSavedByObjectVersion
1070
     0
  0
ACAD_PROXY_OBJECT
  5
9D
102
{ACAD_REACTORS
330
99
102
}
330
99
100
AcDbProxyObject
 90
      499
 91
      506
 93
      492
310
4411DBDD5C985D5915DA5D1A115919D95CD0340902404333333333333E33F0000000000000F90107409019070040501600405405064090741402480A1B50
1001
ACAD
1000
AcDbSavedByObjectVersion
1070
     0
  0
ACAD_PROXY_OBJECT
  5
A1
102
{ACAD_REACTORS
330
99
102
}
330
99
100
AcDbProxyObject
 90
      499
 91
      506
 93
      476
310
41921A5919195B90640502408333333333333E33F0000000000000F901079024090700405020000000000001110200405405064090740C02480A0340
1001
ACAD
1000
AcDbSavedByObjectVersion
1070
     0
  0
ACAD_PROXY_OBJECT
  5
173
102
{ACAD_REACTORS
330
99
102
}
330
99
100
AcDbProxyObject
 90
      499
 91
      506
 93
      428
310
42529A5D1D195C93D999914409028333333333333E33F0000000000000F9010790141107004050150A41D405064090741402480A0350
1001
ACAD
1000
AcDbSavedByObjectVersion
1070
     0
  0
ACAD_PROXY_OBJECT
  5
A7
102
{ACAD_REACTORS
330
99
102
}
330
99
100
AcDbProxyObject
 90
      499
 91
      506
 93
      452
310
42D31A5B995C185D1D195C9B90E40902404333333333333E33F0000000000000F9010790141107004050750841D405064090741402483A0350
1001
ACAD
1000
AcDbSavedByObjectVersion
1070
     0
  0
ACAD_PROXY_OBJECT
  5
174
102
{ACAD_REACTORS
330
99
102
}
330
99
100
AcDbProxyObject
 90
      499
 91
      506
 93
      444
310
42D3DD995C9A185B99D3D999915409028333333333333E33F0000000000000F9010790141107004050150941D405064090741402480A0350
1001
ACAD
1000
AcDbSavedByObjectVersion
1070
     0
  0
ACAD_PROXY_OBJECT
  5
A3
102
{ACAD_REACTORS
330
99
102
}
330
99
100
AcDbProxyObject
 90
      499
 91
      506
 93
      428
310
425499585B1A5CDD1A58D08409038333333333333E33F0000000000000F9010740A907004050150800405405064090740C02480A1B40
1001
ACAD
1000
AcDbSavedByObjectVersion
1070
     0
  0
ACAD_PROXY_OBJECT
  5
182
102
{ACAD_REACTORS
330
99
102
}
330
99
100
AcDbProxyObject
 90
      499
 91
      506
 93
      420
310
4194DA1859195911B40902404333333333333E33F0000000000000F9010740A41107004050150800405405064090840C02480A0B40
1001
ACAD
1000
AcDbSavedByObjectVersion
1070
     0
  0
ACAD_PROXY_OBJECT
  5
181
102
{ACAD_REACTORS
330
99
102
}
330
99
100
AcDbProxyObject
 90
      499
 91
      506
 93
      516
310
4454DA18591959081DDA5D1A08195919D95CD1A40902404333333333333E33F0000000000000F901074090140907004050250800405405064090740C02480A0B40
1001
ACAD
1000
AcDbSavedByObjectVersion
1070
     0
  0
ACAD_PROXY_OBJECT
  5
17E
102
{ACAD_REACTORS
330
99
102
}
330
99
100
AcDbProxyObject
 90
      499
 91
      506
 93
      532
310
4394DA1859195CC81BD98811DC985E5174090240C333333333333E33F0000000000000F901079024090741D01000000000000111010841D405064090740C02480A0340
1001
ACAD
1000
AcDbSavedByObjectVersion
1070
     0
  0
ACAD_PROXY_OBJECT
  5
17F
102
{ACAD_REACTORS
330
99
102
}
330
99
100
AcDbProxyObject
 90
      499
 91
      506
 93
      476
310
41D4DAD95D18DA1E51840502408333333333333E33F0000000000000F901079024090741D01000000000000111010B41D405064090741802480A0340
1001
ACAD
1000
AcDbSavedByObjectVersion
1070
     0
  0
ACAD_PROXY_OBJECT
  5
A6
102
{ACAD_REACTORS
330
99
102
}
330
99
100
AcDbProxyObject
 90
      499
 91
      506
 93
      420
310
41D51A1A58DAD95B90D40902404333333333333E33F0000000000000F9010790141107004050150C41D405064090741402480A0350
1001
ACAD
1000
AcDbSavedByObjectVersion
1070
     0
  0
ACAD_PROXY_OBJECT
  5
A0
102
{ACAD_REACTORS
330
99
102
}
330
99
100
AcDbProxyObject
 90
      499
 91
      506
 93
      420
310
4255DA5C99599C985B595059028333333333333E33F0000000000000F90107901411070040501600405405064090740C02480A0340
1001
ACAD
1000
AcDbSavedByObjectVersion
1070
     0
  0
ACAD_PROXY_OBJECT
  5
180
102
{ACAD_REACTORS
330
99
102
}
330
99
100
AcDbProxyObject
 90
      499
 91
      506
 93
      404
310
41560B54985E51940902404000000000000E03F0000000000000F9010740501907004050150841D405064090740C02480A1B40
1001
ACAD
1000
AcDbSavedByObjectVersion
1070
     0
  0
XRECORD
  5
B8D
102
{ACAD_REACTORS
330
B83
102
}
330
B83
100
AcDbXrecord
340
0
  0
XRECORD
  5
B8C
102
{ACAD_REACTORS
330
B83
102
}
330
B83
100
AcDbXrecord
 90
        0
  0
XRECORD
  5
BA4
102
{ACAD_REACTORS
330
B83
102
}
330
B83
100
AcDbXrecord
340
73
  0
XRECORD
  5
BA3
102
{ACAD_REACTORS
330
B83
102
}
330
B83
100
AcDbXrecord
1000
DSTYLE
1002
{
1070
   340
340
11
1002
}
  0
XRECORD
  5
B8E
102
{ACAD_REACTORS
330
B83
102
}
330
B83
100
AcDbXrecord
  1
{1FAF2E9E-2E95-E94A-B9A8-C1E88F0A73C1}
  0
XRECORD
  5
B86
102
{ACAD_REACTORS
330
B83
102
}
330
B83
100
AcDbXrecord
  1

  0
XRECORD
  5
B8B
102
{ACAD_REACTORS
330
B83
102
}
330
B83
100
AcDbXrecord
 90
        1
  0
XRECORD
  5
B88
102
{ACAD_REACTORS
330
B83
102
}
330
B83
100
AcDbXrecord
340
1A
  0
XRECORD
  5
B8A
102
{ACAD_REACTORS
330
B83
102
}
330
B83
100
AcDbXrecord
 90
    10781
  0
XRECORD
  5
BA5
102
{ACAD_REACTORS
330
B83
102
}
330
B83
100
AcDbXrecord
340
72
  0
XRECORD
  5
B89
102
{ACAD_REACTORS
330
B83
102
}
330
B83
100
AcDbXrecord
340
19
  0
XRECORD
  5
B90
102
{ACAD_REACTORS
330
B83
102
}
330
B83
100
AcDbXrecord
 40
0.0
  0
XRECORD
  5
B93
102
{ACAD_REACTORS
330
B83
102
}
330
B83
100
AcDbXrecord
340
0
  0
XRECORD
  5
B99
102
{ACAD_REACTORS
330
B83
102
}
330
B83
100
AcDbXrecord
 10
0.0
 20
0.0
 30
0.0
  0
XRECORD
  5
B95
102
{ACAD_REACTORS
330
B83
102
}
330
B83
100
AcDbXrecord
 10
0.0
 20
0.0
 30
0.0
  0
XRECORD
  5
B98
102
{ACAD_REACTORS
330
B83
102
}
330
B83
100
AcDbXrecord
 10
0.0
 20
0.0
 30
0.0
  0
XRECORD
  5
B96
102
{ACAD_REACTORS
330
B83
102
}
330
B83
100
AcDbXrecord
 10
0.0
 20
0.0
 30
0.0
  0
XRECORD
  5
B97
102
{ACAD_REACTORS
330
B83
102
}
330
B83
100
AcDbXrecord
 10
0.0
 20
0.0
 30
0.0
  0
XRECORD
  5
B94
102
{ACAD_REACTORS
330
B83
102
}
330
B83
100
AcDbXrecord
 10
0.0
 20
0.0
 30
0.0
  0
XRECORD
  5
B91
102
{ACAD_REACTORS
330
B83
102
}
330
B83
100
AcDbXrecord
340
0
  0
XRECORD
  5
B92
102
{ACAD_REACTORS
330
B83
102
}
330
B83
100
AcDbXrecord
 70
     0
  0
XRECORD
  5
B87
102
{ACAD_REACTORS
330
B83
102
}
330
B83
100
AcDbXrecord
  1

  0
XRECORD
  5
B84
102
{ACAD_REACTORS
330
B83
102
}
330
B83
100
AcDbXrecord
 90
        1
  0
XRECORD
  5
B85
102
{ACAD_REACTORS
330
B83
102
}
330
B83
100
AcDbXrecord
 90
       70
  0
XRECORD
  5
B9C
102
{ACAD_REACTORS
330
B83
102
}
330
B83
100
AcDbXrecord
340
0
  0
XRECORD
  5
BA2
102
{ACAD_REACTORS
330
B83
102
}
330
B83
100
AcDbXrecord
 10
0.0
 20
0.0
 30
0.0
  0
XRECORD
  5
B9E
102
{ACAD_REACTORS
330
B83
102
}
330
B83
100
AcDbXrecord
 10
0.0
 20
0.0
 30
0.0
  0
XRECORD
  5
BA1
102
{ACAD_REACTORS
330
B83
102
}
330
B83
100
AcDbXrecord
 10
0.0
 20
0.0
 30
0.0
  0
XRECORD
  5
B9F
102
{ACAD_REACTORS
330
B83
102
}
330
B83
100
AcDbXrecord
 10
0.0
 20
0.0
 30
0.0
  0
XRECORD
  5
BA0
102
{ACAD_REACTORS
330
B83
102
}
330
B83
100
AcDbXrecord
 10
0.0
 20
0.0
 30
0.0
  0
XRECORD
  5
B9D
102
{ACAD_REACTORS
330
B83
102
}
330
B83
100
AcDbXrecord
 10
0.0
 20
0.0
 30
0.0
  0
XRECORD
  5
B9A
102
{ACAD_REACTORS
330
B83
102
}
330
B83
100
AcDbXrecord
340
0
  0
XRECORD
  5
B9B
102
{ACAD_REACTORS
330
B83
102
}
330
B83
100
AcDbXrecord
 70
     0
  0
XRECORD
  5
B8F
102
{ACAD_REACTORS
330
B83
102
}
330
B83
100
AcDbXrecord
  1
{6DA898D0-20D5-4D41-AB34-61DB1F7B51CD}
  0
DICTIONARYVAR
  5
F0
102
{ACAD_REACTORS
330
66
102
}
330
66
100
DictionaryVariables
280
     0
  1
1:1
  0
DICTIONARYVAR
  5
EF
102
{ACAD_REACTORS
330
66
102
}
330
66
100
DictionaryVariables
280
     0
  1
Standard
  0
DICTIONARYVAR
  5
89
102
{ACAD_REACTORS
330
66
102
}
330
66
100
DictionaryVariables
280
     0
  1
Standard
  0
DICTIONARYVAR
  5
1B7
102
{ACAD_REACTORS
330
66
102
}
330
66
100
DictionaryVariables
280
     0
  1
Imperial24
  0
DICTIONARYVAR
  5
1B8
102
{ACAD_REACTORS
330
66
102
}
330
66
100
DictionaryVariables
280
     0
  1
Imperial24
  0
DICTIONARYVAR
  5
67
102
{ACAD_REACTORS
330
66
102
}
330
66
100
DictionaryVariables
280
     0
  1
2
  0
DICTIONARYVAR
  5
6B
102
{ACAD_REACTORS
330
66
102
}
330
66
100
DictionaryVariables
280
     0
  1
1
  0
DICTIONARYVAR
  5
14D
102
{ACAD_REACTORS
330
66
102
}
330
66
100
DictionaryVariables
280
     0
  1
0
  0
DICTIONARYVAR
  5
14E
102
{ACAD_REACTORS
330
66
102
}
330
66
100
DictionaryVariables
280
     0
  1
0
  0
DICTIONARYVAR
  5
BA9
102
{ACAD_REACTORS
330
66
102
}
330
66
100
DictionaryVariables
280
     0
  1
1
  0
DICTIONARY
  5
188
330
97
100
AcDbDictionary
280
     1
  3
ACAD_XREC_ROUNDTRIP
360
BAA
  3
FBXASSET
360
189
  0
DICTIONARY
  5
186
330
96
100
AcDbDictionary
280
     1
  3
ACAD_XREC_ROUNDTRIP
360
BAB
  3
FBXASSET
360
187
  0
DICTIONARY
  5
110
330
98
100
AcDbDictionary
280
     1
  3
ACAD_XREC_ROUNDTRIP
360
BAC
  3
FBXASSET
360
18A
  0
XRECORD
  5
BAA
102
{ACAD_REACTORS
330
188
102
}
330
188
100
AcDbXrecord
102
MATERIAL
148
0.0
149
0.0
149
0.0
 93
        0
 94
       63
282
     0
 72
     1
 77
     1
171
     1
175
     1
179
     1
273
     0
  0
XRECORD
  5
189
102
{ACAD_REACTORS
330
188
102
}
330
188
100
AcDbXrecord
 70
     1
 90
429727718
  1
508B35C9-AEE7-456F-BE74-D52651303AC6
310
504B03040A0000080000B670623B3DEE336E79000000790000001B0000006175746F6465736B2D64657369676E2D7061636B6167652E786D6C3C3F786D6C2076657273696F6E3D22312E302220656E636F64696E673D227574662D3822203F3E3C666F726D6174733E3C666F726D61743E687474703A2F2F736368656D612E
310
6175746F6465736B2E636F6D2F64657369676E2D7061636B6167652F323030393C2F666F726D61743E3C2F666F726D6174733E504B0304140006080800B670623BD486FD9CA0000000F4000000130000005B436F6E74656E745F54797065735D2E786D6C7D8EC10E82300C865F65E91D8A1E8C310C0EEA1BF002731658846E
310
D98AC1B77784ABF1D8FE5FBFBF75BBCE937A534CCEB38643598122B6FEE978D0B0485F9C41B54DDD7D022595594E1A469170414C76A4D9A4D207E29CF43ECE46F218070CC6BECC4078ACAA135ACF422C856C0E68EA1BF5669944DDD7BCDE7B1F8E415D77AECB980613C2E4AC91FC167A2B244592486606FC29C8FD7F045B9A
310
EF7053A7E60B504B0304140006080800B670623B28ED286BEB0000007C01000008000000636F72652E786D6C8D90416EC3201045AF82665B6183218D6D61A254764FD00B204C5C94182C03558F5F9C3852BBEB6A467FFE9B197D71FA9E6FE8CBACC17AD7012D0820E3B41FAD9B3A48F1826B40272956EFE32F1B20A766D3C1
310
268314D3EAD3B24BDABB685CCCAAF3A3D94515828980F42D371D04FD696655A814B3235C8B45E9AB9A4C419F5D8653B2237A1CB163DE672FD6AC209BF3C08E0D1B30EB19C3FC9D72FCC6EB231EFA33EDE96BDD341517E5064B11EDFCBCAF57A3A2194156843498524CAA0FCA5B7268F9E185D42D21A2DCEC7FA0B48CFF8492
310
759155FBBB0F2C80A4F991FB408A72CB22977B50B96EB9C91F504B0304140006080800B670623B55019EA25F0000007C00000007000000636E782E786D6C4DCB3B0E80201045D1AD90E915ED2CF8AC45050C11660C8261F98AB1B07AC9C97D42D718D865D3E909258CFD00CCE24AC6E326A164D74DC0B4128928FF32603847
310
2BA13128B1252AC747C6BAB984FC68F0B87FE8960A5C09FE86CFB69FBA01504B0304140006080800B670623B7BC41AC871010000D40300000C0000006662782F636F72652E786D6CC553ED6E8320147D15C2DF4501B56B6D90A64BBB27D80B50A5CE54C120983EFEAE1F4DD7A56BBA5FF3879273EEE59E7310BE393735EA95
310
ED2AA333CC428A91D2B9292A5D66D8BB63B0C26823B835C67D2BC348CB46657880B1E0A535BE9DA1DC68A7B403549B42CDA0EC3AE530CA6B5864B8CB3F552343E91D5474A7B095F949962A6421D0502778E72C0840D390E18DC5F170E664C205F7BE2A66B62A605A75AC94C522DDEEE3651AEF837817C741F2CE92E02D592D
310
83FD6ECB76EC7595A651C2C9D02CB8AB9A8BBADC2AE954814544691A3016D0E883256BBA58278B17BA5A53CAC9507ED3E4DBE2C9265F691747B3DCA9ADC382819091F8E1162272A8933DE82182932144F88C09DF060D8140C84E1EEA8B8F1340BDCA9DB1093085F157AA97B557309586747CD0EF0B4EA64E983A6E0EAEEFCE
310
889E9EF17847386AA94B30211D2C0FDE0D3AF9A4610EAD5536E8DD1969631B593F67E381C33F5157F17725E5A636F6BF1491F980C8FC7B90E13E8A2F504B0304140006080800B670623B70102A487D0000009D0000000B0000006662782F636E782E786D6C4DCCD10A83201886E15B91FFDC95A5C30335ACCDFB886521330D
310
A76397BF1A1DECE883878F57749FD5A3B74D2F17830472A901D9F088930B8B849267CC01754AA418F3DF0D5018572BE160506249B16C274D761E8BCFBB7A179E27F65CB39A0F14D396184C9921B81F34C3ACA1B4B99ABB6E6F062A25AA5F69DF23ACBE504B0304140006080800B670623B3610CA3329010000120200003100
310
00006662782F42384135303843342D343331462D343546312D424341352D3532343432364645413344462F636F72652E786D6C8D515B6EC32010BC0AE22B55850D0E446E848992B43E412FE000495162B07854397EA176A4F62F3F2C9A9D991D58BEBB8F37F0AD7D30CE76905418026DA553C65E3A98E219B510EC04F7CEC5
310
3F3408EC30EA0E16180A7EF12E4D0B249D8DDAC68C5AA7F4020E21E80881BCE54B0783FCD2E3500D296646B856D320AFC34557A4CAEDCC133C449F0380794839A138B47B86DB2345744D7A44594FD0E1B867883594369BFE63BF7EEF793D0B054FC9A8456E548E63CE46FB674D8A58F068C6477CE9F510B582A2C1F80D1182
310
70F349E816B32D65AFB8DD62CCEB42FF274A937A52948C8DEB66893BCB021484D7734370E5D2E9F608A3EF93F3119479ABA0E50B14B8C298119A43CCC4FCFCECB8A18B6388CEE7EF5D5D4F994BD86CBBA182D76543B9FCAE2FD7B24DF103504B0304140006080800B670623B1B8617914E0100003303000030000000666278
310
2F42384135303843342D343331462D343546312D424341352D3532343432364645413344462F636E782E786D6CD593C16EC32010447F0571AD6CE3D489D20813A9877E410FBD62D82434182CC055F3F75D1292E692438FBD206B7698593D61BEFD1E2DF982108D773D6D6B460938E5B571FB9ECE6957AD29D90A1EBC4F7736
310
4A9C1CA1A759A682EF839FA72269D8C9D92654AD71C72206887E0E0A22CAF926B15E498B01E0AA19451807D01A34B919F16B070157417138917400F2F6FA41FCF0092A45DEE414C19BDC21783E4BD39D891265658C3D8DEA00A3ACE59CBC8678ACB54CB26EEB6BD7839D7E9348BE70AD9C8321B9BCA7F9A4A26C542347DEE0
310
50F09802D22BA6749A800A394DD62899107273365E3C82CFC6A55557BC06C10774B7ABE7AEC3B0F34CF06446280E154026D0542C187BA9DAB6628BF7B6DBB0E5A65B3EB1F58631DE64BBE083F7B65CC218087E22CABB042E51D1F2268F1FE12B3EA24D40D63E9CFE00120194D60B9D5BC67FE6D39CDF37E20AF817881F504B
310
0304140006080800B670623BBFEF2E3B690500003C100000340000006662782F42384135303843342D343331462D343546312D424341352D3532343432364645413344462F6F626A656374732E786D6CAD575D739B3814FD2B0CFB0C98D84E931D4227B6938EA793B6534F3BFB90198F0099B001899144EAECAFDF231018B0
310
D37A3FFC609090EEE7B94757C1FB7D915B2F54C88CB31BDB7727B64559CC938CA53776A576CE956DBD0F03C1B9EA2DB32D460A7A63EB693B0C52C1ABD24C257447AA5C8D66EF177F5832A68CDA569C13296F6C193FD182B8A4523CA1F2D94D88226EBADBBBBEDB2C1C8A4D05299F46424B222853B014F30C52ACC6287F389C
310
D85E1878FA7B18E87FB36AFAF62AAFF667A83F635211161F291B8999FAB3D5DDC5FCDA99CF6653677679E13B8BFBC5CAF1DF4D27CBCBE5F2FAF6EE1A8AA51290642C117467871F101B91C581D77CEA2C36869F3229E68CD1B8F61F1ED6361B89092D294B90C78C4A68EB793D190E7D1D9BDEE7A91E1B95FDE9F3BCEAEFE809
310
6A6D6F9F7D4B79F4275C90E7A04248AA51D5C4C738DAE06F72885AC4796EBE65D22A88A22223B995679120E2D50EB1542F098381188D4EA111AE3DB043FF20AF6F2B4AE3D7D83D65E5AECA730D4D3BAC91BD05FEA992B565D95F549CD6069B90AB2A63EACA38A45E4B6A87D781574F86817E4C2FCCC72690D62E2729520E37
310
9BAF234797BAF6D62B3BFC781FED37BA1E4F2B2F052FA9501A3E80569BB8F6A9A364D4FA67654E6F803383981F82F21591FF84F23D9882BC896C3FDBCF8C162508933B2E0AE4C69DD43F6BD2BE38DDDBF10BF86CB4FA784D37F3AF16075E67EC9030DECA1FC0A55373F5DFF3378C591FA9BDF485C10B0A8C8BA909E5262639
310
A8E72163488806A595734C81CB77D1DE0ED7604A303B76913CEC0272F412782FF88EFF4636D8AA56DF7B322474C4B767303F625997056C7B032C473C592B36CEBD15F3F9FF5233B7ABCDC74D257624A60F8658567497B14CE1EC3C80B76FD02011038F9EE9EB0F2E12387A9C844D3F09855125116D1D731DF8B43D2CF4E0A0
310
79A020C6BE946BCE0B7EA1E1219331CD73C228AF5A2DDD31A4B1DA918CE91350854D40A71723140BFA92E94E62B0626016CEFA5864A50E5977E8753CEDBEE1CBB7F52780D20E17AF0BA0F5F9B02A3AD07DCC732EB6D1EBB661421BE0C39E21BABF0FE16D22EA6929407C8DE596724C88B749B6DB5512BC7B228ADFD7CB7EA6
310
3A22397E690BA8D5D8D4E40CEC8CDA23C2C0B7D5898640101CEC9C6D331CE328CB93CAFBBAC70A642DF70DF95155945B52F08AA973C23469FD69ADEF84F7BB18F983A8F8C90E37F5D35980B2139A1C523540813E824EF83448CF7C72B598CE97D7CEEDDDDD3B6736BFBC771677EF66CE6A7E7139F7A793E9EDF2B2B3A8B624
310
0CDA13AA5F8388264EC4A0129909F3B7F5A16CEDF08128E97D680ACA4B9BE7B7B58BB638F0B00700EF36AE8B32A705658A68F83EE897FC2B41573190D1CCAF0B92D233A47CFEB019D9809933F67DD1A5467F8CF69AD9A5AE859342D45355448C64F968A371DC2D596ADC6E43D93D1B466F877A64E2893E54F23C4B40388995
310
525E5005DA3983ED45412510D3EFCA13737B3863F74BD30F2A12E5B4B5E489A025CE25500DB855B11ACE5BBFA185D35DD48D8DC3CE7DC69F2944DB42AA6F6CF09BCA622ADD08C7A36E7C6AE18000BAB08E040135C2D21C9D75B3A91B77BB746C403F38018DFE6EC939DD92F16B40BC05294B9CDA035AAD6D330AE27FE4786B
310
8E45145EA34A75BE1C263A676A35A8ACC6297337400BF16C54EF515F3F77CB77EB3583889C754FFA29081AA98E2222ADEF05DA3E63D2EDEA8B8756C05A7FB6CABC4A91CBF325398202CC952E70A008A830324BA200D5E5EF8F5F04C75DB4B0EE3340E071C98B823333B83577596BF3849B69F2085AA0FAFA212F26BEFF5877
310
FDE622B28D88A42E49E43326DA82D31E8CB006401E1DA726059ECEC168F97A6599036306A135688F9AD2E61A6EA178F4CD51974A9F2CCB9F36FE5EBD14601068D9C3BF01504B0304140006080000B670623B000000000000000000000000350000006662782F42384135303843342D343331462D343546312D424341352D35
310
32343432364645413344462F76657274696365732E62696E504B0304140006080800B670623BF270F1330600000004000000360000006662782F42384135303843342D343331462D343546312D424341352D3532343432364645413344462F747269616E676C65732E62696E636660600000504B0304140006080000B67062
310
3B000000000000000000000000370000006662782F42384135303843342D343331462D343546312D424341352D3532343432364645413344462F617474726962757465732E62696E504B0304140006080800B670623B08DA0BD19000000041010000360000006662782F42384135303843342D343331462D343546312D4243
310
41352D3532343432364645413344462F6469726563746F72792E786D6C858F410AC3201045AF22B36F53E9A60B35CBEEBAE80D244E44489C6234F4F835464A48035D0DF398FF9F8AF63D0E6CC63039F212F8F9020C7D47C6792B21C5FE7403D62A1188E2E60C98D7234A5830286103A55745067B9D86B8A3CF9C7F90C11DE6
310
07FB144396D7B6A82D282E9A152AD114D5EF2CB866EEE831B8EEA07A7BB5A8D7D61A2BAAEB7FD5F70921FF497D00504B0304140006080800B670623B3B4606F3FE000000A00100003B0000006662782F42384135303843342D343331462D343546312D424341352D3532343432364645413344462F7265736F75726365732F
310
636F72652E786D6C8D504B6E833010BD0A9A6D65B08134808CA354A427E8052C332156828DFCA97AFC9A40A576D7CDCCE87D344F8F9FBEE647F689CE6B6B7A6039850C8DB2A336530F315C4903D94970676DF82583CCC8197B5861107C72362E3BA4AC096842428D1D7107A5F71820538F74F4E0D50D6799CB1892C2DFF345
310
AABB9C306779A2934E701F5C0A906D4FD609C2A1B7D129F4BCD858C163D4E3AED163FAA9AF1A1D88F67CA98E6D35906AA82A52BFB39ABCD5CD915C86331BD86BD3B665CD8BD52C78D0F34F46E550061C419494B6843142CB0F5677F4D0D58717DA7494F26295FF31C565FCA7296A13AA728FBBD93C0896823C09C18BB5AFB4
310
9E65A6BD762BBE01504B010214000A0000080000B670623B3DEE336E79000000790000001B00000000000000000000000000000000006175746F6465736B2D64657369676E2D7061636B6167652E786D6C504B01021400140006080800B670623BD486FD9CA0000000F40000001300000000000000000000000000B2000000
310
5B436F6E74656E745F54797065735D2E786D6C504B01021400140006080800B670623B28ED286BEB0000007C010000080000000000000000000000000083010000636F72652E786D6C504B01021400140006080800B670623B55019EA25F0000007C000000070000000000000000000000000094020000636E782E786D6C50
310
4B01021400140006080800B670623B7BC41AC871010000D40300000C00000000000000000000000000180300006662782F636F72652E786D6C504B01021400140006080800B670623B70102A487D0000009D0000000B00000000000000000000000000B30400006662782F636E782E786D6C504B01021400140006080800B6
310
70623B3610CA3329010000120200003100000000000000000000000000590500006662782F42384135303843342D343331462D343546312D424341352D3532343432364645413344462F636F72652E786D6C504B01021400140006080800B670623B1B8617914E010000330300003000000000000000000000000000D10600
310
006662782F42384135303843342D343331462D343546312D424341352D3532343432364645413344462F636E782E786D6C504B01021400140006080800B670623BBFEF2E3B690500003C10000034000000000000000000000000006D0800006662782F42384135303843342D343331462D343546312D424341352D35323434
310
32364645413344462F6F626A656374732E786D6C504B01021400140006080000B670623B0000000000000000000000003500000000000000000000000000280E00006662782F42384135303843342D343331462D343546312D424341352D3532343432364645413344462F76657274696365732E62696E504B010214001400
310
06080800B670623BF270F133060000000400000036000000000000000000000000007B0E00006662782F42384135303843342D343331462D343546312D424341352D3532343432364645413344462F747269616E676C65732E62696E504B01021400140006080000B670623B00000000000000000000000037000000000000
310
00000000000000D50E00006662782F42384135303843342D343331462D343546312D424341352D3532343432364645413344462F617474726962757465732E62696E504B01021400140006080800B670623B08DA0BD1900000004101000036000000000000000000000000002A0F00006662782F42384135303843342D3433
310
31462D343546312D424341352D3532343432364645413344462F6469726563746F72792E786D6C504B01021400140006080800B670623B3B4606F3FE000000A00100003B000000000000000000000000000E1000006662782F42384135303843342D343331462D343546312D424341352D3532343432364645413344462F72
310
65736F75726365732F636F72652E786D6C504B0506000000000E000E0080040000651100000000
  0
XRECORD
  5
BAB
102
{ACAD_REACTORS
330
186
102
}
330
186
100
AcDbXrecord
102
MATERIAL
148
0.0
149
0.0
149
0.0
 93
        0
 94
       63
282
     0
 72
     1
 77
     1
171
     1
175
     1
179
     1
273
     0
  0
XRECORD
  5
187
102
{ACAD_REACTORS
330
186
102
}
330
186
100
AcDbXrecord
 70
     1
 90
429727718
  1
887D55A9-D0DD-414E-B741-A7DCD4DA2B4C
310
504B03040A0000080000B670623B3DEE336E79000000790000001B0000006175746F6465736B2D64657369676E2D7061636B6167652E786D6C3C3F786D6C2076657273696F6E3D22312E302220656E636F64696E673D227574662D3822203F3E3C666F726D6174733E3C666F726D61743E687474703A2F2F736368656D612E
310
6175746F6465736B2E636F6D2F64657369676E2D7061636B6167652F323030393C2F666F726D61743E3C2F666F726D6174733E504B0304140006080800B670623BD486FD9CA0000000F4000000130000005B436F6E74656E745F54797065735D2E786D6C7D8EC10E82300C865F65E91D8A1E8C310C0EEA1BF002731658846E
310
D98AC1B77784ABF1D8FE5FBFBF75BBCE937A534CCEB38643598122B6FEE978D0B0485F9C41B54DDD7D022595594E1A469170414C76A4D9A4D207E29CF43ECE46F218070CC6BECC4078ACAA135ACF422C856C0E68EA1BF5669944DDD7BCDE7B1F8E415D77AECB980613C2E4AC91FC167A2B244592486606FC29C8FD7F045B9A
310
EF7053A7E60B504B0304140006080800B670623BBC1638F5EC0000007C01000008000000636F72652E786D6C8D90416EC3201045AF82665B61836BE2D8C24471DB9CA01740401C94182C03558F5F9C3852BBEB6A467FFE9B197D7EF89E6EE8CB2CC17AD7032D0820E394D7D68D3DA478C67B4007C117EFE32F1B202727D3C3
310
2A83E0E3E2D3BC49CABB685CCCAAF3DA6CA20CC14440EA969B1E82BA98491632C5EC08D76296EA2A4753D06797E194AC468F2356E77DF66CCD02825543D50CACC62D39ED70FDC68EB8FD68F6F8787A6784342D1DDA1D2F5758F068A7E77DB518198D065111D2624A31A93E69DD11D6D5EC85EC3B4278B9DAFF4069D6FF8492
310
75F1B5DADE7D600104CD8FDC0782976B16B9DC83CA75CD4DFC00504B0304140006080800B670623B55019EA25F0000007C00000007000000636E782E786D6C4DCB3B0E80201045D1AD90E915ED2CF8AC45050C11660C8261F98AB1B07AC9C97D42D718D865D3E909258CFD00CCE24AC6E326A164D74DC0B4128928FF326038
310
472BA13128B1252AC747C6BAB984FC68F0B87FE8960A5C09FE86CFB69FBA01504B0304140006080800B670623B3586FFB671010000D40300000C0000006662782F636F72652E786D6CC553ED6E8320147D15C2DF4541A76D6D90A6DDD627D80B50A4CE54C120983EFEAE1F4DD7A55BBA5FF3879273EEE59E7310B6393735EA
310
95ED2AA3731C851423A5A5292A5DE6D8BB63B0C268C39935C67D29C3488B46E578803167A535BE9D2169B453DA01AA4DA16650749D7218C91A1639EEE4876A4428BC838AEE14B6429E44A9C228041AEA38EB9C0501681A32BC313F1ECE8C4C3867DE57C5CC56054CAB8E95B298A7F12E5EEED224C8E87E11242FE936C8DE96
310
AB60BB7F4D295D66D12E5B30323473E6AAE6A24E5A259C2A308F29CD82280A68FC1E256B9AAE93F489AED694323294DF34F9B678B0C957DA3DC7B3DCA9ADC33C022123F1CD2D44E450277AD04338234388F01913BE0D1A0281909D38D4171F27807A259DB1093085F157AA17B557309586747CD0CF0B46A64E983A6E0EAEEF
310
CE881F9EF1FB8E70D44297604238581EBC1B74B249C31C5AAB6CD0BB33D2C636A27ECCC62F0EFF445DC5DF95244D6DEC7F2922F30191F9F720C37DE49F504B0304140006080800B670623B4220A0FF7D0000009D0000000B0000006662782F636E782E786D6C4DCCD10A83201886E15B91FFDCE542CB0335D0EC3E6259C84A
310
C3E9D8E5AF46073BFAE0E1E315DD675BD1DBA5978F41C2FD4600B9F088930F8B849267CC01754AA418F3DF0D50183727E164506249B1EC174D6E1ECB9A0F5D7D785E68DB8151CD286E5A5363CA6B8A39E90D36D40E96B086F55A43A544F52B1D7B86D517504B0304140006080800B670623B2FA3FEDE290100001202000031
310
0000006662782F45374635344235342D363743322D343832342D383044432D4334454645303536354442422F636F72652E786D6C8D515B6EC32010BC0AE22B55850D2E386E848994D7097A0117488A1283C5A3CAF10BB523B57FF961D1ECCCECC0F2ED7DBC816FED8371B687A4C210682B9D32F6D2C314CFA883602BB8772E
310
FEA141608751F7B0C050F08B77695A20E96CD43666D43AA5177008414708E42D5F7A18E4971E876A483133C2B59A06791D2EBA22556E679EE021FA1C00CC43CA09C5717D6274C7286AD7FB06D1AEA1A8C3873DDAD3E3E98859CB0EBB1DAF67A1E02919B5C88DCA71CCD968FFAC49110B1ECDF8882FBD1EA256503418BF2342
310
106E3E08DD60B6A1EC15771B8C795DE8FF4469524F8A92B1F1AD59E2CEB20005E1F5DC105CB9F4797B84D1F7C9F908CABC55D0F2050A5C61CC1AD2F27A26E6E767C7962E8E213A9FBF7775FDCC5CC266DB960A5E970DE5F2BBBE5CCB36C50F504B0304140006080800B670623B1B8617914E01000033030000300000006662
310
782F45374635344235342D363743322D343832342D383044432D4334454645303536354442422F636E782E786D6CD593C16EC32010447F0571AD6CE3D489D20813A9877E410FBD62D82434182CC055F3F75D1292E692438FBD206B7698593D61BEFD1E2DF982108D773D6D6B460938E5B571FB9ECE6957AD29D90A1EBC4F77
310
364A9C1CA1A759A682EF839FA72269D8C9D92654AD71C72206887E0E0A22CAF926B15E498B01E0AA19451807D01A34B919F16B070157417138917400F2F6FA41FCF0092A45DEE414C19BDC21783E4BD39D891265658C3D8DEA00A3ACE59CBC8678ACB54CB26EEB6BD7839D7E9348BE70AD9C8321B9BCA7F9A4A26C542347DE
310
E050F09802D22BA6749A800A394DD62899107273365E3C82CFC6A55557BC06C10774B7ABE7AEC3B0F34CF06446280E154026D0542C187BA9DAB6628BF7B6DBB0E5A65B3EB1F58631DE64BBE083F7B65CC218087E22CABB042E51D1F2268F1FE12B3EA24D40D63E9CFE00120194D60B9D5BC67FE6D39CDF37E20AF817881F50
310
4B0304140006080800B670623B29652116630500003C100000340000006662782F45374635344235342D363743322D343832342D383044432D4334454645303536354442422F6F626A656374732E786D6CAD575D739B3814FD2B0CFB0C989834C90EA1639B24E3E9A6EDD4D3CE3E64C623834CD8006224913AFDF57B040203
310
B65BEF871F0C12D2FD3CF7E8CA7FBFCB33E3957291B2E2D674ED8969D02262715A24B76625B7D6B569BC0F7CCE98EC2D338D82E4F4D654D366E0279C55A59E8AE99654991CCDDECFFF3444440B6A1A514684B83545F44C7362934AB2988A173B2692D8C97667BB76B3702836E1A47C1E092D09A78584A5982F20C5688C7287
310
C389E904BEA3BE07BEFAD7ABA6A75739B53F43FD69212429A20365233153D70BEF2E2E6FAC4BCF9B5ADEBB0BD79ADFCF43CBBD9A4E16EF168B9BD9DD0D140BC921495BC2E9D60C1E101B9E46BED37CEA2CD6861F3329624541A3DA7F7858DBAC25C6B4A4458C3CA654405BCFEBC970E8AAD8F43E4FD558ABEC4F9FE7557F47
310
4F506B7BFBEC5BCA367FC105710E2AB8A00A554D7CB4A30DFE26FBA86D18CBF4B75418399194A72433B274C3097F33032C554B027F2046A1932B842B0FCCC0DDCBEBDB8AD2F835768F59B9ADB24C41D30C6A64AF817F2A456D59FA83F2E3DA60137255A585BCD60EC9B7929AC18DEFD49381AF1ED30BFDB109A4B1CD488294
310
C3CDE6EBC8D185AABD6568061FEE37BB95AAC7E3CA4BCE4ACAA5820FA0D526AE7DAA2869B5EE5999531BE0CC20E6FBA07C41E43FA27CF7A6206F3CDD793B4F6B919C1462CB788EDCD893FA674CDA17AB7B3B7C019F8D561FAEE966FED562DFE98C1D12C6A9FC015C2A35D7FF3D7FC398F591DA4B5FE0BFA2C0189FEA50AE22
310
92817A1ED3020951A03432862970F976B33383259812CC8E5D240BBA801CBCF8CE2BBEE3BF910DB6AAD5F79E05123AE2DB33981FB1ACCB02B69D00CB014FD68AB573A7627EF9BFD4CC2C5C7D58557C4B22FAA88925A4DBB44825CECE3D78FB060D1231F0E885BE7D673C86A3874958F593906B5502D1563157814FDAC3420D
310
F69A070A22EC4B98E23CFF171A1E5311D12C23056555ABA53B8614563B92D17D02AAB009E8F46284624E5F53D5490C560CCCC2591FF1B45421EB0EBD8EA7ED13BE7C5D7E0428CD60FEF60779EB13E6664FF711CB185F6FDED60D139A001FF60CD1FD6D086F1D51474901E26B2CB794A343BC8ED3EDB612E0DD2351FCB65CF4
310
33D511C9E14B5B40ADC6A6263DB0336A8F700DDF56271A024E70B0B3629DE21847591E55DED73D56206AB927E46FAABC5C939C55853C274C93D69FD6FA4E78BF8B11DF898C9ECD60553FAD39283BA6F18984AA23E8884F83F45C5F5F859797B31B2B9C84A1E5B9DE9D35BFF25C6B76152E422F9C5DCC3D847F5801ED09D5AF
310
41441327A25FF15487F9EB725FB666F048A4701E9A827292E6F97569A32DF61DEC01C0BB8DCBBCCC684E0B49147C1FD54BF685A0AB18C868E6973949E819523E3DAC463660E68C7D9F55A9D1EFA3BD7A76A16AE1A810F95CE59B82A4D968A376DC2E8B44BBDD86B27B368CDE0ED548C7137DA860591A83706223A12CA712B4
310
7306DBF39C0A20A6DF95C7FAF670C6EED7A61F946493D1D6926782963813403548A78AE470DEF80D2D9CEAA26E4D1C76F60BFE74219A06527D6B82DF641A51616F703CAAC6A7160E08A00BEB4810A0274592A1B36E3675E36E978A0DE80727A0D6DF2D39A75BD27E0D8837276589537B40ABB56D5A41F48F1C6FCD3188C4EB
310
A6929D2FFB89CE995A4D00AE813BDD032DC48B56BD437DFDDC2DD7AED70C2272D63DE9A72068A45A92F0A4BE17A8A06B9366E16707AD80B1FC649459952097E74BB23805982B55E0401150A165964402AA8BDF9F3E7386BB686EDCA780C0D382E5392BF460A6EFB2C6EA1937D3F809B440D5F5435C4C5CF7A9EEFAF54564BD
310
2182DA24162F98680B4E7930C21A0079709CEAEB99A372305ABE0C0D7D6078105A83F6A0296DAEE1068A47DD1C55A9F4C9B2FC69E3EFD44B81028E963DF81B504B0304140006080000B670623B000000000000000000000000350000006662782F45374635344235342D363743322D343832342D383044432D433445464530
310
3536354442422F76657274696365732E62696E504B0304140006080800B670623BF270F1330600000004000000360000006662782F45374635344235342D363743322D343832342D383044432D4334454645303536354442422F747269616E676C65732E62696E636660600000504B0304140006080000B670623B00000000
310
0000000000000000370000006662782F45374635344235342D363743322D343832342D383044432D4334454645303536354442422F617474726962757465732E62696E504B0304140006080800B670623B08DA0BD19000000041010000360000006662782F45374635344235342D363743322D343832342D383044432D4334
310
454645303536354442422F6469726563746F72792E786D6C858F410AC3201045AF22B36F53E9A60B35CBEEBAE80D244E44489C6234F4F835464A48035D0DF398FF9F8AF63D0E6CC63039F212F8F9020C7D47C6792B21C5FE7403D62A1188E2E60C98D7234A5830286103A55745067B9D86B8A3CF9C7F90C11DE607FB144396
310
D7B6A82D282E9A152AD114D5EF2CB866EEE831B8EEA07A7BB5A8D7D61A2BAAEB7FD5F70921FF497D00504B0304140006080800B670623B6378F24DFF000000A00100003B0000006662782F45374635344235342D363743322D343832342D383044432D4334454645303536354442422F7265736F75726365732F636F72652E
310
786D6C8D504B6E833010BD0A9A6D65B0094E42641C85B639412F6099496225D8C89FAAC7AF09546A77DDCC8CDE47F3F4C4F16B7C149FE88371B603565228D06A37187BED20C50BD9437194C23B177FC9A0B06AC40E6618A4B87A97A615D2CE46B431A3D60DB8822A048C50E8473E3A08FA86A32A558A5911EEE5A4F45D5DB1
310
6465A6B34E8A107D0E502C4FE609D26370C96B0CA25A58295232C3AA3143FE692E063D485EF7F5AEE71BD2D2F39634AFFC44DAF7DD9E9CCE6F9CD25DCBFA762BAAD92C4534E34F46ED51451C40D694B6843142EB0FD61C283F34FC85EE0F948A6A96FF31A569F8A729191B37F51A77B105902C0779125254735F793DCBCC7B
310
EE567E03504B010214000A0000080000B670623B3DEE336E79000000790000001B00000000000000000000000000000000006175746F6465736B2D64657369676E2D7061636B6167652E786D6C504B01021400140006080800B670623BD486FD9CA0000000F40000001300000000000000000000000000B20000005B436F6E
310
74656E745F54797065735D2E786D6C504B01021400140006080800B670623BBC1638F5EC0000007C010000080000000000000000000000000083010000636F72652E786D6C504B01021400140006080800B670623B55019EA25F0000007C000000070000000000000000000000000095020000636E782E786D6C504B010214
310
00140006080800B670623B3586FFB671010000D40300000C00000000000000000000000000190300006662782F636F72652E786D6C504B01021400140006080800B670623B4220A0FF7D0000009D0000000B00000000000000000000000000B40400006662782F636E782E786D6C504B01021400140006080800B670623B2F
310
A3FEDE290100001202000031000000000000000000000000005A0500006662782F45374635344235342D363743322D343832342D383044432D4334454645303536354442422F636F72652E786D6C504B01021400140006080800B670623B1B8617914E010000330300003000000000000000000000000000D2060000666278
310
2F45374635344235342D363743322D343832342D383044432D4334454645303536354442422F636E782E786D6C504B01021400140006080800B670623B29652116630500003C10000034000000000000000000000000006E0800006662782F45374635344235342D363743322D343832342D383044432D4334454645303536
310
354442422F6F626A656374732E786D6C504B01021400140006080000B670623B0000000000000000000000003500000000000000000000000000230E00006662782F45374635344235342D363743322D343832342D383044432D4334454645303536354442422F76657274696365732E62696E504B01021400140006080800
310
B670623BF270F13306000000040000003600000000000000000000000000760E00006662782F45374635344235342D363743322D343832342D383044432D4334454645303536354442422F747269616E676C65732E62696E504B01021400140006080000B670623B0000000000000000000000003700000000000000000000
310
000000D00E00006662782F45374635344235342D363743322D343832342D383044432D4334454645303536354442422F617474726962757465732E62696E504B01021400140006080800B670623B08DA0BD190000000410100003600000000000000000000000000250F00006662782F45374635344235342D363743322D34
310
3832342D383044432D4334454645303536354442422F6469726563746F72792E786D6C504B01021400140006080800B670623B6378F24DFF000000A00100003B00000000000000000000000000091000006662782F45374635344235342D363743322D343832342D383044432D4334454645303536354442422F7265736F75
310
726365732F636F72652E786D6C504B0506000000000E000E0080040000611100000000
  0
XRECORD
  5
BAC
102
{ACAD_REACTORS
330
110
102
}
330
110
100
AcDbXrecord
102
MATERIAL
148
0.0
149
0.0
149
0.0
 93
        0
 94
       63
282
     0
 72
     1
 77
     1
171
     1
175
     1
179
     1
273
     0
  0
XRECORD
  5
18A
102
{ACAD_REACTORS
330
110
102
}
330
110
100
AcDbXrecord
 70
     0
 90
1778669749
  1
9BF507EE-FAF7-4A99-A33D-4EE51894BC40
310
504B03040A0000080000B670623B3DEE336E79000000790000001B0000006175746F6465736B2D64657369676E2D7061636B6167652E786D6C3C3F786D6C2076657273696F6E3D22312E302220656E636F64696E673D227574662D3822203F3E3C666F726D6174733E3C666F726D61743E687474703A2F2F736368656D612E
310
6175746F6465736B2E636F6D2F64657369676E2D7061636B6167652F323030393C2F666F726D61743E3C2F666F726D6174733E504B0304140006080800B670623BD486FD9CA0000000F4000000130000005B436F6E74656E745F54797065735D2E786D6C7D8EC10E82300C865F65E91D8A1E8C310C0EEA1BF002731658846E
310
D98AC1B77784ABF1D8FE5FBFBF75BBCE937A534CCEB38643598122B6FEE978D0B0485F9C41B54DDD7D022595594E1A469170414C76A4D9A4D207E29CF43ECE46F218070CC6BECC4078ACAA135ACF422C856C0E68EA1BF5669944DDD7BCDE7B1F8E415D77AECB980613C2E4AC91FC167A2B244592486606FC29C8FD7F045B9A
310
EF7053A7E60B504B0304140006080800B670623BCA089DFFEC0000007C01000008000000636F72652E786D6C8D90416E83301045AF62CDB632D8402020E32882F604BD80653BC44AB011B6AB1EBF262152BBEB6A467FFE9B197D76FA9EEFE84BAFDE38DB03CD08206DA553C64E3DC470C1474027CE56E7C22F1B202B66DDC3
310
260367D3EAE2B24BD2D9A06D48AA754AEFA2F05E0740F29E9A1EBCBCEA59642286E4F0B76C11F226269DD15797E0188D42CF2346A57DE662F40ABCAEC77628C6120F654571D50C04B7F5B9C1E3997CD4F550BE3745C3F20DE62C98F9755FAE5A04AD801784B498524C8A4F5A75E4D055873772EC0861F966FF03C545FD138A
310
C686B2D8DF7D621E384D8F3C069CE55B16A93C824A75CB8DFF00504B0304140006080800B670623B55019EA25F0000007C00000007000000636E782E786D6C4DCB3B0E80201045D1AD90E915ED2CF8AC45050C11660C8261F98AB1B07AC9C97D42D718D865D3E909258CFD00CCE24AC6E326A164D74DC0B4128928FF326038
310
472BA13128B1252AC747C6BAB984FC68F0B87FE8960A5C09FE86CFB69FBA01504B0304140006080800B670623B68FC0B7272010000D40300000C0000006662782F636F72652E786D6CC5535B6E833010BC8AE5DF0A6C1E8124328E22D29EA01770C0A128602363A31CBFCB234A53A555FA553EC09AD9F5CE8C31DB5DDA060D
310
D2F4B556190E7C8A9154852E6B5565D8D993B7C668C799D1DA7E29C3488956667884316795D1AE5BA0422B2B950554E9522EA0E87B69312A1A5864B82F3E642B7CE12C54F467BF13C55954D20F7CA0A18EB3DE1A1080E621E31BF3D3F1C2C88C73E65C5D2E6C5DC2B4FA544B8379921C36797888BC3C8A032F4E73EA6D927D
310
EA1DF6F42D49F2E8350D5346C666CE6CDD5ED515460A2B4BCC434A375E1078347C0FE22D5D6DE3D50B5D6F2965642CBF6B725DF96493AB958DC245EEDCD6631E809089F8E61622B2A81703E8219C913144F84C09DF070D8140C8561C9BAB8F3340832CAC363130A576376A108D933095FA747AD0CF0B46E64E983A6D0EAE1F
310
CE089F9EF1FB8E70D44255604258581E9D1D75B259C3125A278D37D80B52DAB4A279CEC62F0EFF44DDC43F9454E8469BFF5244960322CBEF41C6FBC83F01504B0304140006080800B670623B0F71DDB67E0000009D0000000B0000006662782F636E782E786D6C4DCCD10A83201886E15B91FFDCA54DB73F502386BB8F5816
310
32D3703976F9ABD1C18E3E78F87855FB990379BBFCF2296AE02706C4C5471A7C9C349475A408A4352AA7B4FEDD80C47E761A7606A3A69CCA72D0E0C6BE8475D3E0E3F3409428EA6B27A84079A782899AA2EC1A7AE3ECCC2FD858CB2D544655BFD2B67BD87C01504B0304140006080800B670623BE134B4FB28010000120200
310
00310000006662782F38353834323741342D343835462D343034322D383541392D4331303331363839454531452F636F72652E786D6C8D515B6EC32010BC0AE22B55850D0EA424C24451959EA0172086A42831583CAA1CBF503B52FB971F16CDCECC0EACD8DFC71BF836215AEF7A481A0C817183D7D65D7A98D3197108F652
310
04EFD31F1A044E8DA6871586525C82CFD3020DDE25E352419DD76601558C264130DCCAA58771F832A36A544E8511AFCDA486ABBA988634A55D7852C4144A00300FA927949C71DABD1D28A29C7D208A6987383B6CD13BC16BB2E1DBE3911C453B0BA5C8D9EA456E758963CFD684674DAA588A64C747FC2118958C86B2C3788B
310
0841B8FB247487D98EB257CC77188BB6D2FF89F2A49F1465EBD2BA5BE2CEB2082511EDDC9042FB7CBA3DC298FBE4430275DE2A9AE1054ADC60CC08E3A29D89E5F9C5714317C7987C28DFBBBA9E0A97B0D97643A568EB864AF95D5FA9759BF207504B0304140006080800B670623B1B8617914E010000330300003000000066
310
62782F38353834323741342D343835462D343034322D383541392D4331303331363839454531452F636E782E786D6CD593C16EC32010447F0571AD6CE3D489D20813A9877E410FBD62D82434182CC055F3F75D1292E692438FBD206B7698593D61BEFD1E2DF982108D773D6D6B460938E5B571FB9ECE6957AD29D90A1EBC4F
310
77364A9C1CA1A759A682EF839FA72269D8C9D92654AD71C72206887E0E0A22CAF926B15E498B01E0AA19451807D01A34B919F16B070157417138917400F2F6FA41FCF0092A45DEE414C19BDC21783E4BD39D891265658C3D8DEA00A3ACE59CBC8678ACB54CB26EEB6BD7839D7E9348BE70AD9C8321B9BCA7F9A4A26C542347
310
DEE050F09802D22BA6749A800A394DD62899107273365E3C82CFC6A55557BC06C10774B7ABE7AEC3B0F34CF06446280E154026D0542C187BA9DAB6628BF7B6DBB0E5A65B3EB1F58631DE64BBE083F7B65CC218087E22CABB042E51D1F2268F1FE12B3EA24D40D63E9CFE00120194D60B9D5BC67FE6D39CDF37E20AF817881F
310
504B0304140006080800B670623B5933D422630500003B100000340000006662782F38353834323741342D343835462D343034322D383541392D4331303331363839454531452F6F626A656374732E786D6CAD575B6FA33814FE2B887D0642934E9B156594264D158D3A534DD4D13E548A0C38942D60649B4EBABF7E3F8321
310
40924EF6928780CDF1B97EE762EFF32E4B8D37CA45C2F21BD3B547A641F39045491EDF98A5DC5AD7A6F1D9F73863B243661A39C9E88DA9B64DDF8B392B0BBD15D12D295339D85DDEFE618890E6D434C2940871638AF08566C426A5641115AF764424B1E3EDCE76ED9AB0CF36E6A47819302D08A7B984A6D8CFC1C5A89572FB
310
CB91E9F89EA3BEFB9EFAD754E3D3544E654F5F7E920B49F2F040D880CDD89D2CEE2E2EA7D6E56432B6269F2E5CEB7679BBB0DCABF168FE693E9FCEEEA6102C240727AD09A75BD3BF876F78127A4EFDA9D5582B7E4CA590E5390D2BFB6161A5B3E618D182E611E2985001691DAB47FDA5AB7CD3F93C566B2DB2BB7D9E55DD13
310
1D468DEECDB3AB290BFE8409E21C54704115AA6AFF68436BFC8DF65E0B184BF5B74418199194272435D224E084BF9B3E481589EFF5D828747285706581E9BB7B7E5D5D911ABFC6EE312DB7659A2A689A7E85EC0DF04FA5A8344BFEA2FCB834E8845895492EAFB541F2BDA0A63FF59C6AD3F7D4637CA13FD68E34B629891172
310
98597F1D183A57B9B75A98FE9765B05BAB7C3C2EBCE0ACA05C2AF8005A4DE09AA7F29216EB9E15397500C6F47CBE77CA7778FE2BD277AF0AE2C693DD6437D1522427B9D8329E2136F6A8FA19A3E6C56ADF0E5F50CF06D48734EDCEBF22F69C56D97EC138153F804B85E6FABFC7AFEFB32E523BE1F3BD372418E363EDCA7548
310
52949E8724474014288D94610BB57C1BEC4C7F854A89CA8E5324F55B871CBC78CE1BBEE3BFE68D6A5589EF3C730474506FCFA8FCF0659516D0ED04580EEA6425581B77CAE797FF4BCECC16EB2FEB926F49481F746159D06D922712BD730FDEAE42BD40F42C7AA5EF3F198F60E86110D6DD20645A9480B795CF95E3E3A659A8
310
C55E724F408873315335CFFB8584874484344D494E59D94869DB90C26A5B64F49C802CAC1D3ABE18A098D3B7444D123D8A9E5AE8F5214F0AE5B2B6E9B575DA3E61CBD3EA2B4009FA940524DD1305FB6A1FB294F14DF0BEA90BA109ECE1481FDC3FFAE8D60E75141700BE82725371B4873751B2DD960265F788137FACE6DD40
310
B575E4F0A5C99F46629D92131467A41EE11ABD8D4CCC039CA0AFB37C93A08B232B8F0AEFCA1E0A1015DF13FC83322B362463652ECF71D3A8B1A7D1BE65DE1D62C44F22C317D35F574FEB16153BA2D13E543D10A80E74C4A65E78A6B7CBCBD1D5DD9DB59C2DAFACC96C3AB566E3F1C29ADCDD5DBAD7D3C9ED7C822ED74F80A6
310
41755310DE4443F44A9E68373FADF6596BFA0F440AE7BECE2727AE9F4F2B1B53B1E7E00CF0DD1E5C65454A339A4BA2D0FBA05ED2EF0443458F47BDBFCA484CCFE0F2ED7E3DD0013B679C7B5499467F0ECEEADDB9CA85A34CE44B99053949D2C1416DB85DE4B136BB7165FBAC0B7AB3542BED4F8CA182A549847A1319316519
310
95A83A67147B9E5101C47487F2485F1ECE38FD568F839204296D3479219888530154036E6528FBFBC66F98E0D4107563A2D7D9AFF8D389681A08F58D89F22693900A3B407754734FC51C10C010D6D640809EE4718AC1BA3ED4AEDB53CA37283F68805A7E4B72CEB0A4EDEAD5DD8C14059A76AFAA56BA6901E13F32BC51C720
310
12AF41295B5BF61BAD3195181FB506E6B40F4C10AF5AF40EF9F5B159AE5DD1F43C72D635E94310D45C2D49785C5D0B94D3B54AB3C5A38349C0587D338AB48C11CBF339599C02CCA54A70A008A8D03C0B2201D5F9EFCF8F9CE12A9A19CB0410789EB32C63B95ECCF455D658BFE0621A3DA32C5075FB101723D77DAE867E7D0F
310
D90444509B44E2151B4DC2290B065803200FBAA9BE9D392A0603F2D5C2D00D6302A615680F66D2FA166E2079D4C551A54AB758161FCEFD4E450A14704CECFEDF504B0304140006080000B670623B000000000000000000000000350000006662782F38353834323741342D343835462D343034322D383541392D4331303331
310
363839454531452F76657274696365732E62696E504B0304140006080800B670623BF270F1330600000004000000360000006662782F38353834323741342D343835462D343034322D383541392D4331303331363839454531452F747269616E676C65732E62696E636660600000504B0304140006080000B670623B000000
310
000000000000000000370000006662782F38353834323741342D343835462D343034322D383541392D4331303331363839454531452F617474726962757465732E62696E504B0304140006080800B670623B08DA0BD19000000041010000360000006662782F38353834323741342D343835462D343034322D383541392D43
310
31303331363839454531452F6469726563746F72792E786D6C858F410AC3201045AF22B36F53E9A60B35CBEEBAE80D244E44489C6234F4F835464A48035D0DF398FF9F8AF63D0E6CC63039F212F8F9020C7D47C6792B21C5FE7403D62A1188E2E60C98D7234A5830286103A55745067B9D86B8A3CF9C7F90C11DE607FB1443
310
96D7B6A82D282E9A152AD114D5EF2CB866EEE831B8EEA07A7BB5A8D7D61A2BAAEB7FD5F70921FF497D00504B0304140006080800B670623BD9A3B367FE000000A00100003B0000006662782F38353834323741342D343835462D343034322D383541392D4331303331363839454531452F7265736F75726365732F636F7265
310
2E786D6C8D504B6E833010BD0A9A6D65B01D0201194711694FD00B586642AD043BF2A7EAF16B122AB5BB6E6646EFA3797AE2F8B5DC8A4FF4C1383B002B291468B59B8C9D0748F1420E501CA5F0CEC55F3228AC5A708015062966EFD27D83B4B3116DCCA875136EA00A012314FA968F0182FEC045952AC5AC08D7F2AEF455CD
310
58B232D3592745883E07289E4FD609D26370C96B0CA27AB252A464A64D63A6FCD35C0C7A904D73EE467EE664DCD58CD4ED4849D79C5A723ED1B7A61977AF2D6F45B59AA58866F9C9A83DAA8813484E6947182394BFB3BAA7FBBEDEBFD0434FA9A856F91F53BA4FFF342563E38E6F719FB60092E5200F428A6AED2BAF479979
310
AFDDCA6F504B010214000A0000080000B670623B3DEE336E79000000790000001B00000000000000000000000000000000006175746F6465736B2D64657369676E2D7061636B6167652E786D6C504B01021400140006080800B670623BD486FD9CA0000000F40000001300000000000000000000000000B20000005B436F6E
310
74656E745F54797065735D2E786D6C504B01021400140006080800B670623BCA089DFFEC0000007C010000080000000000000000000000000083010000636F72652E786D6C504B01021400140006080800B670623B55019EA25F0000007C000000070000000000000000000000000095020000636E782E786D6C504B010214
310
00140006080800B670623B68FC0B7272010000D40300000C00000000000000000000000000190300006662782F636F72652E786D6C504B01021400140006080800B670623B0F71DDB67E0000009D0000000B00000000000000000000000000B50400006662782F636E782E786D6C504B01021400140006080800B670623BE1
310
34B4FB280100001202000031000000000000000000000000005C0500006662782F38353834323741342D343835462D343034322D383541392D4331303331363839454531452F636F72652E786D6C504B01021400140006080800B670623B1B8617914E010000330300003000000000000000000000000000D3060000666278
310
2F38353834323741342D343835462D343034322D383541392D4331303331363839454531452F636E782E786D6C504B01021400140006080800B670623B5933D422630500003B10000034000000000000000000000000006F0800006662782F38353834323741342D343835462D343034322D383541392D4331303331363839
310
454531452F6F626A656374732E786D6C504B01021400140006080000B670623B0000000000000000000000003500000000000000000000000000240E00006662782F38353834323741342D343835462D343034322D383541392D4331303331363839454531452F76657274696365732E62696E504B01021400140006080800
310
B670623BF270F13306000000040000003600000000000000000000000000770E00006662782F38353834323741342D343835462D343034322D383541392D4331303331363839454531452F747269616E676C65732E62696E504B01021400140006080000B670623B0000000000000000000000003700000000000000000000
310
000000D10E00006662782F38353834323741342D343835462D343034322D383541392D4331303331363839454531452F617474726962757465732E62696E504B01021400140006080800B670623B08DA0BD190000000410100003600000000000000000000000000260F00006662782F38353834323741342D343835462D34
310
3034322D383541392D4331303331363839454531452F6469726563746F72792E786D6C504B01021400140006080800B670623BD9A3B367FE000000A00100003B000000000000000000000000000A1000006662782F38353834323741342D343835462D343034322D383541392D4331303331363839454531452F7265736F75
310
726365732F636F72652E786D6C504B0506000000000E000E0080040000611100000000
  0
ENDSEC
  0
EOF
