  0
SECTION
  2
HEADER
  9
$ACADVER
  1
AC1018
  9
$ACADMAINTVER
 70
     0
  9
$DWGCODEPAGE
  3
ANSI_1252
  9
$LASTSAVEDBY
  1
cloudconvert
  9
$INSBASE
 10
0.0
 20
0.0
 30
0.0
  9
$EXTMIN
 10
35.82184578165593
 20
91.79874543857697
 30
0.0
  9
$EXTMAX
 10
434.9354088068531
 20
692.0226758701236
 30
0.0
  9
$LIMMIN
 10
0.0
 20
0.0
  9
$LIMMAX
 10
12.0
 20
9.0
  9
$ORTHOMODE
 70
     0
  9
$REGENMODE
 70
     1
  9
$FILLMODE
 70
     1
  9
$QTEXTMODE
 70
     0
  9
$MIRRTEXT
 70
     0
  9
$LTSCALE
 40
1.0
  9
$ATTMODE
 70
     1
  9
$TEXTSIZE
 40
0.2
  9
$TRACEWID
 40
0.05
  9
$TEXTSTYLE
  7
Standard
  9
$CLAYER
  8
0
  9
$CELTYPE
  6
ByLayer
  9
$CECOLOR
 62
   256
  9
$CELTSCALE
 40
1.0
  9
$DISPSILH
 70
     0
  9
$DIMSCALE
 40
1.0
  9
$DIMASZ
 40
0.18
  9
$DIMEXO
 40
0.0625
  9
$DIMDLI
 40
0.38
  9
$DIMRND
 40
0.0
  9
$DIMDLE
 40
0.0
  9
$DIMEXE
 40
0.18
  9
$DIMTP
 40
0.0
  9
$DIMTM
 40
0.0
  9
$DIMTXT
 40
0.18
  9
$DIMCEN
 40
0.09
  9
$DIMTSZ
 40
0.0
  9
$DIMTOL
 70
     0
  9
$DIMLIM
 70
     0
  9
$DIMTIH
 70
     1
  9
$DIMTOH
 70
     1
  9
$DIMSE1
 70
     0
  9
$DIMSE2
 70
     0
  9
$DIMTAD
 70
     0
  9
$DIMZIN
 70
     0
  9
$DIMBLK
  1

  9
$DIMASO
 70
     1
  9
$DIMSHO
 70
     1
  9
$DIMPOST
  1

  9
$DIMAPOST
  1

  9
$DIMALT
 70
     0
  9
$DIMALTD
 70
     2
  9
$DIMALTF
 40
25.4
  9
$DIMLFAC
 40
1.0
  9
$DIMTOFL
 70
     0
  9
$DIMTVP
 40
0.0
  9
$DIMTIX
 70
     0
  9
$DIMSOXD
 70
     0
  9
$DIMSAH
 70
     0
  9
$DIMBLK1
  1

  9
$DIMBLK2
  1

  9
$DIMSTYLE
  2
Standard
  9
$DIMCLRD
 70
     0
  9
$DIMCLRE
 70
     0
  9
$DIMCLRT
 70
     0
  9
$DIMTFAC
 40
1.0
  9
$DIMGAP
 40
0.09
  9
$DIMJUST
 70
     0
  9
$DIMSD1
 70
     0
  9
$DIMSD2
 70
     0
  9
$DIMTOLJ
 70
     1
  9
$DIMTZIN
 70
     0
  9
$DIMALTZ
 70
     0
  9
$DIMALTTZ
 70
     0
  9
$DIMUPT
 70
     0
  9
$DIMDEC
 70
     4
  9
$DIMTDEC
 70
     4
  9
$DIMALTU
 70
     2
  9
$DIMALTTD
 70
     2
  9
$DIMTXSTY
  7
Standard
  9
$DIMAUNIT
 70
     0
  9
$DIMADEC
 70
     0
  9
$DIMALTRND
 40
0.0
  9
$DIMAZIN
 70
     0
  9
$DIMDSEP
 70
    46
  9
$DIMATFIT
 70
     3
  9
$DIMFRAC
 70
     0
  9
$DIMLDRBLK
  1

  9
$DIMLUNIT
 70
     2
  9
$DIMLWD
 70
    -2
  9
$DIMLWE
 70
    -2
  9
$DIMTMOVE
 70
     0
  9
$LUNITS
 70
     2
  9
$LUPREC
 70
     4
  9
$SKETCHINC
 40
0.1
  9
$FILLETRAD
 40
0.0
  9
$AUNITS
 70
     0
  9
$AUPREC
 70
     0
  9
$MENU
  1
.
  9
$ELEVATION
 40
0.0
  9
$PELEVATION
 40
0.0
  9
$THICKNESS
 40
0.0
  9
$LIMCHECK
 70
     0
  9
$CHAMFERA
 40
0.0
  9
$CHAMFERB
 40
0.0
  9
$CHAMFERC
 40
0.0
  9
$CHAMFERD
 40
0.0
  9
$SKPOLY
 70
     0
  9
$TDCREATE
 40
2461197.246678241
  9
$TDUCREATE
 40
2461197.246678241
  9
$TDUPDATE
 40
2461197.274777222
  9
$TDUUPDATE
 40
2461197.274777222
  9
$TDINDWG
 40
0.0035532407
  9
$TDUSRTIMER
 40
0.0035532407
  9
$USRTIMER
 70
     1
  9
$ANGBASE
 50
0.0
  9
$ANGDIR
 70
     0
  9
$PDMODE
 70
     0
  9
$PDSIZE
 40
0.0
  9
$PLINEWID
 40
0.0
  9
$SPLFRAME
 70
     0
  9
$SPLINETYPE
 70
     6
  9
$SPLINESEGS
 70
     8
  9
$HANDSEED
  5
14BA
  9
$SURFTAB1
 70
     6
  9
$SURFTAB2
 70
     6
  9
$SURFTYPE
 70
     6
  9
$SURFU
 70
     6
  9
$SURFV
 70
     6
  9
$UCSBASE
  2

  9
$UCSNAME
  2

  9
$UCSORG
 10
0.0
 20
0.0
 30
0.0
  9
$UCSXDIR
 10
1.0
 20
0.0
 30
0.0
  9
$UCSYDIR
 10
0.0
 20
1.0
 30
0.0
  9
$UCSORTHOREF
  2

  9
$UCSORTHOVIEW
 70
     0
  9
$UCSORGTOP
 10
0.0
 20
0.0
 30
0.0
  9
$UCSORGBOTTOM
 10
0.0
 20
0.0
 30
0.0
  9
$UCSORGLEFT
 10
0.0
 20
0.0
 30
0.0
  9
$UCSORGRIGHT
 10
0.0
 20
0.0
 30
0.0
  9
$UCSORGFRONT
 10
0.0
 20
0.0
 30
0.0
  9
$UCSORGBACK
 10
0.0
 20
0.0
 30
0.0
  9
$PUCSBASE
  2

  9
$PUCSNAME
  2

  9
$PUCSORG
 10
0.0
 20
0.0
 30
0.0
  9
$PUCSXDIR
 10
1.0
 20
0.0
 30
0.0
  9
$PUCSYDIR
 10
0.0
 20
1.0
 30
0.0
  9
$PUCSORTHOREF
  2

  9
$PUCSORTHOVIEW
 70
     0
  9
$PUCSORGTOP
 10
0.0
 20
0.0
 30
0.0
  9
$PUCSORGBOTTOM
 10
0.0
 20
0.0
 30
0.0
  9
$PUCSORGLEFT
 10
0.0
 20
0.0
 30
0.0
  9
$PUCSORGRIGHT
 10
0.0
 20
0.0
 30
0.0
  9
$PUCSORGFRONT
 10
0.0
 20
0.0
 30
0.0
  9
$PUCSORGBACK
 10
0.0
 20
0.0
 30
0.0
  9
$USERI1
 70
     0
  9
$USERI2
 70
     0
  9
$USERI3
 70
     0
  9
$USERI4
 70
     0
  9
$USERI5
 70
     0
  9
$USERR1
 40
0.0
  9
$USERR2
 40
0.0
  9
$USERR3
 40
0.0
  9
$USERR4
 40
0.0
  9
$USERR5
 40
0.0
  9
$WORLDVIEW
 70
     1
  9
$SHADEDGE
 70
     3
  9
$SHADEDIF
 70
    70
  9
$TILEMODE
 70
     1
  9
$MAXACTVP
 70
    64
  9
$PINSBASE
 10
0.0
 20
0.0
 30
0.0
  9
$PLIMCHECK
 70
     0
  9
$PEXTMIN
 10
0.0
 20
0.0
 30
0.0
  9
$PEXTMAX
 10
0.0
 20
0.0
 30
0.0
  9
$PLIMMIN
 10
0.0
 20
0.0
  9
$PLIMMAX
 10
12.0
 20
9.0
  9
$UNITMODE
 70
     0
  9
$VISRETAIN
 70
     1
  9
$PLINEGEN
 70
     0
  9
$PSLTSCALE
 70
     1
  9
$TREEDEPTH
 70
  3020
  9
$CMLSTYLE
  2
Standard
  9
$CMLJUST
 70
     0
  9
$CMLSCALE
 40
1.0
  9
$PROXYGRAPHICS
 70
     1
  9
$MEASUREMENT
 70
     0
  9
$CELWEIGHT
370
    -1
  9
$ENDCAPS
280
     0
  9
$JOINSTYLE
280
     0
  9
$LWDISPLAY
290
     0
  9
$INSUNITS
 70
     1
  9
$HYPERLINKBASE
  1

  9
$STYLESHEET
  1

  9
$XEDIT
290
     1
  9
$CEPSNTYPE
380
     0
  9
$PSTYLEMODE
290
     1
  9
$FINGERPRINTGUID
  2
{BCF2DF4C-798D-8243-A91E-4D2FB1C384DD}
  9
$VERSIONGUID
  2
{31D09939-B1F8-1044-ABF5-3F10C6697FA6}
  9
$EXTNAMES
290
     1
  9
$PSVPSCALE
 40
0.0
  9
$OLESTARTUP
290
     0
  9
$SORTENTS
280
   127
  9
$INDEXCTL
280
     0
  9
$HIDETEXT
280
     1
  9
$XCLIPFRAME
290
     0
  9
$HALOGAP
280
     0
  9
$OBSCOLOR
 70
   257
  9
$OBSLTYPE
280
     0
  9
$INTERSECTIONDISPLAY
280
     0
  9
$INTERSECTIONCOLOR
 70
   257
  9
$DIMASSOC
280
     2
  9
$PROJECTNAME
  1

  0
ENDSEC
  0
SECTION
  2
CLASSES
  0
CLASS
  1
ACDBDICTIONARYWDFLT
  2
AcDbDictionaryWithDefault
  3
ObjectDBX Classes
 90
        0
 91
        3
280
     0
281
     0
  0
CLASS
  1
ACDBPLACEHOLDER
  2
AcDbPlaceHolder
  3
ObjectDBX Classes
 90
        0
 91
        1
280
     0
281
     0
  0
CLASS
  1
LAYOUT
  2
AcDbLayout
  3
ObjectDBX Classes
 90
        0
 91
        1
280
     0
281
     0
  0
CLASS
  1
DICTIONARYVAR
  2
AcDbDictionaryVar
  3
ObjectDBX Classes
 90
        0
 91
        3
280
     0
281
     0
  0
CLASS
  1
TABLESTYLE
  2
AcDbTableStyle
  3
ObjectDBX Classes
 90
     4095
 91
        3
280
     0
281
     0
  0
CLASS
  1
MATERIAL
  2
AcDbMaterial
  3
ObjectDBX Classes
 90
     1153
 91
        3
280
     0
281
     0
  0
CLASS
  1
VISUALSTYLE
  2
AcDbVisualStyle
  3
ObjectDBX Classes
 90
     4095
 91
        3
280
     0
281
     0
  0
CLASS
  1
SCALE
  2
AcDbScale
  3
ObjectDBX Classes
 90
     1153
 91
        3
280
     0
281
     0
  0
CLASS
  1
MLEADERSTYLE
  2
AcDbMLeaderStyle
  3
ACDB_MLEADERSTYLE_CLASS
 90
     4095
 91
        3
280
     0
281
     0
  0
CLASS
  1
CELLSTYLEMAP
  2
AcDbCellStyleMap
  3
ObjectDBX Classes
 90
     1152
 91
        3
280
     0
281
     0
  0
CLASS
  1
EXACXREFPANELOBJECT
  2
ExAcXREFPanelObject
  3
EXAC_ESW
 90
     1025
 91
        1
280
     1
281
     0
  0
CLASS
  1
NPOCOLLECTION
  2
AcDbImpNonPersistentObjectsCollection
  3
ObjectDBX Classes
 90
     1153
 91
        1
280
     1
281
     0
  0
CLASS
  1
LAYER_INDEX
  2
AcDbLayerIndex
  3
ObjectDBX Classes
 90
        0
 91
        3
280
     0
281
     0
  0
CLASS
  1
SPATIAL_INDEX
  2
AcDbSpatialIndex
  3
AutoCAD 2000
 90
        0
 91
        3
280
     0
281
     0
  0
CLASS
  1
IDBUFFER
  2
AcDbIdBuffer
  3
ObjectDBX Classes
 90
        0
 91
        3
280
     0
281
     0
  0
CLASS
  1
ACDBSECTIONVIEWSTYLE
  2
AcDbSectionViewStyle
  3
ObjectDBX Classes
 90
     1025
 91
        3
280
     0
281
     0
  0
CLASS
  1
ACDBDETAILVIEWSTYLE
  2
AcDbDetailViewStyle
  3
ObjectDBX Classes
 90
     1025
 91
        3
280
     0
281
     0
  0
CLASS
  1
SORTENTSTABLE
  2
AcDbSortentsTable
  3
ObjectDBX Classes
 90
        0
 91
        3
280
     0
281
     0
  0
CLASS
  1
DIMASSOC
  2
AcDbDimAssoc
  3
"AcDbDimAssoc|Product Desc:     AcDim ARX App For Dimension|Company:          Autodesk, Inc.|WEB Address:      www.autodesk.com"
 90
        0
 91
        3
280
     0
281
     0
  0
ENDSEC
  0
SECTION
  2
TABLES
  0
TABLE
  2
VPORT
  5
8
102
{ACAD_XDICTIONARY
360
146C
102
}
330
0
100
AcDbSymbolTable
 70
     1
  0
VPORT
  5
94
330
8
100
AcDbSymbolTableRecord
100
AcDbViewportTableRecord
  2
*Active
 70
     0
 10
0.0
 20
0.0
 11
1.0
 21
1.0
 12
397.8482504638246
 22
265.004549096195
 13
0.0
 23
0.0
 14
0.5
 24
0.5
 15
0.5
 25
0.5
 16
0.0
 26
0.0
 36
1.0
 17
0.0
 27
0.0
 37
0.0
 40
1097.134713748349
 41
2.632295719844358
 42
50.0
 43
0.0
 44
0.0
 50
0.0
 51
0.0
 71
     0
 72
  1000
 73
     1
 74
     3
 75
     0
 76
     1
 77
     0
 78
     0
281
     0
 65
     1
110
0.0
120
0.0
130
0.0
111
1.0
121
0.0
131
0.0
112
0.0
122
1.0
132
0.0
 79
     0
146
0.0
1001
ACAD_NAV_VCDISPLAY
1070
     3
  0
ENDTAB
  0
TABLE
  2
LTYPE
  5
5
330
0
100
AcDbSymbolTable
 70
     3
  0
LTYPE
  5
14
330
5
100
AcDbSymbolTableRecord
100
AcDbLinetypeTableRecord
  2
ByBlock
 70
     0
  3

 72
    65
 73
     0
 40
0.0
  0
LTYPE
  5
15
330
5
100
AcDbSymbolTableRecord
100
AcDbLinetypeTableRecord
  2
ByLayer
 70
     0
  3

 72
    65
 73
     0
 40
0.0
  0
LTYPE
  5
16
330
5
100
AcDbSymbolTableRecord
100
AcDbLinetypeTableRecord
  2
Continuous
 70
     0
  3
Solid line
 72
    65
 73
     0
 40
0.0
  0
LTYPE
  5
529
330
5
100
AcDbSymbolTableRecord
100
AcDbLinetypeTableRecord
  2
HIDDEN
 70
     0
  3
_ _ _ _ _ _ _ _ _ _ _ _ _ _ _ _ _ _ _ _ _ _ 
 72
    65
 73
     2
 40
0.25
 49
0.125
 74
     0
 49
-0.125
 74
     0
  0
LTYPE
  5
52A
330
5
100
AcDbSymbolTableRecord
100
AcDbLinetypeTableRecord
  2
DASHED
 70
     0
  3
Dashed __ __ __ __ __ __ __ __ __ __ __ __ __ _
 72
    65
 73
     2
 40
0.75
 49
0.5
 74
     0
 49
-0.25
 74
     0
  0
ENDTAB
  0
TABLE
  2
LAYER
  5
2
102
{ACAD_XDICTIONARY
360
18E
102
}
330
0
100
AcDbSymbolTable
 70
     6
  0
LAYER
  5
10
330
2
100
AcDbSymbolTableRecord
100
AcDbLayerTableRecord
  2
0
 70
     0
 62
     7
  6
Continuous
370
    -3
390
F
  0
LAYER
  5
52B
330
2
100
AcDbSymbolTableRecord
100
AcDbLayerTableRecord
  2
line
 70
     0
 62
     7
  6
Continuous
370
    13
390
F
1001
AcAecLayerStandard
1000

1000

  0
LAYER
  5
52C
330
2
100
AcDbSymbolTableRecord
100
AcDbLayerTableRecord
  2
dim
 70
     0
 62
     5
  6
Continuous
370
    -3
390
F
1001
AcAecLayerStandard
1000

1000

  0
LAYER
  5
52D
330
2
100
AcDbSymbolTableRecord
100
AcDbLayerTableRecord
  2
Defpoints
 70
     0
 62
     7
  6
Continuous
290
     0
370
    -3
390
F
  0
LAYER
  5
52E
330
2
100
AcDbSymbolTableRecord
100
AcDbLayerTableRecord
  2
LINE WORK
 70
     0
 62
     7
  6
Continuous
370
     5
390
F
  0
LAYER
  5
52F
330
2
100
AcDbSymbolTableRecord
100
AcDbLayerTableRecord
  2
Dime
 70
     0
 62
     5
  6
Continuous
370
    15
390
F
1001
AcAecLayerStandard
1000

1000

  0
ENDTAB
  0
TABLE
  2
STYLE
  5
3
330
0
100
AcDbSymbolTable
 70
     7
  0
STYLE
  5
11
330
3
100
AcDbSymbolTableRecord
100
AcDbTextStyleTableRecord
  2
Standard
 70
     0
 40
0.0
 41
1.0
 50
0.0
 71
     0
 42
0.2
  3
arial.ttf
  4

1001
ACAD
1000
Arial
1071
       34
  0
STYLE
  5
DC
330
3
100
AcDbSymbolTableRecord
100
AcDbTextStyleTableRecord
  2
Annotative
 70
     0
 40
0.0
 41
1.0
 50
0.0
 71
     0
 42
0.2
  3
arial.ttf
  4

1001
AcadAnnotative
1000
AnnotativeData
1002
{
1070
     1
1070
     1
1002
}
1001
ACAD
1000
Arial
1071
       34
  0
STYLE
  5
530
330
3
100
AcDbSymbolTableRecord
100
AcDbTextStyleTableRecord
  2
LUCID
 70
     0
 40
5.0
 41
1.0
 50
0.0
 71
     0
 42
5.0
  3

  4

1001
ACAD
1000
Lucida Sans
1071
 16777250
  0
STYLE
  5
531
330
3
100
AcDbSymbolTableRecord
100
AcDbTextStyleTableRecord
  2
TECH
 70
     0
 40
2.5
 41
1.0
 50
0.0
 71
     0
 42
6.0
  3
techb___.ttf
  4

1001
ACAD
1000
TechnicBold
1071
      514
  0
STYLE
  5
532
330
3
100
AcDbSymbolTableRecord
100
AcDbTextStyleTableRecord
  2
DIM
 70
     0
 40
0.0
 41
1.0
 50
0.0
 71
     0
 42
2.5
  3
techb___.ttf
  4

1001
ACAD
1000
TechnicBold
1071
      514
  0
STYLE
  5
533
330
3
100
AcDbSymbolTableRecord
100
AcDbTextStyleTableRecord
  2
ROM
 70
     0
 40
5.5
 41
1.0
 50
0.0
 71
     0
 42
5.0
  3
timesi.ttf
  4

1001
ACAD
1000
Times New Roman
1071
 16777234
  0
STYLE
  5
534
330
3
100
AcDbSymbolTableRecord
100
AcDbTextStyleTableRecord
  2
DETAIL
 70
     0
 40
4.5
 41
1.0
 50
0.0
 71
     0
 42
4.5
  3
arial.ttf
  4

1001
ACAD
1000
Arial
1071
       34
  0
ENDTAB
  0
TABLE
  2
VIEW
  5
6
330
0
100
AcDbSymbolTable
 70
     0
  0
ENDTAB
  0
TABLE
  2
UCS
  5
7
330
0
100
AcDbSymbolTable
 70
     0
  0
ENDTAB
  0
TABLE
  2
APPID
  5
9
330
0
100
AcDbSymbolTable
 70
    10
  0
APPID
  5
12
330
9
100
AcDbSymbolTableRecord
100
AcDbRegAppTableRecord
  2
ACAD
 70
     0
  0
APPID
  5
DD
330
9
100
AcDbSymbolTableRecord
100
AcDbRegAppTableRecord
  2
AcadAnnoPO
 70
     0
  0
APPID
  5
DE
330
9
100
AcDbSymbolTableRecord
100
AcDbRegAppTableRecord
  2
AcadAnnotative
 70
     0
  0
APPID
  5
DF
330
9
100
AcDbSymbolTableRecord
100
AcDbRegAppTableRecord
  2
ACAD_DSTYLE_DIMJAG
 70
     0
  0
APPID
  5
E0
330
9
100
AcDbSymbolTableRecord
100
AcDbRegAppTableRecord
  2
ACAD_DSTYLE_DIMTALN
 70
     0
  0
APPID
  5
107
330
9
100
AcDbSymbolTableRecord
100
AcDbRegAppTableRecord
  2
ACAD_MLEADERVER
 70
     0
  0
APPID
  5
1A6
330
9
100
AcDbSymbolTableRecord
100
AcDbRegAppTableRecord
  2
ACAD_NAV_VCDISPLAY
 70
     0
  0
APPID
  5
53A
330
9
100
AcDbSymbolTableRecord
100
AcDbRegAppTableRecord
  2
ACAD_DSTYLE_DIMJOGGED_JOGANGLE_SYMBOL
 70
     0
  0
APPID
  5
53B
330
9
100
AcDbSymbolTableRecord
100
AcDbRegAppTableRecord
  2
AcAecLayerStandard
 70
     0
  0
APPID
  5
53C
330
9
100
AcDbSymbolTableRecord
100
AcDbRegAppTableRecord
  2
ACAD_PSEXT
 70
     0
  0
ENDTAB
  0
TABLE
  2
DIMSTYLE
  5
A
330
0
100
AcDbSymbolTable
 70
     7
100
AcDbDimStyleTable
  0
DIMSTYLE
105
27
330
A
100
AcDbSymbolTableRecord
100
AcDbDimStyleTableRecord
  2
Standard
 70
     0
178
     0
340
11
  0
DIMSTYLE
105
E1
330
A
100
AcDbSymbolTableRecord
100
AcDbDimStyleTableRecord
  2
Annotative
 70
     0
 40
0.0
178
     0
340
11
1001
AcadAnnotative
1000
AnnotativeData
1002
{
1070
     1
1070
     1
1002
}
1001
ACAD_DSTYLE_DIMJAG
1070
   388
1040
1.5
1001
ACAD_DSTYLE_DIMTALN
1070
   392
1070
     0
  0
DIMSTYLE
105
535
330
A
100
AcDbSymbolTableRecord
100
AcDbDimStyleTableRecord
  2
LUCID
 70
     0
 41
3.0
 42
1.0
 43
0.5
 44
2.0
 73
     0
 77
     1
 78
     3
140
4.0
141
0.5
146
0.6600000000000003
147
1.5
172
     1
176
   256
177
   256
271
     2
178
   256
179
     1
271
     2
272
     2
273
     6
277
     4
279
     2
340
530
371
    -1
372
    -1
  0
DIMSTYLE
105
536
330
A
100
AcDbSymbolTableRecord
100
AcDbDimStyleTableRecord
  2
DIM
 70
     0
 41
1.5
 42
3.0
 43
1.5
 44
1.5
 73
     0
 74
     0
 77
     1
 78
     3
140
3.0
141
1.5
146
0.6600000000000003
147
1.5
172
     1
176
   256
177
   256
271
     2
178
   256
271
     2
272
     2
273
     6
277
     4
279
     2
340
532
342
24C
371
    -1
372
    -1
1001
ACAD_DSTYLE_DIMJOGGED_JOGANGLE_SYMBOL
1070
   384
1040
0.7853981633974483
  0
DIMSTYLE
105
537
102
{ACAD_REACTORS
330
7CF
330
7D2
330
7D3
330
7D6
330
7D9
330
7DC
330
7DF
330
7E2
330
7E5
330
7E8
330
7EB
330
7EE
330
7F1
330
7F4
330
7F5
330
7F8
330
7FB
330
7FE
330
7FF
330
802
330
805
330
808
330
80B
330
80E
330
811
330
815
330
818
330
843
330
7A1
330
7A4
330
7A7
330
7AA
330
7AD
330
7B0
330
7B1
330
7B4
330
7B7
330
7BA
330
7BD
330
7C0
330
7C3
330
7C4
330
7C7
330
7C8
330
7CB
330
84E
330
857
330
85D
330
860
330
864
330
867
330
86A
102
}
330
A
100
AcDbSymbolTableRecord
100
AcDbDimStyleTableRecord
  2
DETAIL
 70
     0
 41
2.0
 42
5.0
 43
0.125
 44
1.0
 46
1.0
 73
     0
 74
     0
 78
     3
140
4.0
141
0.25
146
0.6600000000000003
147
0.5
172
     1
176
   256
177
   256
271
     2
178
   256
179
     1
271
     2
272
     2
273
     6
277
     4
278
    44
279
     1
284
     8
340
534
342
24C
371
    -1
372
    -1
1001
ACAD_DSTYLE_DIMJOGGED_JOGANGLE_SYMBOL
1070
   384
1040
1.570796326794896
  0
DIMSTYLE
105
538
330
A
100
AcDbSymbolTableRecord
100
AcDbDimStyleTableRecord
  2
ROMAN
 70
     0
 41
2.0
 42
1.0
 44
1.0
 78
     3
140
4.0
176
   256
177
   256
271
     2
178
   256
179
     2
271
     2
272
     2
277
     4
340
533
341
245
342
245
371
    -1
372
    -1
1001
ACAD_DSTYLE_DIMJOGGED_JOGANGLE_SYMBOL
1070
   384
1040
0.7853981633974483
  0
DIMSTYLE
105
539
330
A
100
AcDbSymbolTableRecord
100
AcDbDimStyleTableRecord
  2
small
 70
     0
 41
1.0
 42
1.0
 43
0.125
 44
1.0
 46
1.0
 73
     0
 74
     0
 77
     1
 78
     3
140
3.0
141
0.25
146
0.6600000000000003
147
0.5
172
     1
176
   256
177
   256
271
     2
178
   256
179
     1
271
     2
272
     2
273
     6
277
     4
278
    44
279
     2
284
     8
340
534
342
24C
371
    -1
372
    -1
1001
ACAD_DSTYLE_DIMJOGGED_JOGANGLE_SYMBOL
1070
   384
1040
1.570796326794896
  0
ENDTAB
  0
TABLE
  2
BLOCK_RECORD
  5
1
330
0
100
AcDbSymbolTable
 70
    58
  0
BLOCK_RECORD
  5
1F
330
1
100
AcDbSymbolTableRecord
100
AcDbBlockTableRecord
  2
*Model_Space
340
22
  0
BLOCK_RECORD
  5
58
330
1
100
AcDbSymbolTableRecord
100
AcDbBlockTableRecord
  2
*Paper_Space
340
59
  0
BLOCK_RECORD
  5
5D
330
1
100
AcDbSymbolTableRecord
100
AcDbBlockTableRecord
  2
*Paper_Space0
340
5E
  0
BLOCK_RECORD
  5
245
102
{ACAD_XDICTIONARY
360
246
102
}
330
1
100
AcDbSymbolTableRecord
100
AcDbBlockTableRecord
  2
_Dot
340
0
  0
BLOCK_RECORD
  5
24C
102
{ACAD_XDICTIONARY
360
24D
102
}
330
1
100
AcDbSymbolTableRecord
100
AcDbBlockTableRecord
  2
_ArchTick
340
0
102
{BLKREFS
331
8D2
331
8D3
331
96D
331
96E
331
9A1
331
9A2
331
A70
331
A71
331
ACA
331
ACB
331
AE2
331
AE3
331
B6D
331
B6E
331
B77
331
B78
331
8EB
331
8EC
331
8FA
331
8FB
331
906
331
907
331
915
331
916
331
B63
331
B64
331
92E
331
92F
331
93B
331
93C
331
948
331
949
331
955
331
956
331
964
331
965
331
97A
331
97B
331
989
331
98A
331
995
331
996
331
9AD
331
9AE
331
9BA
331
9BB
331
9C7
331
9C8
331
9D4
331
9D5
331
9E1
331
9E2
331
9EE
331
9EF
331
9FB
331
9FC
331
A08
331
A09
331
A15
331
A16
331
A24
331
A25
331
A32
331
A33
331
A3E
331
A3F
331
A4D
331
A4E
331
A59
331
A5A
331
A66
331
A67
331
A7D
331
A7E
331
A8A
331
A8B
331
A97
331
A98
331
AA6
331
AA7
331
AB2
331
AB3
331
AC1
331
AC2
331
AD9
331
ADA
331
AEF
331
AF0
331
AFC
331
AFD
331
B09
331
B0A
331
B16
331
B17
331
B23
331
B24
331
B30
331
B31
331
B3F
331
B40
331
B4D
331
B4E
331
B59
331
B5A
102
}
  0
BLOCK_RECORD
  5
499
102
{ACAD_XDICTIONARY
360
49A
102
}
330
1
100
AcDbSymbolTableRecord
100
AcDbBlockTableRecord
  2
A$C44504939
340
0
102
{BLKREFS
331
822
331
825
331
82C
331
856
331
86D
331
86E
102
}
1001
ACAD
1000
DesignCenter Data
1002
{
1070
     1
1070
     1
1002
}
  0
BLOCK_RECORD
  5
4A4
102
{ACAD_XDICTIONARY
360
4A5
102
}
330
1
100
AcDbSymbolTableRecord
100
AcDbBlockTableRecord
  2
A$C02E93A12
340
0
102
{BLKREFS
331
81B
331
84C
331
84D
102
}
1001
ACAD
1000
DesignCenter Data
1002
{
1070
     1
1070
     1
1002
}
  0
BLOCK_RECORD
  5
4B1
102
{ACAD_XDICTIONARY
360
4B2
102
}
330
1
100
AcDbSymbolTableRecord
100
AcDbBlockTableRecord
  2
A$C30E77919
340
0
102
{BLKREFS
331
81C
331
81D
102
}
1001
ACAD
1000
DesignCenter Data
1002
{
1070
     1
1070
     1
1002
}
  0
BLOCK_RECORD
  5
86F
330
1
100
AcDbSymbolTableRecord
100
AcDbBlockTableRecord
  2
*D59
340
0
  0
BLOCK_RECORD
  5
87D
330
1
100
AcDbSymbolTableRecord
100
AcDbBlockTableRecord
  2
*D60
340
0
  0
BLOCK_RECORD
  5
88A
330
1
100
AcDbSymbolTableRecord
100
AcDbBlockTableRecord
  2
*D61
340
0
  0
BLOCK_RECORD
  5
898
330
1
100
AcDbSymbolTableRecord
100
AcDbBlockTableRecord
  2
*D62
340
0
  0
BLOCK_RECORD
  5
8A5
330
1
100
AcDbSymbolTableRecord
100
AcDbBlockTableRecord
  2
*D63
340
0
  0
BLOCK_RECORD
  5
8B2
330
1
100
AcDbSymbolTableRecord
100
AcDbBlockTableRecord
  2
*D64
340
0
  0
BLOCK_RECORD
  5
8BF
330
1
100
AcDbSymbolTableRecord
100
AcDbBlockTableRecord
  2
*D65
340
0
  0
BLOCK_RECORD
  5
8D7
330
1
100
AcDbSymbolTableRecord
100
AcDbBlockTableRecord
  2
*D66
340
0
  0
BLOCK_RECORD
  5
8E4
330
1
100
AcDbSymbolTableRecord
100
AcDbBlockTableRecord
  2
*D67
340
0
  0
BLOCK_RECORD
  5
8F1
330
1
100
AcDbSymbolTableRecord
100
AcDbBlockTableRecord
  2
*D68
340
0
  0
BLOCK_RECORD
  5
8FF
330
1
100
AcDbSymbolTableRecord
100
AcDbBlockTableRecord
  2
*D69
340
0
  0
BLOCK_RECORD
  5
90C
330
1
100
AcDbSymbolTableRecord
100
AcDbBlockTableRecord
  2
*D70
340
0
  0
BLOCK_RECORD
  5
91A
330
1
100
AcDbSymbolTableRecord
100
AcDbBlockTableRecord
  2
*D71
340
0
  0
BLOCK_RECORD
  5
927
330
1
100
AcDbSymbolTableRecord
100
AcDbBlockTableRecord
  2
*D72
340
0
  0
BLOCK_RECORD
  5
934
330
1
100
AcDbSymbolTableRecord
100
AcDbBlockTableRecord
  2
*D73
340
0
  0
BLOCK_RECORD
  5
941
330
1
100
AcDbSymbolTableRecord
100
AcDbBlockTableRecord
  2
*D74
340
0
  0
BLOCK_RECORD
  5
94E
330
1
100
AcDbSymbolTableRecord
100
AcDbBlockTableRecord
  2
*D75
340
0
  0
BLOCK_RECORD
  5
95B
330
1
100
AcDbSymbolTableRecord
100
AcDbBlockTableRecord
  2
*D76
340
0
  0
BLOCK_RECORD
  5
973
330
1
100
AcDbSymbolTableRecord
100
AcDbBlockTableRecord
  2
*D77
340
0
  0
BLOCK_RECORD
  5
980
330
1
100
AcDbSymbolTableRecord
100
AcDbBlockTableRecord
  2
*D78
340
0
  0
BLOCK_RECORD
  5
98E
330
1
100
AcDbSymbolTableRecord
100
AcDbBlockTableRecord
  2
*D79
340
0
  0
BLOCK_RECORD
  5
9A6
330
1
100
AcDbSymbolTableRecord
100
AcDbBlockTableRecord
  2
*D80
340
0
  0
BLOCK_RECORD
  5
9B3
330
1
100
AcDbSymbolTableRecord
100
AcDbBlockTableRecord
  2
*D81
340
0
  0
BLOCK_RECORD
  5
9C0
330
1
100
AcDbSymbolTableRecord
100
AcDbBlockTableRecord
  2
*D82
340
0
  0
BLOCK_RECORD
  5
9CD
330
1
100
AcDbSymbolTableRecord
100
AcDbBlockTableRecord
  2
*D83
340
0
  0
BLOCK_RECORD
  5
9DA
330
1
100
AcDbSymbolTableRecord
100
AcDbBlockTableRecord
  2
*D84
340
0
  0
BLOCK_RECORD
  5
9E7
330
1
100
AcDbSymbolTableRecord
100
AcDbBlockTableRecord
  2
*D85
340
0
  0
BLOCK_RECORD
  5
9F4
330
1
100
AcDbSymbolTableRecord
100
AcDbBlockTableRecord
  2
*D86
340
0
  0
BLOCK_RECORD
  5
A01
330
1
100
AcDbSymbolTableRecord
100
AcDbBlockTableRecord
  2
*D87
340
0
  0
BLOCK_RECORD
  5
A0E
330
1
100
AcDbSymbolTableRecord
100
AcDbBlockTableRecord
  2
*D88
340
0
  0
BLOCK_RECORD
  5
A1B
330
1
100
AcDbSymbolTableRecord
100
AcDbBlockTableRecord
  2
*D89
340
0
  0
BLOCK_RECORD
  5
A29
330
1
100
AcDbSymbolTableRecord
100
AcDbBlockTableRecord
  2
*D90
340
0
  0
BLOCK_RECORD
  5
A37
330
1
100
AcDbSymbolTableRecord
100
AcDbBlockTableRecord
  2
*D91
340
0
  0
BLOCK_RECORD
  5
A44
330
1
100
AcDbSymbolTableRecord
100
AcDbBlockTableRecord
  2
*D92
340
0
  0
BLOCK_RECORD
  5
A52
330
1
100
AcDbSymbolTableRecord
100
AcDbBlockTableRecord
  2
*D93
340
0
  0
BLOCK_RECORD
  5
A5F
330
1
100
AcDbSymbolTableRecord
100
AcDbBlockTableRecord
  2
*D94
340
0
  0
BLOCK_RECORD
  5
A76
330
1
100
AcDbSymbolTableRecord
100
AcDbBlockTableRecord
  2
*D95
340
0
  0
BLOCK_RECORD
  5
A83
330
1
100
AcDbSymbolTableRecord
100
AcDbBlockTableRecord
  2
*D96
340
0
  0
BLOCK_RECORD
  5
A90
330
1
100
AcDbSymbolTableRecord
100
AcDbBlockTableRecord
  2
*D97
340
0
  0
BLOCK_RECORD
  5
A9D
330
1
100
AcDbSymbolTableRecord
100
AcDbBlockTableRecord
  2
*D98
340
0
  0
BLOCK_RECORD
  5
AAB
330
1
100
AcDbSymbolTableRecord
100
AcDbBlockTableRecord
  2
*D99
340
0
  0
BLOCK_RECORD
  5
AB8
330
1
100
AcDbSymbolTableRecord
100
AcDbBlockTableRecord
  2
*D100
340
0
  0
BLOCK_RECORD
  5
AD0
330
1
100
AcDbSymbolTableRecord
100
AcDbBlockTableRecord
  2
*D101
340
0
  0
BLOCK_RECORD
  5
AE8
330
1
100
AcDbSymbolTableRecord
100
AcDbBlockTableRecord
  2
*D102
340
0
  0
BLOCK_RECORD
  5
AF5
330
1
100
AcDbSymbolTableRecord
100
AcDbBlockTableRecord
  2
*D103
340
0
  0
BLOCK_RECORD
  5
B02
330
1
100
AcDbSymbolTableRecord
100
AcDbBlockTableRecord
  2
*D104
340
0
  0
BLOCK_RECORD
  5
B0F
330
1
100
AcDbSymbolTableRecord
100
AcDbBlockTableRecord
  2
*D105
340
0
  0
BLOCK_RECORD
  5
B1C
330
1
100
AcDbSymbolTableRecord
100
AcDbBlockTableRecord
  2
*D106
340
0
  0
BLOCK_RECORD
  5
B29
330
1
100
AcDbSymbolTableRecord
100
AcDbBlockTableRecord
  2
*D107
340
0
  0
BLOCK_RECORD
  5
B36
330
1
100
AcDbSymbolTableRecord
100
AcDbBlockTableRecord
  2
*D108
340
0
  0
BLOCK_RECORD
  5
B44
330
1
100
AcDbSymbolTableRecord
100
AcDbBlockTableRecord
  2
*D109
340
0
  0
BLOCK_RECORD
  5
B52
330
1
100
AcDbSymbolTableRecord
100
AcDbBlockTableRecord
  2
*D110
340
0
  0
ENDTAB
  0
ENDSEC
  0
SECTION
  2
BLOCKS
  0
BLOCK
  5
20
330
1F
100
AcDbEntity
  8
0
100
AcDbBlockBegin
  2
*Model_Space
 70
     0
 10
0.0
 20
0.0
 30
0.0
  3
*Model_Space
  1

  0
ENDBLK
  5
21
330
1F
100
AcDbEntity
  8
0
100
AcDbBlockEnd
  0
BLOCK
  5
5A
330
58
100
AcDbEntity
 67
     1
  8
0
100
AcDbBlockBegin
  2
*Paper_Space
 70
     0
 10
0.0
 20
0.0
 30
0.0
  3
*Paper_Space
  1

  0
ENDBLK
  5
5B
330
58
100
AcDbEntity
 67
     1
  8
0
100
AcDbBlockEnd
  0
BLOCK
  5
5F
330
5D
100
AcDbEntity
  8
0
100
AcDbBlockBegin
  2
*Paper_Space0
 70
     0
 10
0.0
 20
0.0
 30
0.0
  3
*Paper_Space0
  1

  0
ENDBLK
  5
60
330
5D
100
AcDbEntity
  8
0
100
AcDbBlockEnd
  0
BLOCK
  5
248
330
245
100
AcDbEntity
  8
0
100
AcDbBlockBegin
  2
_Dot
 70
     0
 10
0.0
 20
0.0
 30
0.0
  3
_Dot
  1

  0
LWPOLYLINE
  5
249
330
245
100
AcDbEntity
  8
0
  6
ByBlock
 62
     0
100
AcDbPolyline
 90
        2
 70
     1
 43
0.5
 10
-0.25
 20
0.0
 42
1.0
 10
0.25
 20
0.0
 42
1.0
  0
LINE
  5
24A
330
245
100
AcDbEntity
  8
0
  6
ByBlock
 62
     0
370
    -2
100
AcDbLine
 10
-0.5
 20
0.0
 30
0.0
 11
-1.0
 21
0.0
 31
0.0
  0
ENDBLK
  5
24B
330
245
100
AcDbEntity
  8
0
100
AcDbBlockEnd
  0
BLOCK
  5
24F
330
24C
100
AcDbEntity
  8
0
100
AcDbBlockBegin
  2
_ArchTick
 70
     0
 10
0.0
 20
0.0
 30
0.0
  3
_ArchTick
  1

  0
LWPOLYLINE
  5
250
330
24C
100
AcDbEntity
  8
0
  6
ByBlock
 62
     0
100
AcDbPolyline
 90
        2
 70
     0
 43
0.15
 10
-0.5
 20
-0.5
 10
0.5
 20
0.5
  0
ENDBLK
  5
251
330
24C
100
AcDbEntity
  8
0
100
AcDbBlockEnd
  0
BLOCK
  5
49C
330
499
100
AcDbEntity
  8
0
100
AcDbBlockBegin
  2
A$C44504939
 70
     0
 10
0.0
 20
0.0
 30
0.0
  3
A$C44504939
  1

  0
LINE
  5
49D
330
499
100
AcDbEntity
  8
line
100
AcDbLine
 10
0.0
 20
4.499997481434546
 30
0.0
 11
4.5
 21
4.499997481434546
 31
0.0
  0
LINE
  5
49E
330
499
100
AcDbEntity
  8
line
100
AcDbLine
 10
4.5
 20
4.499997481434546
 30
0.0
 11
4.5
 21
-0.0000025185654522
 31
0.0
  0
LINE
  5
49F
330
499
100
AcDbEntity
  8
line
100
AcDbLine
 10
4.5
 20
-0.0000025185654522
 30
0.0
 11
0.0
 21
-0.0000025185654522
 31
0.0
  0
LINE
  5
4A0
330
499
100
AcDbEntity
  8
line
100
AcDbLine
 10
0.0
 20
-0.0000025185654522
 30
0.0
 11
0.0
 21
4.499997481434546
 31
0.0
  0
HATCH
  5
4A1
330
499
100
AcDbEntity
  8
line
100
AcDbHatch
 10
0.0
 20
0.0
 30
0.0
210
0.0
220
0.0
230
1.0
  2
SOLID
 70
     1
 71
     0
 91
        1
 92
        7
 72
     1
 73
     1
 93
        2
 10
4.25
 20
2.249997481434546
 42
1.0
 10
0.25
 20
2.249997481434546
 42
1.0
 97
        0
 75
     0
 76
     1
 47
0.0538417573968527
 98
        1
 10
2.625743733107809
 20
2.013109914360029
450
        1
451
        0
460
0.0
461
0.0
452
        1
462
1.0
453
        2
463
0.0
 63
     5
421
      255
463
1.0
 63
     7
421
 16777215
470
SPHERICAL
1001
ACAD
1010
0.0
1020
0.0
1030
0.0
  0
CIRCLE
  5
4A2
330
499
100
AcDbEntity
  8
line
100
AcDbCircle
 10
2.25
 20
2.249997481434546
 30
0.0
 40
2.0
  0
ENDBLK
  5
4A3
330
499
100
AcDbEntity
  8
0
100
AcDbBlockEnd
  0
BLOCK
  5
4A7
330
4A4
100
AcDbEntity
  8
0
100
AcDbBlockBegin
  2
A$C02E93A12
 70
     0
 10
0.0
 20
0.0
 30
0.0
  3
A$C02E93A12
  1

  0
HATCH
  5
4A8
330
4A4
100
AcDbEntity
  8
dim
100
AcDbHatch
 10
0.0
 20
0.0
 30
0.0
210
0.0
220
0.0
230
1.0
  2
SOLID
 70
     1
 71
     0
 91
        2
 92
        7
 72
     0
 73
     1
 93
        4
 10
11.99999732729702
 20
9.000002882112312
 10
-0.0000026726665965
 20
9.000002882121407
 10
5.333330660647334
 20
5.000002882121407
 10
6.66666399396854
 20
5.000002882121407
 97
        0
 92
        7
 72
     0
 73
     1
 93
        4
 10
6.666663993983092
 20
4.000002882121406
 10
5.333330660625506
 20
4.000002882121406
 10
-0.0000026726957003
 20
0.0000028821214073
 10
11.9999973273043
 20
0.0000028821214073
 97
        0
 75
     0
 76
     1
 47
0.0482023319695734
 98
        2
 10
6.332038267948519
 20
6.096829494192206
 10
6.428490605638214
 20
0.7463727414015012
450
        1
451
        0
460
0.0
461
0.0
452
        1
462
1.0
453
        2
463
0.0
 63
     5
421
      255
463
1.0
 63
     7
421
 16777215
470
SPHERICAL
1001
ACAD
1010
0.0
1020
0.0
1030
0.0
  0
LINE
  5
4A9
330
4A4
100
AcDbEntity
  8
line
100
AcDbLine
 10
11.9999973273043
 20
0.0000028821214073
 30
0.0
 11
-0.0000026726957003
 21
0.0000028821214073
 31
0.0
  0
LINE
  5
4AA
330
4A4
100
AcDbEntity
  8
line
100
AcDbLine
 10
-0.0000026726957003
 20
9.000002882121407
 30
0.0
 11
-0.0000026726957003
 21
0.0000028821214073
 31
0.0
  0
LINE
  5
4AB
330
4A4
100
AcDbEntity
  8
line
100
AcDbLine
 10
11.9999973273043
 20
9.000002882121407
 30
0.0
 11
11.9999973273043
 21
0.0000028821214073
 31
0.0
  0
LINE
  5
4AC
330
4A4
100
AcDbEntity
  8
line
100
AcDbLine
 10
-0.0000026726957003
 20
9.000002882130502
 30
0.0
 11
11.9999973273043
 21
0.0000028821214073
 31
0.0
  0
LINE
  5
4AD
330
4A4
100
AcDbEntity
  8
line
100
AcDbLine
 10
11.9999973273043
 20
9.000002882121407
 30
0.0
 11
-0.0000026726957003
 21
0.0000028821214073
 31
0.0
  0
LINE
  5
4AE
330
4A4
100
AcDbEntity
  8
line
100
AcDbLine
 10
11.9999973273043
 20
9.000002882121407
 30
0.0
 11
-0.0000026726957003
 21
9.000002882121407
 31
0.0
  0
LINE
  5
4AF
330
4A4
100
AcDbEntity
  8
line
100
AcDbLine
 10
11.9999973273043
 20
0.0000028821232263
 30
0.0
 11
-0.0000026726957003
 21
0.0000028821232263
 31
0.0
  0
ENDBLK
  5
4B0
330
4A4
100
AcDbEntity
  8
0
100
AcDbBlockEnd
  0
BLOCK
  5
4B4
330
4B1
100
AcDbEntity
  8
0
100
AcDbBlockBegin
  2
A$C30E77919
 70
     0
 10
0.0
 20
0.0
 30
0.0
  3
A$C30E77919
  1

  0
LINE
  5
4B5
330
4B1
100
AcDbEntity
  8
line
100
AcDbLine
 10
0.0000016706144379
 20
4.49999768370435
 30
0.0
 11
12.00000167061444
 21
4.49999768370435
 31
0.0
  0
LINE
  5
4B6
330
4B1
100
AcDbEntity
  8
line
100
AcDbLine
 10
12.00000167061444
 20
-0.0000023162956495
 30
0.0
 11
12.00000167061444
 21
4.49999768370435
 31
0.0
  0
LINE
  5
4B7
330
4B1
100
AcDbEntity
  8
line
100
AcDbLine
 10
0.0000016706144379
 20
-0.0000023162956495
 30
0.0
 11
0.0000016706144379
 21
4.49999768370435
 31
0.0
  0
HATCH
  5
4B8
330
4B1
100
AcDbEntity
  8
dim
100
AcDbHatch
 10
0.0
 20
0.0
 30
0.0
210
0.0
220
0.0
230
1.0
  2
SOLID
 70
     1
 71
     0
 91
        2
 92
        7
 72
     0
 73
     1
 93
        3
 10
0.00000167061929
 20
4.499997683702532
 10
6.000001670608376
 20
2.249997683702077
 10
12.00000167060959
 20
4.499997683702532
 97
        0
 92
        7
 72
     0
 73
     1
 93
        3
 10
12.00000167059018
 20
-0.0000023162956495
 10
6.000001670608372
 20
2.249997683702076
 10
0.0000016706144379
 20
-0.0000023162956495
 97
        0
 75
     0
 76
     1
 47
0.0319892027334277
 98
        2
 10
6.202576849285832
 20
3.452260139730242
 10
5.882460469932992
 20
0.957104149159022
450
        1
451
        0
460
0.0
461
0.0
452
        1
462
1.0
453
        2
463
0.0
 63
     5
421
      255
463
1.0
 63
     7
421
 16777215
470
SPHERICAL
1001
ACAD
1010
0.0
1020
0.0
1030
0.0
  0
LINE
  5
4B9
330
4B1
100
AcDbEntity
  8
line
100
AcDbLine
 10
12.00000167061444
 20
-0.0000023163047445
 30
0.0
 11
0.0000016706144379
 21
4.49999768370435
 31
0.0
  0
LINE
  5
4BA
330
4B1
100
AcDbEntity
  8
line
100
AcDbLine
 10
0.0000016706144379
 20
-0.0000023162956495
 30
0.0
 11
12.00000167061444
 21
4.49999768370435
 31
0.0
  0
LINE
  5
4BB
330
4B1
100
AcDbEntity
  8
line
100
AcDbLine
 10
0.0000016706144379
 20
-0.0000023162956495
 30
0.0
 11
12.00000167061444
 21
-0.0000023162956495
 31
0.0
  0
LINE
  5
4BC
330
4B1
100
AcDbEntity
  8
line
100
AcDbLine
 10
0.0000016706144379
 20
4.499997683702532
 30
0.0
 11
12.00000167061444
 21
4.499997683702532
 31
0.0
  0
ENDBLK
  5
4BD
330
4B1
100
AcDbEntity
  8
0
100
AcDbBlockEnd
  0
BLOCK
  5
870
330
86F
100
AcDbEntity
  8
0
100
AcDbBlockBegin
  2
*D59
 70
     1
 10
0.0
 20
0.0
 30
0.0
  3
*D59
  1

  0
LINE
  5
8CC
330
86F
100
AcDbEntity
  8
dim
440
 16777216
100
AcDbLine
 10
111.0386823901071
 20
307.9939941959432
 30
0.0
 11
111.0386823901071
 21
298.6138087566529
 31
0.0
  0
LINE
  5
8CD
330
86F
100
AcDbEntity
  8
dim
440
 16777216
100
AcDbLine
 10
129.0386823901071
 20
308.0239742325472
 30
0.0
 11
129.0386823901071
 21
298.6138087566529
 31
0.0
  0
LINE
  5
8CE
330
86F
100
AcDbEntity
  8
dim
440
 16777216
100
AcDbLine
 10
110.0386823901071
 20
299.6138087566529
 30
0.0
 11
130.0386823901071
 21
299.6138087566529
 31
0.0
  0
LINE
  5
8CF
330
86F
100
AcDbEntity
  8
dim
440
 16777216
100
AcDbLine
 10
120.0386823901071
 20
299.6138087566529
 30
0.0
 11
98.92550154407661
 21
273.5200161236381
 31
0.0
  0
LINE
  5
8D0
330
86F
100
AcDbEntity
  8
dim
440
 16777216
100
AcDbLine
 10
98.92550154407661
 20
273.5200161236381
 30
0.0
 11
97.92550154407661
 21
273.5200161236381
 31
0.0
  0
MTEXT
  5
8D1
330
86F
100
AcDbEntity
  8
dim
440
 16777216
100
AcDbMText
 10
85.86393947040676
 20
273.5200161236381
 30
0.0
 40
4.5
 41
0.0
 71
     5
 72
     1
  1
\A1;1'-6"x6'\PS.L:1'-6"
  7
DETAIL
 73
     1
 44
1.0
  0
INSERT
  5
8D2
330
86F
100
AcDbEntity
  8
dim
440
 16777216
100
AcDbBlockReference
  2
_ArchTick
 10
111.0386823901071
 20
299.6138087566529
 30
0.0
 41
2.0
 42
2.0
 43
2.0
 50
180.0
  0
INSERT
  5
8D3
330
86F
100
AcDbEntity
  8
dim
440
 16777216
100
AcDbBlockReference
  2
_ArchTick
 10
129.0386823901071
 20
299.6138087566529
 30
0.0
 41
2.0
 42
2.0
 43
2.0
  0
POINT
  5
8D4
330
86F
100
AcDbEntity
  8
Defpoints
 62
     0
440
 16777216
100
AcDbPoint
 10
111.0386823901071
 20
312.9939941959432
 30
0.0
  0
POINT
  5
8D5
330
86F
100
AcDbEntity
  8
Defpoints
 62
     0
440
 16777216
100
AcDbPoint
 10
129.0386823901071
 20
313.0239742325472
 30
0.0
  0
POINT
  5
8D6
330
86F
100
AcDbEntity
  8
Defpoints
 62
     0
440
 16777216
100
AcDbPoint
 10
129.0386823901071
 20
299.6138087566529
 30
0.0
  0
ENDBLK
  5
871
330
86F
100
AcDbEntity
  8
0
100
AcDbBlockEnd
  0
BLOCK
  5
87E
330
87D
100
AcDbEntity
  8
0
100
AcDbBlockBegin
  2
*D60
 70
     1
 10
0.0
 20
0.0
 30
0.0
  3
*D60
  1

  0
LINE
  5
969
330
87D
100
AcDbEntity
  8
dim
440
 16777216
100
AcDbLine
 10
262.512801631762
 20
181.58647353912
 30
0.0
 11
262.512801631762
 21
200.0772618199559
 31
0.0
  0
LINE
  5
96A
330
87D
100
AcDbEntity
  8
dim
440
 16777216
100
AcDbLine
 10
340.3977724264449
 20
181.58647353912
 30
0.0
 11
340.3977724264449
 21
200.0772618199559
 31
0.0
  0
LINE
  5
96B
330
87D
100
AcDbEntity
  8
dim
440
 16777216
100
AcDbLine
 10
261.512801631762
 20
199.0772618199559
 30
0.0
 11
287.1314466471117
 21
199.0772618199559
 31
0.0
  0
LINE
  5
96C
330
87D
100
AcDbEntity
  8
dim
440
 16777216
100
AcDbLine
 10
341.3977724264449
 20
199.0772618199559
 30
0.0
 11
315.7791274110953
 21
199.0772618199559
 31
0.0
  0
INSERT
  5
96D
330
87D
100
AcDbEntity
  8
dim
440
 16777216
100
AcDbBlockReference
  2
_ArchTick
 10
262.512801631762
 20
199.0772618199559
 30
0.0
 41
2.0
 42
2.0
 43
2.0
 50
180.0
  0
INSERT
  5
96E
330
87D
100
AcDbEntity
  8
dim
440
 16777216
100
AcDbBlockReference
  2
_ArchTick
 10
340.3977724264449
 20
199.0772618199559
 30
0.0
 41
2.0
 42
2.0
 43
2.0
  0
MTEXT
  5
96F
330
87D
100
AcDbEntity
  8
dim
440
 16777216
100
AcDbMText
 10
301.4552870291035
 20
199.0772618199559
 30
0.0
 40
4.5
 41
0.0
 71
     5
 72
     1
  1
\A1;6'-6"x7'-0"\PS.L:0'-6"
  7
DETAIL
 73
     1
 44
1.0
  0
POINT
  5
970
330
87D
100
AcDbEntity
  8
Defpoints
 62
     0
440
 16777216
100
AcDbPoint
 10
262.512801631762
 20
176.58647353912
 30
0.0
  0
POINT
  5
971
330
87D
100
AcDbEntity
  8
Defpoints
 62
     0
440
 16777216
100
AcDbPoint
 10
340.3977724264449
 20
176.58647353912
 30
0.0
  0
POINT
  5
972
330
87D
100
AcDbEntity
  8
Defpoints
 62
     0
440
 16777216
100
AcDbPoint
 10
340.3977724264449
 20
199.0772618199559
 30
0.0
  0
ENDBLK
  5
87F
330
87D
100
AcDbEntity
  8
0
100
AcDbBlockEnd
  0
BLOCK
  5
88B
330
88A
100
AcDbEntity
  8
0
100
AcDbBlockBegin
  2
*D61
 70
     1
 10
0.0
 20
0.0
 30
0.0
  3
*D61
  1

  0
LINE
  5
99B
330
88A
100
AcDbEntity
  8
dim
440
 16777216
100
AcDbLine
 10
240.0378496124293
 20
589.0239735390982
 30
0.0
 11
240.0378496124293
 21
601.692589095312
 31
0.0
  0
LINE
  5
99C
330
88A
100
AcDbEntity
  8
dim
440
 16777216
100
AcDbLine
 10
222.0378496124403
 20
589.0239735390982
 30
0.0
 11
222.0378496124403
 21
601.692589095312
 31
0.0
  0
LINE
  5
99D
330
88A
100
AcDbEntity
  8
dim
440
 16777216
100
AcDbLine
 10
241.0378496124293
 20
600.692589095312
 30
0.0
 11
221.0378496124403
 21
600.692589095312
 31
0.0
  0
LINE
  5
99E
330
88A
100
AcDbEntity
  8
dim
440
 16777216
100
AcDbLine
 10
231.0378496124348
 20
600.692589095312
 30
0.0
 11
261.7235118133912
 21
631.6339786106261
 31
0.0
  0
LINE
  5
99F
330
88A
100
AcDbEntity
  8
dim
440
 16777216
100
AcDbLine
 10
261.7235118133912
 20
631.6339786106261
 30
0.0
 11
262.7235118133912
 21
631.6339786106261
 31
0.0
  0
MTEXT
  5
9A0
330
88A
100
AcDbEntity
  8
dim
440
 16777216
100
AcDbMText
 10
276.8232730685071
 20
631.6339786106261
 30
0.0
 40
4.5
 41
0.0
 71
     5
 72
     1
  1
\A1;1'-6"x7'-0"\PS.L:0'-6"
  7
DETAIL
 73
     1
 44
1.0
  0
INSERT
  5
9A1
330
88A
100
AcDbEntity
  8
dim
440
 16777216
100
AcDbBlockReference
  2
_ArchTick
 10
240.0378496124293
 20
600.692589095312
 30
0.0
 41
2.0
 42
2.0
 43
2.0
  0
INSERT
  5
9A2
330
88A
100
AcDbEntity
  8
dim
440
 16777216
100
AcDbBlockReference
  2
_ArchTick
 10
222.0378496124403
 20
600.692589095312
 30
0.0
 41
2.0
 42
2.0
 43
2.0
 50
180.0
  0
POINT
  5
9A3
330
88A
100
AcDbEntity
  8
Defpoints
 62
     0
440
 16777216
100
AcDbPoint
 10
240.0378496124293
 20
584.0239735390982
 30
0.0
  0
POINT
  5
9A4
330
88A
100
AcDbEntity
  8
Defpoints
 62
     0
440
 16777216
100
AcDbPoint
 10
222.0378496124403
 20
584.0239735390982
 30
0.0
  0
POINT
  5
9A5
330
88A
100
AcDbEntity
  8
Defpoints
 62
     0
440
 16777216
100
AcDbPoint
 10
222.0378496124403
 20
600.692589095312
 30
0.0
  0
ENDBLK
  5
88C
330
88A
100
AcDbEntity
  8
0
100
AcDbBlockEnd
  0
BLOCK
  5
899
330
898
100
AcDbEntity
  8
0
100
AcDbBlockBegin
  2
*D62
 70
     1
 10
0.0
 20
0.0
 30
0.0
  3
*D62
  1

  0
LINE
  5
A6C
330
898
100
AcDbEntity
  8
dim
440
 16777216
100
AcDbLine
 10
173.7878496124549
 20
507.0239735390984
 30
0.0
 11
164.6984042237937
 21
507.0239735390984
 31
0.0
  0
LINE
  5
A6D
330
898
100
AcDbEntity
  8
dim
440
 16777216
100
AcDbLine
 10
173.7878496124549
 20
555.0239735390984
 30
0.0
 11
164.6984042237937
 21
555.0239735390984
 31
0.0
  0
LINE
  5
A6E
330
898
100
AcDbEntity
  8
dim
440
 16777216
100
AcDbLine
 10
165.6984042237937
 20
506.0239735390984
 30
0.0
 11
165.6984042237937
 21
518.9624114654285
 31
0.0
  0
LINE
  5
A6F
330
898
100
AcDbEntity
  8
dim
440
 16777216
100
AcDbLine
 10
165.6984042237937
 20
556.0239735390984
 30
0.0
 11
165.6984042237937
 21
543.0855356127682
 31
0.0
  0
INSERT
  5
A70
330
898
100
AcDbEntity
  8
dim
440
 16777216
100
AcDbBlockReference
  2
_ArchTick
 10
165.6984042237937
 20
507.0239735390984
 30
0.0
 41
2.0
 42
2.0
 43
2.0
 50
270.0
  0
INSERT
  5
A71
330
898
100
AcDbEntity
  8
dim
440
 16777216
100
AcDbBlockReference
  2
_ArchTick
 10
165.6984042237937
 20
555.0239735390984
 30
0.0
 41
2.0
 42
2.0
 43
2.0
 50
90.0
  0
MTEXT
  5
A72
330
898
100
AcDbEntity
  8
dim
440
 16777216
100
AcDbMText
 10
165.6984042237938
 20
531.0239735390983
 30
0.0
 40
4.5
 41
0.0
 71
     5
 72
     1
  1
\A1;4'-0"x7'\PS.L:0'-6"
  7
DETAIL
 11
6.123233995736766E-17
 21
1.0
 31
0.0
 73
     1
 44
1.0
  0
POINT
  5
A73
330
898
100
AcDbEntity
  8
Defpoints
 62
     0
440
 16777216
100
AcDbPoint
 10
178.7878496124549
 20
507.0239735390984
 30
0.0
  0
POINT
  5
A74
330
898
100
AcDbEntity
  8
Defpoints
 62
     0
440
 16777216
100
AcDbPoint
 10
178.7878496124549
 20
555.0239735390984
 30
0.0
  0
POINT
  5
A75
330
898
100
AcDbEntity
  8
Defpoints
 62
     0
440
 16777216
100
AcDbPoint
 10
165.6984042237937
 20
555.0239735390984
 30
0.0
  0
ENDBLK
  5
89A
330
898
100
AcDbEntity
  8
0
100
AcDbBlockEnd
  0
BLOCK
  5
8A6
330
8A5
100
AcDbEntity
  8
0
100
AcDbBlockBegin
  2
*D63
 70
     1
 10
0.0
 20
0.0
 30
0.0
  3
*D63
  1

  0
LINE
  5
AC6
330
8A5
100
AcDbEntity
  8
dim
440
 16777216
100
AcDbLine
 10
254.0378496124295
 20
502.5239735390973
 30
0.0
 11
247.3365057191778
 21
502.5239735390973
 31
0.0
  0
LINE
  5
AC7
330
8A5
100
AcDbEntity
  8
dim
440
 16777216
100
AcDbLine
 10
254.0378496124295
 20
574.5239735390983
 30
0.0
 11
247.3365057191778
 21
574.5239735390983
 31
0.0
  0
LINE
  5
AC8
330
8A5
100
AcDbEntity
  8
dim
440
 16777216
100
AcDbLine
 10
248.3365057191778
 20
501.5239735390973
 30
0.0
 11
248.3365057191778
 21
524.2001331571059
 31
0.0
  0
LINE
  5
AC9
330
8A5
100
AcDbEntity
  8
dim
440
 16777216
100
AcDbLine
 10
248.3365057191778
 20
575.5239735390983
 30
0.0
 11
248.3365057191778
 21
552.8478139210895
 31
0.0
  0
INSERT
  5
ACA
330
8A5
100
AcDbEntity
  8
dim
440
 16777216
100
AcDbBlockReference
  2
_ArchTick
 10
248.3365057191778
 20
502.5239735390973
 30
0.0
 41
2.0
 42
2.0
 43
2.0
 50
270.0
  0
INSERT
  5
ACB
330
8A5
100
AcDbEntity
  8
dim
440
 16777216
100
AcDbBlockReference
  2
_ArchTick
 10
248.3365057191778
 20
574.5239735390983
 30
0.0
 41
2.0
 42
2.0
 43
2.0
 50
90.0
  0
MTEXT
  5
ACC
330
8A5
100
AcDbEntity
  8
dim
440
 16777216
100
AcDbMText
 10
248.3365057191779
 20
538.5239735390976
 30
0.0
 40
4.5
 41
0.0
 71
     5
 72
     1
  1
\A1;6'-0"x7'-0"\PS.L:0'-6"
  7
DETAIL
 11
6.123233995736766E-17
 21
1.0
 31
0.0
 73
     1
 44
1.0
  0
POINT
  5
ACD
330
8A5
100
AcDbEntity
  8
Defpoints
 62
     0
440
 16777216
100
AcDbPoint
 10
259.0378496124295
 20
502.5239735390973
 30
0.0
  0
POINT
  5
ACE
330
8A5
100
AcDbEntity
  8
Defpoints
 62
     0
440
 16777216
100
AcDbPoint
 10
259.0378496124295
 20
574.5239735390984
 30
0.0
  0
POINT
  5
ACF
330
8A5
100
AcDbEntity
  8
Defpoints
 62
     0
440
 16777216
100
AcDbPoint
 10
248.3365057191778
 20
574.5239735390983
 30
0.0
  0
ENDBLK
  5
8A7
330
8A5
100
AcDbEntity
  8
0
100
AcDbBlockEnd
  0
BLOCK
  5
8B3
330
8B2
100
AcDbEntity
  8
0
100
AcDbBlockBegin
  2
*D64
 70
     1
 10
0.0
 20
0.0
 30
0.0
  3
*D64
  1

  0
LINE
  5
ADE
330
8B2
100
AcDbEntity
  8
dim
440
 16777216
100
AcDbLine
 10
186.0378496124584
 20
488.0239735390982
 30
0.0
 11
186.0378496124584
 21
476.4280478751531
 31
0.0
  0
LINE
  5
ADF
330
8B2
100
AcDbEntity
  8
dim
440
 16777216
100
AcDbLine
 10
250.5378496124293
 20
488.0239735390982
 30
0.0
 11
250.5378496124293
 21
476.4280478751531
 31
0.0
  0
LINE
  5
AE0
330
8B2
100
AcDbEntity
  8
dim
440
 16777216
100
AcDbLine
 10
185.0378496124584
 20
477.4280478751531
 30
0.0
 11
202.8934328320892
 21
477.4280478751531
 31
0.0
  0
LINE
  5
AE1
330
8B2
100
AcDbEntity
  8
dim
440
 16777216
100
AcDbLine
 10
251.5378496124293
 20
477.4280478751531
 30
0.0
 11
233.6822663927986
 21
477.4280478751531
 31
0.0
  0
INSERT
  5
AE2
330
8B2
100
AcDbEntity
  8
dim
440
 16777216
100
AcDbBlockReference
  2
_ArchTick
 10
186.0378496124584
 20
477.4280478751531
 30
0.0
 41
2.0
 42
2.0
 43
2.0
 50
180.0
  0
INSERT
  5
AE3
330
8B2
100
AcDbEntity
  8
dim
440
 16777216
100
AcDbBlockReference
  2
_ArchTick
 10
250.5378496124293
 20
477.4280478751531
 30
0.0
 41
2.0
 42
2.0
 43
2.0
  0
MTEXT
  5
AE4
330
8B2
100
AcDbEntity
  8
dim
440
 16777216
100
AcDbMText
 10
218.2878496124439
 20
477.4280478751531
 30
0.0
 40
4.5
 41
0.0
 71
     5
 72
     1
  1
\A1;5'-4{\H0.66x;\S1/2;}"x7'-0"\PS.L:0'-6"
  7
DETAIL
 73
     1
 44
1.0
  0
POINT
  5
AE5
330
8B2
100
AcDbEntity
  8
Defpoints
 62
     0
440
 16777216
100
AcDbPoint
 10
186.0378496124584
 20
493.0239735390982
 30
0.0
  0
POINT
  5
AE6
330
8B2
100
AcDbEntity
  8
Defpoints
 62
     0
440
 16777216
100
AcDbPoint
 10
250.5378496124293
 20
493.0239735390982
 30
0.0
  0
POINT
  5
AE7
330
8B2
100
AcDbEntity
  8
Defpoints
 62
     0
440
 16777216
100
AcDbPoint
 10
250.5378496124293
 20
477.4280478751531
 30
0.0
  0
ENDBLK
  5
8B4
330
8B2
100
AcDbEntity
  8
0
100
AcDbBlockEnd
  0
BLOCK
  5
8C0
330
8BF
100
AcDbEntity
  8
0
100
AcDbBlockBegin
  2
*D65
 70
     1
 10
0.0
 20
0.0
 30
0.0
  3
*D65
  1

  0
LINE
  5
B69
330
8BF
100
AcDbEntity
  8
dim
440
 16777216
100
AcDbLine
 10
111.0378496124578
 20
305.5220542730978
 30
0.0
 11
111.0378496124578
 21
298.6138087566528
 31
0.0
  0
LINE
  5
B6A
330
8BF
100
AcDbEntity
  8
dim
440
 16777216
100
AcDbLine
 10
69.03784961242873
 20
304.023973539033
 30
0.0
 11
69.03784961242873
 21
298.6138087566528
 31
0.0
  0
LINE
  5
B6B
330
8BF
100
AcDbEntity
  8
dim
440
 16777216
100
AcDbLine
 10
112.0378496124578
 20
299.6138087566528
 30
0.0
 11
96.51738576524001
 21
299.6138087566528
 31
0.0
  0
LINE
  5
B6C
330
8BF
100
AcDbEntity
  8
dim
440
 16777216
100
AcDbLine
 10
68.03784961242873
 20
299.6138087566528
 30
0.0
 11
83.55831345964656
 21
299.6138087566528
 31
0.0
  0
INSERT
  5
B6D
330
8BF
100
AcDbEntity
  8
dim
440
 16777216
100
AcDbBlockReference
  2
_ArchTick
 10
111.0378496124578
 20
299.6138087566528
 30
0.0
 41
2.0
 42
2.0
 43
2.0
  0
INSERT
  5
B6E
330
8BF
100
AcDbEntity
  8
dim
440
 16777216
100
AcDbBlockReference
  2
_ArchTick
 10
69.03784961242873
 20
299.6138087566528
 30
0.0
 41
2.0
 42
2.0
 43
2.0
 50
180.0
  0
MTEXT
  5
B6F
330
8BF
100
AcDbEntity
  8
dim
440
 16777216
100
AcDbMText
 10
90.03784961244328
 20
299.6138087566528
 30
0.0
 40
4.5
 41
0.0
 71
     5
 72
     1
  1
\A1;3'-6"
  7
DETAIL
 73
     1
 44
1.0
  0
POINT
  5
B70
330
8BF
100
AcDbEntity
  8
Defpoints
 62
     0
440
 16777216
100
AcDbPoint
 10
111.0378496124578
 20
310.5220542730978
 30
0.0
  0
POINT
  5
B71
330
8BF
100
AcDbEntity
  8
Defpoints
 62
     0
440
 16777216
100
AcDbPoint
 10
69.03784961242873
 20
309.023973539033
 30
0.0
  0
POINT
  5
B72
330
8BF
100
AcDbEntity
  8
Defpoints
 62
     0
440
 16777216
100
AcDbPoint
 10
69.03784961242873
 20
299.6138087566528
 30
0.0
  0
ENDBLK
  5
8C1
330
8BF
100
AcDbEntity
  8
0
100
AcDbBlockEnd
  0
BLOCK
  5
8D8
330
8D7
100
AcDbEntity
  8
0
100
AcDbBlockBegin
  2
*D66
 70
     1
 10
0.0
 20
0.0
 30
0.0
  3
*D66
  1

  0
LINE
  5
B73
330
8D7
100
AcDbEntity
  8
dim
440
 16777216
100
AcDbLine
 10
129.0378496124584
 20
305.5416161372745
 30
0.0
 11
129.0378496124584
 21
298.6138087566534
 31
0.0
  0
LINE
  5
B74
330
8D7
100
AcDbEntity
  8
dim
440
 16777216
100
AcDbLine
 10
138.0378496124584
 20
304.0239735390657
 30
0.0
 11
138.0378496124584
 21
298.6138087566534
 31
0.0
  0
LINE
  5
B75
330
8D7
100
AcDbEntity
  8
dim
440
 16777216
100
AcDbLine
 10
128.0378496124584
 20
299.6138087566534
 30
0.0
 11
130.4517309221447
 21
299.6138087566534
 31
0.0
  0
LINE
  5
B76
330
8D7
100
AcDbEntity
  8
dim
440
 16777216
100
AcDbLine
 10
139.0378496124584
 20
299.6138087566534
 30
0.0
 11
136.6239683027722
 21
299.6138087566534
 31
0.0
  0
INSERT
  5
B77
330
8D7
100
AcDbEntity
  8
dim
440
 16777216
100
AcDbBlockReference
  2
_ArchTick
 10
129.0378496124584
 20
299.6138087566534
 30
0.0
 41
2.0
 42
2.0
 43
2.0
 50
180.0
  0
INSERT
  5
B78
330
8D7
100
AcDbEntity
  8
dim
440
 16777216
100
AcDbBlockReference
  2
_ArchTick
 10
138.0378496124584
 20
299.6138087566534
 30
0.0
 41
2.0
 42
2.0
 43
2.0
  0
MTEXT
  5
B79
330
8D7
100
AcDbEntity
  8
dim
440
 16777216
100
AcDbMText
 10
133.5378496124584
 20
299.6138087566534
 30
0.0
 40
4.5
 41
0.0
 71
     5
 72
     1
  1
\A1;9"
  7
DETAIL
 73
     1
 44
1.0
  0
POINT
  5
B7A
330
8D7
100
AcDbEntity
  8
Defpoints
 62
     0
440
 16777216
100
AcDbPoint
 10
129.0378496124584
 20
310.5416161372745
 30
0.0
  0
POINT
  5
B7B
330
8D7
100
AcDbEntity
  8
Defpoints
 62
     0
440
 16777216
100
AcDbPoint
 10
138.0378496124584
 20
309.0239735390657
 30
0.0
  0
POINT
  5
B7C
330
8D7
100
AcDbEntity
  8
Defpoints
 62
     0
440
 16777216
100
AcDbPoint
 10
138.0378496124584
 20
299.6138087566534
 30
0.0
  0
ENDBLK
  5
8D9
330
8D7
100
AcDbEntity
  8
0
100
AcDbBlockEnd
  0
BLOCK
  5
8E5
330
8E4
100
AcDbEntity
  8
0
100
AcDbBlockBegin
  2
*D67
 70
     1
 10
0.0
 20
0.0
 30
0.0
  3
*D67
  1

  0
LINE
  5
8E7
330
8E4
100
AcDbEntity
  8
dim
440
 16777216
100
AcDbLine
 10
138.0378496124584
 20
304.0239735390309
 30
0.0
 11
138.0378496124584
 21
298.6138087566529
 31
0.0
  0
LINE
  5
8E8
330
8E4
100
AcDbEntity
  8
dim
440
 16777216
100
AcDbLine
 10
180.0378496124584
 20
304.0239735390691
 30
0.0
 11
180.0378496124584
 21
298.6138087566529
 31
0.0
  0
LINE
  5
8E9
330
8E4
100
AcDbEntity
  8
dim
440
 16777216
100
AcDbLine
 10
137.0378496124584
 20
299.6138087566529
 30
0.0
 11
144.7278223273289
 21
299.6138087566529
 31
0.0
  0
LINE
  5
8EA
330
8E4
100
AcDbEntity
  8
dim
440
 16777216
100
AcDbLine
 10
181.0378496124584
 20
299.6138087566529
 30
0.0
 11
173.347876897588
 21
299.6138087566529
 31
0.0
  0
INSERT
  5
8EB
330
8E4
100
AcDbEntity
  8
dim
440
 16777216
100
AcDbBlockReference
  2
_ArchTick
 10
138.0378496124584
 20
299.6138087566529
 30
0.0
 41
2.0
 42
2.0
 43
2.0
 50
180.0
  0
INSERT
  5
8EC
330
8E4
100
AcDbEntity
  8
dim
440
 16777216
100
AcDbBlockReference
  2
_ArchTick
 10
180.0378496124584
 20
299.6138087566529
 30
0.0
 41
2.0
 42
2.0
 43
2.0
  0
MTEXT
  5
8ED
330
8E4
100
AcDbEntity
  8
dim
440
 16777216
100
AcDbMText
 10
159.0378496124584
 20
299.6138087566529
 30
0.0
 40
4.5
 41
0.0
 71
     5
 72
     1
  1
\A1;3'-6"x7'-6"
  7
DETAIL
 73
     1
 44
1.0
  0
POINT
  5
8EE
330
8E4
100
AcDbEntity
  8
Defpoints
 62
     0
440
 16777216
100
AcDbPoint
 10
138.0378496124584
 20
309.0239735390309
 30
0.0
  0
POINT
  5
8EF
330
8E4
100
AcDbEntity
  8
Defpoints
 62
     0
440
 16777216
100
AcDbPoint
 10
180.0378496124584
 20
309.0239735390691
 30
0.0
  0
POINT
  5
8F0
330
8E4
100
AcDbEntity
  8
Defpoints
 62
     0
440
 16777216
100
AcDbPoint
 10
180.0378496124584
 20
299.6138087566529
 30
0.0
  0
ENDBLK
  5
8E6
330
8E4
100
AcDbEntity
  8
0
100
AcDbBlockEnd
  0
BLOCK
  5
8F2
330
8F1
100
AcDbEntity
  8
0
100
AcDbBlockBegin
  2
*D68
 70
     1
 10
0.0
 20
0.0
 30
0.0
  3
*D68
  1

  0
LINE
  5
8F4
330
8F1
100
AcDbEntity
  8
dim
440
 16777216
100
AcDbLine
 10
190.5378496124403
 20
304.0239735390718
 30
0.0
 11
190.5378496124403
 21
298.6138087566529
 31
0.0
  0
LINE
  5
8F5
330
8F1
100
AcDbEntity
  8
dim
440
 16777216
100
AcDbLine
 10
180.0378496124584
 20
304.0239735390691
 30
0.0
 11
180.0378496124584
 21
298.6138087566529
 31
0.0
  0
LINE
  5
8F6
330
8F1
100
AcDbEntity
  8
dim
440
 16777216
100
AcDbLine
 10
191.5378496124403
 20
299.6138087566529
 30
0.0
 11
179.0378496124584
 21
299.6138087566529
 31
0.0
  0
LINE
  5
8F7
330
8F1
100
AcDbEntity
  8
dim
440
 16777216
100
AcDbLine
 10
185.2878496124493
 20
299.6138087566529
 30
0.0
 11
188.9768223273198
 21
287.3172330404183
 31
0.0
  0
LINE
  5
8F8
330
8F1
100
AcDbEntity
  8
dim
440
 16777216
100
AcDbLine
 10
188.9768223273198
 20
287.3172330404183
 30
0.0
 11
189.9768223273198
 21
287.3172330404183
 31
0.0
  0
MTEXT
  5
8F9
330
8F1
100
AcDbEntity
  8
dim
440
 16777216
100
AcDbMText
 10
195.6821190531042
 20
287.3172330404183
 30
0.0
 40
4.5
 41
0.0
 71
     5
 72
     1
  1
\A1;10{\H0.66x;\S1/2;}"
  7
DETAIL
 73
     1
 44
1.0
  0
INSERT
  5
8FA
330
8F1
100
AcDbEntity
  8
dim
440
 16777216
100
AcDbBlockReference
  2
_ArchTick
 10
190.5378496124403
 20
299.6138087566529
 30
0.0
 41
2.0
 42
2.0
 43
2.0
  0
INSERT
  5
8FB
330
8F1
100
AcDbEntity
  8
dim
440
 16777216
100
AcDbBlockReference
  2
_ArchTick
 10
180.0378496124584
 20
299.6138087566529
 30
0.0
 41
2.0
 42
2.0
 43
2.0
 50
180.0
  0
POINT
  5
8FC
330
8F1
100
AcDbEntity
  8
Defpoints
 62
     0
440
 16777216
100
AcDbPoint
 10
190.5378496124403
 20
309.0239735390718
 30
0.0
  0
POINT
  5
8FD
330
8F1
100
AcDbEntity
  8
Defpoints
 62
     0
440
 16777216
100
AcDbPoint
 10
180.0378496124584
 20
309.0239735390691
 30
0.0
  0
POINT
  5
8FE
330
8F1
100
AcDbEntity
  8
Defpoints
 62
     0
440
 16777216
100
AcDbPoint
 10
180.0378496124584
 20
299.6138087566529
 30
0.0
  0
ENDBLK
  5
8F3
330
8F1
100
AcDbEntity
  8
0
100
AcDbBlockEnd
  0
BLOCK
  5
900
330
8FF
100
AcDbEntity
  8
0
100
AcDbBlockBegin
  2
*D69
 70
     1
 10
0.0
 20
0.0
 30
0.0
  3
*D69
  1

  0
LINE
  5
902
330
8FF
100
AcDbEntity
  8
dim
440
 16777216
100
AcDbLine
 10
190.5378496124403
 20
304.0239735390718
 30
0.0
 11
190.5378496124403
 21
298.6138087566529
 31
0.0
  0
LINE
  5
903
330
8FF
100
AcDbEntity
  8
dim
440
 16777216
100
AcDbLine
 10
244.5378496124293
 20
304.0239735390718
 30
0.0
 11
244.5378496124293
 21
298.6138087566529
 31
0.0
  0
LINE
  5
904
330
8FF
100
AcDbEntity
  8
dim
440
 16777216
100
AcDbLine
 10
189.5378496124403
 20
299.6138087566529
 30
0.0
 11
203.1357350148905
 21
299.6138087566529
 31
0.0
  0
LINE
  5
905
330
8FF
100
AcDbEntity
  8
dim
440
 16777216
100
AcDbLine
 10
245.5378496124293
 20
299.6138087566529
 30
0.0
 11
231.9399642099791
 21
299.6138087566529
 31
0.0
  0
INSERT
  5
906
330
8FF
100
AcDbEntity
  8
dim
440
 16777216
100
AcDbBlockReference
  2
_ArchTick
 10
190.5378496124403
 20
299.6138087566529
 30
0.0
 41
2.0
 42
2.0
 43
2.0
 50
180.0
  0
INSERT
  5
907
330
8FF
100
AcDbEntity
  8
dim
440
 16777216
100
AcDbBlockReference
  2
_ArchTick
 10
244.5378496124293
 20
299.6138087566529
 30
0.0
 41
2.0
 42
2.0
 43
2.0
  0
MTEXT
  5
908
330
8FF
100
AcDbEntity
  8
dim
440
 16777216
100
AcDbMText
 10
217.5378496124348
 20
299.6138087566529
 30
0.0
 40
4.5
 41
0.0
 71
     5
 72
     1
  1
\A1;4'-6"x7'-6"
  7
DETAIL
 73
     1
 44
1.0
  0
POINT
  5
909
330
8FF
100
AcDbEntity
  8
Defpoints
 62
     0
440
 16777216
100
AcDbPoint
 10
190.5378496124403
 20
309.0239735390718
 30
0.0
  0
POINT
  5
90A
330
8FF
100
AcDbEntity
  8
Defpoints
 62
     0
440
 16777216
100
AcDbPoint
 10
244.5378496124293
 20
309.0239735390718
 30
0.0
  0
POINT
  5
90B
330
8FF
100
AcDbEntity
  8
Defpoints
 62
     0
440
 16777216
100
AcDbPoint
 10
244.5378496124293
 20
299.6138087566529
 30
0.0
  0
ENDBLK
  5
901
330
8FF
100
AcDbEntity
  8
0
100
AcDbBlockEnd
  0
BLOCK
  5
90D
330
90C
100
AcDbEntity
  8
0
100
AcDbBlockBegin
  2
*D70
 70
     1
 10
0.0
 20
0.0
 30
0.0
  3
*D70
  1

  0
LINE
  5
90F
330
90C
100
AcDbEntity
  8
dim
440
 16777216
100
AcDbLine
 10
244.5378496124293
 20
304.0239735390861
 30
0.0
 11
244.5378496124293
 21
298.6138087566529
 31
0.0
  0
LINE
  5
910
330
90C
100
AcDbEntity
  8
dim
440
 16777216
100
AcDbLine
 10
249.0378496124293
 20
304.023973539087
 30
0.0
 11
249.0378496124293
 21
298.6138087566529
 31
0.0
  0
LINE
  5
911
330
90C
100
AcDbEntity
  8
dim
440
 16777216
100
AcDbLine
 10
243.5378496124293
 20
299.6138087566529
 30
0.0
 11
250.0378496124293
 21
299.6138087566529
 31
0.0
  0
LINE
  5
912
330
90C
100
AcDbEntity
  8
dim
440
 16777216
100
AcDbLine
 10
246.7878496124293
 20
299.6138087566529
 30
0.0
 11
237.6260412084565
 21
283.9551866556982
 31
0.0
  0
LINE
  5
913
330
90C
100
AcDbEntity
  8
dim
440
 16777216
100
AcDbLine
 10
237.6260412084565
 20
283.9551866556982
 30
0.0
 11
236.6260412084565
 21
283.9551866556982
 31
0.0
  0
MTEXT
  5
914
330
90C
100
AcDbEntity
  8
dim
440
 16777216
100
AcDbMText
 10
232.3665152875834
 20
283.9551866556982
 30
0.0
 40
4.5
 41
0.0
 71
     5
 72
     1
  1
\A1;4{\H0.66x;\S1/2;}"
  7
DETAIL
 73
     1
 44
1.0
  0
INSERT
  5
915
330
90C
100
AcDbEntity
  8
dim
440
 16777216
100
AcDbBlockReference
  2
_ArchTick
 10
244.5378496124293
 20
299.6138087566529
 30
0.0
 41
2.0
 42
2.0
 43
2.0
 50
180.0
  0
INSERT
  5
916
330
90C
100
AcDbEntity
  8
dim
440
 16777216
100
AcDbBlockReference
  2
_ArchTick
 10
249.0378496124293
 20
299.6138087566529
 30
0.0
 41
2.0
 42
2.0
 43
2.0
  0
POINT
  5
917
330
90C
100
AcDbEntity
  8
Defpoints
 62
     0
440
 16777216
100
AcDbPoint
 10
244.5378496124293
 20
309.0239735390861
 30
0.0
  0
POINT
  5
918
330
90C
100
AcDbEntity
  8
Defpoints
 62
     0
440
 16777216
100
AcDbPoint
 10
249.0378496124293
 20
309.023973539087
 30
0.0
  0
POINT
  5
919
330
90C
100
AcDbEntity
  8
Defpoints
 62
     0
440
 16777216
100
AcDbPoint
 10
249.0378496124293
 20
299.6138087566529
 30
0.0
  0
ENDBLK
  5
90E
330
90C
100
AcDbEntity
  8
0
100
AcDbBlockEnd
  0
BLOCK
  5
91B
330
91A
100
AcDbEntity
  8
0
100
AcDbBlockBegin
  2
*D71
 70
     1
 10
0.0
 20
0.0
 30
0.0
  3
*D71
  1

  0
LINE
  5
B5F
330
91A
100
AcDbEntity
  8
dim
440
 16777216
100
AcDbLine
 10
174.0378496124266
 20
408.8598786515591
 30
0.0
 11
174.0378496124266
 21
406.951769401372
 31
0.0
  0
LINE
  5
B60
330
91A
100
AcDbEntity
  8
dim
440
 16777216
100
AcDbLine
 10
132.0378496124266
 20
408.859878651556
 30
0.0
 11
132.0378496124266
 21
406.951769401372
 31
0.0
  0
LINE
  5
B61
330
91A
100
AcDbEntity
  8
dim
440
 16777216
100
AcDbLine
 10
175.0378496124266
 20
405.951769401372
 30
0.0
 11
159.5173857652233
 21
405.951769401372
 31
0.0
  0
LINE
  5
B62
330
91A
100
AcDbEntity
  8
dim
440
 16777216
100
AcDbLine
 10
131.0378496124266
 20
405.951769401372
 30
0.0
 11
146.5583134596299
 21
405.951769401372
 31
0.0
  0
INSERT
  5
B63
330
91A
100
AcDbEntity
  8
dim
440
 16777216
100
AcDbBlockReference
  2
_ArchTick
 10
174.0378496124266
 20
405.951769401372
 30
0.0
 41
2.0
 42
2.0
 43
2.0
  0
INSERT
  5
B64
330
91A
100
AcDbEntity
  8
dim
440
 16777216
100
AcDbBlockReference
  2
_ArchTick
 10
132.0378496124266
 20
405.951769401372
 30
0.0
 41
2.0
 42
2.0
 43
2.0
 50
180.0
  0
MTEXT
  5
B65
330
91A
100
AcDbEntity
  8
dim
440
 16777216
100
AcDbMText
 10
153.0378496124266
 20
405.951769401372
 30
0.0
 40
4.5
 41
0.0
 71
     5
 72
     1
  1
\A1;3'-6"
  7
DETAIL
 73
     1
 44
1.0
  0
POINT
  5
B66
330
91A
100
AcDbEntity
  8
Defpoints
 62
     0
440
 16777216
100
AcDbPoint
 10
174.0378496124266
 20
403.8598786515591
 30
0.0
  0
POINT
  5
B67
330
91A
100
AcDbEntity
  8
Defpoints
 62
     0
440
 16777216
100
AcDbPoint
 10
132.0378496124266
 20
403.859878651556
 30
0.0
  0
POINT
  5
B68
330
91A
100
AcDbEntity
  8
Defpoints
 62
     0
440
 16777216
100
AcDbPoint
 10
132.0378496124266
 20
405.951769401372
 30
0.0
  0
ENDBLK
  5
91C
330
91A
100
AcDbEntity
  8
0
100
AcDbBlockEnd
  0
BLOCK
  5
928
330
927
100
AcDbEntity
  8
0
100
AcDbBlockBegin
  2
*D72
 70
     1
 10
0.0
 20
0.0
 30
0.0
  3
*D72
  1

  0
LINE
  5
92A
330
927
100
AcDbEntity
  8
dim
440
 16777216
100
AcDbLine
 10
179.037849612273
 20
414.0239735391123
 30
0.0
 11
182.4533047210761
 21
414.0239735391123
 31
0.0
  0
LINE
  5
92B
330
927
100
AcDbEntity
  8
dim
440
 16777216
100
AcDbLine
 10
179.0378496124294
 20
372.0239735391021
 30
0.0
 11
182.4533047210761
 21
372.0239735391021
 31
0.0
  0
LINE
  5
92C
330
927
100
AcDbEntity
  8
dim
440
 16777216
100
AcDbLine
 10
181.4533047210761
 20
415.0239735391123
 30
0.0
 11
181.4533047210761
 21
399.503509691904
 31
0.0
  0
LINE
  5
92D
330
927
100
AcDbEntity
  8
dim
440
 16777216
100
AcDbLine
 10
181.4533047210761
 20
371.0239735391021
 30
0.0
 11
181.4533047210761
 21
386.5444373863104
 31
0.0
  0
INSERT
  5
92E
330
927
100
AcDbEntity
  8
dim
440
 16777216
100
AcDbBlockReference
  2
_ArchTick
 10
181.4533047210761
 20
414.0239735391123
 30
0.0
 41
2.0
 42
2.0
 43
2.0
 50
90.0
  0
INSERT
  5
92F
330
927
100
AcDbEntity
  8
dim
440
 16777216
100
AcDbBlockReference
  2
_ArchTick
 10
181.4533047210761
 20
372.0239735391021
 30
0.0
 41
2.0
 42
2.0
 43
2.0
 50
270.0
  0
MTEXT
  5
930
330
927
100
AcDbEntity
  8
dim
440
 16777216
100
AcDbMText
 10
181.4533047210762
 20
393.023973539107
 30
0.0
 40
4.5
 41
0.0
 71
     5
 72
     1
  1
\A1;3'-6"
  7
DETAIL
 11
6.123233995736766E-17
 21
1.0
 31
0.0
 73
     1
 44
1.0
  0
POINT
  5
931
330
927
100
AcDbEntity
  8
Defpoints
 62
     0
440
 16777216
100
AcDbPoint
 10
174.037849612273
 20
414.0239735391123
 30
0.0
  0
POINT
  5
932
330
927
100
AcDbEntity
  8
Defpoints
 62
     0
440
 16777216
100
AcDbPoint
 10
174.0378496124294
 20
372.0239735391021
 30
0.0
  0
POINT
  5
933
330
927
100
AcDbEntity
  8
Defpoints
 62
     0
440
 16777216
100
AcDbPoint
 10
181.4533047210761
 20
372.0239735391021
 30
0.0
  0
ENDBLK
  5
929
330
927
100
AcDbEntity
  8
0
100
AcDbBlockEnd
  0
BLOCK
  5
935
330
934
100
AcDbEntity
  8
0
100
AcDbBlockBegin
  2
*D73
 70
     1
 10
0.0
 20
0.0
 30
0.0
  3
*D73
  1

  0
LINE
  5
937
330
934
100
AcDbEntity
  8
dim
440
 16777216
100
AcDbLine
 10
244.0378496124295
 20
333.023973539078
 30
0.0
 11
233.192000591921
 21
333.023973539078
 31
0.0
  0
LINE
  5
938
330
934
100
AcDbEntity
  8
dim
440
 16777216
100
AcDbLine
 10
244.0378496124295
 20
318.0239735390792
 30
0.0
 11
233.192000591921
 21
318.0239735390792
 31
0.0
  0
LINE
  5
939
330
934
100
AcDbEntity
  8
dim
440
 16777216
100
AcDbLine
 10
234.192000591921
 20
334.023973539078
 30
0.0
 11
234.192000591921
 21
331.7932436618617
 31
0.0
  0
LINE
  5
93A
330
934
100
AcDbEntity
  8
dim
440
 16777216
100
AcDbLine
 10
234.192000591921
 20
317.0239735390792
 30
0.0
 11
234.192000591921
 21
319.2547034162955
 31
0.0
  0
INSERT
  5
93B
330
934
100
AcDbEntity
  8
dim
440
 16777216
100
AcDbBlockReference
  2
_ArchTick
 10
234.192000591921
 20
333.023973539078
 30
0.0
 41
2.0
 42
2.0
 43
2.0
 50
90.0
  0
INSERT
  5
93C
330
934
100
AcDbEntity
  8
dim
440
 16777216
100
AcDbBlockReference
  2
_ArchTick
 10
234.192000591921
 20
318.0239735390792
 30
0.0
 41
2.0
 42
2.0
 43
2.0
 50
270.0
  0
MTEXT
  5
93D
330
934
100
AcDbEntity
  8
dim
440
 16777216
100
AcDbMText
 10
234.192000591921
 20
325.5239735390785
 30
0.0
 40
4.5
 41
0.0
 71
     5
 72
     1
  1
\A1;1'-3"
  7
DETAIL
 11
6.123233995736766E-17
 21
1.0
 31
0.0
 73
     1
 44
1.0
  0
POINT
  5
93E
330
934
100
AcDbEntity
  8
Defpoints
 62
     0
440
 16777216
100
AcDbPoint
 10
249.0378496124295
 20
333.023973539078
 30
0.0
  0
POINT
  5
93F
330
934
100
AcDbEntity
  8
Defpoints
 62
     0
440
 16777216
100
AcDbPoint
 10
249.0378496124295
 20
318.0239735390792
 30
0.0
  0
POINT
  5
940
330
934
100
AcDbEntity
  8
Defpoints
 62
     0
440
 16777216
100
AcDbPoint
 10
234.192000591921
 20
318.0239735390792
 30
0.0
  0
ENDBLK
  5
936
330
934
100
AcDbEntity
  8
0
100
AcDbBlockEnd
  0
BLOCK
  5
942
330
941
100
AcDbEntity
  8
0
100
AcDbBlockBegin
  2
*D74
 70
     1
 10
0.0
 20
0.0
 30
0.0
  3
*D74
  1

  0
LINE
  5
944
330
941
100
AcDbEntity
  8
dim
440
 16777216
100
AcDbLine
 10
263.0378496124295
 20
324.0239735390742
 30
0.0
 11
267.563874004828
 21
324.0239735390742
 31
0.0
  0
LINE
  5
945
330
941
100
AcDbEntity
  8
dim
440
 16777216
100
AcDbLine
 10
263.0378496124258
 20
304.523973539078
 30
0.0
 11
267.563874004828
 21
304.523973539078
 31
0.0
  0
LINE
  5
946
330
941
100
AcDbEntity
  8
dim
440
 16777216
100
AcDbLine
 10
266.563874004828
 20
325.0239735390742
 30
0.0
 11
266.563874004828
 21
321.626098368544
 31
0.0
  0
LINE
  5
947
330
941
100
AcDbEntity
  8
dim
440
 16777216
100
AcDbLine
 10
266.563874004828
 20
303.523973539078
 30
0.0
 11
266.563874004828
 21
306.9218487096082
 31
0.0
  0
INSERT
  5
948
330
941
100
AcDbEntity
  8
dim
440
 16777216
100
AcDbBlockReference
  2
_ArchTick
 10
266.563874004828
 20
324.0239735390742
 30
0.0
 41
2.0
 42
2.0
 43
2.0
 50
90.0
  0
INSERT
  5
949
330
941
100
AcDbEntity
  8
dim
440
 16777216
100
AcDbBlockReference
  2
_ArchTick
 10
266.563874004828
 20
304.523973539078
 30
0.0
 41
2.0
 42
2.0
 43
2.0
 50
270.0
  0
MTEXT
  5
94A
330
941
100
AcDbEntity
  8
dim
440
 16777216
100
AcDbMText
 10
266.563874004828
 20
314.273973539076
 30
0.0
 40
4.5
 41
0.0
 71
     5
 72
     1
  1
\A1;1'-7{\H0.66x;\S1/2;}"
  7
DETAIL
 11
6.123233995736766E-17
 21
1.0
 31
0.0
 73
     1
 44
1.0
  0
POINT
  5
94B
330
941
100
AcDbEntity
  8
Defpoints
 62
     0
440
 16777216
100
AcDbPoint
 10
258.0378496124295
 20
324.0239735390742
 30
0.0
  0
POINT
  5
94C
330
941
100
AcDbEntity
  8
Defpoints
 62
     0
440
 16777216
100
AcDbPoint
 10
258.0378496124258
 20
304.523973539078
 30
0.0
  0
POINT
  5
94D
330
941
100
AcDbEntity
  8
Defpoints
 62
     0
440
 16777216
100
AcDbPoint
 10
266.563874004828
 20
304.523973539078
 30
0.0
  0
ENDBLK
  5
943
330
941
100
AcDbEntity
  8
0
100
AcDbBlockEnd
  0
BLOCK
  5
94F
330
94E
100
AcDbEntity
  8
0
100
AcDbBlockBegin
  2
*D75
 70
     1
 10
0.0
 20
0.0
 30
0.0
  3
*D75
  1

  0
LINE
  5
951
330
94E
100
AcDbEntity
  8
dim
440
 16777216
100
AcDbLine
 10
263.0378496124258
 20
304.523973539078
 30
0.0
 11
267.563874004828
 21
304.523973539078
 31
0.0
  0
LINE
  5
952
330
94E
100
AcDbEntity
  8
dim
440
 16777216
100
AcDbLine
 10
263.0378496124549
 20
262.523973539078
 30
0.0
 11
267.563874004828
 21
262.523973539078
 31
0.0
  0
LINE
  5
953
330
94E
100
AcDbEntity
  8
dim
440
 16777216
100
AcDbLine
 10
266.563874004828
 20
305.523973539078
 30
0.0
 11
266.563874004828
 21
297.8340008242076
 31
0.0
  0
LINE
  5
954
330
94E
100
AcDbEntity
  8
dim
440
 16777216
100
AcDbLine
 10
266.563874004828
 20
261.523973539078
 30
0.0
 11
266.563874004828
 21
269.2139462539484
 31
0.0
  0
INSERT
  5
955
330
94E
100
AcDbEntity
  8
dim
440
 16777216
100
AcDbBlockReference
  2
_ArchTick
 10
266.563874004828
 20
304.523973539078
 30
0.0
 41
2.0
 42
2.0
 43
2.0
 50
90.0
  0
INSERT
  5
956
330
94E
100
AcDbEntity
  8
dim
440
 16777216
100
AcDbBlockReference
  2
_ArchTick
 10
266.563874004828
 20
262.523973539078
 30
0.0
 41
2.0
 42
2.0
 43
2.0
 50
270.0
  0
MTEXT
  5
957
330
94E
100
AcDbEntity
  8
dim
440
 16777216
100
AcDbMText
 10
266.563874004828
 20
283.5239735390779
 30
0.0
 40
4.5
 41
0.0
 71
     5
 72
     1
  1
\A1;3'-6"x7'-6"
  7
DETAIL
 11
6.123233995736766E-17
 21
1.0
 31
0.0
 73
     1
 44
1.0
  0
POINT
  5
958
330
94E
100
AcDbEntity
  8
Defpoints
 62
     0
440
 16777216
100
AcDbPoint
 10
258.0378496124258
 20
304.523973539078
 30
0.0
  0
POINT
  5
959
330
94E
100
AcDbEntity
  8
Defpoints
 62
     0
440
 16777216
100
AcDbPoint
 10
258.0378496124549
 20
262.523973539078
 30
0.0
  0
POINT
  5
95A
330
94E
100
AcDbEntity
  8
Defpoints
 62
     0
440
 16777216
100
AcDbPoint
 10
266.563874004828
 20
262.523973539078
 30
0.0
  0
ENDBLK
  5
950
330
94E
100
AcDbEntity
  8
0
100
AcDbBlockEnd
  0
BLOCK
  5
95C
330
95B
100
AcDbEntity
  8
0
100
AcDbBlockBegin
  2
*D76
 70
     1
 10
0.0
 20
0.0
 30
0.0
  3
*D76
  1

  0
LINE
  5
95E
330
95B
100
AcDbEntity
  8
dim
440
 16777216
100
AcDbLine
 10
258.0378496124548
 20
185.08647353912
 30
0.0
 11
258.0378496124548
 21
200.0772618199559
 31
0.0
  0
LINE
  5
95F
330
95B
100
AcDbEntity
  8
dim
440
 16777216
100
AcDbLine
 10
262.512801631762
 20
185.08647353912
 30
0.0
 11
262.512801631762
 21
200.0772618199559
 31
0.0
  0
LINE
  5
960
330
95B
100
AcDbEntity
  8
dim
440
 16777216
100
AcDbLine
 10
257.0378496124548
 20
199.0772618199559
 30
0.0
 11
263.512801631762
 21
199.0772618199559
 31
0.0
  0
LINE
  5
961
330
95B
100
AcDbEntity
  8
dim
440
 16777216
100
AcDbLine
 10
260.2753256221084
 20
199.0772618199559
 30
0.0
 11
261.84347227968
 21
204.3044173451946
 31
0.0
  0
LINE
  5
962
330
95B
100
AcDbEntity
  8
dim
440
 16777216
100
AcDbLine
 10
261.84347227968
 20
204.3044173451946
 30
0.0
 11
262.84347227968
 21
204.3044173451946
 31
0.0
  0
MTEXT
  5
963
330
95B
100
AcDbEntity
  8
dim
440
 16777216
100
AcDbMText
 10
267.1029982005531
 20
204.3044173451946
 30
0.0
 40
4.5
 41
0.0
 71
     5
 72
     1
  1
\A1;4{\H0.66x;\S1/2;}"
  7
DETAIL
 73
     1
 44
1.0
  0
INSERT
  5
964
330
95B
100
AcDbEntity
  8
dim
440
 16777216
100
AcDbBlockReference
  2
_ArchTick
 10
258.0378496124548
 20
199.0772618199559
 30
0.0
 41
2.0
 42
2.0
 43
2.0
 50
180.0
  0
INSERT
  5
965
330
95B
100
AcDbEntity
  8
dim
440
 16777216
100
AcDbBlockReference
  2
_ArchTick
 10
262.512801631762
 20
199.0772618199559
 30
0.0
 41
2.0
 42
2.0
 43
2.0
  0
POINT
  5
966
330
95B
100
AcDbEntity
  8
Defpoints
 62
     0
440
 16777216
100
AcDbPoint
 10
258.0378496124548
 20
180.08647353912
 30
0.0
  0
POINT
  5
967
330
95B
100
AcDbEntity
  8
Defpoints
 62
     0
440
 16777216
100
AcDbPoint
 10
262.512801631762
 20
180.08647353912
 30
0.0
  0
POINT
  5
968
330
95B
100
AcDbEntity
  8
Defpoints
 62
     0
440
 16777216
100
AcDbPoint
 10
262.512801631762
 20
199.0772618199559
 30
0.0
  0
ENDBLK
  5
95D
330
95B
100
AcDbEntity
  8
0
100
AcDbBlockEnd
  0
BLOCK
  5
974
330
973
100
AcDbEntity
  8
0
100
AcDbBlockBegin
  2
*D77
 70
     1
 10
0.0
 20
0.0
 30
0.0
  3
*D77
  1

  0
LINE
  5
976
330
973
100
AcDbEntity
  8
dim
440
 16777216
100
AcDbLine
 10
353.0378496124549
 20
175.5864735391152
 30
0.0
 11
357.9676749081418
 21
175.5864735391152
 31
0.0
  0
LINE
  5
977
330
973
100
AcDbEntity
  8
dim
440
 16777216
100
AcDbLine
 10
353.0378496124586
 20
166.5864735391152
 30
0.0
 11
357.9676749081418
 21
166.5864735391152
 31
0.0
  0
LINE
  5
978
330
973
100
AcDbEntity
  8
dim
440
 16777216
100
AcDbLine
 10
356.9676749081418
 20
176.5864735391152
 30
0.0
 11
356.9676749081418
 21
174.172592229429
 31
0.0
  0
LINE
  5
979
330
973
100
AcDbEntity
  8
dim
440
 16777216
100
AcDbLine
 10
356.9676749081418
 20
165.5864735391152
 30
0.0
 11
356.9676749081418
 21
168.0003548488015
 31
0.0
  0
INSERT
  5
97A
330
973
100
AcDbEntity
  8
dim
440
 16777216
100
AcDbBlockReference
  2
_ArchTick
 10
356.9676749081418
 20
175.5864735391152
 30
0.0
 41
2.0
 42
2.0
 43
2.0
 50
90.0
  0
INSERT
  5
97B
330
973
100
AcDbEntity
  8
dim
440
 16777216
100
AcDbBlockReference
  2
_ArchTick
 10
356.9676749081418
 20
166.5864735391152
 30
0.0
 41
2.0
 42
2.0
 43
2.0
 50
270.0
  0
MTEXT
  5
97C
330
973
100
AcDbEntity
  8
dim
440
 16777216
100
AcDbMText
 10
356.9676749081418
 20
171.0864735391151
 30
0.0
 40
4.5
 41
0.0
 71
     5
 72
     1
  1
\A1;9"
  7
DETAIL
 11
6.123233995736766E-17
 21
1.0
 31
0.0
 73
     1
 44
1.0
  0
POINT
  5
97D
330
973
100
AcDbEntity
  8
Defpoints
 62
     0
440
 16777216
100
AcDbPoint
 10
348.0378496124549
 20
175.5864735391152
 30
0.0
  0
POINT
  5
97E
330
973
100
AcDbEntity
  8
Defpoints
 62
     0
440
 16777216
100
AcDbPoint
 10
348.0378496124586
 20
166.5864735391152
 30
0.0
  0
POINT
  5
97F
330
973
100
AcDbEntity
  8
Defpoints
 62
     0
440
 16777216
100
AcDbPoint
 10
356.9676749081418
 20
166.5864735391152
 30
0.0
  0
ENDBLK
  5
975
330
973
100
AcDbEntity
  8
0
100
AcDbBlockEnd
  0
BLOCK
  5
981
330
980
100
AcDbEntity
  8
0
100
AcDbBlockBegin
  2
*D78
 70
     1
 10
0.0
 20
0.0
 30
0.0
  3
*D78
  1

  0
LINE
  5
983
330
980
100
AcDbEntity
  8
dim
440
 16777216
100
AcDbLine
 10
353.0378496124586
 20
166.5864735391152
 30
0.0
 11
357.9676749081418
 21
166.5864735391152
 31
0.0
  0
LINE
  5
984
330
980
100
AcDbEntity
  8
dim
440
 16777216
100
AcDbLine
 10
353.0378496124586
 20
139.5864735391152
 30
0.0
 11
357.9676749081418
 21
139.5864735391152
 31
0.0
  0
LINE
  5
985
330
980
100
AcDbEntity
  8
dim
440
 16777216
100
AcDbLine
 10
356.9676749081418
 20
167.5864735391152
 30
0.0
 11
356.9676749081418
 21
138.5864735391152
 31
0.0
  0
LINE
  5
986
330
980
100
AcDbEntity
  8
dim
440
 16777216
100
AcDbLine
 10
356.9676749081418
 20
153.0864735391152
 30
0.0
 11
365.6150146080054
 21
155.6806754490743
 31
0.0
  0
LINE
  5
987
330
980
100
AcDbEntity
  8
dim
440
 16777216
100
AcDbLine
 10
365.6150146080054
 20
155.6806754490743
 30
0.0
 11
365.6150146080054
 21
156.6806754490743
 31
0.0
  0
MTEXT
  5
988
330
980
100
AcDbEntity
  8
dim
440
 16777216
100
AcDbMText
 10
365.6150146080054
 20
171.0306072362502
 30
0.0
 40
4.5
 41
0.0
 71
     5
 72
     1
  1
\A1;2'-3"x7'-6"
  7
DETAIL
 11
6.123233995736766E-17
 21
1.0
 31
0.0
 73
     1
 44
1.0
  0
INSERT
  5
989
330
980
100
AcDbEntity
  8
dim
440
 16777216
100
AcDbBlockReference
  2
_ArchTick
 10
356.9676749081418
 20
166.5864735391152
 30
0.0
 41
2.0
 42
2.0
 43
2.0
 50
90.0
  0
INSERT
  5
98A
330
980
100
AcDbEntity
  8
dim
440
 16777216
100
AcDbBlockReference
  2
_ArchTick
 10
356.9676749081418
 20
139.5864735391152
 30
0.0
 41
2.0
 42
2.0
 43
2.0
 50
270.0
  0
POINT
  5
98B
330
980
100
AcDbEntity
  8
Defpoints
 62
     0
440
 16777216
100
AcDbPoint
 10
348.0378496124586
 20
166.5864735391152
 30
0.0
  0
POINT
  5
98C
330
980
100
AcDbEntity
  8
Defpoints
 62
     0
440
 16777216
100
AcDbPoint
 10
348.0378496124586
 20
139.5864735391152
 30
0.0
  0
POINT
  5
98D
330
980
100
AcDbEntity
  8
Defpoints
 62
     0
440
 16777216
100
AcDbPoint
 10
356.9676749081418
 20
139.5864735391152
 30
0.0
  0
ENDBLK
  5
982
330
980
100
AcDbEntity
  8
0
100
AcDbBlockEnd
  0
BLOCK
  5
98F
330
98E
100
AcDbEntity
  8
0
100
AcDbBlockBegin
  2
*D79
 70
     1
 10
0.0
 20
0.0
 30
0.0
  3
*D79
  1

  0
LINE
  5
991
330
98E
100
AcDbEntity
  8
dim
440
 16777216
100
AcDbLine
 10
240.0378496124293
 20
593.0239735390982
 30
0.0
 11
240.0378496124293
 21
601.692589095312
 31
0.0
  0
LINE
  5
992
330
98E
100
AcDbEntity
  8
dim
440
 16777216
100
AcDbLine
 10
264.0378496124257
 20
593.0239735390982
 30
0.0
 11
264.0378496124257
 21
601.692589095312
 31
0.0
  0
LINE
  5
993
330
98E
100
AcDbEntity
  8
dim
440
 16777216
100
AcDbLine
 10
239.0378496124293
 20
600.692589095312
 30
0.0
 11
245.5184089575844
 21
600.692589095312
 31
0.0
  0
LINE
  5
994
330
98E
100
AcDbEntity
  8
dim
440
 16777216
100
AcDbLine
 10
265.0378496124257
 20
600.692589095312
 30
0.0
 11
258.5572902672706
 21
600.692589095312
 31
0.0
  0
INSERT
  5
995
330
98E
100
AcDbEntity
  8
dim
440
 16777216
100
AcDbBlockReference
  2
_ArchTick
 10
240.0378496124293
 20
600.692589095312
 30
0.0
 41
2.0
 42
2.0
 43
2.0
 50
180.0
  0
INSERT
  5
996
330
98E
100
AcDbEntity
  8
dim
440
 16777216
100
AcDbBlockReference
  2
_ArchTick
 10
264.0378496124257
 20
600.692589095312
 30
0.0
 41
2.0
 42
2.0
 43
2.0
  0
MTEXT
  5
997
330
98E
100
AcDbEntity
  8
dim
440
 16777216
100
AcDbMText
 10
252.0378496124275
 20
600.692589095312
 30
0.0
 40
4.5
 41
0.0
 71
     5
 72
     1
  1
\A1;2'-0"
  7
DETAIL
 73
     1
 44
1.0
  0
POINT
  5
998
330
98E
100
AcDbEntity
  8
Defpoints
 62
     0
440
 16777216
100
AcDbPoint
 10
240.0378496124293
 20
588.0239735390982
 30
0.0
  0
POINT
  5
999
330
98E
100
AcDbEntity
  8
Defpoints
 62
     0
440
 16777216
100
AcDbPoint
 10
264.0378496124257
 20
588.0239735390982
 30
0.0
  0
POINT
  5
99A
330
98E
100
AcDbEntity
  8
Defpoints
 62
     0
440
 16777216
100
AcDbPoint
 10
264.0378496124257
 20
600.692589095312
 30
0.0
  0
ENDBLK
  5
990
330
98E
100
AcDbEntity
  8
0
100
AcDbBlockEnd
  0
BLOCK
  5
9A7
330
9A6
100
AcDbEntity
  8
0
100
AcDbBlockBegin
  2
*D80
 70
     1
 10
0.0
 20
0.0
 30
0.0
  3
*D80
  1

  0
LINE
  5
9A9
330
9A6
100
AcDbEntity
  8
dim
440
 16777216
100
AcDbLine
 10
250.5378496124293
 20
484.0239735390982
 30
0.0
 11
250.5378496124293
 21
476.4280478751531
 31
0.0
  0
LINE
  5
9AA
330
9A6
100
AcDbEntity
  8
dim
440
 16777216
100
AcDbLine
 10
268.5378496124257
 20
484.0239735390982
 30
0.0
 11
268.5378496124257
 21
476.4280478751531
 31
0.0
  0
LINE
  5
9AB
330
9A6
100
AcDbEntity
  8
dim
440
 16777216
100
AcDbLine
 10
249.5378496124293
 20
477.4280478751531
 30
0.0
 11
253.2685794896445
 21
477.4280478751531
 31
0.0
  0
LINE
  5
9AC
330
9A6
100
AcDbEntity
  8
dim
440
 16777216
100
AcDbLine
 10
269.5378496124257
 20
477.4280478751531
 30
0.0
 11
265.8071197352106
 21
477.4280478751531
 31
0.0
  0
INSERT
  5
9AD
330
9A6
100
AcDbEntity
  8
dim
440
 16777216
100
AcDbBlockReference
  2
_ArchTick
 10
250.5378496124293
 20
477.4280478751531
 30
0.0
 41
2.0
 42
2.0
 43
2.0
 50
180.0
  0
INSERT
  5
9AE
330
9A6
100
AcDbEntity
  8
dim
440
 16777216
100
AcDbBlockReference
  2
_ArchTick
 10
268.5378496124257
 20
477.4280478751531
 30
0.0
 41
2.0
 42
2.0
 43
2.0
  0
MTEXT
  5
9AF
330
9A6
100
AcDbEntity
  8
dim
440
 16777216
100
AcDbMText
 10
259.5378496124275
 20
477.4280478751531
 30
0.0
 40
4.5
 41
0.0
 71
     5
 72
     1
  1
\A1;1'-6"
  7
DETAIL
 73
     1
 44
1.0
  0
POINT
  5
9B0
330
9A6
100
AcDbEntity
  8
Defpoints
 62
     0
440
 16777216
100
AcDbPoint
 10
250.5378496124293
 20
489.0239735390982
 30
0.0
  0
POINT
  5
9B1
330
9A6
100
AcDbEntity
  8
Defpoints
 62
     0
440
 16777216
100
AcDbPoint
 10
268.5378496124257
 20
489.0239735390982
 30
0.0
  0
POINT
  5
9B2
330
9A6
100
AcDbEntity
  8
Defpoints
 62
     0
440
 16777216
100
AcDbPoint
 10
268.5378496124257
 20
477.4280478751531
 30
0.0
  0
ENDBLK
  5
9A8
330
9A6
100
AcDbEntity
  8
0
100
AcDbBlockEnd
  0
BLOCK
  5
9B4
330
9B3
100
AcDbEntity
  8
0
100
AcDbBlockBegin
  2
*D81
 70
     1
 10
0.0
 20
0.0
 30
0.0
  3
*D81
  1

  0
LINE
  5
9B6
330
9B3
100
AcDbEntity
  8
dim
440
 16777216
100
AcDbLine
 10
60.03784961244025
 20
109.0864735390902
 30
0.0
 11
60.03784961244025
 21
106.6879618841971
 31
0.0
  0
LINE
  5
9B7
330
9B3
100
AcDbEntity
  8
dim
440
 16777216
100
AcDbLine
 10
78.03784961244025
 20
109.0864735390902
 30
0.0
 11
78.03784961244025
 21
106.6879618841971
 31
0.0
  0
LINE
  5
9B8
330
9B3
100
AcDbEntity
  8
dim
440
 16777216
100
AcDbLine
 10
59.03784961244025
 20
107.6879618841971
 30
0.0
 11
62.76857948965717
 21
107.6879618841971
 31
0.0
  0
LINE
  5
9B9
330
9B3
100
AcDbEntity
  8
dim
440
 16777216
100
AcDbLine
 10
79.03784961244025
 20
107.6879618841971
 30
0.0
 11
75.30711973522334
 21
107.6879618841971
 31
0.0
  0
INSERT
  5
9BA
330
9B3
100
AcDbEntity
  8
dim
440
 16777216
100
AcDbBlockReference
  2
_ArchTick
 10
60.03784961244025
 20
107.6879618841971
 30
0.0
 41
2.0
 42
2.0
 43
2.0
 50
180.0
  0
INSERT
  5
9BB
330
9B3
100
AcDbEntity
  8
dim
440
 16777216
100
AcDbBlockReference
  2
_ArchTick
 10
78.03784961244025
 20
107.6879618841971
 30
0.0
 41
2.0
 42
2.0
 43
2.0
  0
MTEXT
  5
9BC
330
9B3
100
AcDbEntity
  8
dim
440
 16777216
100
AcDbMText
 10
69.03784961244025
 20
107.6879618841971
 30
0.0
 40
4.5
 41
0.0
 71
     5
 72
     1
  1
\A1;1'-6"
  7
DETAIL
 73
     1
 44
1.0
  0
POINT
  5
9BD
330
9B3
100
AcDbEntity
  8
Defpoints
 62
     0
440
 16777216
100
AcDbPoint
 10
60.03784961244025
 20
114.0864735390902
 30
0.0
  0
POINT
  5
9BE
330
9B3
100
AcDbEntity
  8
Defpoints
 62
     0
440
 16777216
100
AcDbPoint
 10
78.03784961244025
 20
114.0864735390902
 30
0.0
  0
POINT
  5
9BF
330
9B3
100
AcDbEntity
  8
Defpoints
 62
     0
440
 16777216
100
AcDbPoint
 10
78.03784961244025
 20
107.6879618841971
 30
0.0
  0
ENDBLK
  5
9B5
330
9B3
100
AcDbEntity
  8
0
100
AcDbBlockEnd
  0
BLOCK
  5
9C1
330
9C0
100
AcDbEntity
  8
0
100
AcDbBlockBegin
  2
*D82
 70
     1
 10
0.0
 20
0.0
 30
0.0
  3
*D82
  1

  0
LINE
  5
9C3
330
9C0
100
AcDbEntity
  8
dim
440
 16777216
100
AcDbLine
 10
78.0378496124548
 20
109.0864735392259
 30
0.0
 11
78.0378496124548
 21
106.6879618841971
 31
0.0
  0
LINE
  5
9C4
330
9C0
100
AcDbEntity
  8
dim
440
 16777216
100
AcDbLine
 10
246.0378496124403
 20
109.086473539135
 30
0.0
 11
246.0378496124403
 21
106.6879618841971
 31
0.0
  0
LINE
  5
9C5
330
9C0
100
AcDbEntity
  8
dim
440
 16777216
100
AcDbLine
 10
77.0378496124548
 20
107.6879618841971
 30
0.0
 11
154.0204553423247
 21
107.6879618841971
 31
0.0
  0
LINE
  5
9C6
330
9C0
100
AcDbEntity
  8
dim
440
 16777216
100
AcDbLine
 10
247.0378496124403
 20
107.6879618841971
 30
0.0
 11
170.0552438825703
 21
107.6879618841971
 31
0.0
  0
INSERT
  5
9C7
330
9C0
100
AcDbEntity
  8
dim
440
 16777216
100
AcDbBlockReference
  2
_ArchTick
 10
78.0378496124548
 20
107.6879618841971
 30
0.0
 41
2.0
 42
2.0
 43
2.0
 50
180.0
  0
INSERT
  5
9C8
330
9C0
100
AcDbEntity
  8
dim
440
 16777216
100
AcDbBlockReference
  2
_ArchTick
 10
246.0378496124403
 20
107.6879618841971
 30
0.0
 41
2.0
 42
2.0
 43
2.0
  0
MTEXT
  5
9C9
330
9C0
100
AcDbEntity
  8
dim
440
 16777216
100
AcDbMText
 10
162.0378496124475
 20
107.6879618841971
 30
0.0
 40
4.5
 41
0.0
 71
     5
 72
     1
  1
\A1;14'-0"
  7
DETAIL
 73
     1
 44
1.0
  0
POINT
  5
9CA
330
9C0
100
AcDbEntity
  8
Defpoints
 62
     0
440
 16777216
100
AcDbPoint
 10
78.0378496124548
 20
114.0864735392259
 30
0.0
  0
POINT
  5
9CB
330
9C0
100
AcDbEntity
  8
Defpoints
 62
     0
440
 16777216
100
AcDbPoint
 10
246.0378496124403
 20
114.086473539135
 30
0.0
  0
POINT
  5
9CC
330
9C0
100
AcDbEntity
  8
Defpoints
 62
     0
440
 16777216
100
AcDbPoint
 10
246.0378496124403
 20
107.6879618841971
 30
0.0
  0
ENDBLK
  5
9C2
330
9C0
100
AcDbEntity
  8
0
100
AcDbBlockEnd
  0
BLOCK
  5
9CE
330
9CD
100
AcDbEntity
  8
0
100
AcDbBlockBegin
  2
*D83
 70
     1
 10
0.0
 20
0.0
 30
0.0
  3
*D83
  1

  0
LINE
  5
9D0
330
9CD
100
AcDbEntity
  8
dim
440
 16777216
100
AcDbLine
 10
264.0378496124403
 20
109.0864735391641
 30
0.0
 11
264.0378496124403
 21
106.6879618841971
 31
0.0
  0
LINE
  5
9D1
330
9CD
100
AcDbEntity
  8
dim
440
 16777216
100
AcDbLine
 10
246.0378496124403
 20
109.086473539135
 30
0.0
 11
246.0378496124403
 21
106.6879618841971
 31
0.0
  0
LINE
  5
9D2
330
9CD
100
AcDbEntity
  8
dim
440
 16777216
100
AcDbLine
 10
265.0378496124403
 20
107.6879618841971
 30
0.0
 11
261.3071197352234
 21
107.6879618841971
 31
0.0
  0
LINE
  5
9D3
330
9CD
100
AcDbEntity
  8
dim
440
 16777216
100
AcDbLine
 10
245.0378496124403
 20
107.6879618841971
 30
0.0
 11
248.7685794896572
 21
107.6879618841971
 31
0.0
  0
INSERT
  5
9D4
330
9CD
100
AcDbEntity
  8
dim
440
 16777216
100
AcDbBlockReference
  2
_ArchTick
 10
264.0378496124403
 20
107.6879618841971
 30
0.0
 41
2.0
 42
2.0
 43
2.0
  0
INSERT
  5
9D5
330
9CD
100
AcDbEntity
  8
dim
440
 16777216
100
AcDbBlockReference
  2
_ArchTick
 10
246.0378496124403
 20
107.6879618841971
 30
0.0
 41
2.0
 42
2.0
 43
2.0
 50
180.0
  0
MTEXT
  5
9D6
330
9CD
100
AcDbEntity
  8
dim
440
 16777216
100
AcDbMText
 10
255.0378496124403
 20
107.6879618841971
 30
0.0
 40
4.5
 41
0.0
 71
     5
 72
     1
  1
\A1;1'-6"
  7
DETAIL
 73
     1
 44
1.0
  0
POINT
  5
9D7
330
9CD
100
AcDbEntity
  8
Defpoints
 62
     0
440
 16777216
100
AcDbPoint
 10
264.0378496124403
 20
114.0864735391641
 30
0.0
  0
POINT
  5
9D8
330
9CD
100
AcDbEntity
  8
Defpoints
 62
     0
440
 16777216
100
AcDbPoint
 10
246.0378496124403
 20
114.086473539135
 30
0.0
  0
POINT
  5
9D9
330
9CD
100
AcDbEntity
  8
Defpoints
 62
     0
440
 16777216
100
AcDbPoint
 10
246.0378496124403
 20
107.6879618841971
 30
0.0
  0
ENDBLK
  5
9CF
330
9CD
100
AcDbEntity
  8
0
100
AcDbBlockEnd
  0
BLOCK
  5
9DB
330
9DA
100
AcDbEntity
  8
0
100
AcDbBlockBegin
  2
*D84
 70
     1
 10
0.0
 20
0.0
 30
0.0
  3
*D84
  1

  0
LINE
  5
9DD
330
9DA
100
AcDbEntity
  8
dim
440
 16777216
100
AcDbLine
 10
256.0378496125023
 20
96.08647353908887
 30
0.0
 11
276.1964450797395
 21
96.08647353908887
 31
0.0
  0
LINE
  5
9DE
330
9DA
100
AcDbEntity
  8
dim
440
 16777216
100
AcDbLine
 10
256.0378496125023
 20
114.086473539143
 30
0.0
 11
276.1964450797395
 21
114.086473539143
 31
0.0
  0
LINE
  5
9DF
330
9DA
100
AcDbEntity
  8
dim
440
 16777216
100
AcDbLine
 10
275.1964450797395
 20
95.08647353908886
 30
0.0
 11
275.1964450797395
 21
98.81720341633284
 31
0.0
  0
LINE
  5
9E0
330
9DA
100
AcDbEntity
  8
dim
440
 16777216
100
AcDbLine
 10
275.1964450797395
 20
115.086473539143
 30
0.0
 11
275.1964450797395
 21
111.355743661899
 31
0.0
  0
INSERT
  5
9E1
330
9DA
100
AcDbEntity
  8
dim
440
 16777216
100
AcDbBlockReference
  2
_ArchTick
 10
275.1964450797395
 20
96.08647353908887
 30
0.0
 41
2.0
 42
2.0
 43
2.0
 50
270.0
  0
INSERT
  5
9E2
330
9DA
100
AcDbEntity
  8
dim
440
 16777216
100
AcDbBlockReference
  2
_ArchTick
 10
275.1964450797395
 20
114.086473539143
 30
0.0
 41
2.0
 42
2.0
 43
2.0
 50
90.0
  0
MTEXT
  5
9E3
330
9DA
100
AcDbEntity
  8
dim
440
 16777216
100
AcDbMText
 10
275.1964450797395
 20
105.0864735391158
 30
0.0
 40
4.5
 41
0.0
 71
     5
 72
     1
  1
\A1;1'-6"
  7
DETAIL
 11
6.123233995736766E-17
 21
1.0
 31
0.0
 73
     1
 44
1.0
  0
POINT
  5
9E4
330
9DA
100
AcDbEntity
  8
Defpoints
 62
     0
440
 16777216
100
AcDbPoint
 10
251.0378496125022
 20
96.08647353908887
 30
0.0
  0
POINT
  5
9E5
330
9DA
100
AcDbEntity
  8
Defpoints
 62
     0
440
 16777216
100
AcDbPoint
 10
251.0378496125022
 20
114.086473539143
 30
0.0
  0
POINT
  5
9E6
330
9DA
100
AcDbEntity
  8
Defpoints
 62
     0
440
 16777216
100
AcDbPoint
 10
275.1964450797395
 20
114.086473539143
 30
0.0
  0
ENDBLK
  5
9DC
330
9DA
100
AcDbEntity
  8
0
100
AcDbBlockEnd
  0
BLOCK
  5
9E8
330
9E7
100
AcDbEntity
  8
0
100
AcDbBlockBegin
  2
*D85
 70
     1
 10
0.0
 20
0.0
 30
0.0
  3
*D85
  1

  0
LINE
  5
9EA
330
9E7
100
AcDbEntity
  8
dim
440
 16777216
100
AcDbLine
 10
269.0378496124258
 20
127.586473539175
 30
0.0
 11
276.1964450797395
 21
127.586473539175
 31
0.0
  0
LINE
  5
9EB
330
9E7
100
AcDbEntity
  8
dim
440
 16777216
100
AcDbLine
 10
269.0378496124404
 20
118.5864735391162
 30
0.0
 11
276.1964450797395
 21
118.5864735391162
 31
0.0
  0
LINE
  5
9EC
330
9E7
100
AcDbEntity
  8
dim
440
 16777216
100
AcDbLine
 10
275.1964450797395
 20
128.586473539175
 30
0.0
 11
275.1964450797395
 21
126.1725922294594
 31
0.0
  0
LINE
  5
9ED
330
9E7
100
AcDbEntity
  8
dim
440
 16777216
100
AcDbLine
 10
275.1964450797395
 20
117.5864735391162
 30
0.0
 11
275.1964450797395
 21
120.0003548488318
 31
0.0
  0
INSERT
  5
9EE
330
9E7
100
AcDbEntity
  8
dim
440
 16777216
100
AcDbBlockReference
  2
_ArchTick
 10
275.1964450797395
 20
127.586473539175
 30
0.0
 41
2.0
 42
2.0
 43
2.0
 50
90.0
  0
INSERT
  5
9EF
330
9E7
100
AcDbEntity
  8
dim
440
 16777216
100
AcDbBlockReference
  2
_ArchTick
 10
275.1964450797395
 20
118.5864735391162
 30
0.0
 41
2.0
 42
2.0
 43
2.0
 50
270.0
  0
MTEXT
  5
9F0
330
9E7
100
AcDbEntity
  8
dim
440
 16777216
100
AcDbMText
 10
275.1964450797395
 20
123.0864735391455
 30
0.0
 40
4.5
 41
0.0
 71
     5
 72
     1
  1
\A1;9"
  7
DETAIL
 11
6.123233995736766E-17
 21
1.0
 31
0.0
 73
     1
 44
1.0
  0
POINT
  5
9F1
330
9E7
100
AcDbEntity
  8
Defpoints
 62
     0
440
 16777216
100
AcDbPoint
 10
264.0378496124258
 20
127.586473539175
 30
0.0
  0
POINT
  5
9F2
330
9E7
100
AcDbEntity
  8
Defpoints
 62
     0
440
 16777216
100
AcDbPoint
 10
264.0378496124404
 20
118.5864735391162
 30
0.0
  0
POINT
  5
9F3
330
9E7
100
AcDbEntity
  8
Defpoints
 62
     0
440
 16777216
100
AcDbPoint
 10
275.1964450797395
 20
118.5864735391162
 30
0.0
  0
ENDBLK
  5
9E9
330
9E7
100
AcDbEntity
  8
0
100
AcDbBlockEnd
  0
BLOCK
  5
9F5
330
9F4
100
AcDbEntity
  8
0
100
AcDbBlockBegin
  2
*D86
 70
     1
 10
0.0
 20
0.0
 30
0.0
  3
*D86
  1

  0
LINE
  5
9F7
330
9F4
100
AcDbEntity
  8
dim
440
 16777216
100
AcDbLine
 10
269.0378496124549
 20
127.586473539175
 30
0.0
 11
276.1964450797396
 21
127.586473539175
 31
0.0
  0
LINE
  5
9F8
330
9F4
100
AcDbEntity
  8
dim
440
 16777216
100
AcDbLine
 10
269.0378496123822
 20
171.0864735391691
 30
0.0
 11
276.1964450797395
 21
171.0864735391691
 31
0.0
  0
LINE
  5
9F9
330
9F4
100
AcDbEntity
  8
dim
440
 16777216
100
AcDbLine
 10
275.1964450797396
 20
126.586473539175
 30
0.0
 11
275.1964450797395
 21
141.7740826796905
 31
0.0
  0
LINE
  5
9FA
330
9F4
100
AcDbEntity
  8
dim
440
 16777216
100
AcDbLine
 10
275.1964450797395
 20
172.0864735391691
 30
0.0
 11
275.1964450797395
 21
156.8988643986537
 31
0.0
  0
INSERT
  5
9FB
330
9F4
100
AcDbEntity
  8
dim
440
 16777216
100
AcDbBlockReference
  2
_ArchTick
 10
275.1964450797396
 20
127.586473539175
 30
0.0
 41
2.0
 42
2.0
 43
2.0
 50
270.0
  0
INSERT
  5
9FC
330
9F4
100
AcDbEntity
  8
dim
440
 16777216
100
AcDbBlockReference
  2
_ArchTick
 10
275.1964450797395
 20
171.0864735391691
 30
0.0
 41
2.0
 42
2.0
 43
2.0
 50
90.0
  0
MTEXT
  5
9FD
330
9F4
100
AcDbEntity
  8
dim
440
 16777216
100
AcDbMText
 10
275.1964450797395
 20
149.336473539172
 30
0.0
 40
4.5
 41
0.0
 71
     5
 72
     1
  1
\A1;3'-7{\H0.66x;\S1/2;}"
  7
DETAIL
 11
6.123233995736766E-17
 21
1.0
 31
0.0
 73
     1
 44
1.0
  0
POINT
  5
9FE
330
9F4
100
AcDbEntity
  8
Defpoints
 62
     0
440
 16777216
100
AcDbPoint
 10
264.0378496124549
 20
127.586473539175
 30
0.0
  0
POINT
  5
9FF
330
9F4
100
AcDbEntity
  8
Defpoints
 62
     0
440
 16777216
100
AcDbPoint
 10
264.0378496123822
 20
171.0864735391691
 30
0.0
  0
POINT
  5
A00
330
9F4
100
AcDbEntity
  8
Defpoints
 62
     0
440
 16777216
100
AcDbPoint
 10
275.1964450797395
 20
171.0864735391691
 30
0.0
  0
ENDBLK
  5
9F6
330
9F4
100
AcDbEntity
  8
0
100
AcDbBlockEnd
  0
BLOCK
  5
A02
330
A01
100
AcDbEntity
  8
0
100
AcDbBlockBegin
  2
*D87
 70
     1
 10
0.0
 20
0.0
 30
0.0
  3
*D87
  1

  0
LINE
  5
A04
330
A01
100
AcDbEntity
  8
dim
440
 16777216
100
AcDbLine
 10
93.03784961244025
 20
550.0239735390982
 30
0.0
 11
93.03784961244025
 21
548.6765577795851
 31
0.0
  0
LINE
  5
A05
330
A01
100
AcDbEntity
  8
dim
440
 16777216
100
AcDbLine
 10
69.0378496124548
 20
550.023973539097
 30
0.0
 11
69.0378496124548
 21
548.6765577795851
 31
0.0
  0
LINE
  5
A06
330
A01
100
AcDbEntity
  8
dim
440
 16777216
100
AcDbLine
 10
94.03784961244025
 20
549.6765577795851
 30
0.0
 11
87.55729026729064
 21
549.6765577795851
 31
0.0
  0
LINE
  5
A07
330
A01
100
AcDbEntity
  8
dim
440
 16777216
100
AcDbLine
 10
68.0378496124548
 20
549.6765577795851
 30
0.0
 11
74.51840895760442
 21
549.6765577795851
 31
0.0
  0
INSERT
  5
A08
330
A01
100
AcDbEntity
  8
dim
440
 16777216
100
AcDbBlockReference
  2
_ArchTick
 10
93.03784961244025
 20
549.6765577795851
 30
0.0
 41
2.0
 42
2.0
 43
2.0
  0
INSERT
  5
A09
330
A01
100
AcDbEntity
  8
dim
440
 16777216
100
AcDbBlockReference
  2
_ArchTick
 10
69.0378496124548
 20
549.6765577795851
 30
0.0
 41
2.0
 42
2.0
 43
2.0
 50
180.0
  0
MTEXT
  5
A0A
330
A01
100
AcDbEntity
  8
dim
440
 16777216
100
AcDbMText
 10
81.03784961244753
 20
549.6765577795851
 30
0.0
 40
4.5
 41
0.0
 71
     5
 72
     1
  1
\A1;2'-0"
  7
DETAIL
 73
     1
 44
1.0
  0
POINT
  5
A0B
330
A01
100
AcDbEntity
  8
Defpoints
 62
     0
440
 16777216
100
AcDbPoint
 10
93.03784961244025
 20
555.0239735390982
 30
0.0
  0
POINT
  5
A0C
330
A01
100
AcDbEntity
  8
Defpoints
 62
     0
440
 16777216
100
AcDbPoint
 10
69.0378496124548
 20
555.023973539097
 30
0.0
  0
POINT
  5
A0D
330
A01
100
AcDbEntity
  8
Defpoints
 62
     0
440
 16777216
100
AcDbPoint
 10
69.0378496124548
 20
549.6765577795851
 30
0.0
  0
ENDBLK
  5
A03
330
A01
100
AcDbEntity
  8
0
100
AcDbBlockEnd
  0
BLOCK
  5
A0F
330
A0E
100
AcDbEntity
  8
0
100
AcDbBlockBegin
  2
*D88
 70
     1
 10
0.0
 20
0.0
 30
0.0
  3
*D88
  1

  0
LINE
  5
A11
330
A0E
100
AcDbEntity
  8
dim
440
 16777216
100
AcDbLine
 10
172.0378496124549
 20
579.0239735390984
 30
0.0
 11
164.6984042237936
 21
579.0239735390984
 31
0.0
  0
LINE
  5
A12
330
A0E
100
AcDbEntity
  8
dim
440
 16777216
100
AcDbLine
 10
173.7878496124549
 20
555.0239735390984
 30
0.0
 11
164.6984042237936
 21
555.0239735390984
 31
0.0
  0
LINE
  5
A13
330
A0E
100
AcDbEntity
  8
dim
440
 16777216
100
AcDbLine
 10
165.6984042237936
 20
580.0239735390984
 30
0.0
 11
165.6984042237936
 21
573.5434141939415
 31
0.0
  0
LINE
  5
A14
330
A0E
100
AcDbEntity
  8
dim
440
 16777216
100
AcDbLine
 10
165.6984042237936
 20
554.0239735390984
 30
0.0
 11
165.6984042237936
 21
560.5045328842552
 31
0.0
  0
INSERT
  5
A15
330
A0E
100
AcDbEntity
  8
dim
440
 16777216
100
AcDbBlockReference
  2
_ArchTick
 10
165.6984042237936
 20
579.0239735390984
 30
0.0
 41
2.0
 42
2.0
 43
2.0
 50
90.0
  0
INSERT
  5
A16
330
A0E
100
AcDbEntity
  8
dim
440
 16777216
100
AcDbBlockReference
  2
_ArchTick
 10
165.6984042237936
 20
555.0239735390984
 30
0.0
 41
2.0
 42
2.0
 43
2.0
 50
270.0
  0
MTEXT
  5
A17
330
A0E
100
AcDbEntity
  8
dim
440
 16777216
100
AcDbMText
 10
165.6984042237937
 20
567.0239735390983
 30
0.0
 40
4.5
 41
0.0
 71
     5
 72
     1
  1
\A1;2'-0"
  7
DETAIL
 11
6.123233995736766E-17
 21
1.0
 31
0.0
 73
     1
 44
1.0
  0
POINT
  5
A18
330
A0E
100
AcDbEntity
  8
Defpoints
 62
     0
440
 16777216
100
AcDbPoint
 10
177.0378496124549
 20
579.0239735390984
 30
0.0
  0
POINT
  5
A19
330
A0E
100
AcDbEntity
  8
Defpoints
 62
     0
440
 16777216
100
AcDbPoint
 10
178.7878496124549
 20
555.0239735390984
 30
0.0
  0
POINT
  5
A1A
330
A0E
100
AcDbEntity
  8
Defpoints
 62
     0
440
 16777216
100
AcDbPoint
 10
165.6984042237936
 20
555.0239735390984
 30
0.0
  0
ENDBLK
  5
A10
330
A0E
100
AcDbEntity
  8
0
100
AcDbBlockEnd
  0
BLOCK
  5
A1C
330
A1B
100
AcDbEntity
  8
0
100
AcDbBlockBegin
  2
*D89
 70
     1
 10
0.0
 20
0.0
 30
0.0
  3
*D89
  1

  0
LINE
  5
A1E
330
A1B
100
AcDbEntity
  8
dim
440
 16777216
100
AcDbLine
 10
269.0378496124404
 20
114.0864735391641
 30
0.0
 11
276.1964450797395
 21
114.0864735391641
 31
0.0
  0
LINE
  5
A1F
330
A1B
100
AcDbEntity
  8
dim
440
 16777216
100
AcDbLine
 10
269.0378496124295
 20
118.5864735391162
 30
0.0
 11
276.1964450797395
 21
118.5864735391162
 31
0.0
  0
LINE
  5
A20
330
A1B
100
AcDbEntity
  8
dim
440
 16777216
100
AcDbLine
 10
275.1964450797395
 20
113.0864735391641
 30
0.0
 11
275.1964450797395
 21
119.5864735391162
 31
0.0
  0
LINE
  5
A21
330
A1B
100
AcDbEntity
  8
dim
440
 16777216
100
AcDbLine
 10
275.1964450797395
 20
116.3364735391401
 30
0.0
 11
287.3779116554624
 21
108.960752896397
 31
0.0
  0
LINE
  5
A22
330
A1B
100
AcDbEntity
  8
dim
440
 16777216
100
AcDbLine
 10
287.3779116554624
 20
108.960752896397
 30
0.0
 11
287.3779116554624
 21
107.960752896397
 31
0.0
  0
MTEXT
  5
A23
330
A1B
100
AcDbEntity
  8
dim
440
 16777216
100
AcDbMText
 10
287.3779116554623
 20
103.7012269755238
 30
0.0
 40
4.5
 41
0.0
 71
     5
 72
     1
  1
\A1;4{\H0.66x;\S1/2;}"
  7
DETAIL
 11
6.123233995736766E-17
 21
1.0
 31
0.0
 73
     1
 44
1.0
  0
INSERT
  5
A24
330
A1B
100
AcDbEntity
  8
dim
440
 16777216
100
AcDbBlockReference
  2
_ArchTick
 10
275.1964450797395
 20
114.0864735391641
 30
0.0
 41
2.0
 42
2.0
 43
2.0
 50
270.0
  0
INSERT
  5
A25
330
A1B
100
AcDbEntity
  8
dim
440
 16777216
100
AcDbBlockReference
  2
_ArchTick
 10
275.1964450797395
 20
118.5864735391162
 30
0.0
 41
2.0
 42
2.0
 43
2.0
 50
90.0
  0
POINT
  5
A26
330
A1B
100
AcDbEntity
  8
Defpoints
 62
     0
440
 16777216
100
AcDbPoint
 10
264.0378496124404
 20
114.0864735391641
 30
0.0
  0
POINT
  5
A27
330
A1B
100
AcDbEntity
  8
Defpoints
 62
     0
440
 16777216
100
AcDbPoint
 10
264.0378496124295
 20
118.5864735391162
 30
0.0
  0
POINT
  5
A28
330
A1B
100
AcDbEntity
  8
Defpoints
 62
     0
440
 16777216
100
AcDbPoint
 10
275.1964450797395
 20
118.5864735391162
 30
0.0
  0
ENDBLK
  5
A1D
330
A1B
100
AcDbEntity
  8
0
100
AcDbBlockEnd
  0
BLOCK
  5
A2A
330
A29
100
AcDbEntity
  8
0
100
AcDbBlockBegin
  2
*D90
 70
     1
 10
0.0
 20
0.0
 30
0.0
  3
*D90
  1

  0
LINE
  5
A2C
330
A29
100
AcDbEntity
  8
dim
440
 16777216
100
AcDbLine
 10
268.5378496124293
 20
503.0239735390982
 30
0.0
 11
268.5378496124293
 21
511.0747494095152
 31
0.0
  0
LINE
  5
A2D
330
A29
100
AcDbEntity
  8
dim
440
 16777216
100
AcDbLine
 10
264.0378496124293
 20
503.0239735390982
 30
0.0
 11
264.0378496124293
 21
511.0747494095152
 31
0.0
  0
LINE
  5
A2E
330
A29
100
AcDbEntity
  8
dim
440
 16777216
100
AcDbLine
 10
269.5378496124293
 20
510.0747494095152
 30
0.0
 11
263.0378496124293
 21
510.0747494095152
 31
0.0
  0
LINE
  5
A2F
330
A29
100
AcDbEntity
  8
dim
440
 16777216
100
AcDbLine
 10
266.2878496124293
 20
510.0747494095152
 30
0.0
 11
267.855996270001
 21
515.301904934754
 31
0.0
  0
LINE
  5
A30
330
A29
100
AcDbEntity
  8
dim
440
 16777216
100
AcDbLine
 10
267.855996270001
 20
515.301904934754
 30
0.0
 11
268.855996270001
 21
515.301904934754
 31
0.0
  0
MTEXT
  5
A31
330
A29
100
AcDbEntity
  8
dim
440
 16777216
100
AcDbMText
 10
273.1155221908741
 20
515.301904934754
 30
0.0
 40
4.5
 41
0.0
 71
     5
 72
     1
  1
\A1;4{\H0.66x;\S1/2;}"
  7
DETAIL
 73
     1
 44
1.0
  0
INSERT
  5
A32
330
A29
100
AcDbEntity
  8
dim
440
 16777216
100
AcDbBlockReference
  2
_ArchTick
 10
268.5378496124293
 20
510.0747494095152
 30
0.0
 41
2.0
 42
2.0
 43
2.0
  0
INSERT
  5
A33
330
A29
100
AcDbEntity
  8
dim
440
 16777216
100
AcDbBlockReference
  2
_ArchTick
 10
264.0378496124293
 20
510.0747494095152
 30
0.0
 41
2.0
 42
2.0
 43
2.0
 50
180.0
  0
POINT
  5
A34
330
A29
100
AcDbEntity
  8
Defpoints
 62
     0
440
 16777216
100
AcDbPoint
 10
268.5378496124293
 20
498.0239735390982
 30
0.0
  0
POINT
  5
A35
330
A29
100
AcDbEntity
  8
Defpoints
 62
     0
440
 16777216
100
AcDbPoint
 10
264.0378496124293
 20
498.0239735390982
 30
0.0
  0
POINT
  5
A36
330
A29
100
AcDbEntity
  8
Defpoints
 62
     0
440
 16777216
100
AcDbPoint
 10
264.0378496124293
 20
510.0747494095152
 30
0.0
  0
ENDBLK
  5
A2B
330
A29
100
AcDbEntity
  8
0
100
AcDbBlockEnd
  0
BLOCK
  5
A38
330
A37
100
AcDbEntity
  8
0
100
AcDbBlockBegin
  2
*D91
 70
     1
 10
0.0
 20
0.0
 30
0.0
  3
*D91
  1

  0
LINE
  5
A3A
330
A37
100
AcDbEntity
  8
dim
440
 16777216
100
AcDbLine
 10
268.5378496124293
 20
503.0239735390982
 30
0.0
 11
268.5378496124293
 21
511.0747494095152
 31
0.0
  0
LINE
  5
A3B
330
A37
100
AcDbEntity
  8
dim
440
 16777216
100
AcDbLine
 10
310.5378496124293
 20
503.02397353908
 30
0.0
 11
310.5378496124293
 21
511.0747494095152
 31
0.0
  0
LINE
  5
A3C
330
A37
100
AcDbEntity
  8
dim
440
 16777216
100
AcDbLine
 10
267.5378496124293
 20
510.0747494095152
 30
0.0
 11
275.2278223272997
 21
510.0747494095152
 31
0.0
  0
LINE
  5
A3D
330
A37
100
AcDbEntity
  8
dim
440
 16777216
100
AcDbLine
 10
311.5378496124293
 20
510.0747494095152
 30
0.0
 11
303.8478768975589
 21
510.0747494095152
 31
0.0
  0
INSERT
  5
A3E
330
A37
100
AcDbEntity
  8
dim
440
 16777216
100
AcDbBlockReference
  2
_ArchTick
 10
268.5378496124293
 20
510.0747494095152
 30
0.0
 41
2.0
 42
2.0
 43
2.0
 50
180.0
  0
INSERT
  5
A3F
330
A37
100
AcDbEntity
  8
dim
440
 16777216
100
AcDbBlockReference
  2
_ArchTick
 10
310.5378496124293
 20
510.0747494095152
 30
0.0
 41
2.0
 42
2.0
 43
2.0
  0
MTEXT
  5
A40
330
A37
100
AcDbEntity
  8
dim
440
 16777216
100
AcDbMText
 10
289.5378496124293
 20
510.0747494095152
 30
0.0
 40
4.5
 41
0.0
 71
     5
 72
     1
  1
\A1;3'-6"x7'-6"
  7
DETAIL
 73
     1
 44
1.0
  0
POINT
  5
A41
330
A37
100
AcDbEntity
  8
Defpoints
 62
     0
440
 16777216
100
AcDbPoint
 10
268.5378496124293
 20
498.0239735390982
 30
0.0
  0
POINT
  5
A42
330
A37
100
AcDbEntity
  8
Defpoints
 62
     0
440
 16777216
100
AcDbPoint
 10
310.5378496124293
 20
498.02397353908
 30
0.0
  0
POINT
  5
A43
330
A37
100
AcDbEntity
  8
Defpoints
 62
     0
440
 16777216
100
AcDbPoint
 10
310.5378496124293
 20
510.0747494095152
 30
0.0
  0
ENDBLK
  5
A39
330
A37
100
AcDbEntity
  8
0
100
AcDbBlockEnd
  0
BLOCK
  5
A45
330
A44
100
AcDbEntity
  8
0
100
AcDbBlockBegin
  2
*D92
 70
     1
 10
0.0
 20
0.0
 30
0.0
  3
*D92
  1

  0
LINE
  5
A47
330
A44
100
AcDbEntity
  8
dim
440
 16777216
100
AcDbLine
 10
172.0378496124403
 20
427.5239735390984
 30
0.0
 11
164.6984042237936
 21
427.5239735390984
 31
0.0
  0
LINE
  5
A48
330
A44
100
AcDbEntity
  8
dim
440
 16777216
100
AcDbLine
 10
172.0378496124549
 20
423.0239735391023
 30
0.0
 11
164.6984042237936
 21
423.0239735391023
 31
0.0
  0
LINE
  5
A49
330
A44
100
AcDbEntity
  8
dim
440
 16777216
100
AcDbLine
 10
165.6984042237936
 20
428.5239735390984
 30
0.0
 11
165.6984042237936
 21
422.0239735391023
 31
0.0
  0
LINE
  5
A4A
330
A44
100
AcDbEntity
  8
dim
440
 16777216
100
AcDbLine
 10
165.6984042237936
 20
425.2739735391003
 30
0.0
 11
160.4712486985549
 21
426.8421201966719
 31
0.0
  0
LINE
  5
A4B
330
A44
100
AcDbEntity
  8
dim
440
 16777216
100
AcDbLine
 10
160.4712486985549
 20
426.8421201966719
 30
0.0
 11
160.4712486985549
 21
427.8421201966719
 31
0.0
  0
MTEXT
  5
A4C
330
A44
100
AcDbEntity
  8
dim
440
 16777216
100
AcDbMText
 10
160.4712486985549
 20
432.1016461175449
 30
0.0
 40
4.5
 41
0.0
 71
     5
 72
     1
  1
\A1;4{\H0.66x;\S1/2;}"
  7
DETAIL
 11
6.123233995736766E-17
 21
1.0
 31
0.0
 73
     1
 44
1.0
  0
INSERT
  5
A4D
330
A44
100
AcDbEntity
  8
dim
440
 16777216
100
AcDbBlockReference
  2
_ArchTick
 10
165.6984042237936
 20
427.5239735390984
 30
0.0
 41
2.0
 42
2.0
 43
2.0
 50
90.0
  0
INSERT
  5
A4E
330
A44
100
AcDbEntity
  8
dim
440
 16777216
100
AcDbBlockReference
  2
_ArchTick
 10
165.6984042237936
 20
423.0239735391023
 30
0.0
 41
2.0
 42
2.0
 43
2.0
 50
270.0
  0
POINT
  5
A4F
330
A44
100
AcDbEntity
  8
Defpoints
 62
     0
440
 16777216
100
AcDbPoint
 10
177.0378496124403
 20
427.5239735390984
 30
0.0
  0
POINT
  5
A50
330
A44
100
AcDbEntity
  8
Defpoints
 62
     0
440
 16777216
100
AcDbPoint
 10
177.0378496124549
 20
423.0239735391023
 30
0.0
  0
POINT
  5
A51
330
A44
100
AcDbEntity
  8
Defpoints
 62
     0
440
 16777216
100
AcDbPoint
 10
165.6984042237936
 20
423.0239735391023
 30
0.0
  0
ENDBLK
  5
A46
330
A44
100
AcDbEntity
  8
0
100
AcDbBlockEnd
  0
BLOCK
  5
A53
330
A52
100
AcDbEntity
  8
0
100
AcDbBlockBegin
  2
*D93
 70
     1
 10
0.0
 20
0.0
 30
0.0
  3
*D93
  1

  0
LINE
  5
A55
330
A52
100
AcDbEntity
  8
dim
440
 16777216
100
AcDbLine
 10
172.0378496124403
 20
427.5239735390984
 30
0.0
 11
164.6984042237936
 21
427.5239735390984
 31
0.0
  0
LINE
  5
A56
330
A52
100
AcDbEntity
  8
dim
440
 16777216
100
AcDbLine
 10
172.0378496124549
 20
469.5239735390984
 30
0.0
 11
164.6984042237936
 21
469.5239735390984
 31
0.0
  0
LINE
  5
A57
330
A52
100
AcDbEntity
  8
dim
440
 16777216
100
AcDbLine
 10
165.6984042237936
 20
426.5239735390984
 30
0.0
 11
165.6984042237936
 21
434.2139462539688
 31
0.0
  0
LINE
  5
A58
330
A52
100
AcDbEntity
  8
dim
440
 16777216
100
AcDbLine
 10
165.6984042237936
 20
470.5239735390984
 30
0.0
 11
165.6984042237936
 21
462.834000824228
 31
0.0
  0
INSERT
  5
A59
330
A52
100
AcDbEntity
  8
dim
440
 16777216
100
AcDbBlockReference
  2
_ArchTick
 10
165.6984042237936
 20
427.5239735390984
 30
0.0
 41
2.0
 42
2.0
 43
2.0
 50
270.0
  0
INSERT
  5
A5A
330
A52
100
AcDbEntity
  8
dim
440
 16777216
100
AcDbBlockReference
  2
_ArchTick
 10
165.6984042237936
 20
469.5239735390984
 30
0.0
 41
2.0
 42
2.0
 43
2.0
 50
90.0
  0
MTEXT
  5
A5B
330
A52
100
AcDbEntity
  8
dim
440
 16777216
100
AcDbMText
 10
165.6984042237937
 20
448.5239735390982
 30
0.0
 40
4.5
 41
0.0
 71
     5
 72
     1
  1
\A1;3'-6"x7'-6"
  7
DETAIL
 11
6.123233995736766E-17
 21
1.0
 31
0.0
 73
     1
 44
1.0
  0
POINT
  5
A5C
330
A52
100
AcDbEntity
  8
Defpoints
 62
     0
440
 16777216
100
AcDbPoint
 10
177.0378496124403
 20
427.5239735390984
 30
0.0
  0
POINT
  5
A5D
330
A52
100
AcDbEntity
  8
Defpoints
 62
     0
440
 16777216
100
AcDbPoint
 10
177.0378496124549
 20
469.5239735390984
 30
0.0
  0
POINT
  5
A5E
330
A52
100
AcDbEntity
  8
Defpoints
 62
     0
440
 16777216
100
AcDbPoint
 10
165.6984042237936
 20
469.5239735390984
 30
0.0
  0
ENDBLK
  5
A54
330
A52
100
AcDbEntity
  8
0
100
AcDbBlockEnd
  0
BLOCK
  5
A60
330
A5F
100
AcDbEntity
  8
0
100
AcDbBlockBegin
  2
*D94
 70
     1
 10
0.0
 20
0.0
 30
0.0
  3
*D94
  1

  0
LINE
  5
A62
330
A5F
100
AcDbEntity
  8
dim
440
 16777216
100
AcDbLine
 10
172.0378496124549
 20
469.5239735390984
 30
0.0
 11
164.6984042237936
 21
469.5239735390984
 31
0.0
  0
LINE
  5
A63
330
A5F
100
AcDbEntity
  8
dim
440
 16777216
100
AcDbLine
 10
172.0378496124549
 20
507.0239735390984
 30
0.0
 11
164.6984042237936
 21
507.0239735390984
 31
0.0
  0
LINE
  5
A64
330
A5F
100
AcDbEntity
  8
dim
440
 16777216
100
AcDbLine
 10
165.6984042237936
 20
468.5239735390984
 30
0.0
 11
165.6984042237936
 21
480.7115826796168
 31
0.0
  0
LINE
  5
A65
330
A5F
100
AcDbEntity
  8
dim
440
 16777216
100
AcDbLine
 10
165.6984042237936
 20
508.0239735390984
 30
0.0
 11
165.6984042237936
 21
495.83636439858
 31
0.0
  0
INSERT
  5
A66
330
A5F
100
AcDbEntity
  8
dim
440
 16777216
100
AcDbBlockReference
  2
_ArchTick
 10
165.6984042237936
 20
469.5239735390984
 30
0.0
 41
2.0
 42
2.0
 43
2.0
 50
270.0
  0
INSERT
  5
A67
330
A5F
100
AcDbEntity
  8
dim
440
 16777216
100
AcDbBlockReference
  2
_ArchTick
 10
165.6984042237936
 20
507.0239735390984
 30
0.0
 41
2.0
 42
2.0
 43
2.0
 50
90.0
  0
MTEXT
  5
A68
330
A5F
100
AcDbEntity
  8
dim
440
 16777216
100
AcDbMText
 10
165.6984042237937
 20
488.2739735390982
 30
0.0
 40
4.5
 41
0.0
 71
     5
 72
     1
  1
\A1;3'-1{\H0.66x;\S1/2;}"
  7
DETAIL
 11
6.123233995736766E-17
 21
1.0
 31
0.0
 73
     1
 44
1.0
  0
POINT
  5
A69
330
A5F
100
AcDbEntity
  8
Defpoints
 62
     0
440
 16777216
100
AcDbPoint
 10
177.0378496124549
 20
469.5239735390984
 30
0.0
  0
POINT
  5
A6A
330
A5F
100
AcDbEntity
  8
Defpoints
 62
     0
440
 16777216
100
AcDbPoint
 10
177.0378496124549
 20
507.0239735390984
 30
0.0
  0
POINT
  5
A6B
330
A5F
100
AcDbEntity
  8
Defpoints
 62
     0
440
 16777216
100
AcDbPoint
 10
165.6984042237936
 20
507.0239735390984
 30
0.0
  0
ENDBLK
  5
A61
330
A5F
100
AcDbEntity
  8
0
100
AcDbBlockEnd
  0
BLOCK
  5
A77
330
A76
100
AcDbEntity
  8
0
100
AcDbBlockBegin
  2
*D95
 70
     1
 10
0.0
 20
0.0
 30
0.0
  3
*D95
  1

  0
LINE
  5
A79
330
A76
100
AcDbEntity
  8
dim
440
 16777216
100
AcDbLine
 10
147.0378496124548
 20
568.101973384703
 30
0.0
 11
147.0378496124548
 21
571.637908779427
 31
0.0
  0
LINE
  5
A7A
330
A76
100
AcDbEntity
  8
dim
440
 16777216
100
AcDbLine
 10
69.0378496124548
 20
568.1019733846989
 30
0.0
 11
69.0378496124548
 21
571.637908779427
 31
0.0
  0
LINE
  5
A7B
330
A76
100
AcDbEntity
  8
dim
440
 16777216
100
AcDbLine
 10
148.0378496124548
 20
572.637908779427
 30
0.0
 11
114.5311988621137
 21
572.637908779427
 31
0.0
  0
LINE
  5
A7C
330
A76
100
AcDbEntity
  8
dim
440
 16777216
100
AcDbLine
 10
68.0378496124548
 20
572.637908779427
 30
0.0
 11
101.5445003627959
 21
572.637908779427
 31
0.0
  0
INSERT
  5
A7D
330
A76
100
AcDbEntity
  8
dim
440
 16777216
100
AcDbBlockReference
  2
_ArchTick
 10
147.0378496124548
 20
572.637908779427
 30
0.0
 41
2.0
 42
2.0
 43
2.0
  0
INSERT
  5
A7E
330
A76
100
AcDbEntity
  8
dim
440
 16777216
100
AcDbBlockReference
  2
_ArchTick
 10
69.0378496124548
 20
572.637908779427
 30
0.0
 41
2.0
 42
2.0
 43
2.0
 50
180.0
  0
MTEXT
  5
A7F
330
A76
100
AcDbEntity
  8
dim
440
 16777216
100
AcDbMText
 10
108.0378496124548
 20
572.637908779427
 30
0.0
 40
4.5
 41
0.0
 71
     5
 72
     1
  1
\A1;6'-6"
  7
DETAIL
 73
     1
 44
1.0
  0
POINT
  5
A80
330
A76
100
AcDbEntity
  8
Defpoints
 62
     0
440
 16777216
100
AcDbPoint
 10
147.0378496124548
 20
573.101973384703
 30
0.0
  0
POINT
  5
A81
330
A76
100
AcDbEntity
  8
Defpoints
 62
     0
440
 16777216
100
AcDbPoint
 10
69.0378496124548
 20
573.1019733846989
 30
0.0
  0
POINT
  5
A82
330
A76
100
AcDbEntity
  8
Defpoints
 62
     0
440
 16777216
100
AcDbPoint
 10
69.0378496124548
 20
572.637908779427
 30
0.0
  0
ENDBLK
  5
A78
330
A76
100
AcDbEntity
  8
0
100
AcDbBlockEnd
  0
BLOCK
  5
A84
330
A83
100
AcDbEntity
  8
0
100
AcDbBlockBegin
  2
*D96
 70
     1
 10
0.0
 20
0.0
 30
0.0
  3
*D96
  1

  0
LINE
  5
A86
330
A83
100
AcDbEntity
  8
dim
440
 16777216
100
AcDbLine
 10
152.0378496124549
 20
555.0239735390984
 30
0.0
 11
153.7773247747109
 21
555.0239735390984
 31
0.0
  0
LINE
  5
A87
330
A83
100
AcDbEntity
  8
dim
440
 16777216
100
AcDbLine
 10
152.0378496124549
 20
579.0239735390984
 30
0.0
 11
153.7773247747108
 21
579.0239735390984
 31
0.0
  0
LINE
  5
A88
330
A83
100
AcDbEntity
  8
dim
440
 16777216
100
AcDbLine
 10
152.7773247747109
 20
554.0239735390984
 30
0.0
 11
152.7773247747109
 21
560.5045328842552
 31
0.0
  0
LINE
  5
A89
330
A83
100
AcDbEntity
  8
dim
440
 16777216
100
AcDbLine
 10
152.7773247747108
 20
580.0239735390984
 30
0.0
 11
152.7773247747109
 21
573.5434141939415
 31
0.0
  0
INSERT
  5
A8A
330
A83
100
AcDbEntity
  8
dim
440
 16777216
100
AcDbBlockReference
  2
_ArchTick
 10
152.7773247747109
 20
555.0239735390984
 30
0.0
 41
2.0
 42
2.0
 43
2.0
 50
270.0
  0
INSERT
  5
A8B
330
A83
100
AcDbEntity
  8
dim
440
 16777216
100
AcDbBlockReference
  2
_ArchTick
 10
152.7773247747108
 20
579.0239735390984
 30
0.0
 41
2.0
 42
2.0
 43
2.0
 50
90.0
  0
MTEXT
  5
A8C
330
A83
100
AcDbEntity
  8
dim
440
 16777216
100
AcDbMText
 10
152.777324774711
 20
567.0239735390983
 30
0.0
 40
4.5
 41
0.0
 71
     5
 72
     1
  1
\A1;2'-0"
  7
DETAIL
 11
6.123233995736766E-17
 21
1.0
 31
0.0
 73
     1
 44
1.0
  0
POINT
  5
A8D
330
A83
100
AcDbEntity
  8
Defpoints
 62
     0
440
 16777216
100
AcDbPoint
 10
147.0378496124549
 20
555.0239735390984
 30
0.0
  0
POINT
  5
A8E
330
A83
100
AcDbEntity
  8
Defpoints
 62
     0
440
 16777216
100
AcDbPoint
 10
147.0378496124549
 20
579.0239735390984
 30
0.0
  0
POINT
  5
A8F
330
A83
100
AcDbEntity
  8
Defpoints
 62
     0
440
 16777216
100
AcDbPoint
 10
152.7773247747108
 20
579.0239735390984
 30
0.0
  0
ENDBLK
  5
A85
330
A83
100
AcDbEntity
  8
0
100
AcDbBlockEnd
  0
BLOCK
  5
A91
330
A90
100
AcDbEntity
  8
0
100
AcDbBlockBegin
  2
*D97
 70
     1
 10
0.0
 20
0.0
 30
0.0
  3
*D97
  1

  0
LINE
  5
A93
330
A90
100
AcDbEntity
  8
dim
440
 16777216
100
AcDbLine
 10
93.03784961244025
 20
550.0239735390982
 30
0.0
 11
93.03784961244025
 21
548.6765577795851
 31
0.0
  0
LINE
  5
A94
330
A90
100
AcDbEntity
  8
dim
440
 16777216
100
AcDbLine
 10
147.0378496124548
 20
550.0239735390982
 30
0.0
 11
147.0378496124548
 21
548.6765577795851
 31
0.0
  0
LINE
  5
A95
330
A90
100
AcDbEntity
  8
dim
440
 16777216
100
AcDbLine
 10
92.03784961244025
 20
549.6765577795851
 30
0.0
 11
113.4662261472361
 21
549.6765577795851
 31
0.0
  0
LINE
  5
A96
330
A90
100
AcDbEntity
  8
dim
440
 16777216
100
AcDbLine
 10
148.0378496124548
 20
549.6765577795851
 30
0.0
 11
126.609473077659
 21
549.6765577795851
 31
0.0
  0
INSERT
  5
A97
330
A90
100
AcDbEntity
  8
dim
440
 16777216
100
AcDbBlockReference
  2
_ArchTick
 10
93.03784961244025
 20
549.6765577795851
 30
0.0
 41
2.0
 42
2.0
 43
2.0
 50
180.0
  0
INSERT
  5
A98
330
A90
100
AcDbEntity
  8
dim
440
 16777216
100
AcDbBlockReference
  2
_ArchTick
 10
147.0378496124548
 20
549.6765577795851
 30
0.0
 41
2.0
 42
2.0
 43
2.0
  0
MTEXT
  5
A99
330
A90
100
AcDbEntity
  8
dim
440
 16777216
100
AcDbMText
 10
120.0378496124475
 20
549.6765577795851
 30
0.0
 40
4.5
 41
0.0
 71
     5
 72
     1
  1
\A1;4'-6"
  7
DETAIL
 73
     1
 44
1.0
  0
POINT
  5
A9A
330
A90
100
AcDbEntity
  8
Defpoints
 62
     0
440
 16777216
100
AcDbPoint
 10
93.03784961244025
 20
555.0239735390982
 30
0.0
  0
POINT
  5
A9B
330
A90
100
AcDbEntity
  8
Defpoints
 62
     0
440
 16777216
100
AcDbPoint
 10
147.0378496124548
 20
555.0239735390982
 30
0.0
  0
POINT
  5
A9C
330
A90
100
AcDbEntity
  8
Defpoints
 62
     0
440
 16777216
100
AcDbPoint
 10
147.0378496124548
 20
549.6765577795851
 30
0.0
  0
ENDBLK
  5
A92
330
A90
100
AcDbEntity
  8
0
100
AcDbBlockEnd
  0
BLOCK
  5
A9E
330
A9D
100
AcDbEntity
  8
0
100
AcDbBlockBegin
  2
*D98
 70
     1
 10
0.0
 20
0.0
 30
0.0
  3
*D98
  1

  0
LINE
  5
AA0
330
A9D
100
AcDbEntity
  8
dim
440
 16777216
100
AcDbLine
 10
194.5378496124404
 20
592.5239735390984
 30
0.0
 11
191.1357998785251
 21
592.5239735390984
 31
0.0
  0
LINE
  5
AA1
330
A9D
100
AcDbEntity
  8
dim
440
 16777216
100
AcDbLine
 10
194.5378496124404
 20
588.0239735390984
 30
0.0
 11
191.1357998785251
 21
588.0239735390984
 31
0.0
  0
LINE
  5
AA2
330
A9D
100
AcDbEntity
  8
dim
440
 16777216
100
AcDbLine
 10
192.1357998785252
 20
593.5239735390984
 30
0.0
 11
192.1357998785252
 21
587.0239735390984
 31
0.0
  0
LINE
  5
AA3
330
A9D
100
AcDbEntity
  8
dim
440
 16777216
100
AcDbLine
 10
192.1357998785252
 20
590.2739735390984
 30
0.0
 11
186.9086443532864
 21
591.8421201966701
 31
0.0
  0
LINE
  5
AA4
330
A9D
100
AcDbEntity
  8
dim
440
 16777216
100
AcDbLine
 10
186.9086443532864
 20
591.8421201966701
 30
0.0
 11
186.9086443532864
 21
592.8421201966701
 31
0.0
  0
MTEXT
  5
AA5
330
A9D
100
AcDbEntity
  8
dim
440
 16777216
100
AcDbMText
 10
186.9086443532865
 20
597.101646117543
 30
0.0
 40
4.5
 41
0.0
 71
     5
 72
     1
  1
\A1;4{\H0.66x;\S1/2;}"
  7
DETAIL
 11
6.123233995736766E-17
 21
1.0
 31
0.0
 73
     1
 44
1.0
  0
INSERT
  5
AA6
330
A9D
100
AcDbEntity
  8
dim
440
 16777216
100
AcDbBlockReference
  2
_ArchTick
 10
192.1357998785252
 20
592.5239735390984
 30
0.0
 41
2.0
 42
2.0
 43
2.0
 50
90.0
  0
INSERT
  5
AA7
330
A9D
100
AcDbEntity
  8
dim
440
 16777216
100
AcDbBlockReference
  2
_ArchTick
 10
192.1357998785252
 20
588.0239735390984
 30
0.0
 41
2.0
 42
2.0
 43
2.0
 50
270.0
  0
POINT
  5
AA8
330
A9D
100
AcDbEntity
  8
Defpoints
 62
     0
440
 16777216
100
AcDbPoint
 10
199.5378496124404
 20
592.5239735390984
 30
0.0
  0
POINT
  5
AA9
330
A9D
100
AcDbEntity
  8
Defpoints
 62
     0
440
 16777216
100
AcDbPoint
 10
199.5378496124404
 20
588.0239735390984
 30
0.0
  0
POINT
  5
AAA
330
A9D
100
AcDbEntity
  8
Defpoints
 62
     0
440
 16777216
100
AcDbPoint
 10
192.1357998785252
 20
588.0239735390984
 30
0.0
  0
ENDBLK
  5
A9F
330
A9D
100
AcDbEntity
  8
0
100
AcDbBlockEnd
  0
BLOCK
  5
AAC
330
AAB
100
AcDbEntity
  8
0
100
AcDbBlockBegin
  2
*D99
 70
     1
 10
0.0
 20
0.0
 30
0.0
  3
*D99
  1

  0
LINE
  5
AAE
330
AAB
100
AcDbEntity
  8
dim
440
 16777216
100
AcDbLine
 10
194.5378496124404
 20
592.5239735390984
 30
0.0
 11
191.1357998785251
 21
592.5239735390984
 31
0.0
  0
LINE
  5
AAF
330
AAB
100
AcDbEntity
  8
dim
440
 16777216
100
AcDbLine
 10
194.5378496124404
 20
625.5239735390984
 30
0.0
 11
191.1357998785251
 21
625.5239735390984
 31
0.0
  0
LINE
  5
AB0
330
AAB
100
AcDbEntity
  8
dim
440
 16777216
100
AcDbLine
 10
192.1357998785252
 20
591.5239735390984
 30
0.0
 11
192.1357998785252
 21
594.6740417519223
 31
0.0
  0
LINE
  5
AB1
330
AAB
100
AcDbEntity
  8
dim
440
 16777216
100
AcDbLine
 10
192.1357998785252
 20
626.5239735390984
 30
0.0
 11
192.1357998785252
 21
623.3739053262744
 31
0.0
  0
INSERT
  5
AB2
330
AAB
100
AcDbEntity
  8
dim
440
 16777216
100
AcDbBlockReference
  2
_ArchTick
 10
192.1357998785252
 20
592.5239735390984
 30
0.0
 41
2.0
 42
2.0
 43
2.0
 50
270.0
  0
INSERT
  5
AB3
330
AAB
100
AcDbEntity
  8
dim
440
 16777216
100
AcDbBlockReference
  2
_ArchTick
 10
192.1357998785252
 20
625.5239735390984
 30
0.0
 41
2.0
 42
2.0
 43
2.0
 50
90.0
  0
MTEXT
  5
AB4
330
AAB
100
AcDbEntity
  8
dim
440
 16777216
100
AcDbMText
 10
192.1357998785253
 20
609.0239735390983
 30
0.0
 40
4.5
 41
0.0
 71
     5
 72
     1
  1
\A1;2'-9"x7'-6"
  7
DETAIL
 11
6.123233995736766E-17
 21
1.0
 31
0.0
 73
     1
 44
1.0
  0
POINT
  5
AB5
330
AAB
100
AcDbEntity
  8
Defpoints
 62
     0
440
 16777216
100
AcDbPoint
 10
199.5378496124404
 20
592.5239735390984
 30
0.0
  0
POINT
  5
AB6
330
AAB
100
AcDbEntity
  8
Defpoints
 62
     0
440
 16777216
100
AcDbPoint
 10
199.5378496124404
 20
625.5239735390984
 30
0.0
  0
POINT
  5
AB7
330
AAB
100
AcDbEntity
  8
Defpoints
 62
     0
440
 16777216
100
AcDbPoint
 10
192.1357998785252
 20
625.5239735390984
 30
0.0
  0
ENDBLK
  5
AAD
330
AAB
100
AcDbEntity
  8
0
100
AcDbBlockEnd
  0
BLOCK
  5
AB9
330
AB8
100
AcDbEntity
  8
0
100
AcDbBlockBegin
  2
*D100
 70
     1
 10
0.0
 20
0.0
 30
0.0
  3
*D100
  1

  0
LINE
  5
ABB
330
AB8
100
AcDbEntity
  8
dim
440
 16777216
100
AcDbLine
 10
250.0378496124295
 20
498.0239735390984
 30
0.0
 11
247.3365057191777
 21
498.0239735390984
 31
0.0
  0
LINE
  5
ABC
330
AB8
100
AcDbEntity
  8
dim
440
 16777216
100
AcDbLine
 10
250.0378496124258
 20
502.5239735390984
 30
0.0
 11
247.3365057191777
 21
502.5239735390984
 31
0.0
  0
LINE
  5
ABD
330
AB8
100
AcDbEntity
  8
dim
440
 16777216
100
AcDbLine
 10
248.3365057191777
 20
497.0239735390984
 30
0.0
 11
248.3365057191777
 21
503.5239735390984
 31
0.0
  0
LINE
  5
ABE
330
AB8
100
AcDbEntity
  8
dim
440
 16777216
100
AcDbLine
 10
248.3365057191777
 20
500.2739735390984
 30
0.0
 11
243.109350193939
 21
501.84212019667
 31
0.0
  0
LINE
  5
ABF
330
AB8
100
AcDbEntity
  8
dim
440
 16777216
100
AcDbLine
 10
243.109350193939
 20
501.84212019667
 30
0.0
 11
243.109350193939
 21
502.84212019667
 31
0.0
  0
MTEXT
  5
AC0
330
AB8
100
AcDbEntity
  8
dim
440
 16777216
100
AcDbMText
 10
243.109350193939
 20
507.1016461175429
 30
0.0
 40
4.5
 41
0.0
 71
     5
 72
     1
  1
\A1;4{\H0.66x;\S1/2;}"
  7
DETAIL
 11
6.123233995736766E-17
 21
1.0
 31
0.0
 73
     1
 44
1.0
  0
INSERT
  5
AC1
330
AB8
100
AcDbEntity
  8
dim
440
 16777216
100
AcDbBlockReference
  2
_ArchTick
 10
248.3365057191777
 20
498.0239735390984
 30
0.0
 41
2.0
 42
2.0
 43
2.0
 50
270.0
  0
INSERT
  5
AC2
330
AB8
100
AcDbEntity
  8
dim
440
 16777216
100
AcDbBlockReference
  2
_ArchTick
 10
248.3365057191777
 20
502.5239735390984
 30
0.0
 41
2.0
 42
2.0
 43
2.0
 50
90.0
  0
POINT
  5
AC3
330
AB8
100
AcDbEntity
  8
Defpoints
 62
     0
440
 16777216
100
AcDbPoint
 10
255.0378496124295
 20
498.0239735390984
 30
0.0
  0
POINT
  5
AC4
330
AB8
100
AcDbEntity
  8
Defpoints
 62
     0
440
 16777216
100
AcDbPoint
 10
255.0378496124258
 20
502.5239735390984
 30
0.0
  0
POINT
  5
AC5
330
AB8
100
AcDbEntity
  8
Defpoints
 62
     0
440
 16777216
100
AcDbPoint
 10
248.3365057191777
 20
502.5239735390984
 30
0.0
  0
ENDBLK
  5
ABA
330
AB8
100
AcDbEntity
  8
0
100
AcDbBlockEnd
  0
BLOCK
  5
AD1
330
AD0
100
AcDbEntity
  8
0
100
AcDbBlockBegin
  2
*D101
 70
     1
 10
0.0
 20
0.0
 30
0.0
  3
*D101
  1

  0
LINE
  5
AD3
330
AD0
100
AcDbEntity
  8
dim
440
 16777216
100
AcDbLine
 10
181.5378496124548
 20
484.0239735390982
 30
0.0
 11
181.5378496124548
 21
476.4280478751531
 31
0.0
  0
LINE
  5
AD4
330
AD0
100
AcDbEntity
  8
dim
440
 16777216
100
AcDbLine
 10
186.0378496124584
 20
484.0239735390982
 30
0.0
 11
186.0378496124584
 21
476.4280478751531
 31
0.0
  0
LINE
  5
AD5
330
AD0
100
AcDbEntity
  8
dim
440
 16777216
100
AcDbLine
 10
180.5378496124548
 20
477.4280478751531
 30
0.0
 11
187.0378496124584
 21
477.4280478751531
 31
0.0
  0
LINE
  5
AD6
330
AD0
100
AcDbEntity
  8
dim
440
 16777216
100
AcDbLine
 10
183.7878496124566
 20
477.4280478751531
 30
0.0
 11
187.4422895851715
 21
465.2465812994369
 31
0.0
  0
LINE
  5
AD7
330
AD0
100
AcDbEntity
  8
dim
440
 16777216
100
AcDbLine
 10
187.4422895851715
 20
465.2465812994369
 30
0.0
 11
188.4422895851715
 21
465.2465812994369
 31
0.0
  0
MTEXT
  5
AD8
330
AD0
100
AcDbEntity
  8
dim
440
 16777216
100
AcDbMText
 10
192.7018155060446
 20
465.2465812994369
 30
0.0
 40
4.5
 41
0.0
 71
     5
 72
     1
  1
\A1;4{\H0.66x;\S1/2;}"
  7
DETAIL
 73
     1
 44
1.0
  0
INSERT
  5
AD9
330
AD0
100
AcDbEntity
  8
dim
440
 16777216
100
AcDbBlockReference
  2
_ArchTick
 10
181.5378496124548
 20
477.4280478751531
 30
0.0
 41
2.0
 42
2.0
 43
2.0
 50
180.0
  0
INSERT
  5
ADA
330
AD0
100
AcDbEntity
  8
dim
440
 16777216
100
AcDbBlockReference
  2
_ArchTick
 10
186.0378496124584
 20
477.4280478751531
 30
0.0
 41
2.0
 42
2.0
 43
2.0
  0
POINT
  5
ADB
330
AD0
100
AcDbEntity
  8
Defpoints
 62
     0
440
 16777216
100
AcDbPoint
 10
181.5378496124548
 20
489.0239735390982
 30
0.0
  0
POINT
  5
ADC
330
AD0
100
AcDbEntity
  8
Defpoints
 62
     0
440
 16777216
100
AcDbPoint
 10
186.0378496124584
 20
489.0239735390982
 30
0.0
  0
POINT
  5
ADD
330
AD0
100
AcDbEntity
  8
Defpoints
 62
     0
440
 16777216
100
AcDbPoint
 10
186.0378496124584
 20
477.4280478751531
 30
0.0
  0
ENDBLK
  5
AD2
330
AD0
100
AcDbEntity
  8
0
100
AcDbBlockEnd
  0
BLOCK
  5
AE9
330
AE8
100
AcDbEntity
  8
0
100
AcDbBlockBegin
  2
*D102
 70
     1
 10
0.0
 20
0.0
 30
0.0
  3
*D102
  1

  0
LINE
  5
AEB
330
AE8
100
AcDbEntity
  8
dim
440
 16777216
100
AcDbLine
 10
390.0378496124293
 20
319.0239735390779
 30
0.0
 11
390.0378496124293
 21
307.7335992139159
 31
0.0
  0
LINE
  5
AEC
330
AE8
100
AcDbEntity
  8
dim
440
 16777216
100
AcDbLine
 10
420.0378496124293
 20
319.0239735390779
 30
0.0
 11
420.0378496124293
 21
307.7335992139159
 31
0.0
  0
LINE
  5
AED
330
AE8
100
AcDbEntity
  8
dim
440
 16777216
100
AcDbLine
 10
389.0378496124293
 20
308.7335992139159
 30
0.0
 11
398.5184089575862
 21
308.7335992139159
 31
0.0
  0
LINE
  5
AEE
330
AE8
100
AcDbEntity
  8
dim
440
 16777216
100
AcDbLine
 10
421.0378496124293
 20
308.7335992139159
 30
0.0
 11
411.5572902672724
 21
308.7335992139159
 31
0.0
  0
INSERT
  5
AEF
330
AE8
100
AcDbEntity
  8
dim
440
 16777216
100
AcDbBlockReference
  2
_ArchTick
 10
390.0378496124293
 20
308.7335992139159
 30
0.0
 41
2.0
 42
2.0
 43
2.0
 50
180.0
  0
INSERT
  5
AF0
330
AE8
100
AcDbEntity
  8
dim
440
 16777216
100
AcDbBlockReference
  2
_ArchTick
 10
420.0378496124293
 20
308.7335992139159
 30
0.0
 41
2.0
 42
2.0
 43
2.0
  0
MTEXT
  5
AF1
330
AE8
100
AcDbEntity
  8
dim
440
 16777216
100
AcDbMText
 10
405.0378496124293
 20
308.7335992139159
 30
0.0
 40
4.5
 41
0.0
 71
     5
 72
     1
  1
\A1;2'-6"
  7
DETAIL
 73
     1
 44
1.0
  0
POINT
  5
AF2
330
AE8
100
AcDbEntity
  8
Defpoints
 62
     0
440
 16777216
100
AcDbPoint
 10
390.0378496124293
 20
324.0239735390779
 30
0.0
  0
POINT
  5
AF3
330
AE8
100
AcDbEntity
  8
Defpoints
 62
     0
440
 16777216
100
AcDbPoint
 10
420.0378496124293
 20
324.0239735390779
 30
0.0
  0
POINT
  5
AF4
330
AE8
100
AcDbEntity
  8
Defpoints
 62
     0
440
 16777216
100
AcDbPoint
 10
420.0378496124293
 20
308.7335992139159
 30
0.0
  0
ENDBLK
  5
AEA
330
AE8
100
AcDbEntity
  8
0
100
AcDbBlockEnd
  0
BLOCK
  5
AF6
330
AF5
100
AcDbEntity
  8
0
100
AcDbBlockBegin
  2
*D103
 70
     1
 10
0.0
 20
0.0
 30
0.0
  3
*D103
  1

  0
LINE
  5
AF8
330
AF5
100
AcDbEntity
  8
dim
440
 16777216
100
AcDbLine
 10
390.0378496124293
 20
319.0239735390779
 30
0.0
 11
390.0378496124293
 21
307.7335992139159
 31
0.0
  0
LINE
  5
AF9
330
AF5
100
AcDbEntity
  8
dim
440
 16777216
100
AcDbLine
 10
273.0378496124293
 20
319.0239735390779
 30
0.0
 11
273.0378496124293
 21
307.7335992139159
 31
0.0
  0
LINE
  5
AFA
330
AF5
100
AcDbEntity
  8
dim
440
 16777216
100
AcDbLine
 10
391.0378496124293
 20
308.7335992139159
 30
0.0
 11
345.8494116860992
 21
308.7335992139159
 31
0.0
  0
LINE
  5
AFB
330
AF5
100
AcDbEntity
  8
dim
440
 16777216
100
AcDbLine
 10
272.0378496124293
 20
308.7335992139159
 30
0.0
 11
317.2262875387595
 21
308.7335992139159
 31
0.0
  0
INSERT
  5
AFC
330
AF5
100
AcDbEntity
  8
dim
440
 16777216
100
AcDbBlockReference
  2
_ArchTick
 10
390.0378496124293
 20
308.7335992139159
 30
0.0
 41
2.0
 42
2.0
 43
2.0
  0
INSERT
  5
AFD
330
AF5
100
AcDbEntity
  8
dim
440
 16777216
100
AcDbBlockReference
  2
_ArchTick
 10
273.0378496124293
 20
308.7335992139159
 30
0.0
 41
2.0
 42
2.0
 43
2.0
 50
180.0
  0
MTEXT
  5
AFE
330
AF5
100
AcDbEntity
  8
dim
440
 16777216
100
AcDbMText
 10
331.5378496124293
 20
308.7335992139159
 30
0.0
 40
4.5
 41
0.0
 71
     5
 72
     1
  1
\A1;9'-9"x9'-0"
  7
DETAIL
 73
     1
 44
1.0
  0
POINT
  5
AFF
330
AF5
100
AcDbEntity
  8
Defpoints
 62
     0
440
 16777216
100
AcDbPoint
 10
390.0378496124293
 20
324.0239735390779
 30
0.0
  0
POINT
  5
B00
330
AF5
100
AcDbEntity
  8
Defpoints
 62
     0
440
 16777216
100
AcDbPoint
 10
273.0378496124293
 20
324.0239735390779
 30
0.0
  0
POINT
  5
B01
330
AF5
100
AcDbEntity
  8
Defpoints
 62
     0
440
 16777216
100
AcDbPoint
 10
273.0378496124293
 20
308.7335992139159
 30
0.0
  0
ENDBLK
  5
AF7
330
AF5
100
AcDbEntity
  8
0
100
AcDbBlockEnd
  0
BLOCK
  5
B03
330
B02
100
AcDbEntity
  8
0
100
AcDbBlockBegin
  2
*D104
 70
     1
 10
0.0
 20
0.0
 30
0.0
  3
*D104
  1

  0
LINE
  5
B05
330
B02
100
AcDbEntity
  8
dim
440
 16777216
100
AcDbLine
 10
319.5378496124948
 20
113.586473539117
 30
0.0
 11
319.5378496124948
 21
107.3366171984679
 31
0.0
  0
LINE
  5
B06
330
B02
100
AcDbEntity
  8
dim
440
 16777216
100
AcDbLine
 10
343.5378496124548
 20
113.586473539117
 30
0.0
 11
343.5378496124548
 21
107.3366171984679
 31
0.0
  0
LINE
  5
B07
330
B02
100
AcDbEntity
  8
dim
440
 16777216
100
AcDbLine
 10
318.5378496124948
 20
108.3366171984679
 30
0.0
 11
325.0184089576317
 21
108.3366171984679
 31
0.0
  0
LINE
  5
B08
330
B02
100
AcDbEntity
  8
dim
440
 16777216
100
AcDbLine
 10
344.5378496124548
 20
108.3366171984679
 30
0.0
 11
338.0572902673179
 21
108.3366171984679
 31
0.0
  0
INSERT
  5
B09
330
B02
100
AcDbEntity
  8
dim
440
 16777216
100
AcDbBlockReference
  2
_ArchTick
 10
319.5378496124948
 20
108.3366171984679
 30
0.0
 41
2.0
 42
2.0
 43
2.0
 50
180.0
  0
INSERT
  5
B0A
330
B02
100
AcDbEntity
  8
dim
440
 16777216
100
AcDbBlockReference
  2
_ArchTick
 10
343.5378496124548
 20
108.3366171984679
 30
0.0
 41
2.0
 42
2.0
 43
2.0
  0
MTEXT
  5
B0B
330
B02
100
AcDbEntity
  8
dim
440
 16777216
100
AcDbMText
 10
331.5378496124748
 20
108.3366171984679
 30
0.0
 40
4.5
 41
0.0
 71
     5
 72
     1
  1
\A1;2'-0"
  7
DETAIL
 73
     1
 44
1.0
  0
POINT
  5
B0C
330
B02
100
AcDbEntity
  8
Defpoints
 62
     0
440
 16777216
100
AcDbPoint
 10
319.5378496124948
 20
118.586473539117
 30
0.0
  0
POINT
  5
B0D
330
B02
100
AcDbEntity
  8
Defpoints
 62
     0
440
 16777216
100
AcDbPoint
 10
343.5378496124548
 20
118.586473539117
 30
0.0
  0
POINT
  5
B0E
330
B02
100
AcDbEntity
  8
Defpoints
 62
     0
440
 16777216
100
AcDbPoint
 10
343.5378496124548
 20
108.3366171984679
 30
0.0
  0
ENDBLK
  5
B04
330
B02
100
AcDbEntity
  8
0
100
AcDbBlockEnd
  0
BLOCK
  5
B10
330
B0F
100
AcDbEntity
  8
0
100
AcDbBlockBegin
  2
*D105
 70
     1
 10
0.0
 20
0.0
 30
0.0
  3
*D105
  1

  0
LINE
  5
B12
330
B0F
100
AcDbEntity
  8
line
440
 16777216
100
AcDbLine
 10
69.03784961242934
 20
314.0239735390331
 30
0.0
 11
69.03784961242934
 21
323.3469343621019
 31
0.0
  0
LINE
  5
B13
330
B0F
100
AcDbEntity
  8
line
440
 16777216
100
AcDbLine
 10
89.93792994605326
 20
314.0239735390402
 30
0.0
 11
89.93792994605326
 21
323.3469343621019
 31
0.0
  0
LINE
  5
B14
330
B0F
100
AcDbEntity
  8
line
440
 16777216
100
AcDbLine
 10
68.03784961242934
 20
322.3469343621019
 30
0.0
 11
73.21861965645822
 21
322.3469343621019
 31
0.0
  0
LINE
  5
B15
330
B0F
100
AcDbEntity
  8
line
440
 16777216
100
AcDbLine
 10
90.93792994605326
 20
322.3469343621019
 30
0.0
 11
85.75715990202438
 21
322.3469343621019
 31
0.0
  0
INSERT
  5
B16
330
B0F
100
AcDbEntity
  8
line
440
 16777216
100
AcDbBlockReference
  2
_ArchTick
 10
69.03784961242934
 20
322.3469343621019
 30
0.0
 41
2.0
 42
2.0
 43
2.0
 50
180.0
  0
INSERT
  5
B17
330
B0F
100
AcDbEntity
  8
line
440
 16777216
100
AcDbBlockReference
  2
_ArchTick
 10
89.93792994605326
 20
322.3469343621019
 30
0.0
 41
2.0
 42
2.0
 43
2.0
  0
MTEXT
  5
B18
330
B0F
100
AcDbEntity
  8
line
440
 16777216
100
AcDbMText
 10
79.4878897792413
 20
322.3469343621019
 30
0.0
 40
4.5
 41
0.0
 71
     5
 72
     1
  1
\A1;1'-9"
  7
DETAIL
 73
     1
 44
1.0
  0
POINT
  5
B19
330
B0F
100
AcDbEntity
  8
Defpoints
 62
     0
440
 16777216
100
AcDbPoint
 10
69.03784961242934
 20
309.0239735390331
 30
0.0
  0
POINT
  5
B1A
330
B0F
100
AcDbEntity
  8
Defpoints
 62
     0
440
 16777216
100
AcDbPoint
 10
89.93792994605326
 20
309.0239735390402
 30
0.0
  0
POINT
  5
B1B
330
B0F
100
AcDbEntity
  8
Defpoints
 62
     0
440
 16777216
100
AcDbPoint
 10
89.93792994605326
 20
322.3469343621019
 30
0.0
  0
ENDBLK
  5
B11
330
B0F
100
AcDbEntity
  8
0
100
AcDbBlockEnd
  0
BLOCK
  5
B1D
330
B1C
100
AcDbEntity
  8
0
100
AcDbBlockBegin
  2
*D106
 70
     1
 10
0.0
 20
0.0
 30
0.0
  3
*D106
  1

  0
LINE
  5
B1F
330
B1C
100
AcDbEntity
  8
line
440
 16777216
100
AcDbLine
 10
162.5378496124403
 20
181.5864735391491
 30
0.0
 11
176.7716422141029
 21
181.5864735391491
 31
0.0
  0
LINE
  5
B20
330
B1C
100
AcDbEntity
  8
line
440
 16777216
100
AcDbLine
 10
162.5378496124403
 20
127.5864735390982
 30
0.0
 11
176.7716422141029
 21
127.5864735390982
 31
0.0
  0
LINE
  5
B21
330
B1C
100
AcDbEntity
  8
line
440
 16777216
100
AcDbLine
 10
175.7716422141029
 20
182.5864735391491
 30
0.0
 11
175.7716422141029
 21
161.1580970043351
 31
0.0
  0
LINE
  5
B22
330
B1C
100
AcDbEntity
  8
line
440
 16777216
100
AcDbLine
 10
175.7716422141029
 20
126.5864735390982
 30
0.0
 11
175.7716422141029
 21
148.0148500739122
 31
0.0
  0
INSERT
  5
B23
330
B1C
100
AcDbEntity
  8
line
440
 16777216
100
AcDbBlockReference
  2
_ArchTick
 10
175.7716422141029
 20
181.5864735391491
 30
0.0
 41
2.0
 42
2.0
 43
2.0
 50
90.0
  0
INSERT
  5
B24
330
B1C
100
AcDbEntity
  8
line
440
 16777216
100
AcDbBlockReference
  2
_ArchTick
 10
175.7716422141029
 20
127.5864735390982
 30
0.0
 41
2.0
 42
2.0
 43
2.0
 50
270.0
  0
MTEXT
  5
B25
330
B1C
100
AcDbEntity
  8
line
440
 16777216
100
AcDbMText
 10
175.7716422141029
 20
154.5864735391236
 30
0.0
 40
4.5
 41
0.0
 71
     5
 72
     1
  1
\A1;4'-6"
  7
DETAIL
 11
6.123233995736766E-17
 21
1.0
 31
0.0
 73
     1
 44
1.0
  0
POINT
  5
B26
330
B1C
100
AcDbEntity
  8
Defpoints
 62
     0
440
 16777216
100
AcDbPoint
 10
157.5378496124403
 20
181.5864735391491
 30
0.0
  0
POINT
  5
B27
330
B1C
100
AcDbEntity
  8
Defpoints
 62
     0
440
 16777216
100
AcDbPoint
 10
157.5378496124403
 20
127.5864735390982
 30
0.0
  0
POINT
  5
B28
330
B1C
100
AcDbEntity
  8
Defpoints
 62
     0
440
 16777216
100
AcDbPoint
 10
175.7716422141029
 20
127.5864735390982
 30
0.0
  0
ENDBLK
  5
B1E
330
B1C
100
AcDbEntity
  8
0
100
AcDbBlockEnd
  0
BLOCK
  5
B2A
330
B29
100
AcDbEntity
  8
0
100
AcDbBlockBegin
  2
*D107
 70
     1
 10
0.0
 20
0.0
 30
0.0
  3
*D107
  1

  0
LINE
  5
B2C
330
B29
100
AcDbEntity
  8
line
440
 16777216
100
AcDbLine
 10
69.03784961242934
 20
186.5864735391491
 30
0.0
 11
69.03784961242934
 21
193.6549354833461
 31
0.0
  0
LINE
  5
B2D
330
B29
100
AcDbEntity
  8
line
440
 16777216
100
AcDbLine
 10
157.5378496124403
 20
186.5864735391491
 30
0.0
 11
157.5378496124403
 21
193.6549354833461
 31
0.0
  0
LINE
  5
B2E
330
B29
100
AcDbEntity
  8
line
440
 16777216
100
AcDbLine
 10
68.03784961242934
 20
192.6549354833461
 30
0.0
 11
105.7423414268959
 21
192.6549354833461
 31
0.0
  0
LINE
  5
B2F
330
B29
100
AcDbEntity
  8
line
440
 16777216
100
AcDbLine
 10
158.5378496124403
 20
192.6549354833461
 30
0.0
 11
120.8333577979737
 21
192.6549354833461
 31
0.0
  0
INSERT
  5
B30
330
B29
100
AcDbEntity
  8
line
440
 16777216
100
AcDbBlockReference
  2
_ArchTick
 10
69.03784961242934
 20
192.6549354833461
 30
0.0
 41
2.0
 42
2.0
 43
2.0
 50
180.0
  0
INSERT
  5
B31
330
B29
100
AcDbEntity
  8
line
440
 16777216
100
AcDbBlockReference
  2
_ArchTick
 10
157.5378496124403
 20
192.6549354833461
 30
0.0
 41
2.0
 42
2.0
 43
2.0
  0
MTEXT
  5
B32
330
B29
100
AcDbEntity
  8
line
440
 16777216
100
AcDbMText
 10
113.2878496124348
 20
192.6549354833461
 30
0.0
 40
4.5
 41
0.0
 71
     5
 72
     1
  1
\A1;7'-4{\H0.66x;\S1/2;}"
  7
DETAIL
 73
     1
 44
1.0
  0
POINT
  5
B33
330
B29
100
AcDbEntity
  8
Defpoints
 62
     0
440
 16777216
100
AcDbPoint
 10
69.03784961242934
 20
181.5864735391491
 30
0.0
  0
POINT
  5
B34
330
B29
100
AcDbEntity
  8
Defpoints
 62
     0
440
 16777216
100
AcDbPoint
 10
157.5378496124403
 20
181.5864735391491
 30
0.0
  0
POINT
  5
B35
330
B29
100
AcDbEntity
  8
Defpoints
 62
     0
440
 16777216
100
AcDbPoint
 10
157.5378496124403
 20
192.6549354833461
 30
0.0
  0
ENDBLK
  5
B2B
330
B29
100
AcDbEntity
  8
0
100
AcDbBlockEnd
  0
BLOCK
  5
B37
330
B36
100
AcDbEntity
  8
0
100
AcDbBlockBegin
  2
*D108
 70
     1
 10
0.0
 20
0.0
 30
0.0
  3
*D108
  1

  0
LINE
  5
B39
330
B36
100
AcDbEntity
  8
dim
440
 16777216
100
AcDbLine
 10
319.5378496124948
 20
118.086473539135
 30
0.0
 11
319.5378496124948
 21
107.3366171984679
 31
0.0
  0
LINE
  5
B3A
330
B36
100
AcDbEntity
  8
dim
440
 16777216
100
AcDbLine
 10
315.0378496124948
 20
118.086473539135
 30
0.0
 11
315.0378496124948
 21
107.3366171984679
 31
0.0
  0
LINE
  5
B3B
330
B36
100
AcDbEntity
  8
dim
440
 16777216
100
AcDbLine
 10
320.5378496124948
 20
108.3366171984679
 30
0.0
 11
314.0378496124948
 21
108.3366171984679
 31
0.0
  0
LINE
  5
B3C
330
B36
100
AcDbEntity
  8
dim
440
 16777216
100
AcDbLine
 10
317.2878496124948
 20
108.3366171984679
 30
0.0
 11
320.9422895852097
 21
96.15515062275168
 31
0.0
  0
LINE
  5
B3D
330
B36
100
AcDbEntity
  8
dim
440
 16777216
100
AcDbLine
 10
320.9422895852097
 20
96.15515062275168
 30
0.0
 11
321.9422895852097
 21
96.15515062275168
 31
0.0
  0
MTEXT
  5
B3E
330
B36
100
AcDbEntity
  8
dim
440
 16777216
100
AcDbMText
 10
326.2018155060828
 20
96.15515062275168
 30
0.0
 40
4.5
 41
0.0
 71
     5
 72
     1
  1
\A1;4{\H0.66x;\S1/2;}"
  7
DETAIL
 73
     1
 44
1.0
  0
INSERT
  5
B3F
330
B36
100
AcDbEntity
  8
dim
440
 16777216
100
AcDbBlockReference
  2
_ArchTick
 10
319.5378496124948
 20
108.3366171984679
 30
0.0
 41
2.0
 42
2.0
 43
2.0
  0
INSERT
  5
B40
330
B36
100
AcDbEntity
  8
dim
440
 16777216
100
AcDbBlockReference
  2
_ArchTick
 10
315.0378496124948
 20
108.3366171984679
 30
0.0
 41
2.0
 42
2.0
 43
2.0
 50
180.0
  0
POINT
  5
B41
330
B36
100
AcDbEntity
  8
Defpoints
 62
     0
440
 16777216
100
AcDbPoint
 10
319.5378496124948
 20
123.086473539135
 30
0.0
  0
POINT
  5
B42
330
B36
100
AcDbEntity
  8
Defpoints
 62
     0
440
 16777216
100
AcDbPoint
 10
315.0378496124948
 20
123.086473539135
 30
0.0
  0
POINT
  5
B43
330
B36
100
AcDbEntity
  8
Defpoints
 62
     0
440
 16777216
100
AcDbPoint
 10
315.0378496124948
 20
108.3366171984679
 30
0.0
  0
ENDBLK
  5
B38
330
B36
100
AcDbEntity
  8
0
100
AcDbBlockEnd
  0
BLOCK
  5
B45
330
B44
100
AcDbEntity
  8
0
100
AcDbBlockBegin
  2
*D109
 70
     1
 10
0.0
 20
0.0
 30
0.0
  3
*D109
  1

  0
LINE
  5
B47
330
B44
100
AcDbEntity
  8
dim
440
 16777216
100
AcDbLine
 10
310.5378496125021
 20
113.5864735391179
 30
0.0
 11
310.5378496125021
 21
107.3366171984679
 31
0.0
  0
LINE
  5
B48
330
B44
100
AcDbEntity
  8
dim
440
 16777216
100
AcDbLine
 10
315.0378496124948
 20
113.5864735391191
 30
0.0
 11
315.0378496124948
 21
107.3366171984679
 31
0.0
  0
LINE
  5
B49
330
B44
100
AcDbEntity
  8
dim
440
 16777216
100
AcDbLine
 10
309.5378496125021
 20
108.3366171984679
 30
0.0
 11
316.0378496124948
 21
108.3366171984679
 31
0.0
  0
LINE
  5
B4A
330
B44
100
AcDbEntity
  8
dim
440
 16777216
100
AcDbLine
 10
312.7878496124985
 20
108.3366171984679
 30
0.0
 11
309.0009043790022
 21
96.15515062275185
 31
0.0
  0
LINE
  5
B4B
330
B44
100
AcDbEntity
  8
dim
440
 16777216
100
AcDbLine
 10
309.0009043790022
 20
96.15515062275185
 30
0.0
 11
308.0009043790022
 21
96.15515062275185
 31
0.0
  0
MTEXT
  5
B4C
330
B44
100
AcDbEntity
  8
dim
440
 16777216
100
AcDbMText
 10
303.7413784581291
 20
96.15515062275185
 30
0.0
 40
4.5
 41
0.0
 71
     5
 72
     1
  1
\A1;4{\H0.66x;\S1/2;}"
  7
DETAIL
 73
     1
 44
1.0
  0
INSERT
  5
B4D
330
B44
100
AcDbEntity
  8
dim
440
 16777216
100
AcDbBlockReference
  2
_ArchTick
 10
310.5378496125021
 20
108.3366171984679
 30
0.0
 41
2.0
 42
2.0
 43
2.0
 50
180.0
  0
INSERT
  5
B4E
330
B44
100
AcDbEntity
  8
dim
440
 16777216
100
AcDbBlockReference
  2
_ArchTick
 10
315.0378496124948
 20
108.3366171984679
 30
0.0
 41
2.0
 42
2.0
 43
2.0
  0
POINT
  5
B4F
330
B44
100
AcDbEntity
  8
Defpoints
 62
     0
440
 16777216
100
AcDbPoint
 10
310.5378496125021
 20
118.5864735391179
 30
0.0
  0
POINT
  5
B50
330
B44
100
AcDbEntity
  8
Defpoints
 62
     0
440
 16777216
100
AcDbPoint
 10
315.0378496124948
 20
118.5864735391191
 30
0.0
  0
POINT
  5
B51
330
B44
100
AcDbEntity
  8
Defpoints
 62
     0
440
 16777216
100
AcDbPoint
 10
315.0378496124948
 20
108.3366171984679
 30
0.0
  0
ENDBLK
  5
B46
330
B44
100
AcDbEntity
  8
0
100
AcDbBlockEnd
  0
BLOCK
  5
B53
330
B52
100
AcDbEntity
  8
0
100
AcDbBlockBegin
  2
*D110
 70
     1
 10
0.0
 20
0.0
 30
0.0
  3
*D110
  1

  0
LINE
  5
B55
330
B52
100
AcDbEntity
  8
dim
440
 16777216
100
AcDbLine
 10
343.5378496124584
 20
109.0864735391109
 30
0.0
 11
343.5378496124584
 21
107.3366171984679
 31
0.0
  0
LINE
  5
B56
330
B52
100
AcDbEntity
  8
dim
440
 16777216
100
AcDbLine
 10
429.0378496124548
 20
109.0864735391091
 30
0.0
 11
429.0378496124548
 21
107.3366171984679
 31
0.0
  0
LINE
  5
B57
330
B52
100
AcDbEntity
  8
dim
440
 16777216
100
AcDbLine
 10
342.5378496124584
 20
108.3366171984679
 30
0.0
 11
378.7423414269177
 21
108.3366171984679
 31
0.0
  0
LINE
  5
B58
330
B52
100
AcDbEntity
  8
dim
440
 16777216
100
AcDbLine
 10
430.0378496124548
 20
108.3366171984679
 30
0.0
 11
393.8333577979955
 21
108.3366171984679
 31
0.0
  0
INSERT
  5
B59
330
B52
100
AcDbEntity
  8
dim
440
 16777216
100
AcDbBlockReference
  2
_ArchTick
 10
343.5378496124584
 20
108.3366171984679
 30
0.0
 41
2.0
 42
2.0
 43
2.0
 50
180.0
  0
INSERT
  5
B5A
330
B52
100
AcDbEntity
  8
dim
440
 16777216
100
AcDbBlockReference
  2
_ArchTick
 10
429.0378496124548
 20
108.3366171984679
 30
0.0
 41
2.0
 42
2.0
 43
2.0
  0
MTEXT
  5
B5B
330
B52
100
AcDbEntity
  8
dim
440
 16777216
100
AcDbMText
 10
386.2878496124566
 20
108.3366171984679
 30
0.0
 40
4.5
 41
0.0
 71
     5
 72
     1
  1
\A1;7'-1{\H0.66x;\S1/2;}"
  7
DETAIL
 73
     1
 44
1.0
  0
POINT
  5
B5C
330
B52
100
AcDbEntity
  8
Defpoints
 62
     0
440
 16777216
100
AcDbPoint
 10
343.5378496124584
 20
114.0864735391109
 30
0.0
  0
POINT
  5
B5D
330
B52
100
AcDbEntity
  8
Defpoints
 62
     0
440
 16777216
100
AcDbPoint
 10
429.0378496124548
 20
114.0864735391091
 30
0.0
  0
POINT
  5
B5E
330
B52
100
AcDbEntity
  8
Defpoints
 62
     0
440
 16777216
100
AcDbPoint
 10
429.0378496124548
 20
108.3366171984679
 30
0.0
  0
ENDBLK
  5
B54
330
B52
100
AcDbEntity
  8
0
100
AcDbBlockEnd
  0
ENDSEC
  0
SECTION
  2
ENTITIES
  0
LINE
  5
6DB
330
1F
100
AcDbEntity
  8
line
 62
     8
100
AcDbLine
 10
111.0378496124257
 20
414.0239735391091
 30
0.0
 11
111.0378496124257
 21
372.023973539102
 31
0.0
  0
LINE
  5
6DC
102
{ACAD_REACTORS
330
7E4
102
}
330
1F
100
AcDbEntity
  8
line
 62
     8
100
AcDbLine
 10
174.0378496124257
 20
414.023973539112
 30
0.0
 11
174.0378496124293
 21
372.023973539102
 31
0.0
  0
LINE
  5
6DD
102
{ACAD_REACTORS
330
7E4
102
}
330
1F
100
AcDbEntity
  8
line
 62
     8
100
AcDbLine
 10
132.0378496124257
 20
414.02397353911
 30
0.0
 11
132.0378496124293
 21
372.023973539102
 31
0.0
  0
LINE
  5
6DE
330
1F
100
AcDbEntity
  8
line
 62
     8
100
AcDbLine
 10
132.0378496124257
 20
414.02397353911
 30
0.0
 11
132.0378496124257
 21
372.023973539102
 31
0.0
  0
LINE
  5
6DF
330
1F
100
AcDbEntity
  8
line
 62
     8
100
AcDbLine
 10
121.5378496124257
 20
414.02397353911
 30
0.0
 11
121.5378496124257
 21
372.023973539102
 31
0.0
  0
LINE
  5
6E0
330
1F
100
AcDbEntity
  8
line
 62
     8
100
AcDbLine
 10
174.0378496124257
 20
372.023973539102
 30
0.0
 11
69.0378496124257
 21
372.023973539102
 31
0.0
  0
LINE
  5
6E1
330
1F
100
AcDbEntity
  8
line
 62
     8
100
AcDbLine
 10
174.0378496124257
 20
372.023973539102
 30
0.0
 11
174.0378496124257
 21
414.0239735391011
 31
0.0
  0
LINE
  5
6E2
330
1F
100
AcDbEntity
  8
line
 62
     8
100
AcDbLine
 10
111.0378496124257
 20
318.0239735390861
 30
0.0
 11
111.0378496124257
 21
360.0239735390929
 31
0.0
  0
LINE
  5
6E3
330
1F
100
AcDbEntity
  8
line
  6
HIDDEN
 62
     8
100
AcDbLine
 10
174.0378496124257
 20
318.0239735390832
 30
0.0
 11
174.0378496124293
 21
360.0239735390929
 31
0.0
  0
LINE
  5
6E4
330
1F
100
AcDbEntity
  8
line
  6
HIDDEN
 62
     1
100
AcDbLine
 10
184.5378496124257
 20
318.0239735390832
 30
0.0
 11
184.5378496124293
 21
360.0239735390929
 31
0.0
  0
LINE
  5
6E5
330
1F
100
AcDbEntity
  8
line
  6
HIDDEN
 62
     8
100
AcDbLine
 10
163.5378496124257
 20
318.0239735390841
 30
0.0
 11
163.5378496124257
 21
360.0239735390929
 31
0.0
  0
LINE
  5
6E6
330
1F
100
AcDbEntity
  8
line
  6
HIDDEN
 62
     8
100
AcDbLine
 10
153.0378496124257
 20
318.0239735390841
 30
0.0
 11
153.0378496124257
 21
360.0239735390929
 31
0.0
  0
LINE
  5
6E7
330
1F
100
AcDbEntity
  8
line
  6
HIDDEN
 62
     8
100
AcDbLine
 10
142.5378496124257
 20
318.023973539085
 30
0.0
 11
142.5378496124257
 21
360.0239735390929
 31
0.0
  0
LINE
  5
6E8
330
1F
100
AcDbEntity
  8
line
  6
HIDDEN
 62
     8
100
AcDbLine
 10
132.0378496124257
 20
318.023973539085
 30
0.0
 11
132.0378496124257
 21
360.0239735390929
 31
0.0
  0
LINE
  5
6E9
330
1F
100
AcDbEntity
  8
line
 62
     8
100
AcDbLine
 10
121.5378496124257
 20
318.0239735390861
 30
0.0
 11
121.5378496124257
 21
360.0239735390929
 31
0.0
  0
LINE
  5
6EA
330
1F
100
AcDbEntity
  8
line
  6
HIDDEN
 62
     8
100
AcDbLine
 10
184.5378496124293
 20
360.0239735390929
 30
0.0
 11
121.5378496124257
 21
360.0239735390929
 31
0.0
  0
LINE
  5
6EB
330
1F
100
AcDbEntity
  8
line
 62
     8
100
AcDbLine
 10
121.5378496124257
 20
360.0239735390929
 30
0.0
 11
69.0378496124257
 21
360.0239735390929
 31
0.0
  0
LINE
  5
6EC
330
1F
100
AcDbEntity
  8
line
 62
     8
100
AcDbLine
 10
111.0378496124257
 20
360.0239735390929
 30
0.0
 11
111.0378496124257
 21
372.023973539102
 31
0.0
  0
LINE
  5
6ED
102
{ACAD_REACTORS
330
7E7
102
}
330
1F
100
AcDbEntity
  8
line
 62
     8
100
AcDbLine
 10
174.0378496124293
 20
372.023973539102
 30
0.0
 11
174.0378496122729
 21
414.023973539112
 31
0.0
  0
LINE
  5
6EE
330
1F
100
AcDbEntity
  8
line
 62
     8
100
AcDbLine
 10
132.0378496124293
 20
372.023973539102
 30
0.0
 11
174.0378496123566
 21
394.6938412635881
 31
0.0
  0
LINE
  5
6EF
330
1F
100
AcDbEntity
  8
line
 62
     8
100
AcDbLine
 10
132.0378496124293
 20
372.023973539102
 30
0.0
 11
153.0378496123566
 21
414.023973539112
 31
0.0
  0
LINE
  5
6F0
330
1F
100
AcDbEntity
  8
line
 62
     8
100
AcDbLine
 10
111.0378496124257
 20
360.0239735390929
 30
0.0
 11
69.0378496125021
 21
337.3541058146071
 31
0.0
  0
LINE
  5
6F1
330
1F
100
AcDbEntity
  8
line
 62
     8
100
AcDbLine
 10
111.0378496124257
 20
360.0239735390929
 30
0.0
 11
90.03784961249482
 21
318.0239735390832
 31
0.0
  0
LINE
  5
6F2
330
1F
100
AcDbEntity
  8
line
 62
     8
100
AcDbLine
 10
153.0378496124293
 20
372.0239735391802
 30
0.0
 11
153.0378496124293
 21
393.0239735391061
 31
0.0
  0
LINE
  5
6F3
330
1F
100
AcDbEntity
  8
line
 62
     8
100
AcDbLine
 10
153.0378496124293
 20
393.0239735391061
 30
0.0
 11
90.37541356289228
 21
393.0239735391061
 31
0.0
  0
LINE
  5
6F4
330
1F
100
AcDbEntity
  8
line
 62
     8
100
AcDbLine
 10
90.37541356289228
 20
393.0239735391061
 30
0.0
 11
90.37541356289228
 21
338.623348892094
 31
0.0
  0
MTEXT
  5
6F5
330
1F
100
AcDbEntity
  8
line
100
AcDbMText
 10
150.4314550967218
 20
371.2113989318551
 30
0.0
 40
5.0
 41
7.075999327145838
 71
     1
 72
     5
  1
Up
  7
DETAIL
 73
     1
 44
1.0
  0
LINE
  5
6F6
330
1F
100
AcDbEntity
  8
line
100
AcDbLine
 10
420.0378496124403
 20
175.58647353912
 30
0.0
 11
420.0378496124548
 21
118.5864735391241
 31
0.0
  0
LINE
  5
6F7
330
1F
100
AcDbEntity
  8
line
100
AcDbLine
 10
264.0378496124403
 20
127.586473539175
 30
0.0
 11
264.0378496124403
 21
114.0864735391641
 31
0.0
  0
LINE
  5
6F8
330
1F
100
AcDbEntity
  8
line
100
AcDbLine
 10
258.0378496124293
 20
262.5239735390779
 30
0.0
 11
249.0378496124293
 21
262.5239735390779
 31
0.0
  0
LINE
  5
6F9
330
1F
100
AcDbEntity
  8
line
100
AcDbLine
 10
181.5378496124548
 20
498.0239735390982
 30
0.0
 11
255.0378496124293
 21
498.0239735390982
 31
0.0
  0
LINE
  5
6FA
102
{ACAD_REACTORS
330
7C2
102
}
330
1F
100
AcDbEntity
  8
line
100
AcDbLine
 10
255.0378496124257
 20
502.5239735390982
 30
0.0
 11
264.0378496124293
 21
502.523973539097
 31
0.0
  0
LINE
  5
6FB
102
{ACAD_REACTORS
330
7A3
102
}
330
1F
100
AcDbEntity
  8
line
100
AcDbLine
 10
264.0378496124293
 20
498.0239735390982
 30
0.0
 11
268.5378496124293
 21
498.0239735390982
 31
0.0
  0
LINE
  5
6FC
330
1F
100
AcDbEntity
  8
line
100
AcDbLine
 10
310.5378496124257
 20
498.0239735390982
 30
0.0
 11
420.0378496124403
 21
498.0239735390982
 31
0.0
  0
LINE
  5
6FD
330
1F
100
AcDbEntity
  8
line
100
AcDbLine
 10
181.5378496124548
 20
489.0239735390982
 30
0.0
 11
268.5378496124257
 21
489.0239735390982
 31
0.0
  0
LINE
  5
6FE
330
1F
100
AcDbEntity
  8
line
100
AcDbLine
 10
310.5378496124257
 20
489.0239735390982
 30
0.0
 11
420.0378496124403
 21
489.0239735390982
 31
0.0
  0
LINE
  5
6FF
330
1F
100
AcDbEntity
  8
line
100
AcDbLine
 10
246.0378496124257
 20
127.586473539117
 30
0.0
 11
264.0378496124257
 21
127.586473539135
 31
0.0
  0
LINE
  5
700
330
1F
100
AcDbEntity
  8
line
100
AcDbLine
 10
249.0378496124403
 20
171.08647353912
 30
0.0
 11
343.5378496124548
 21
171.08647353912
 31
0.0
  0
LINE
  5
701
330
1F
100
AcDbEntity
  8
line
100
AcDbLine
 10
348.0378496124548
 20
175.58647353912
 30
0.0
 11
420.0378496124403
 21
175.58647353912
 31
0.0
  0
LINE
  5
702
330
1F
100
AcDbEntity
  8
line
100
AcDbLine
 10
258.0378496124548
 20
180.08647353912
 30
0.0
 11
420.0378496124403
 21
180.08647353912
 31
0.0
  0
LINE
  5
703
330
1F
100
AcDbEntity
  8
line
100
AcDbLine
 10
249.0378496124403
 20
333.0239735390779
 30
0.0
 11
273.0378496124293
 21
333.0239735390779
 31
0.0
  0
LINE
  5
704
330
1F
100
AcDbEntity
  8
line
100
AcDbLine
 10
390.0378496124293
 20
333.0239735390779
 30
0.0
 11
420.0378496124293
 21
333.023973539075
 31
0.0
  0
LINE
  5
705
102
{ACAD_REACTORS
330
859
102
}
330
1F
100
AcDbEntity
  8
line
100
AcDbLine
 10
69.03784961242934
 20
309.0239735390331
 30
0.0
 11
138.0378496124584
 21
309.0239735390541
 31
0.0
  0
LINE
  5
706
102
{ACAD_REACTORS
330
7D8
330
7DB
102
}
330
1F
100
AcDbEntity
  8
line
100
AcDbLine
 10
180.0378496124584
 20
309.0239735390691
 30
0.0
 11
190.5378496124403
 21
309.0239735390718
 31
0.0
  0
LINE
  5
707
102
{ACAD_REACTORS
330
7E1
102
}
330
1F
100
AcDbEntity
  8
line
100
AcDbLine
 10
244.5378496124293
 20
309.0239735390861
 30
0.0
 11
249.0378496124293
 21
309.023973539087
 31
0.0
  0
LINE
  5
708
330
1F
100
AcDbEntity
  8
line
100
AcDbLine
 10
258.0378496124293
 20
324.0239735390741
 30
0.0
 11
273.0378496124293
 21
324.0239735390779
 31
0.0
  0
LINE
  5
709
102
{ACAD_REACTORS
330
7CA
102
}
330
1F
100
AcDbEntity
  8
line
100
AcDbLine
 10
390.0378496124293
 20
324.0239735390779
 30
0.0
 11
420.0378496124293
 21
324.0239735390779
 31
0.0
  0
LINE
  5
70A
330
1F
100
AcDbEntity
  8
line
100
AcDbLine
 10
60.03784961241115
 20
114.08647353912
 30
0.0
 11
73.5378496124257
 21
114.08647353912
 31
0.0
  0
LINE
  5
70B
330
1F
100
AcDbEntity
  8
line
100
AcDbLine
 10
60.03784961245481
 20
663.0239735391091
 30
0.0
 11
60.03784961244025
 21
114.0864735390902
 31
0.0
  0
LINE
  5
70C
330
1F
100
AcDbEntity
  8
line
100
AcDbLine
 10
78.0378496124548
 20
127.58647353912
 30
0.0
 11
78.03784961244025
 21
114.0864735390902
 31
0.0
  0
LINE
  5
70D
330
1F
100
AcDbEntity
  8
line
100
AcDbLine
 10
69.0378496124548
 20
654.0239735390982
 30
0.0
 11
69.03784961244025
 21
588.0239735390982
 31
0.0
  0
LINE
  5
70E
102
{ACAD_REACTORS
330
7B3
330
817
102
}
330
1F
100
AcDbEntity
  8
line
100
AcDbLine
 10
69.03784961244025
 20
579.0239735390982
 30
0.0
 11
69.0378496124548
 21
423.023973539107
 31
0.0
  0
LINE
  5
70F
330
1F
100
AcDbEntity
  8
line
 62
     8
100
AcDbLine
 10
93.03784961244025
 20
555.0239735390982
 30
0.0
 11
93.0378496124548
 21
423.0239735391082
 31
0.0
  0
LINE
  5
710
102
{ACAD_REACTORS
330
7AC
330
7AF
102
}
330
1F
100
AcDbEntity
  8
line
100
AcDbLine
 10
177.0378496124548
 20
579.0239735390982
 30
0.0
 11
177.0378496124548
 21
469.5239735390982
 31
0.0
  0
LINE
  5
711
102
{ACAD_REACTORS
330
7B3
330
7B6
102
}
330
1F
100
AcDbEntity
  8
line
 62
     8
100
AcDbLine
 10
147.0378496124548
 20
579.0239735390982
 30
0.0
 11
147.0378496124548
 21
555.0239735390982
 31
0.0
  0
LINE
  5
712
102
{ACAD_REACTORS
330
7A9
102
}
330
1F
100
AcDbEntity
  8
line
100
AcDbLine
 10
177.0378496124403
 20
427.5239735390982
 30
0.0
 11
177.0378496124548
 21
423.023973539102
 31
0.0
  0
LINE
  5
713
330
1F
100
AcDbEntity
  8
line
100
AcDbLine
 10
181.5378496124548
 20
579.0239735390982
 30
0.0
 11
181.5378496124548
 21
498.0239735390982
 31
0.0
  0
LINE
  5
714
102
{ACAD_REACTORS
330
7C6
102
}
330
1F
100
AcDbEntity
  8
line
100
AcDbLine
 10
186.0378496124584
 20
498.0239735390982
 30
0.0
 11
186.0378496124584
 21
489.0239735390982
 31
0.0
  0
LINE
  5
715
330
1F
100
AcDbEntity
  8
line
100
AcDbLine
 10
181.5378496124548
 20
469.5239735390982
 30
0.0
 11
181.5378496124548
 21
469.5239735390982
 31
0.0
  0
LINE
  5
716
330
1F
100
AcDbEntity
  8
line
100
AcDbLine
 10
181.5378496124403
 20
427.5239735390973
 30
0.0
 11
181.5378496124548
 21
414.0239735391011
 31
0.0
  0
LINE
  5
717
330
1F
100
AcDbEntity
  8
line
100
AcDbLine
 10
199.5378496124548
 20
654.0239735391
 30
0.0
 11
199.5378496124403
 21
625.5239735390982
 31
0.0
  0
LINE
  5
718
102
{ACAD_REACTORS
330
7BC
102
}
330
1F
100
AcDbEntity
  8
line
100
AcDbLine
 10
199.5378496124403
 20
592.5239735390982
 30
0.0
 11
199.5378496124403
 21
588.0239735390982
 31
0.0
  0
LINE
  5
719
330
1F
100
AcDbEntity
  8
line
100
AcDbLine
 10
204.0378496124403
 20
654.0239735391
 30
0.0
 11
204.0378496124403
 21
625.5239735390982
 31
0.0
  0
LINE
  5
71A
330
1F
100
AcDbEntity
  8
line
100
AcDbLine
 10
204.0378496124403
 20
592.5239735390982
 30
0.0
 11
204.0378496124403
 21
588.0239735390982
 31
0.0
  0
LINE
  5
71B
330
1F
100
AcDbEntity
  8
line
100
AcDbLine
 10
69.03784961242934
 20
370.5239735390888
 30
0.0
 11
69.03784961244025
 21
318.0239735390879
 31
0.0
  0
LINE
  5
71C
330
1F
100
AcDbEntity
  8
line
100
AcDbLine
 10
69.0378496124257
 20
414.023973539107
 30
0.0
 11
69.03784961242934
 21
318.0239735390879
 31
0.0
  0
LINE
  5
71D
102
{ACAD_REACTORS
330
7D1
102
}
330
1F
100
AcDbEntity
  8
line
100
AcDbLine
 10
69.03784961242934
 20
309.0239735390331
 30
0.0
 11
69.03784961244025
 21
127.5864735391209
 31
0.0
  0
LINE
  5
71E
330
1F
100
AcDbEntity
  8
line
100
AcDbLine
 10
420.0378496124293
 20
654.0239735390982
 30
0.0
 11
420.0378496124403
 21
498.0239735390982
 31
0.0
  0
LINE
  5
71F
330
1F
100
AcDbEntity
  8
line
100
AcDbLine
 10
420.0378496124548
 20
489.0239735390982
 30
0.0
 11
420.0378496124293
 21
333.023973539075
 31
0.0
  0
LINE
  5
720
330
1F
100
AcDbEntity
  8
line
100
AcDbLine
 10
420.0378496124293
 20
324.0239735390779
 30
0.0
 11
420.0378496124403
 21
180.08647353912
 31
0.0
  0
LINE
  5
721
330
1F
100
AcDbEntity
  8
line
100
AcDbLine
 10
258.0378496124293
 20
324.0239735390779
 30
0.0
 11
258.0378496124293
 21
304.5239735390779
 31
0.0
  0
LINE
  5
722
330
1F
100
AcDbEntity
  8
line
100
AcDbLine
 10
258.0378496124293
 20
333.0239735390791
 30
0.0
 11
258.0378496124293
 21
333.0239735390779
 31
0.0
  0
LINE
  5
723
102
{ACAD_REACTORS
330
7ED
102
}
330
1F
100
AcDbEntity
  8
line
100
AcDbLine
 10
258.0378496124293
 20
324.0239735390741
 30
0.0
 11
258.0378496124257
 21
304.5239735390779
 31
0.0
  0
LINE
  5
724
102
{ACAD_REACTORS
330
7F0
330
7F3
102
}
330
1F
100
AcDbEntity
  8
line
100
AcDbLine
 10
258.0378496124548
 20
262.5239735390779
 30
0.0
 11
258.0378496124548
 21
180.08647353912
 31
0.0
  0
LINE
  5
725
102
{ACAD_REACTORS
330
7EA
102
}
330
1F
100
AcDbEntity
  8
line
100
AcDbLine
 10
249.0378496124293
 20
333.0239735390779
 30
0.0
 11
249.0378496124293
 21
318.0239735390791
 31
0.0
  0
LINE
  5
726
330
1F
100
AcDbEntity
  8
line
100
AcDbLine
 10
244.5378496124293
 20
318.0239735390779
 30
0.0
 11
244.5378496124293
 21
309.0239735390861
 31
0.0
  0
LINE
  5
727
330
1F
100
AcDbEntity
  8
line
100
AcDbLine
 10
190.5378496124293
 20
318.0239735390811
 30
0.0
 11
190.5378496124403
 21
309.0239735390718
 31
0.0
  0
LINE
  5
728
330
1F
100
AcDbEntity
  8
line
100
AcDbLine
 10
180.0378496124584
 20
318.0239735390741
 30
0.0
 11
180.0378496124584
 21
309.0239735390652
 31
0.0
  0
LINE
  5
729
102
{ACAD_REACTORS
330
7D8
102
}
330
1F
100
AcDbEntity
  8
line
100
AcDbLine
 10
138.0378496124548
 20
318.0239735390402
 30
0.0
 11
138.0378496124584
 21
309.0239735390309
 31
0.0
  0
LINE
  5
72A
102
{ACAD_REACTORS
330
7D5
102
}
330
1F
100
AcDbEntity
  8
line
100
AcDbLine
 10
129.0378496124584
 20
318.0239735390331
 30
0.0
 11
129.0378496124584
 21
309.023973539024
 31
0.0
  0
LINE
  5
72B
102
{ACAD_REACTORS
330
7D1
102
}
330
1F
100
AcDbEntity
  8
line
100
AcDbLine
 10
111.0378496124548
 20
318.0239735390181
 30
0.0
 11
111.0378496124584
 21
309.023973539009
 31
0.0
  0
LINE
  5
72C
330
1F
100
AcDbEntity
  8
line
100
AcDbLine
 10
249.0378496124293
 20
274.5239735390779
 30
0.0
 11
249.0378496124403
 21
171.08647353912
 31
0.0
  0
LINE
  5
72D
330
1F
100
AcDbEntity
  8
line
100
AcDbLine
 10
429.0378496124548
 20
663.0239735391091
 30
0.0
 11
429.0378496124548
 21
114.0864735391091
 31
0.0
  0
LINE
  5
72E
330
1F
100
AcDbEntity
  8
line
100
AcDbLine
 10
73.5378496124257
 20
114.0864735390761
 30
0.0
 11
60.03784961241115
 21
114.0864735390902
 31
0.0
  0
LINE
  5
72F
330
1F
100
AcDbEntity
  8
line
100
AcDbLine
 10
181.5378496124548
 20
414.0239735391011
 30
0.0
 11
69.03784961244025
 21
414.023973539107
 31
0.0
  0
LINE
  5
730
330
1F
100
AcDbEntity
  8
line
100
AcDbLine
 10
177.0378496124548
 20
423.023973539102
 30
0.0
 11
69.0378496124548
 21
423.023973539107
 31
0.0
  0
LINE
  5
731
330
1F
100
AcDbEntity
  8
line
100
AcDbLine
 10
181.5378496124403
 20
427.5239735390982
 30
0.0
 11
177.0378496124403
 21
427.5239735390982
 31
0.0
  0
LINE
  5
732
102
{ACAD_REACTORS
330
7AC
102
}
330
1F
100
AcDbEntity
  8
line
100
AcDbLine
 10
181.5378496124548
 20
469.5239735390982
 30
0.0
 11
177.0378496124548
 21
469.5239735390982
 31
0.0
  0
LINE
  5
733
102
{ACAD_REACTORS
330
7AC
102
}
330
1F
100
AcDbEntity
  8
line
100
AcDbLine
 10
181.5378496124403
 20
427.5239735390973
 30
0.0
 11
177.0378496124403
 21
427.5239735390982
 31
0.0
  0
LINE
  5
734
330
1F
100
AcDbEntity
  8
line
100
AcDbLine
 10
246.0378496124257
 20
127.5864735391459
 30
0.0
 11
246.0378496124403
 21
114.086473539135
 31
0.0
  0
LINE
  5
735
102
{ACAD_REACTORS
330
810
330
845
102
}
330
1F
100
AcDbEntity
  8
line
100
AcDbLine
 10
264.0378496124257
 20
127.586473539175
 30
0.0
 11
264.0378496124403
 21
114.0864735391641
 31
0.0
  0
LINE
  5
736
102
{ACAD_REACTORS
330
813
102
}
330
1F
100
AcDbEntity
  8
line
  6
DASHED
100
AcDbLine
 10
264.037849612382
 20
171.0864735391691
 30
0.0
 11
264.0378496124548
 21
127.586473539175
 31
0.0
  0
LINE
  5
737
330
1F
100
AcDbEntity
  8
line
100
AcDbLine
 10
258.0378496124293
 20
304.5239735390779
 30
0.0
 11
249.0378496124293
 21
304.5239735390779
 31
0.0
  0
MTEXT
  5
738
330
1F
100
AcDbEntity
  8
line
100
AcDbMText
 10
242.9268396861052
 20
418.7330011224582
 30
0.0
 40
5.0
 41
0.0
 71
     5
 72
     5
  1
T.V.Lounge\P20'-0"x13'-0"
 73
     1
 44
1.0
  0
MTEXT
  5
739
330
1F
100
AcDbEntity
  8
line
100
AcDbMText
 10
170.610211756445
 20
273.678995350968
 30
0.0
 40
6.0
 41
0.0
 71
     2
 72
     5
  1
Car Porch\P15'-0"x16'-3"
  7
TECH
 73
     1
 44
1.0
1001
ACAD
1000
ACAD_MTEXT_DEFINED_HEIGHT_BEGIN
1070
    46
1040
111.7808094588449
1000
ACAD_MTEXT_DEFINED_HEIGHT_END
  0
LINE
  5
73A
330
1F
100
AcDbEntity
  8
line
100
AcDbLine
 10
253.5378496124293
 20
304.5239735390779
 30
0.0
 11
253.5378496124293
 21
302.5239735390779
 31
0.0
  0
LINE
  5
73B
330
1F
100
AcDbEntity
  8
line
100
AcDbLine
 10
253.5378496124293
 20
302.5239735390779
 30
0.0
 11
291.5378496124293
 21
302.5239735390779
 31
0.0
  0
LINE
  5
73C
330
1F
100
AcDbEntity
  8
line
100
AcDbLine
 10
253.5378496124293
 20
262.5239735390779
 30
0.0
 11
253.5378496124293
 21
264.5239735390779
 31
0.0
  0
LINE
  5
73D
102
{ACAD_REACTORS
330
7FD
102
}
330
1F
100
AcDbEntity
  8
line
100
AcDbLine
 10
264.0378496124257
 20
498.0239735390982
 30
0.0
 11
264.0378496124257
 21
588.0239735390982
 31
0.0
  0
LINE
  5
73E
102
{ACAD_REACTORS
330
7A6
330
801
102
}
330
1F
100
AcDbEntity
  8
line
100
AcDbLine
 10
268.5378496124257
 20
489.0239735390982
 30
0.0
 11
268.5378496124293
 21
498.0239735390982
 31
0.0
  0
LINE
  5
73F
102
{ACAD_REACTORS
330
7A6
102
}
330
1F
100
AcDbEntity
  8
line
100
AcDbLine
 10
310.5378496124257
 20
489.0239735390982
 30
0.0
 11
310.5378496124293
 21
498.0239735390982
 31
0.0
  0
LINE
  5
740
102
{ACAD_REACTORS
330
7C2
102
}
330
1F
100
AcDbEntity
  8
line
100
AcDbLine
 10
255.0378496124293
 20
498.0239735390982
 30
0.0
 11
255.0378496124257
 21
579.0239735390982
 31
0.0
  0
LINE
  5
741
102
{ACAD_REACTORS
330
801
102
}
330
1F
100
AcDbEntity
  8
line
100
AcDbLine
 10
250.5378496124293
 20
489.0239735390982
 30
0.0
 11
250.5378496124293
 21
498.0239735390982
 31
0.0
  0
LINE
  5
742
330
1F
100
AcDbEntity
  8
line
100
AcDbLine
 10
390.0378496124293
 20
333.0239735390779
 30
0.0
 11
390.0378496124293
 21
324.0239735390779
 31
0.0
  0
LINE
  5
743
330
1F
100
AcDbEntity
  8
line
100
AcDbLine
 10
273.0378496124293
 20
333.0239735390779
 30
0.0
 11
273.0378496124293
 21
324.0239735390779
 31
0.0
  0
LINE
  5
744
102
{ACAD_REACTORS
330
7CD
102
}
330
1F
100
AcDbEntity
  8
line
  6
DASHED
100
AcDbLine
 10
273.0378496124293
 20
324.0239735390779
 30
0.0
 11
390.0378496124293
 21
324.0239735390779
 31
0.0
  0
LINE
  5
745
330
1F
100
AcDbEntity
  8
line
  6
DASHED
100
AcDbLine
 10
273.0378496124293
 20
333.0239735390779
 30
0.0
 11
390.0378496124293
 21
333.0239735390779
 31
0.0
  0
MTEXT
  5
746
330
1F
100
AcDbEntity
  8
line
100
AcDbMText
 10
298.0411585313567
 20
563.96654629077
 30
0.0
 40
6.0
 41
0.0
 71
     2
 72
     5
  1
Bed Room\P13'-0"x13'-0"
  7
TECH
 73
     1
 44
1.0
1001
ACAD
1000
ACAD_MTEXT_DEFINED_HEIGHT_BEGIN
1070
    46
1040
111.7808094588449
1000
ACAD_MTEXT_DEFINED_HEIGHT_END
  0
MTEXT
  5
747
330
1F
100
AcDbEntity
  8
line
100
AcDbMText
 10
318.5003877376738
 20
157.7590242773188
 30
0.0
 40
5.0
 41
0.0
 71
     5
 72
     5
  1
Front Open\P4'-0" wide
 73
     1
 44
1.0
  0
LINE
  5
748
330
1F
100
AcDbEntity
  8
line
100
AcDbLine
 10
340.3977724264449
 20
180.08647353912
 30
0.0
 11
340.3977724264449
 21
171.08647353912
 31
0.0
  0
LINE
  5
749
102
{ACAD_REACTORS
330
7F3
102
}
330
1F
100
AcDbEntity
  8
line
100
AcDbLine
 10
262.512801631762
 20
180.08647353912
 30
0.0
 11
262.512801631762
 21
171.08647353912
 31
0.0
  0
MLINE
  5
74A
330
1F
100
AcDbEntity
  8
line
100
AcDbMline
  2
STANDARD
340
18
 40
2.0
 70
     1
 71
     1
 72
     2
 73
     2
 10
340.3977724264449
 20
175.58647353912
 30
0.0
210
0.0
220
0.0
230
1.0
 11
340.3977724264449
 21
175.58647353912
 31
0.0
 12
-1.0
 22
0.0
 32
0.0
 13
-2.220446049250313E-16
 23
-1.0
 33
0.0
 74
     2
 41
1.0
 41
0.0
 75
     0
 74
     2
 41
-1.0
 41
0.0
 75
     0
 11
262.512801631762
 21
175.58647353912
 31
0.0
 12
-1.0
 22
0.0
 32
0.0
 13
-2.220446049250313E-16
 23
-1.0
 33
0.0
 74
     2
 41
1.0
 41
0.0
 75
     0
 74
     2
 41
-1.0
 41
0.0
 75
     0
  0
LINE
  5
74B
102
{ACAD_REACTORS
330
80A
102
}
330
1F
100
AcDbEntity
  8
line
100
AcDbLine
 10
246.0378496124403
 20
114.086473539135
 30
0.0
 11
264.0378496124403
 21
114.0864735391641
 31
0.0
  0
MTEXT
  5
74C
330
1F
100
AcDbEntity
  8
line
100
AcDbMText
 10
348.0469826222405
 20
268.489544457184
 30
0.0
 40
5.0
 41
0.0
 71
     5
 72
     5
  1
Drawing Room\P13'-6"x12'-0"
 73
     1
 44
1.0
  0
LINE
  5
74D
330
1F
100
AcDbEntity
  8
line
100
AcDbLine
 10
429.0378496124548
 20
663.0239735391091
 30
0.0
 11
60.03784961245844
 21
663.0239735391091
 31
0.0
  0
LINE
  5
74E
330
1F
100
AcDbEntity
  8
line
100
AcDbLine
 10
420.0378496124293
 20
654.0239735390982
 30
0.0
 11
204.0378496124403
 21
654.0239735390982
 31
0.0
  0
LINE
  5
74F
102
{ACAD_REACTORS
330
7BF
102
}
330
1F
100
AcDbEntity
  8
line
 62
     0
100
AcDbLine
 10
204.0378496124403
 20
625.5239735390982
 30
0.0
 11
199.5378496124403
 21
625.5239735390982
 31
0.0
  0
LINE
  5
750
330
1F
100
AcDbEntity
  8
line
100
AcDbLine
 10
199.5378496124548
 20
654.0239735390982
 30
0.0
 11
69.0378496124548
 21
654.0239735390982
 31
0.0
  0
LINE
  5
751
102
{ACAD_REACTORS
330
7FD
102
}
330
1F
100
AcDbEntity
  8
line
100
AcDbLine
 10
264.0378496124257
 20
588.0239735390982
 30
0.0
 11
204.0378496124403
 21
588.0239735390982
 31
0.0
  0
LINE
  5
752
330
1F
100
AcDbEntity
  8
line
100
AcDbLine
 10
204.0378496124403
 20
592.5239735390982
 30
0.0
 11
199.5378496124403
 21
592.5239735390982
 31
0.0
  0
LINE
  5
753
330
1F
100
AcDbEntity
  8
line
100
AcDbLine
 10
199.5378496124403
 20
588.0239735390982
 30
0.0
 11
69.0378496124548
 21
588.0239735390982
 31
0.0
  0
LINE
  5
754
330
1F
100
AcDbEntity
  8
line
100
AcDbLine
 10
255.0378496124293
 20
579.0239735390982
 30
0.0
 11
181.5378496124548
 21
579.0239735390982
 31
0.0
  0
LINE
  5
755
330
1F
100
AcDbEntity
  8
line
100
AcDbLine
 10
255.2608333801116
 20
574.5239735390982
 30
0.0
 11
255.0378496124257
 21
574.5239735390982
 31
0.0
  0
LINE
  5
756
330
1F
100
AcDbEntity
  8
line
100
AcDbLine
 10
264.0378496124293
 20
574.5239735390982
 30
0.0
 11
255.0378496124257
 21
574.5239735390982
 31
0.0
  0
LINE
  5
757
102
{ACAD_REACTORS
330
81A
102
}
330
1F
100
AcDbEntity
  8
line
100
AcDbLine
 10
177.0378496124548
 20
579.0239735390982
 30
0.0
 11
69.0378496124548
 21
579.0239735390982
 31
0.0
  0
LINE
  5
758
102
{ACAD_REACTORS
330
7B9
102
}
330
1F
100
AcDbEntity
  8
line
 62
     8
100
AcDbLine
 10
147.0378496124548
 20
555.0239735390982
 30
0.0
 11
93.03784961244025
 21
555.0239735390982
 31
0.0
  0
LINE
  5
759
330
1F
100
AcDbEntity
  8
line
 62
     0
100
AcDbLine
 10
249.0378496124403
 20
318.0239735390779
 30
0.0
 11
244.5378496124293
 21
318.0239735390791
 31
0.0
  0
LINE
  5
75A
330
1F
100
AcDbEntity
  8
line
100
AcDbLine
 10
190.5378496124293
 20
318.0239735390811
 30
0.0
 11
180.0378496124548
 21
318.0239735390822
 31
0.0
  0
LINE
  5
75B
330
1F
100
AcDbEntity
  8
line
100
AcDbLine
 10
138.0378496124548
 20
318.0239735390841
 30
0.0
 11
69.03784961242934
 21
318.0239735390879
 31
0.0
  0
ARC
  5
75C
330
1F
100
AcDbEntity
  8
line
100
AcDbCircle
 10
253.5378496124293
 20
302.5239735390779
 30
0.0
 40
37.99999999999637
100
AcDbArc
 50
270.0
 51
0.0
  0
LINE
  5
75D
330
1F
100
AcDbEntity
  8
line
 62
     8
100
AcDbLine
 10
249.0378496124293
 20
304.5239735390779
 30
0.0
 11
249.0378496124293
 21
262.5239735390779
 31
0.0
  0
LINE
  5
75E
330
1F
100
AcDbEntity
  8
line
100
AcDbLine
 10
199.5378496124403
 20
588.0239735390982
 30
0.0
 11
199.5378496124403
 21
579.0239735390982
 31
0.0
  0
LINE
  5
75F
330
1F
100
AcDbEntity
  8
line
100
AcDbLine
 10
181.5378496124548
 20
579.0239735390982
 30
0.0
 11
181.5378496124548
 21
588.0239735390982
 31
0.0
  0
MLINE
  5
760
330
1F
100
AcDbEntity
  8
line
100
AcDbMline
  2
STANDARD
340
18
 40
1.0
 70
     1
 71
     1
 72
     2
 73
     2
 10
199.5378496124403
 20
583.5239735390982
 30
0.0
210
0.0
220
0.0
230
1.0
 11
199.5378496124403
 21
583.5239735390982
 31
0.0
 12
-1.0
 22
0.0
 32
0.0
 13
-2.220446049250313E-16
 23
-1.0
 33
0.0
 74
     2
 41
0.5
 41
0.0
 75
     0
 74
     2
 41
-0.5
 41
0.0
 75
     0
 11
181.5378496124548
 21
583.5239735390982
 31
0.0
 12
-1.0
 22
0.0
 32
0.0
 13
-2.220446049250313E-16
 23
-1.0
 33
0.0
 74
     2
 41
0.5
 41
0.0
 75
     0
 74
     2
 41
-0.5
 41
0.0
 75
     0
  0
LINE
  5
761
330
1F
100
AcDbEntity
  8
line
  6
DASHED
100
AcDbLine
 10
73.03784961225836
 20
114.0864735390761
 30
0.0
 11
73.03784961225836
 21
96.08647353909018
 31
0.0
  0
LINE
  5
762
330
1F
100
AcDbEntity
  8
line
  6
DASHED
100
AcDbLine
 10
73.03784961225836
 20
96.08647353909018
 30
0.0
 11
251.0378496125021
 21
96.08647353908881
 31
0.0
  0
LINE
  5
763
102
{ACAD_REACTORS
330
7F7
102
}
330
1F
100
AcDbEntity
  8
line
100
AcDbLine
 10
348.0378496124548
 20
175.5864735391152
 30
0.0
 11
348.0378496124584
 21
166.5864735391152
 31
0.0
  0
LINE
  5
764
330
1F
100
AcDbEntity
  8
line
100
AcDbLine
 10
348.0378496124584
 20
139.5864735391152
 30
0.0
 11
348.0378496124548
 21
118.58647353912
 31
0.0
  0
LINE
  5
765
330
1F
100
AcDbEntity
  8
line
100
AcDbLine
 10
343.5378496124548
 20
171.0864735391152
 30
0.0
 11
343.5378496124548
 21
166.5864735391152
 31
0.0
  0
LINE
  5
766
330
1F
100
AcDbEntity
  8
line
100
AcDbLine
 10
343.5378496124548
 20
139.5864735391152
 30
0.0
 11
343.5378496124548
 21
114.0864735391109
 31
0.0
  0
LINE
  5
767
102
{ACAD_REACTORS
330
86C
102
}
330
1F
100
AcDbEntity
  8
line
100
AcDbLine
 10
343.5378496124584
 20
114.0864735391109
 30
0.0
 11
429.0378496124548
 21
114.0864735391091
 31
0.0
  0
LINE
  5
768
330
1F
100
AcDbEntity
  8
line
100
AcDbLine
 10
348.0378496124584
 20
118.58647353912
 30
0.0
 11
420.0378496124548
 21
118.5864735391241
 31
0.0
  0
MTEXT
  5
769
330
1F
100
AcDbEntity
  8
line
100
AcDbMText
 10
132.8064774751555
 20
627.882524203217
 30
0.0
 40
6.0
 41
0.0
 71
     2
 72
     5
  1
Bath\P11'-0"x5'-6"
  7
TECH
 73
     1
 44
1.0
1001
ACAD
1000
ACAD_MTEXT_DEFINED_HEIGHT_BEGIN
1070
    46
1040
111.7808094588449
1000
ACAD_MTEXT_DEFINED_HEIGHT_END
  0
MTEXT
  5
76A
330
1F
100
AcDbEntity
  8
line
100
AcDbMText
 10
231.9450439064248
 20
646.1242301483791
 30
0.0
 40
6.0
 41
0.0
 71
     2
 72
     5
  1
Dress\P4'-3"x5'-6"
  7
TECH
 73
     1
 44
1.0
1001
ACAD
1000
ACAD_MTEXT_DEFINED_HEIGHT_BEGIN
1070
    46
1040
111.7808094588449
1000
ACAD_MTEXT_DEFINED_HEIGHT_END
  0
LINE
  5
76B
330
1F
100
AcDbEntity
  8
line
100
AcDbLine
 10
201.7878496124403
 20
592.5239735390982
 30
0.0
 11
201.7878496124403
 21
594.5239735390982
 31
0.0
  0
LINE
  5
76C
330
1F
100
AcDbEntity
  8
line
100
AcDbLine
 10
201.7878496124403
 20
594.5239735390982
 30
0.0
 11
172.7878496124403
 21
594.5239735390982
 31
0.0
  0
LINE
  5
76D
330
1F
100
AcDbEntity
  8
line
100
AcDbLine
 10
201.7878496124403
 20
625.5239735390982
 30
0.0
 11
201.7878496124403
 21
623.5239735390982
 31
0.0
  0
ARC
  5
76E
330
1F
100
AcDbEntity
  8
line
100
AcDbCircle
 10
201.7878496124403
 20
594.5239735390982
 30
0.0
 40
29.0
100
AcDbArc
 50
90.0
 51
180.0
  0
LINE
  5
76F
330
1F
100
AcDbEntity
  8
line
100
AcDbLine
 10
179.2878496124403
 20
429.5239735390982
 30
0.0
 11
141.2878496124403
 21
429.5239735390991
 31
0.0
  0
LINE
  5
770
330
1F
100
AcDbEntity
  8
line
100
AcDbLine
 10
179.2878496124548
 20
469.5239735390982
 30
0.0
 11
179.2878496124548
 21
467.5239735390982
 31
0.0
  0
LINE
  5
771
330
1F
100
AcDbEntity
  8
line
100
AcDbLine
 10
177.0378496124548
 20
555.0239735390982
 30
0.0
 11
181.5378496124548
 21
555.0239735390982
 31
0.0
  0
LINE
  5
772
102
{ACAD_REACTORS
330
7AF
102
}
330
1F
100
AcDbEntity
  8
line
100
AcDbLine
 10
181.5378496124548
 20
507.0239735390982
 30
0.0
 11
177.0378496124548
 21
507.0239735390982
 31
0.0
  0
MLINE
  5
773
330
1F
100
AcDbEntity
  8
line
100
AcDbMline
  2
STANDARD
340
18
 40
1.0
 70
     1
 71
     1
 72
     2
 73
     2
 10
179.2878496124548
 20
507.0239735390982
 30
0.0
210
0.0
220
0.0
230
1.0
 11
179.2878496124548
 21
507.0239735390982
 31
0.0
 12
0.0
 22
1.0
 32
0.0
 13
-1.0
 23
1.224606353822377E-16
 33
0.0
 74
     2
 41
0.5
 41
0.0
 75
     0
 74
     2
 41
-0.5
 41
0.0
 75
     0
 11
179.2878496124548
 21
555.0239735390982
 31
0.0
 12
0.0
 22
1.0
 32
0.0
 13
-1.0
 23
1.224606353822377E-16
 33
0.0
 74
     2
 41
0.5
 41
0.0
 75
     0
 74
     2
 41
-0.5
 41
0.0
 75
     0
  0
MLINE
  5
774
330
1F
100
AcDbEntity
  8
line
100
AcDbMline
  2
STANDARD
340
18
 40
1.0
 70
     1
 71
     1
 72
     2
 73
     2
 10
259.5378496124293
 20
502.523973539097
 30
0.0
210
0.0
220
0.0
230
1.0
 11
259.5378496124293
 21
502.523973539097
 31
0.0
 12
0.0
 22
1.0
 32
0.0
 13
-1.0
 23
1.224606353822377E-16
 33
0.0
 74
     2
 41
0.5
 41
0.0
 75
     0
 74
     2
 41
-0.5
 41
0.0
 75
     0
 11
259.5378496124293
 21
574.5239735390982
 31
0.0
 12
0.0
 22
1.0
 32
0.0
 13
-1.0
 23
1.224606353822377E-16
 33
0.0
 74
     2
 41
0.5
 41
0.0
 75
     0
 74
     2
 41
-0.5
 41
0.0
 75
     0
  0
LINE
  5
775
330
1F
100
AcDbEntity
  8
line
100
AcDbLine
 10
222.0378496124403
 20
588.0239735390982
 30
0.0
 11
222.0378496124403
 21
579.0239735390982
 31
0.0
  0
LINE
  5
776
102
{ACAD_REACTORS
330
7FD
102
}
330
1F
100
AcDbEntity
  8
line
100
AcDbLine
 10
240.0378496124293
 20
579.0239735390982
 30
0.0
 11
240.0378496124293
 21
588.0239735390982
 31
0.0
  0
MLINE
  5
777
330
1F
100
AcDbEntity
  8
line
100
AcDbMline
  2
STANDARD
340
18
 40
-1.0
 70
     1
 71
     1
 72
     2
 73
     2
 10
222.0378496124403
 20
583.5239735390982
 30
0.0
210
0.0
220
0.0
230
1.0
 11
222.0378496124403
 21
583.5239735390982
 31
0.0
 12
1.0
 22
0.0
 32
0.0
 13
2.220446049250313E-16
 23
-1.0
 33
0.0
 74
     2
 41
0.5
 41
0.0
 75
     0
 74
     2
 41
-0.5
 41
0.0
 75
     0
 11
240.0378496124293
 21
583.5239735390982
 31
0.0
 12
1.0
 22
0.0
 32
0.0
 13
2.220446049250313E-16
 23
-1.0
 33
0.0
 74
     2
 41
0.5
 41
0.0
 75
     0
 74
     2
 41
-0.5
 41
0.0
 75
     0
  0
MLINE
  5
778
330
1F
100
AcDbEntity
  8
line
100
AcDbMline
  2
STANDARD
340
18
 40
1.0
 70
     1
 71
     1
 72
     2
 73
     2
 10
250.5378496124293
 20
493.5239735390982
 30
0.0
210
0.0
220
0.0
230
1.0
 11
250.5378496124293
 21
493.5239735390982
 31
0.0
 12
-1.0
 22
0.0
 32
0.0
 13
-2.220446049250313E-16
 23
-1.0
 33
0.0
 74
     2
 41
0.5
 41
0.0
 75
     0
 74
     2
 41
-0.5
 41
0.0
 75
     0
 11
186.0378496124584
 21
493.5239735390982
 31
0.0
 12
-1.0
 22
0.0
 32
0.0
 13
-2.220446049250313E-16
 23
-1.0
 33
0.0
 74
     2
 41
0.5
 41
0.0
 75
     0
 74
     2
 41
-0.5
 41
0.0
 75
     0
  0
LINE
  5
779
330
1F
100
AcDbEntity
  8
line
100
AcDbLine
 10
268.5378496124257
 20
493.5239735390982
 30
0.0
 11
270.5378496124257
 21
493.5239735390982
 31
0.0
  0
LINE
  5
77A
330
1F
100
AcDbEntity
  8
line
100
AcDbLine
 10
270.5378496124257
 20
493.5239735390982
 30
0.0
 11
270.5378496124257
 21
531.5239735390982
 31
0.0
  0
LINE
  5
77B
330
1F
100
AcDbEntity
  8
line
100
AcDbLine
 10
310.5378496124293
 20
493.5239735390982
 30
0.0
 11
308.5378496124293
 21
493.5239735390982
 31
0.0
  0
ARC
  5
77C
330
1F
100
AcDbEntity
  8
line
100
AcDbCircle
 10
270.5378496124257
 20
493.5239735390982
 30
0.0
 40
38.00000000000364
100
AcDbArc
 50
0.0
 51
90.0
  0
MTEXT
  5
77D
330
1F
100
AcDbEntity
  8
line
100
AcDbMText
 10
217.6387516166732
 20
546.480472955675
 30
0.0
 40
6.0
 41
0.0
 71
     2
 72
     5
  1
Open\P6'x6'-9"
  7
TECH
 73
     1
 44
1.0
1001
ACAD
1000
ACAD_MTEXT_DEFINED_HEIGHT_BEGIN
1070
    46
1040
111.7808094588449
1000
ACAD_MTEXT_DEFINED_HEIGHT_END
  0
MTEXT
  5
77E
330
1F
100
AcDbEntity
  8
line
100
AcDbMText
 10
126.3056922889053
 20
504.706030330488
 30
0.0
 40
6.0
 41
0.0
 71
     2
 72
     5
  1
Kitchen\P9'x13'
  7
TECH
 73
     1
 44
1.0
1001
ACAD
1000
ACAD_MTEXT_DEFINED_HEIGHT_BEGIN
1070
    46
1040
111.7808094588449
1000
ACAD_MTEXT_DEFINED_HEIGHT_END
  0
LINE
  5
77F
330
1F
100
AcDbEntity
  8
line
100
AcDbLine
 10
343.5378496124548
 20
166.5864735391152
 30
0.0
 11
348.0378496124548
 21
166.5864735391152
 31
0.0
  0
LINE
  5
780
102
{ACAD_REACTORS
330
7FA
102
}
330
1F
100
AcDbEntity
  8
line
100
AcDbLine
 10
343.5378496124548
 20
139.5864735391152
 30
0.0
 11
348.0378496124548
 21
139.5864735391152
 31
0.0
  0
LINE
  5
781
330
1F
100
AcDbEntity
  8
line
100
AcDbLine
 10
345.7878496124548
 20
166.5864735391152
 30
0.0
 11
345.7878496124548
 21
164.5864735391152
 31
0.0
  0
LINE
  5
782
330
1F
100
AcDbEntity
  8
line
100
AcDbLine
 10
345.7878496124548
 20
164.5864735391152
 30
0.0
 11
368.7878496124548
 21
164.5864735391152
 31
0.0
  0
LINE
  5
783
330
1F
100
AcDbEntity
  8
line
100
AcDbLine
 10
345.7878496124548
 20
139.5864735391152
 30
0.0
 11
345.7878496124548
 21
141.5864735391152
 31
0.0
  0
ARC
  5
784
330
1F
100
AcDbEntity
  8
line
100
AcDbCircle
 10
345.7878496124548
 20
164.5864735391152
 30
0.0
 40
23.0
100
AcDbArc
 50
270.0
 51
0.0
  0
MTEXT
  5
785
330
1F
100
AcDbEntity
  8
line
100
AcDbMText
 10
394.0398680556217
 20
152.0920726498881
 30
0.0
 40
5.0
 41
0.0
 71
     5
 72
     5
  1
P/R\P6'x4'-9"
 73
     1
 44
1.0
  0
LINE
  5
786
330
1F
100
AcDbEntity
  8
line
100
AcDbLine
 10
244.5378496124293
 20
313.5239735390822
 30
0.0
 11
242.5378496124293
 21
313.5239735390822
 31
0.0
  0
LINE
  5
787
330
1F
100
AcDbEntity
  8
line
100
AcDbLine
 10
242.5378496124293
 20
313.5239735390822
 30
0.0
 11
242.5378496124293
 21
341.5239735390779
 31
0.0
  0
LINE
  5
788
330
1F
100
AcDbEntity
  8
line
100
AcDbLine
 10
190.5378496124403
 20
313.523973539077
 30
0.0
 11
192.5378496124403
 21
313.523973539077
 31
0.0
  0
LINE
  5
789
330
1F
100
AcDbEntity
  8
line
100
AcDbLine
 10
192.5378496124403
 20
313.523973539077
 30
0.0
 11
192.5378496124403
 21
341.523973539077
 31
0.0
  0
ARC
  5
78A
330
1F
100
AcDbEntity
  8
line
100
AcDbCircle
 10
191.5650658788226
 20
318.1167863198101
 30
0.0
 40
23.42739255039326
100
AcDbArc
 50
348.6942498725763
 51
87.62020330224072
  0
ARC
  5
78B
330
1F
100
AcDbEntity
  8
line
100
AcDbCircle
 10
242.5378496124293
 20
313.5239735390822
 30
0.0
 40
27.99999999999637
100
AcDbArc
 50
90.0
 51
180.0
  0
LINE
  5
78C
330
1F
100
AcDbEntity
  8
line
100
AcDbLine
 10
249.0378496124293
 20
304.5239735390779
 30
0.0
 11
249.0378496124293
 21
309.023973539087
 31
0.0
  0
MTEXT
  5
78D
330
1F
100
AcDbEntity
  8
line
100
AcDbMText
 10
121.2714727327228
 20
360.0239735390929
 30
0.0
 40
5.0
 41
0.0
 71
     5
 72
     5
  1
\A1;Stairs Hall\P9'-4{\H0.7x;\S1/2;}"x8'-0"
 73
     1
 44
1.0
  0
LINE
  5
78E
330
1F
100
AcDbEntity
  8
line
100
AcDbLine
 10
429.0378496124548
 20
378.9259395084749
 30
0.0
 11
429.0378496124403
 21
114.0864735391091
 31
0.0
  0
LINE
  5
78F
102
{ACAD_REACTORS
330
80D
102
}
330
1F
100
AcDbEntity
  8
line
  6
DASHED
100
AcDbLine
 10
251.0378496125021
 20
96.08647353908881
 30
0.0
 11
251.0378496125021
 21
114.0864735391429
 31
0.0
  0
LINE
  5
790
102
{ACAD_REACTORS
330
804
102
}
330
1F
100
AcDbEntity
  8
line
100
AcDbLine
 10
60.03784961244025
 20
114.0864735390902
 30
0.0
 11
78.03784961244025
 21
114.0864735390902
 31
0.0
  0
LINE
  5
791
330
1F
100
AcDbEntity
  8
line
100
AcDbLine
 10
69.03784961244025
 20
127.5864735391209
 30
0.0
 11
78.0378496124548
 21
127.58647353912
 31
0.0
  0
LINE
  5
792
330
1F
100
AcDbEntity
  8
line
100
AcDbLine
 10
111.0378496124257
 20
414.0239735391052
 30
0.0
 11
132.0378496124257
 21
414.0239735391052
 31
0.0
  0
LINE
  5
793
330
1F
100
AcDbEntity
  8
line
 62
     8
100
AcDbLine
 10
90.37541356289228
 20
338.623348892094
 30
0.0
 11
125.604671805774
 21
338.623348892094
 31
0.0
  0
LWPOLYLINE
  5
794
330
1F
100
AcDbEntity
  8
line
100
AcDbPolyline
 90
        2
 70
     0
 10
125.604671805774
 20
338.623348892094
 40
0.0
 41
8.0
 10
113.8012327264304
 20
338.623348892094
 40
8.0
 41
8.0
  0
LINE
  5
795
330
1F
100
AcDbEntity
  8
line
  6
HIDDEN
 62
     8
100
AcDbLine
 10
137.9926542550792
 20
318.0239735390822
 30
0.0
 11
179.9926542550792
 21
318.0239735390822
 31
0.0
  0
LINE
  5
796
330
1F
100
AcDbEntity
  8
line
100
AcDbLine
 10
138.0378496124584
 20
313.523973539035
 30
0.0
 11
140.0378496124584
 21
313.523973539035
 31
0.0
  0
LINE
  5
797
330
1F
100
AcDbEntity
  8
line
100
AcDbLine
 10
140.0378496124584
 20
313.523973539035
 30
0.0
 11
140.0378496124584
 21
351.5603499883822
 31
0.0
  0
LINE
  5
798
330
1F
100
AcDbEntity
  8
line
100
AcDbLine
 10
180.0378496124584
 20
313.5239735390691
 30
0.0
 11
178.0378496124584
 21
313.5239735390691
 31
0.0
  0
ARC
  5
799
330
1F
100
AcDbEntity
  8
line
100
AcDbCircle
 10
140.0378496124584
 20
313.5239735390691
 30
0.0
 40
38.0
100
AcDbArc
 50
0.0
 51
90.0
  0
LINE
  5
79A
102
{ACAD_REACTORS
330
7D5
102
}
330
1F
100
AcDbEntity
  8
line
 62
     8
100
AcDbLine
 10
180.0378496124584
 20
309.0239735390652
 30
0.0
 11
138.0378496124584
 21
309.0239735390652
 31
0.0
  0
LINE
  5
79B
102
{ACAD_REACTORS
330
7DE
102
}
330
1F
100
AcDbEntity
  8
line
 62
     8
100
AcDbLine
 10
190.5378496124403
 20
309.0239735390718
 30
0.0
 11
244.5378496124293
 21
309.0239735390718
 31
0.0
  0
LINE
  5
79C
330
1F
100
AcDbEntity
  8
line
 62
     8
100
AcDbLine
 10
111.0378496124257
 20
372.023973539102
 30
0.0
 11
69.03784961244025
 21
414.023973539107
 31
0.0
  0
LINE
  5
79D
102
{ACAD_REACTORS
330
7C6
102
}
330
1F
100
AcDbEntity
  8
line
100
AcDbLine
 10
181.5378496124548
 20
469.5239735390982
 30
0.0
 11
181.5378496124548
 21
489.0239735390982
 31
0.0
  0
ARC
  5
79E
330
1F
100
AcDbEntity
  8
line
100
AcDbCircle
 10
179.2878496124403
 20
429.5239735390982
 30
0.0
 40
37.99999999999978
100
AcDbArc
 50
90.0
 51
180.0
  0
LINE
  5
79F
330
1F
100
AcDbEntity
  8
line
100
AcDbLine
 10
179.2878496124403
 20
429.5239735390982
 30
0.0
 11
179.2878496124403
 21
427.5239735390982
 31
0.0
  0
LINE
  5
7A0
102
{ACAD_REACTORS
330
807
102
}
330
1F
100
AcDbEntity
  8
line
  6
DASHED
100
AcDbLine
 10
246.0378496124403
 20
114.0864735391359
 30
0.0
 11
78.0378496124548
 21
114.0864735392259
 31
0.0
  0
DIMENSION
  5
7A1
102
{ACAD_REACTORS
330
7A3
102
}
102
{ACAD_XDICTIONARY
360
7A2
102
}
330
1F
100
AcDbEntity
  8
dim
100
AcDbDimension
  2
*D90
 10
264.0378496124293
 20
510.0747494095152
 30
0.0
 11
269.355996270001
 21
515.301904934754
 31
0.0
 70
    32
 71
     5
 42
4.5
  3
DETAIL
100
AcDbAlignedDimension
 13
268.5378496124293
 23
498.0239735390982
 33
0.0
 14
264.0378496124293
 24
498.0239735390982
 34
0.0
100
AcDbRotatedDimension
  0
DIMENSION
  5
7A4
102
{ACAD_REACTORS
330
7A6
102
}
102
{ACAD_XDICTIONARY
360
7A5
102
}
330
1F
100
AcDbEntity
  8
dim
100
AcDbDimension
  2
*D91
 10
310.5378496124293
 20
510.0747494095152
 30
0.0
 11
289.5378496124293
 21
510.0747494095152
 31
0.0
 70
    32
  1
<>x7'-6"
 71
     5
 42
42.0
  3
DETAIL
100
AcDbAlignedDimension
 13
268.5378496124293
 23
498.0239735390982
 33
0.0
 14
310.5378496124293
 24
498.02397353908
 34
0.0
100
AcDbRotatedDimension
  0
DIMENSION
  5
7A7
102
{ACAD_REACTORS
330
7A9
102
}
102
{ACAD_XDICTIONARY
360
7A8
102
}
330
1F
100
AcDbEntity
  8
dim
100
AcDbDimension
  2
*D92
 10
165.6984042237936
 20
423.0239735391023
 30
0.0
 11
160.4712486985549
 21
428.3421201966718
 31
0.0
 70
    32
 71
     5
 42
4.499999999996135
  3
DETAIL
100
AcDbAlignedDimension
 13
177.0378496124403
 23
427.5239735390982
 33
0.0
 14
177.0378496124548
 24
423.023973539102
 34
0.0
 50
90.0
100
AcDbRotatedDimension
  0
DIMENSION
  5
7AA
102
{ACAD_REACTORS
330
7AC
102
}
102
{ACAD_XDICTIONARY
360
7AB
102
}
330
1F
100
AcDbEntity
  8
dim
100
AcDbDimension
  2
*D93
 10
165.6984042237936
 20
469.5239735390984
 30
0.0
 11
165.6984042237937
 21
448.5239735390982
 31
0.0
 70
    32
  1
<>x7'-6"
 71
     5
 42
42.0
  3
DETAIL
100
AcDbAlignedDimension
 13
177.0378496124403
 23
427.5239735390982
 33
0.0
 14
177.0378496124548
 24
469.5239735390982
 34
0.0
 50
90.0
100
AcDbRotatedDimension
  0
DIMENSION
  5
7AD
102
{ACAD_REACTORS
330
7AF
102
}
102
{ACAD_XDICTIONARY
360
7AE
102
}
330
1F
100
AcDbEntity
  8
dim
100
AcDbDimension
  2
*D94
 10
165.6984042237936
 20
507.0239735390984
 30
0.0
 11
165.6984042237937
 21
488.2739735390982
 31
0.0
 70
    32
 71
     5
 42
37.5
  3
DETAIL
100
AcDbAlignedDimension
 13
177.0378496124548
 23
469.5239735390982
 33
0.0
 14
177.0378496124548
 24
507.0239735390982
 34
0.0
 50
90.0
100
AcDbRotatedDimension
  0
DIMENSION
  5
7B0
330
1F
100
AcDbEntity
  8
dim
100
AcDbDimension
  2
*D62
 10
165.6984042237937
 20
555.0239735390984
 30
0.0
 11
165.6984042237938
 21
531.0239735390983
 31
0.0
 70
    32
  1
<>x7'\PS.L:0'-6"
 71
     5
 42
48.00000000000006
  3
DETAIL
100
AcDbAlignedDimension
 13
178.7878496124548
 23
507.0239735390982
 33
0.0
 14
178.7878496124548
 24
555.0239735390982
 34
0.0
 50
90.0
100
AcDbRotatedDimension
  0
DIMENSION
  5
7B1
102
{ACAD_REACTORS
330
7B3
102
}
102
{ACAD_XDICTIONARY
360
7B2
102
}
330
1F
100
AcDbEntity
  8
dim
100
AcDbDimension
  2
*D95
 10
69.0378496124548
 20
572.637908779427
 30
0.0
 11
108.0378496124548
 21
572.637908779427
 31
0.0
 70
    32
 71
     5
 42
78.0
  3
DETAIL
100
AcDbAlignedDimension
 13
147.0378496124548
 23
573.101973384703
 33
0.0
 14
69.0378496124548
 24
573.1019733846989
 34
0.0
100
AcDbRotatedDimension
  0
DIMENSION
  5
7B4
102
{ACAD_REACTORS
330
7B6
102
}
102
{ACAD_XDICTIONARY
360
7B5
102
}
330
1F
100
AcDbEntity
  8
dim
100
AcDbDimension
  2
*D96
 10
152.7773247747108
 20
579.0239735390984
 30
0.0
 11
152.777324774711
 21
567.0239735390983
 31
0.0
 70
    32
 71
     5
 42
24.0
  3
DETAIL
100
AcDbAlignedDimension
 13
147.0378496124548
 23
555.0239735390982
 33
0.0
 14
147.0378496124548
 24
579.0239735390982
 34
0.0
 50
90.0
100
AcDbRotatedDimension
  0
DIMENSION
  5
7B7
102
{ACAD_REACTORS
330
7B9
102
}
102
{ACAD_XDICTIONARY
360
7B8
102
}
330
1F
100
AcDbEntity
  8
dim
100
AcDbDimension
  2
*D97
 10
147.0378496124548
 20
549.6765577795851
 30
0.0
 11
120.0378496124475
 21
549.6765577795851
 31
0.0
 70
    32
 71
     5
 42
54.00000000001455
  3
DETAIL
100
AcDbAlignedDimension
 13
93.03784961244025
 23
555.0239735390982
 33
0.0
 14
147.0378496124548
 24
555.0239735390982
 34
0.0
100
AcDbRotatedDimension
  0
DIMENSION
  5
7BA
102
{ACAD_REACTORS
330
7BC
102
}
102
{ACAD_XDICTIONARY
360
7BB
102
}
330
1F
100
AcDbEntity
  8
dim
100
AcDbDimension
  2
*D98
 10
192.1357998785252
 20
588.0239735390984
 30
0.0
 11
186.9086443532865
 21
593.34212019667
 31
0.0
 70
    32
 71
     5
 42
4.5
  3
DETAIL
100
AcDbAlignedDimension
 13
199.5378496124403
 23
592.5239735390982
 33
0.0
 14
199.5378496124403
 24
588.0239735390982
 34
0.0
 50
90.0
100
AcDbRotatedDimension
  0
DIMENSION
  5
7BD
102
{ACAD_REACTORS
330
7BF
102
}
102
{ACAD_XDICTIONARY
360
7BE
102
}
330
1F
100
AcDbEntity
  8
dim
100
AcDbDimension
  2
*D99
 10
192.1357998785252
 20
625.5239735390984
 30
0.0
 11
192.1357998785253
 21
609.0239735390983
 31
0.0
 70
    32
  1
<>x7'-6"
 71
     5
 42
33.0
  3
DETAIL
100
AcDbAlignedDimension
 13
199.5378496124403
 23
592.5239735390982
 33
0.0
 14
199.5378496124403
 24
625.5239735390982
 34
0.0
 50
90.0
100
AcDbRotatedDimension
  0
DIMENSION
  5
7C0
102
{ACAD_REACTORS
330
7C2
102
}
102
{ACAD_XDICTIONARY
360
7C1
102
}
330
1F
100
AcDbEntity
  8
dim
100
AcDbDimension
  2
*D100
 10
248.3365057191777
 20
502.5239735390984
 30
0.0
 11
243.109350193939
 21
503.3421201966698
 31
0.0
 70
    32
 71
     5
 42
4.5
  3
DETAIL
100
AcDbAlignedDimension
 13
255.0378496124293
 23
498.0239735390982
 33
0.0
 14
255.0378496124257
 24
502.5239735390982
 34
0.0
 50
90.0
100
AcDbRotatedDimension
  0
DIMENSION
  5
7C3
330
1F
100
AcDbEntity
  8
dim
100
AcDbDimension
  2
*D63
 10
248.3365057191778
 20
574.5239735390983
 30
0.0
 11
248.3365057191779
 21
538.5239735390976
 31
0.0
 70
    32
  1
<>x7'-0"\PS.L:0'-6"
 71
     5
 42
72.00000000000108
  3
DETAIL
100
AcDbAlignedDimension
 13
259.0378496124293
 23
502.523973539097
 33
0.0
 14
259.0378496124293
 24
574.5239735390982
 34
0.0
 50
90.0
100
AcDbRotatedDimension
  0
DIMENSION
  5
7C4
102
{ACAD_REACTORS
330
7C6
102
}
102
{ACAD_XDICTIONARY
360
7C5
102
}
330
1F
100
AcDbEntity
  8
dim
100
AcDbDimension
  2
*D101
 10
186.0378496124584
 20
477.4280478751531
 30
0.0
 11
188.9422895851715
 21
465.2465812994369
 31
0.0
 70
    32
 71
     5
 42
4.500000000003638
  3
DETAIL
100
AcDbAlignedDimension
 13
181.5378496124548
 23
489.0239735390982
 33
0.0
 14
186.0378496124584
 24
489.0239735390982
 34
0.0
100
AcDbRotatedDimension
  0
DIMENSION
  5
7C7
330
1F
100
AcDbEntity
  8
dim
100
AcDbDimension
  2
*D64
 10
250.5378496124293
 20
477.4280478751531
 30
0.0
 11
218.2878496124439
 21
477.4280478751531
 31
0.0
 70
    32
  1
<>x7'-0"\PS.L:0'-6"
 71
     5
 42
64.4999999999709
  3
DETAIL
100
AcDbAlignedDimension
 13
186.0378496124584
 23
493.0239735390982
 33
0.0
 14
250.5378496124293
 24
493.0239735390982
 34
0.0
100
AcDbRotatedDimension
  0
DIMENSION
  5
7C8
102
{ACAD_REACTORS
330
7CA
102
}
102
{ACAD_XDICTIONARY
360
7C9
102
}
330
1F
100
AcDbEntity
  8
dim
100
AcDbDimension
  2
*D102
 10
420.0378496124293
 20
308.7335992139159
 30
0.0
 11
405.0378496124293
 21
308.7335992139159
 31
0.0
 70
    32
 71
     5
 42
30.0
  3
DETAIL
100
AcDbAlignedDimension
 13
390.0378496124293
 23
324.0239735390779
 33
0.0
 14
420.0378496124293
 24
324.0239735390779
 34
0.0
100
AcDbRotatedDimension
  0
DIMENSION
  5
7CB
102
{ACAD_REACTORS
330
7CD
102
}
102
{ACAD_XDICTIONARY
360
7CC
102
}
330
1F
100
AcDbEntity
  8
dim
100
AcDbDimension
  2
*D103
 10
273.0378496124293
 20
308.7335992139159
 30
0.0
 11
331.5378496124293
 21
308.7335992139159
 31
0.0
 70
    32
  1
<>x9'-0"
 71
     5
 42
117.0
  3
DETAIL
100
AcDbAlignedDimension
 13
390.0378496124293
 23
324.0239735390779
 33
0.0
 14
273.0378496124293
 24
324.0239735390779
 34
0.0
100
AcDbRotatedDimension
  0
MLINE
  5
7CE
330
1F
100
AcDbEntity
  8
line
100
AcDbMline
  2
STANDARD
340
18
 40
1.0
 70
     1
 71
     1
 72
     2
 73
     2
 10
111.0378496124584
 20
313.4939935024239
 30
0.0
210
0.0
220
0.0
230
1.0
 11
111.0378496124584
 21
313.4939935024239
 31
0.0
 12
0.9999986129618444
 22
0.001665555278931912
 32
0.0
 13
-0.001665555278931751
 23
0.9999986129618444
 33
0.0
 74
     2
 41
0.5
 41
0.0
 75
     0
 74
     2
 41
-0.5
 41
0.0
 75
     0
 11
129.0378496124584
 21
313.5239735390279
 31
0.0
 12
0.9999986129618444
 22
0.001665555278931912
 32
0.0
 13
-0.001665555278931751
 23
0.9999986129618444
 33
0.0
 74
     2
 41
0.5
 41
0.0
 75
     0
 74
     2
 41
-0.5
 41
0.0
 75
     0
  0
DIMENSION
  5
7CF
102
{ACAD_REACTORS
330
7D1
102
}
102
{ACAD_XDICTIONARY
360
7D0
102
}
330
1F
100
AcDbEntity
  8
dim
100
AcDbDimension
  2
*D65
 10
69.03784961242873
 20
299.6138087566528
 30
0.0
 11
90.03784961244328
 21
299.6138087566528
 31
0.0
 70
    32
 71
     5
 42
42.0000000000291
  3
DETAIL
100
AcDbAlignedDimension
 13
111.0378496124578
 23
310.5220542730978
 33
0.0
 14
69.03784961242873
 24
309.023973539033
 34
0.0
100
AcDbRotatedDimension
  0
DIMENSION
  5
7D2
330
1F
100
AcDbEntity
  8
dim
100
AcDbDimension
  2
*D59
 10
129.0386823901071
 20
299.6138087566529
 30
0.0
 11
97.42550154407661
 21
273.5200161236381
 31
0.0
 70
   160
  1
<>x6'\PS.L:1'-6"
 71
     5
 42
18.0
  3
DETAIL
100
AcDbAlignedDimension
 13
111.0386823901071
 23
312.9939941959432
 33
0.0
 14
129.0386823901071
 24
313.0239742325472
 34
0.0
100
AcDbRotatedDimension
  0
DIMENSION
  5
7D3
102
{ACAD_REACTORS
330
7D5
102
}
102
{ACAD_XDICTIONARY
360
7D4
102
}
330
1F
100
AcDbEntity
  8
dim
100
AcDbDimension
  2
*D66
 10
138.0378496124584
 20
299.6138087566534
 30
0.0
 11
133.5378496124584
 21
299.6138087566534
 31
0.0
 70
    32
 71
     5
 42
9.0
  3
DETAIL
100
AcDbAlignedDimension
 13
129.0378496124584
 23
310.5416161372745
 33
0.0
 14
138.0378496124584
 24
309.0239735390657
 34
0.0
100
AcDbRotatedDimension
  0
DIMENSION
  5
7D6
102
{ACAD_REACTORS
330
7D8
102
}
102
{ACAD_XDICTIONARY
360
7D7
102
}
330
1F
100
AcDbEntity
  8
dim
100
AcDbDimension
  2
*D67
 10
180.0378496124584
 20
299.6138087566529
 30
0.0
 11
159.0378496124584
 21
299.6138087566529
 31
0.0
 70
    32
  1
<>x7'-6"
 71
     5
 42
42.0
  3
DETAIL
100
AcDbAlignedDimension
 13
138.0378496124584
 23
309.0239735390309
 33
0.0
 14
180.0378496124584
 24
309.0239735390691
 34
0.0
100
AcDbRotatedDimension
  0
DIMENSION
  5
7D9
102
{ACAD_REACTORS
330
7DB
102
}
102
{ACAD_XDICTIONARY
360
7DA
102
}
330
1F
100
AcDbEntity
  8
dim
100
AcDbDimension
  2
*D68
 10
180.0378496124584
 20
299.6138087566529
 30
0.0
 11
190.4768223273198
 21
287.3172330404183
 31
0.0
 70
    32
 71
     5
 42
10.49999999998181
  3
DETAIL
100
AcDbAlignedDimension
 13
190.5378496124403
 23
309.0239735390718
 33
0.0
 14
180.0378496124584
 24
309.0239735390691
 34
0.0
100
AcDbRotatedDimension
  0
DIMENSION
  5
7DC
102
{ACAD_REACTORS
330
7DE
102
}
102
{ACAD_XDICTIONARY
360
7DD
102
}
330
1F
100
AcDbEntity
  8
dim
100
AcDbDimension
  2
*D69
 10
244.5378496124293
 20
299.6138087566529
 30
0.0
 11
217.5378496124348
 21
299.6138087566529
 31
0.0
 70
    32
  1
<>x7'-6"
 71
     5
 42
53.99999999998909
  3
DETAIL
100
AcDbAlignedDimension
 13
190.5378496124403
 23
309.0239735390718
 33
0.0
 14
244.5378496124293
 24
309.0239735390718
 34
0.0
100
AcDbRotatedDimension
  0
DIMENSION
  5
7DF
102
{ACAD_REACTORS
330
7E1
102
}
102
{ACAD_XDICTIONARY
360
7E0
102
}
330
1F
100
AcDbEntity
  8
dim
100
AcDbDimension
  2
*D70
 10
249.0378496124293
 20
299.6138087566529
 30
0.0
 11
236.1260412084565
 21
283.9551866556982
 31
0.0
 70
   160
 71
     5
 42
4.5
  3
DETAIL
100
AcDbAlignedDimension
 13
244.5378496124293
 23
309.0239735390861
 33
0.0
 14
249.0378496124293
 24
309.023973539087
 34
0.0
100
AcDbRotatedDimension
  0
DIMENSION
  5
7E2
102
{ACAD_REACTORS
330
7E4
102
}
102
{ACAD_XDICTIONARY
360
7E3
102
}
330
1F
100
AcDbEntity
  8
dim
100
AcDbDimension
  2
*D71
 10
132.0378496124266
 20
405.951769401372
 30
0.0
 11
153.0378496124266
 21
405.951769401372
 31
0.0
 70
    32
 71
     5
 42
42.0
  3
DETAIL
100
AcDbAlignedDimension
 13
174.0378496124266
 23
403.8598786515591
 33
0.0
 14
132.0378496124266
 24
403.859878651556
 34
0.0
100
AcDbRotatedDimension
  0
DIMENSION
  5
7E5
102
{ACAD_REACTORS
330
7E7
102
}
102
{ACAD_XDICTIONARY
360
7E6
102
}
330
1F
100
AcDbEntity
  8
dim
100
AcDbDimension
  2
*D72
 10
181.4533047210761
 20
372.0239735391021
 30
0.0
 11
181.4533047210762
 21
393.023973539107
 31
0.0
 70
    32
 71
     5
 42
42.00000000001006
  3
DETAIL
100
AcDbAlignedDimension
 13
174.0378496122729
 23
414.023973539112
 33
0.0
 14
174.0378496124293
 24
372.023973539102
 34
0.0
 50
90.0
100
AcDbRotatedDimension
  0
DIMENSION
  5
7E8
102
{ACAD_REACTORS
330
7EA
102
}
102
{ACAD_XDICTIONARY
360
7E9
102
}
330
1F
100
AcDbEntity
  8
dim
100
AcDbDimension
  2
*D73
 10
234.192000591921
 20
318.0239735390792
 30
0.0
 11
234.192000591921
 21
325.5239735390785
 31
0.0
 70
    32
 71
     5
 42
14.99999999999886
  3
DETAIL
100
AcDbAlignedDimension
 13
249.0378496124293
 23
333.0239735390779
 33
0.0
 14
249.0378496124293
 24
318.0239735390791
 34
0.0
 50
90.0
100
AcDbRotatedDimension
  0
DIMENSION
  5
7EB
102
{ACAD_REACTORS
330
7ED
102
}
102
{ACAD_XDICTIONARY
360
7EC
102
}
330
1F
100
AcDbEntity
  8
dim
100
AcDbDimension
  2
*D74
 10
266.563874004828
 20
304.523973539078
 30
0.0
 11
266.563874004828
 21
314.273973539076
 31
0.0
 70
    32
 71
     5
 42
19.49999999999613
  3
DETAIL
100
AcDbAlignedDimension
 13
258.0378496124293
 23
324.0239735390741
 33
0.0
 14
258.0378496124257
 24
304.5239735390779
 34
0.0
 50
90.0
100
AcDbRotatedDimension
  0
DIMENSION
  5
7EE
102
{ACAD_REACTORS
330
7F0
102
}
102
{ACAD_XDICTIONARY
360
7EF
102
}
330
1F
100
AcDbEntity
  8
dim
100
AcDbDimension
  2
*D75
 10
266.563874004828
 20
262.523973539078
 30
0.0
 11
266.563874004828
 21
283.5239735390779
 31
0.0
 70
    32
  1
<>x7'-6"
 71
     5
 42
42.0
  3
DETAIL
100
AcDbAlignedDimension
 13
258.0378496124257
 23
304.5239735390779
 33
0.0
 14
258.0378496124548
 24
262.5239735390779
 34
0.0
 50
90.0
100
AcDbRotatedDimension
  0
DIMENSION
  5
7F1
102
{ACAD_REACTORS
330
7F3
102
}
102
{ACAD_XDICTIONARY
360
7F2
102
}
330
1F
100
AcDbEntity
  8
dim
100
AcDbDimension
  2
*D76
 10
262.512801631762
 20
199.0772618199559
 30
0.0
 11
263.34347227968
 21
204.3044173451946
 31
0.0
 70
    32
 71
     5
 42
4.474952019307239
  3
DETAIL
100
AcDbAlignedDimension
 13
258.0378496124548
 23
180.08647353912
 33
0.0
 14
262.512801631762
 24
180.08647353912
 34
0.0
100
AcDbRotatedDimension
  0
DIMENSION
  5
7F4
330
1F
100
AcDbEntity
  8
dim
100
AcDbDimension
  2
*D60
 10
340.3977724264449
 20
199.0772618199559
 30
0.0
 11
301.4552870291035
 21
199.0772618199559
 31
0.0
 70
    32
  1
<>x7'-0"\PS.L:0'-6"
 71
     5
 42
77.88497079468289
  3
DETAIL
100
AcDbAlignedDimension
 13
262.512801631762
 23
176.58647353912
 33
0.0
 14
340.3977724264449
 24
176.58647353912
 34
0.0
100
AcDbRotatedDimension
  0
DIMENSION
  5
7F5
102
{ACAD_REACTORS
330
7F7
102
}
102
{ACAD_XDICTIONARY
360
7F6
102
}
330
1F
100
AcDbEntity
  8
dim
100
AcDbDimension
  2
*D77
 10
356.9676749081418
 20
166.5864735391152
 30
0.0
 11
356.9676749081418
 21
171.0864735391151
 31
0.0
 70
    32
 71
     5
 42
9.0
  3
DETAIL
100
AcDbAlignedDimension
 13
348.0378496124548
 23
175.5864735391152
 33
0.0
 14
348.0378496124584
 24
166.5864735391152
 34
0.0
 50
90.0
100
AcDbRotatedDimension
  0
DIMENSION
  5
7F8
102
{ACAD_REACTORS
330
7FA
102
}
102
{ACAD_XDICTIONARY
360
7F9
102
}
330
1F
100
AcDbEntity
  8
dim
100
AcDbDimension
  2
*D78
 10
356.9676749081418
 20
139.5864735391152
 30
0.0
 11
365.6150146080054
 21
157.1806754490742
 31
0.0
 70
    32
  1
<>x7'-6"
 71
     5
 42
27.0
  3
DETAIL
100
AcDbAlignedDimension
 13
348.0378496124584
 23
166.5864735391152
 33
0.0
 14
348.0378496124584
 24
139.5864735391152
 34
0.0
 50
90.0
100
AcDbRotatedDimension
  0
DIMENSION
  5
7FB
102
{ACAD_REACTORS
330
7FD
102
}
102
{ACAD_XDICTIONARY
360
7FC
102
}
330
1F
100
AcDbEntity
  8
dim
100
AcDbDimension
  2
*D79
 10
264.0378496124257
 20
600.692589095312
 30
0.0
 11
252.0378496124275
 21
600.692589095312
 31
0.0
 70
    32
 71
     5
 42
23.99999999999636
  3
DETAIL
100
AcDbAlignedDimension
 13
240.0378496124293
 23
588.0239735390982
 33
0.0
 14
264.0378496124257
 24
588.0239735390982
 34
0.0
100
AcDbRotatedDimension
  0
DIMENSION
  5
7FE
330
1F
100
AcDbEntity
  8
dim
100
AcDbDimension
  2
*D61
 10
222.0378496124403
 20
600.692589095312
 30
0.0
 11
263.2235118133912
 21
631.6339786106261
 31
0.0
 70
   160
  1
<>x7'-0"\PS.L:0'-6"
 71
     5
 42
17.99999999998909
  3
DETAIL
100
AcDbAlignedDimension
 13
240.0378496124293
 23
584.0239735390982
 33
0.0
 14
222.0378496124403
 24
584.0239735390982
 34
0.0
100
AcDbRotatedDimension
  0
DIMENSION
  5
7FF
102
{ACAD_REACTORS
330
801
102
}
102
{ACAD_XDICTIONARY
360
800
102
}
330
1F
100
AcDbEntity
  8
dim
100
AcDbDimension
  2
*D80
 10
268.5378496124257
 20
477.4280478751531
 30
0.0
 11
259.5378496124275
 21
477.4280478751531
 31
0.0
 70
    32
 71
     5
 42
17.99999999999636
  3
DETAIL
100
AcDbAlignedDimension
 13
250.5378496124293
 23
489.0239735390982
 33
0.0
 14
268.5378496124257
 24
489.0239735390982
 34
0.0
100
AcDbRotatedDimension
  0
DIMENSION
  5
802
102
{ACAD_REACTORS
330
804
102
}
102
{ACAD_XDICTIONARY
360
803
102
}
330
1F
100
AcDbEntity
  8
dim
100
AcDbDimension
  2
*D81
 10
78.03784961244025
 20
107.6879618841971
 30
0.0
 11
69.03784961244025
 21
107.6879618841971
 31
0.0
 70
    32
 71
     5
 42
18.0
  3
DETAIL
100
AcDbAlignedDimension
 13
60.03784961244025
 23
114.0864735390902
 33
0.0
 14
78.03784961244025
 24
114.0864735390902
 34
0.0
100
AcDbRotatedDimension
  0
DIMENSION
  5
805
102
{ACAD_REACTORS
330
807
102
}
102
{ACAD_XDICTIONARY
360
806
102
}
330
1F
100
AcDbEntity
  8
dim
100
AcDbDimension
  2
*D82
 10
246.0378496124403
 20
107.6879618841971
 30
0.0
 11
162.0378496124475
 21
107.6879618841971
 31
0.0
 70
    32
 71
     5
 42
167.9999999999854
  3
DETAIL
100
AcDbAlignedDimension
 13
78.0378496124548
 23
114.0864735392259
 33
0.0
 14
246.0378496124403
 24
114.086473539135
 34
0.0
100
AcDbRotatedDimension
  0
DIMENSION
  5
808
102
{ACAD_REACTORS
330
80A
102
}
102
{ACAD_XDICTIONARY
360
809
102
}
330
1F
100
AcDbEntity
  8
dim
100
AcDbDimension
  2
*D83
 10
246.0378496124403
 20
107.6879618841971
 30
0.0
 11
255.0378496124403
 21
107.6879618841971
 31
0.0
 70
    32
 71
     5
 42
18.0
  3
DETAIL
100
AcDbAlignedDimension
 13
264.0378496124403
 23
114.0864735391641
 33
0.0
 14
246.0378496124403
 24
114.086473539135
 34
0.0
100
AcDbRotatedDimension
  0
DIMENSION
  5
80B
102
{ACAD_REACTORS
330
80D
102
}
102
{ACAD_XDICTIONARY
360
80C
102
}
330
1F
100
AcDbEntity
  8
dim
100
AcDbDimension
  2
*D84
 10
275.1964450797395
 20
114.086473539143
 30
0.0
 11
275.1964450797395
 21
105.0864735391158
 31
0.0
 70
    32
 71
     5
 42
18.00000000005411
  3
DETAIL
100
AcDbAlignedDimension
 13
251.0378496125021
 23
96.08647353908881
 33
0.0
 14
251.0378496125021
 24
114.0864735391429
 34
0.0
 50
90.0
100
AcDbRotatedDimension
  0
DIMENSION
  5
80E
102
{ACAD_REACTORS
330
810
102
}
102
{ACAD_XDICTIONARY
360
80F
102
}
330
1F
100
AcDbEntity
  8
dim
100
AcDbDimension
  2
*D85
 10
275.1964450797395
 20
118.5864735391162
 30
0.0
 11
275.1964450797395
 21
123.0864735391455
 31
0.0
 70
    32
 71
     5
 42
9.00000000005889
  3
DETAIL
100
AcDbAlignedDimension
 13
264.0378496124257
 23
127.586473539175
 33
0.0
 14
264.0378496124403
 24
118.5864735391161
 34
0.0
 50
90.0
100
AcDbRotatedDimension
  0
DIMENSION
  5
811
102
{ACAD_REACTORS
330
813
102
}
102
{ACAD_XDICTIONARY
360
812
102
}
330
1F
100
AcDbEntity
  8
dim
100
AcDbDimension
  2
*D86
 10
275.1964450797395
 20
171.0864735391691
 30
0.0
 11
275.1964450797395
 21
149.336473539172
 31
0.0
 70
    32
 71
     5
 42
43.49999999999409
  3
DETAIL
100
AcDbAlignedDimension
 13
264.0378496124548
 23
127.586473539175
 33
0.0
 14
264.037849612382
 24
171.0864735391691
 34
0.0
 50
90.0
100
AcDbRotatedDimension
  0
MTEXT
  5
814
330
1F
100
AcDbEntity
  8
dim
100
AcDbMText
 10
74.39450732584089
 20
467.289556135666
 30
0.0
 40
4.5
 41
86.66902319488143
 71
     2
 72
     5
  1
counter:\P33" from finish floor level
  7
DETAIL
 11
1.000000000000000E-16
 21
1.0
 31
0.0
 73
     1
 44
1.0
  0
DIMENSION
  5
815
102
{ACAD_REACTORS
330
817
102
}
102
{ACAD_XDICTIONARY
360
816
102
}
330
1F
100
AcDbEntity
  8
dim
100
AcDbDimension
  2
*D87
 10
69.0378496124548
 20
549.6765577795851
 30
0.0
 11
81.03784961244753
 21
549.6765577795851
 31
0.0
 70
    32
 71
     5
 42
23.99999999998545
  3
DETAIL
100
AcDbAlignedDimension
 13
93.03784961244025
 23
555.0239735390982
 33
0.0
 14
69.0378496124548
 24
555.023973539097
 34
0.0
100
AcDbRotatedDimension
  0
DIMENSION
  5
818
102
{ACAD_REACTORS
330
81A
102
}
102
{ACAD_XDICTIONARY
360
819
102
}
330
1F
100
AcDbEntity
  8
dim
100
AcDbDimension
  2
*D88
 10
165.6984042237936
 20
555.0239735390984
 30
0.0
 11
165.6984042237937
 21
567.0239735390983
 31
0.0
 70
    32
 71
     5
 42
24.0
  3
DETAIL
100
AcDbAlignedDimension
 13
177.0378496124548
 23
579.0239735390982
 33
0.0
 14
178.7878496124548
 24
555.0239735390982
 34
0.0
 50
90.0
100
AcDbRotatedDimension
  0
INSERT
  5
81B
330
1F
100
AcDbEntity
  8
0
 62
     1
100
AcDbBlockReference
  2
A$C02E93A12
 10
196.6216460140539
 20
588.0239764212209
 30
0.0
 50
180.0
  0
INSERT
  5
81C
330
1F
100
AcDbEntity
  8
dim
100
AcDbBlockReference
  2
A$C30E77919
 10
181.5378472961537
 20
567.0239718684842
 30
0.0
 50
90.0
  0
INSERT
  5
81D
330
1F
100
AcDbEntity
  8
dim
100
AcDbBlockReference
  2
A$C30E77919
 10
348.037847296161
 20
123.232487791288
 30
0.0
 50
90.0
  0
LINE
  5
81E
330
1F
100
AcDbEntity
  8
line
  6
DASHED
100
AcDbLine
 10
246.0378496124403
 20
127.586473539145
 30
0.0
 11
78.0378496124548
 21
127.5864735390549
 31
0.0
  0
LINE
  5
81F
330
1F
100
AcDbEntity
  8
line
  6
DASHED
100
AcDbLine
 10
249.0378496124548
 20
127.58647353912
 30
0.0
 11
249.0378496124403
 21
171.08647353912
 31
0.0
  0
MTEXT
  5
820
330
1F
100
AcDbEntity
  8
line
100
AcDbMText
 10
170.610211756445
 20
123.644877507604
 30
0.0
 40
6.0
 41
0.0
 71
     2
 72
     5
  1
beam: 1'-6" down
  7
TECH
 73
     1
 44
1.0
1001
ACAD
1000
ACAD_MTEXT_DEFINED_HEIGHT_BEGIN
1070
    46
1040
111.7808094588449
1000
ACAD_MTEXT_DEFINED_HEIGHT_END
  0
MTEXT
  5
821
330
1F
100
AcDbEntity
  8
dim
100
AcDbMText
 10
132.8627735389281
 20
601.1653956840261
 30
0.0
 40
4.5
 41
22.78500019839339
 71
     2
 72
     5
  1
{\C1;Slab: 6" Down}
  7
DETAIL
 73
     1
 44
1.0
  0
INSERT
  5
822
330
1F
100
AcDbEntity
  8
Dime
100
AcDbBlockReference
  2
A$C44504939
 10
213.0378496124548
 20
583.5239710205329
 30
0.0
 41
-1.0
 50
180.0
  0
LINE
  5
823
330
1F
100
AcDbEntity
  8
LINE WORK
100
AcDbLine
 10
213.0378496124548
 20
579.02397353912
 30
0.0
 11
213.0378496124403
 21
583.52397353912
 31
0.0
  0
LINE
  5
824
102
{ACAD_REACTORS
330
829
102
}
330
1F
100
AcDbEntity
  8
LINE WORK
100
AcDbLine
 10
213.0378496124548
 20
579.02397353912
 30
0.0
 11
213.0378496124403
 21
583.52397353912
 31
0.0
  0
INSERT
  5
825
330
1F
100
AcDbEntity
  8
Dime
100
AcDbBlockReference
  2
A$C44504939
 10
208.5378496124403
 20
583.5239710205329
 30
0.0
 41
-1.0
 50
180.0
  0
MTEXT
  5
826
330
1F
100
AcDbEntity
  8
Dime
 62
     0
100
AcDbMText
 10
201.5285275818432
 20
565.749160161312
 30
0.0
 40
2.999999999999996
 41
4.221064200548424
 71
     2
 72
     5
  1
Bath Pipe
 73
     1
 44
1.0
  0
LEADER
  5
827
102
{ACAD_REACTORS
330
829
102
}
102
{ACAD_XDICTIONARY
360
828
102
}
330
1F
100
AcDbEntity
  8
dim
100
AcDbLeader
  3
DETAIL
 76
     3
 10
213.0378496124548
 20
579.02397353912
 30
0.0
 10
213.0378496124548
 20
563.2594919370871
 30
0.0
 10
208.4015368877816
 20
563.2594919370871
 30
0.0
211
1.000000000000000E-16
221
-1.0
231
0.0
1001
ACAD
1000
DSTYLE
1002
{
1070
   147
1040
0.5
1070
    77
1070
     0
1002
}
  0
LINE
  5
82A
330
1F
100
AcDbEntity
  8
LINE WORK
100
AcDbLine
 10
424.5378496124548
 20
144.2109235877088
 30
0.0
 11
424.5378496124548
 21
148.7109235877088
 31
0.0
  0
LINE
  5
82B
102
{ACAD_REACTORS
330
830
102
}
330
1F
100
AcDbEntity
  8
LINE WORK
100
AcDbLine
 10
424.5378496124548
 20
144.2109235877088
 30
0.0
 11
424.5378496124548
 21
148.7109235877088
 31
0.0
  0
INSERT
  5
82C
330
1F
100
AcDbEntity
  8
Dime
100
AcDbBlockReference
  2
A$C44504939
 10
420.0378496124548
 20
148.7109210691218
 30
0.0
 41
-1.0
 50
180.0
  0
MTEXT
  5
82D
330
1F
100
AcDbEntity
  8
Dime
 62
     0
100
AcDbMText
 10
413.0285275818541
 20
114.9545884815621
 30
0.0
 40
2.999999999999996
 41
4.221064200548424
 71
     2
 72
     5
  1
Bath Pipe
 73
     1
 44
1.0
  0
LEADER
  5
82E
102
{ACAD_REACTORS
330
830
102
}
102
{ACAD_XDICTIONARY
360
82F
102
}
330
1F
100
AcDbEntity
  8
dim
100
AcDbLeader
  3
DETAIL
 76
     3
 10
424.5378496124548
 20
144.2109235877088
 30
0.0
 10
424.5378496124548
 20
112.464920257337
 30
0.0
 10
419.9015368877925
 20
112.464920257337
 30
0.0
211
1.000000000000000E-16
221
-1.0
231
0.0
1001
ACAD
1000
DSTYLE
1002
{
1070
   147
1040
0.5
1070
    77
1070
     0
1002
}
  0
LINE
  5
831
330
1F
100
AcDbEntity
  8
line
 62
     8
100
AcDbLine
 10
301.5378496125021
 20
123.0864735391302
 30
0.0
 11
301.5378496124948
 21
118.586473539117
 31
0.0
  0
LINE
  5
832
330
1F
100
AcDbEntity
  8
line
 62
     8
100
AcDbLine
 10
297.0378496124948
 20
123.0864735391311
 30
0.0
 11
297.0378496124948
 21
118.586473539117
 31
0.0
  0
LINE
  5
833
330
1F
100
AcDbEntity
  8
line
 62
     8
100
AcDbLine
 10
292.5378496125021
 20
123.0864735391322
 30
0.0
 11
292.5378496125021
 21
118.586473539117
 31
0.0
  0
LINE
  5
834
330
1F
100
AcDbEntity
  8
line
 62
     8
100
AcDbLine
 10
288.0378496124948
 20
123.0864735391341
 30
0.0
 11
288.0378496124948
 21
118.586473539117
 31
0.0
  0
LINE
  5
835
330
1F
100
AcDbEntity
  8
line
 62
     8
100
AcDbLine
 10
306.0378496125021
 20
123.0864735391279
 30
0.0
 11
306.0378496125021
 21
118.586473539117
 31
0.0
  0
LINE
  5
836
330
1F
100
AcDbEntity
  8
line
 62
     8
100
AcDbLine
 10
310.5378496124948
 20
123.086473539127
 30
0.0
 11
310.5378496124948
 21
118.586473539117
 31
0.0
  0
LINE
  5
837
330
1F
100
AcDbEntity
  8
line
 62
     8
100
AcDbLine
 10
315.0378496124948
 20
123.086473539125
 30
0.0
 11
315.0378496124948
 21
118.586473539117
 31
0.0
  0
LINE
  5
838
330
1F
100
AcDbEntity
  8
line
 62
     8
100
AcDbLine
 10
319.5378496125021
 20
123.0864735391241
 30
0.0
 11
319.5378496125021
 21
118.586473539117
 31
0.0
  0
LINE
  5
839
102
{ACAD_REACTORS
330
850
102
}
330
1F
100
AcDbEntity
  8
line
 62
     8
100
AcDbLine
 10
343.5378496124548
 20
118.586473539117
 30
0.0
 11
319.5378496124948
 21
118.586473539117
 31
0.0
  0
LINE
  5
83A
102
{ACAD_REACTORS
330
869
102
}
330
1F
100
AcDbEntity
  8
line
 62
     8
100
AcDbLine
 10
315.0378496124948
 20
118.5864735391191
 30
0.0
 11
310.5378496125021
 21
118.5864735391179
 31
0.0
  0
LINE
  5
83B
330
1F
100
AcDbEntity
  8
line
 62
     8
100
AcDbLine
 10
306.0378496125021
 20
118.5864735391179
 30
0.0
 11
301.5378496124948
 21
118.5864735391179
 31
0.0
  0
LINE
  5
83C
330
1F
100
AcDbEntity
  8
line
 62
     8
100
AcDbLine
 10
297.0378496124948
 20
118.5864735391179
 30
0.0
 11
292.5378496124948
 21
118.586473539117
 31
0.0
  0
LINE
  5
83D
102
{ACAD_REACTORS
330
845
102
}
330
1F
100
AcDbEntity
  8
line
 62
     8
100
AcDbLine
 10
288.0378496124948
 20
118.586473539117
 30
0.0
 11
264.0378496124403
 21
118.5864735391161
 31
0.0
  0
LINE
  5
83E
330
1F
100
AcDbEntity
  8
line
 62
     8
100
AcDbLine
 10
264.0378496124548
 20
127.586473539135
 30
0.0
 11
343.5378496124548
 21
127.586473539135
 31
0.0
  0
LINE
  5
83F
330
1F
100
AcDbEntity
  8
line
 62
     8
100
AcDbLine
 10
288.0378496124766
 20
123.086473539135
 30
0.0
 11
292.5378496124948
 21
123.0864735391359
 31
0.0
  0
LINE
  5
840
330
1F
100
AcDbEntity
  8
line
 62
     8
100
AcDbLine
 10
297.0378496124948
 20
123.086473539135
 30
0.0
 11
301.5378496125021
 21
123.0864735391359
 31
0.0
  0
LINE
  5
841
330
1F
100
AcDbEntity
  8
line
 62
     8
100
AcDbLine
 10
306.0378496125021
 20
123.086473539135
 30
0.0
 11
310.5378496124948
 21
123.086473539135
 31
0.0
  0
LINE
  5
842
102
{ACAD_REACTORS
330
866
102
}
330
1F
100
AcDbEntity
  8
line
 62
     8
100
AcDbLine
 10
315.0378496124948
 20
123.086473539135
 30
0.0
 11
319.5378496124948
 21
123.086473539135
 31
0.0
  0
DIMENSION
  5
843
102
{ACAD_REACTORS
330
845
102
}
102
{ACAD_XDICTIONARY
360
844
102
}
330
1F
100
AcDbEntity
  8
dim
100
AcDbDimension
  2
*D89
 10
275.1964450797395
 20
118.5864735391162
 30
0.0
 11
287.3779116554623
 21
107.4607528963969
 31
0.0
 70
   160
 71
     5
 42
4.499999999952024
  3
DETAIL
100
AcDbAlignedDimension
 13
264.0378496124403
 23
114.0864735391641
 33
0.0
 14
264.0378496124293
 24
118.5864735391161
 34
0.0
 50
90.0
100
AcDbRotatedDimension
  0
CIRCLE
  5
846
330
1F
100
AcDbEntity
  8
line
 62
     1
100
AcDbCircle
 10
67.0379773600406
 20
489.0239735390261
 30
0.0
 40
2.0
  0
CIRCLE
  5
847
330
1F
100
AcDbEntity
  8
line
 62
     1
100
AcDbCircle
 10
74.83779030955782
 20
656.0239735390982
 30
0.0
 40
2.0
  0
LEADER
  5
848
330
1F
100
AcDbEntity
  8
line
100
AcDbLeader
  3
DETAIL
 76
     3
 10
74.83779030955782
 20
658.0239735390982
 30
0.0
 10
74.83779030955782
 20
680.107384895454
 30
0.0
 10
99.20522005801183
 20
680.107384895454
 30
0.0
1001
ACAD
1000
DSTYLE
1002
{
1070
   147
1040
0.5
1070
    77
1070
     0
1002
}
  0
MTEXT
  5
849
330
1F
100
AcDbEntity
  8
line
100
AcDbMText
 10
92.76289156252176
 20
689.7462580692421
 30
0.0
 40
4.5
 41
26.14126447787567
 71
     1
 72
     5
  1
Vent pipe
  7
DETAIL
 73
     1
 44
1.0
  0
LEADER
  5
84A
330
1F
100
AcDbEntity
  8
line
100
AcDbLeader
  3
DETAIL
 76
     3
 10
67.03514621607326
 20
489.0239735390261
 30
0.0
 10
67.03514621607326
 20
511.1073848953821
 30
0.0
 10
42.66771646762652
 20
511.1073848953821
 30
0.0
211
-1.0
221
0.0
231
0.0
1001
ACAD
1000
DSTYLE
1002
{
1070
   147
1040
0.5
1070
    77
1070
     0
1002
}
  0
MTEXT
  5
84B
330
1F
100
AcDbEntity
  8
line
100
AcDbMText
 10
49.11004496310204
 20
520.74625806917
 30
0.0
 40
4.5
 41
26.14126447787567
 71
     3
 72
     5
  1
HOB duct
  7
DETAIL
 73
     1
 44
1.0
  0
INSERT
  5
84C
330
1F
100
AcDbEntity
  8
0
 62
     1
100
AcDbBlockReference
  2
A$C02E93A12
 10
255.0378467303061
 20
523.4052818000231
 30
0.0
 50
270.0
  0
INSERT
  5
84D
330
1F
100
AcDbEntity
  8
0
 62
     1
100
AcDbBlockReference
  2
A$C02E93A12
 10
222.4512917913024
 20
498.0239764212191
 30
0.0
 50
180.0
  0
DIMENSION
  5
84E
102
{ACAD_REACTORS
330
850
102
}
102
{ACAD_XDICTIONARY
360
84F
102
}
330
1F
100
AcDbEntity
  8
dim
100
AcDbDimension
  2
*D104
 10
343.5378496124548
 20
108.3366171984679
 30
0.0
 11
331.5378496124748
 21
108.3366171984679
 31
0.0
 70
    32
 71
     5
 42
23.99999999995998
  3
DETAIL
100
AcDbAlignedDimension
 13
319.5378496124948
 23
118.586473539117
 33
0.0
 14
343.5378496124548
 24
118.586473539117
 34
0.0
100
AcDbRotatedDimension
  0
CIRCLE
  5
851
330
1F
100
AcDbEntity
  8
line
 62
     1
100
AcDbCircle
 10
422.0378496124584
 20
411.0239735393239
 30
0.0
 40
2.0
  0
MTEXT
  5
852
330
1F
100
AcDbEntity
  8
line
100
AcDbMText
 10
411.2683139104273
 20
399.402860086038
 30
0.0
 40
4.5
 41
26.14126447787567
 71
     3
 72
     5
  1
AC  duct
  7
DETAIL
 73
     1
 44
1.0
  0
LEADER
  5
853
330
1F
100
AcDbEntity
  8
line
100
AcDbLeader
  3
DETAIL
 76
     3
 10
421.4634747994613
 20
409.1082247107469
 30
0.0
 10
421.4634747994613
 20
393.1283489276092
 30
0.0
 10
402.160614971276
 20
393.1283489276092
 30
0.0
1001
ACAD
1000
DSTYLE
1002
{
1070
   147
1040
0.5
1070
    77
1070
     0
1002
}
  0
INSERT
  5
856
102
{ACAD_REACTORS
330
859
102
}
330
1F
100
AcDbEntity
  8
Dime
100
AcDbBlockReference
  2
A$C44504939
 10
89.93792994605326
 20
313.5239710203481
 30
0.0
 41
-1.0
 50
180.0
  0
DIMENSION
  5
857
102
{ACAD_REACTORS
330
859
102
}
102
{ACAD_XDICTIONARY
360
858
102
}
330
1F
100
AcDbEntity
  8
line
100
AcDbDimension
  2
*D105
 10
89.93792994605326
 20
322.3469343621019
 30
0.0
 11
79.4878897792413
 21
322.3469343621019
 31
0.0
 70
    32
 71
     5
 42
20.90008033362392
  3
DETAIL
100
AcDbAlignedDimension
 13
69.03784961242934
 23
309.0239735390331
 33
0.0
 14
89.93792994605326
 24
309.0239735390402
 34
0.0
100
AcDbRotatedDimension
  0
MTEXT
  5
85A
330
1F
100
AcDbEntity
  8
dim
100
AcDbMText
 10
121.7166693548032
 20
480.4526149402499
 30
0.0
 40
4.5
 41
22.78500019839339
 71
     2
 72
     5
  1
{\C1;Slab: 6" Down}
  7
DETAIL
 73
     1
 44
1.0
  0
MTEXT
  5
85B
330
1F
100
AcDbEntity
  8
dim
100
AcDbMText
 10
390.7616466102089
 20
139.0478475430189
 30
0.0
 40
4.5
 41
22.78500019839339
 71
     2
 72
     5
  1
{\C1;Slab: 6" Down}
  7
DETAIL
 73
     1
 44
1.0
  0
LWPOLYLINE
  5
85C
102
{ACAD_REACTORS
330
85F
330
862
102
}
330
1F
100
AcDbEntity
  8
line
  6
DASHED
 62
     1
100
AcDbPolyline
 90
        4
 70
     1
 43
0.0
 10
157.5378496124403
 20
127.5864735390981
 10
69.03784961242934
 20
127.5864735390981
 10
69.03784961242934
 20
181.5864735391491
 10
157.5378496124403
 20
181.5864735391491
  0
DIMENSION
  5
85D
102
{ACAD_REACTORS
330
85F
102
}
102
{ACAD_XDICTIONARY
360
85E
102
}
330
1F
100
AcDbEntity
  8
line
100
AcDbDimension
  2
*D106
 10
175.7716422141029
 20
127.5864735390982
 30
0.0
 11
175.7716422141029
 21
154.5864735391236
 31
0.0
 70
    32
 71
     5
 42
54.00000000005093
  3
DETAIL
100
AcDbAlignedDimension
 13
157.5378496124403
 23
181.5864735391491
 33
0.0
 14
157.5378496124403
 24
127.5864735390981
 34
0.0
 50
90.0
100
AcDbRotatedDimension
  0
DIMENSION
  5
860
102
{ACAD_REACTORS
330
862
102
}
102
{ACAD_XDICTIONARY
360
861
102
}
330
1F
100
AcDbEntity
  8
line
100
AcDbDimension
  2
*D107
 10
157.5378496124403
 20
192.6549354833461
 30
0.0
 11
113.2878496124348
 21
192.6549354833461
 31
0.0
 70
    32
 71
     5
 42
88.50000000001091
  3
DETAIL
100
AcDbAlignedDimension
 13
69.03784961242934
 23
181.5864735391491
 33
0.0
 14
157.5378496124403
 24
181.5864735391491
 34
0.0
100
AcDbRotatedDimension
  0
MTEXT
  5
863
330
1F
100
AcDbEntity
  8
dim
100
AcDbMText
 10
120.8224876822104
 20
168.572212612267
 30
0.0
 40
4.5
 41
22.78500019839339
 71
     2
 72
     5
  1
{\C1;Slab: 6" Down}
  7
DETAIL
 73
     1
 44
1.0
  0
DIMENSION
  5
864
102
{ACAD_REACTORS
330
866
102
}
102
{ACAD_XDICTIONARY
360
865
102
}
330
1F
100
AcDbEntity
  8
dim
100
AcDbDimension
  2
*D108
 10
315.0378496124948
 20
108.3366171984679
 30
0.0
 11
322.4422895852097
 21
96.15515062275168
 31
0.0
 70
    32
 71
     5
 42
4.5
  3
DETAIL
100
AcDbAlignedDimension
 13
319.5378496124948
 23
123.086473539135
 33
0.0
 14
315.0378496124948
 24
123.086473539135
 34
0.0
100
AcDbRotatedDimension
  0
DIMENSION
  5
867
102
{ACAD_REACTORS
330
869
102
}
102
{ACAD_XDICTIONARY
360
868
102
}
330
1F
100
AcDbEntity
  8
dim
100
AcDbDimension
  2
*D109
 10
315.0378496124948
 20
108.3366171984679
 30
0.0
 11
307.5009043790022
 21
96.15515062275185
 31
0.0
 70
   160
 71
     5
 42
4.499999999992724
  3
DETAIL
100
AcDbAlignedDimension
 13
310.5378496125021
 23
118.5864735391179
 33
0.0
 14
315.0378496124948
 24
118.5864735391191
 34
0.0
100
AcDbRotatedDimension
  0
DIMENSION
  5
86A
102
{ACAD_REACTORS
330
86C
102
}
102
{ACAD_XDICTIONARY
360
86B
102
}
330
1F
100
AcDbEntity
  8
dim
100
AcDbDimension
  2
*D110
 10
429.0378496124548
 20
108.3366171984679
 30
0.0
 11
386.2878496124566
 21
108.3366171984679
 31
0.0
 70
    32
 71
     5
 42
85.49999999999636
  3
DETAIL
100
AcDbAlignedDimension
 13
343.5378496124584
 23
114.0864735391109
 33
0.0
 14
429.0378496124548
 24
114.0864735391091
 34
0.0
100
AcDbRotatedDimension
  0
INSERT
  5
86D
330
1F
100
AcDbEntity
  8
Dime
100
AcDbBlockReference
  2
A$C44504939
 10
64.53784961243298
 20
140.796441669264
 30
0.0
 41
-1.0
 50
180.0
  0
INSERT
  5
86E
330
1F
100
AcDbEntity
  8
Dime
100
AcDbBlockReference
  2
A$C44504939
 10
64.53784961243298
 20
145.296441669264
 30
0.0
 41
-1.0
 50
180.0
  0
ENDSEC
  0
SECTION
  2
OBJECTS
  0
DICTIONARY
  5
C
330
0
100
AcDbDictionary
281
     1
  3
ACAD_CIP_PREVIOUS_PRODUCT_INFO
350
1A5
  3
ACAD_COLOR
350
73
  3
ACAD_DETAILVIEWSTYLE
350
1AB
  3
ACAD_GROUP
350
D
  3
ACAD_LAST_SAVED_VERSION_INFO
350
146B
  3
ACAD_LAYOUT
350
1A
  3
ACAD_MATERIAL
350
72
  3
ACAD_MLEADERSTYLE
350
D7
  3
ACAD_MLINESTYLE
350
17
  3
ACAD_PLOTSETTINGS
350
19
  3
ACAD_PLOTSTYLENAME
350
E
  3
ACAD_SCALELIST
350
B6
  3
ACAD_SECTIONVIEWSTYLE
350
1A8
  3
ACAD_TABLESTYLE
350
86
  3
ACAD_VISUALSTYLE
350
99
  3
ACDB_RECOMPOSE_DATA
350
14B0
  3
AcDbVariableDictionary
350
66
  3
AcDsDecomposeData
350
14B1
  0
DICTIONARY
  5
146C
330
8
100
AcDbDictionary
280
     1
281
     1
  3
ACAD_XREC_ROUNDTRIP
360
146D
  0
DICTIONARY
  5
18E
330
2
100
AcDbDictionary
280
     1
281
     1
  3
ACAD_LAYERSTATES
360
18F
  0
DICTIONARY
  5
246
330
245
100
AcDbDictionary
280
     1
281
     1
  3
ACAD_SORTENTS
360
247
  0
DICTIONARY
  5
24D
330
24C
100
AcDbDictionary
280
     1
281
     1
  3
ACAD_SORTENTS
360
24E
  0
DICTIONARY
  5
49A
330
499
100
AcDbDictionary
280
     1
281
     1
  3
ACAD_SORTENTS
360
49B
  0
DICTIONARY
  5
4A5
330
4A4
100
AcDbDictionary
280
     1
281
     1
  3
ACAD_SORTENTS
360
4A6
  0
DICTIONARY
  5
4B2
330
4B1
100
AcDbDictionary
280
     1
281
     1
  3
ACAD_SORTENTS
360
4B3
  0
DICTIONARY
  5
7A2
330
7A1
100
AcDbDictionary
280
     1
281
     1
  3
ACAD_DIMASSOC
360
7A3
  0
DICTIONARY
  5
7A5
330
7A4
100
AcDbDictionary
280
     1
281
     1
  3
ACAD_DIMASSOC
360
7A6
  0
DICTIONARY
  5
7A8
330
7A7
100
AcDbDictionary
280
     1
281
     1
  3
ACAD_DIMASSOC
360
7A9
  0
DICTIONARY
  5
7AB
330
7AA
100
AcDbDictionary
280
     1
281
     1
  3
ACAD_DIMASSOC
360
7AC
  0
DICTIONARY
  5
7AE
330
7AD
100
AcDbDictionary
280
     1
281
     1
  3
ACAD_DIMASSOC
360
7AF
  0
DICTIONARY
  5
7B2
330
7B1
100
AcDbDictionary
280
     1
281
     1
  3
ACAD_DIMASSOC
360
7B3
  0
DICTIONARY
  5
7B5
330
7B4
100
AcDbDictionary
280
     1
281
     1
  3
ACAD_DIMASSOC
360
7B6
  0
DICTIONARY
  5
7B8
330
7B7
100
AcDbDictionary
280
     1
281
     1
  3
ACAD_DIMASSOC
360
7B9
  0
DICTIONARY
  5
7BB
330
7BA
100
AcDbDictionary
280
     1
281
     1
  3
ACAD_DIMASSOC
360
7BC
  0
DICTIONARY
  5
7BE
330
7BD
100
AcDbDictionary
280
     1
281
     1
  3
ACAD_DIMASSOC
360
7BF
  0
DICTIONARY
  5
7C1
330
7C0
100
AcDbDictionary
280
     1
281
     1
  3
ACAD_DIMASSOC
360
7C2
  0
DICTIONARY
  5
7C5
330
7C4
100
AcDbDictionary
280
     1
281
     1
  3
ACAD_DIMASSOC
360
7C6
  0
DICTIONARY
  5
7C9
330
7C8
100
AcDbDictionary
280
     1
281
     1
  3
ACAD_DIMASSOC
360
7CA
  0
DICTIONARY
  5
7CC
330
7CB
100
AcDbDictionary
280
     1
281
     1
  3
ACAD_DIMASSOC
360
7CD
  0
DICTIONARY
  5
7D0
330
7CF
100
AcDbDictionary
280
     1
281
     1
  3
ACAD_DIMASSOC
360
7D1
  0
DICTIONARY
  5
7D4
330
7D3
100
AcDbDictionary
280
     1
281
     1
  3
ACAD_DIMASSOC
360
7D5
  0
DICTIONARY
  5
7D7
330
7D6
100
AcDbDictionary
280
     1
281
     1
  3
ACAD_DIMASSOC
360
7D8
  0
DICTIONARY
  5
7DA
330
7D9
100
AcDbDictionary
280
     1
281
     1
  3
ACAD_DIMASSOC
360
7DB
  0
DICTIONARY
  5
7DD
330
7DC
100
AcDbDictionary
280
     1
281
     1
  3
ACAD_DIMASSOC
360
7DE
  0
DICTIONARY
  5
7E0
330
7DF
100
AcDbDictionary
280
     1
281
     1
  3
ACAD_DIMASSOC
360
7E1
  0
DICTIONARY
  5
7E3
330
7E2
100
AcDbDictionary
280
     1
281
     1
  3
ACAD_DIMASSOC
360
7E4
  0
DICTIONARY
  5
7E6
330
7E5
100
AcDbDictionary
280
     1
281
     1
  3
ACAD_DIMASSOC
360
7E7
  0
DICTIONARY
  5
7E9
330
7E8
100
AcDbDictionary
280
     1
281
     1
  3
ACAD_DIMASSOC
360
7EA
  0
DICTIONARY
  5
7EC
330
7EB
100
AcDbDictionary
280
     1
281
     1
  3
ACAD_DIMASSOC
360
7ED
  0
DICTIONARY
  5
7EF
330
7EE
100
AcDbDictionary
280
     1
281
     1
  3
ACAD_DIMASSOC
360
7F0
  0
DICTIONARY
  5
7F2
330
7F1
100
AcDbDictionary
280
     1
281
     1
  3
ACAD_DIMASSOC
360
7F3
  0
DICTIONARY
  5
7F6
330
7F5
100
AcDbDictionary
280
     1
281
     1
  3
ACAD_DIMASSOC
360
7F7
  0
DICTIONARY
  5
7F9
330
7F8
100
AcDbDictionary
280
     1
281
     1
  3
ACAD_DIMASSOC
360
7FA
  0
DICTIONARY
  5
7FC
330
7FB
100
AcDbDictionary
280
     1
281
     1
  3
ACAD_DIMASSOC
360
7FD
  0
DICTIONARY
  5
800
330
7FF
100
AcDbDictionary
280
     1
281
     1
  3
ACAD_DIMASSOC
360
801
  0
DICTIONARY
  5
803
330
802
100
AcDbDictionary
280
     1
281
     1
  3
ACAD_DIMASSOC
360
804
  0
DICTIONARY
  5
806
330
805
100
AcDbDictionary
280
     1
281
     1
  3
ACAD_DIMASSOC
360
807
  0
DICTIONARY
  5
809
330
808
100
AcDbDictionary
280
     1
281
     1
  3
ACAD_DIMASSOC
360
80A
  0
DICTIONARY
  5
80C
330
80B
100
AcDbDictionary
280
     1
281
     1
  3
ACAD_DIMASSOC
360
80D
  0
DICTIONARY
  5
80F
330
80E
100
AcDbDictionary
280
     1
281
     1
  3
ACAD_DIMASSOC
360
810
  0
DICTIONARY
  5
812
330
811
100
AcDbDictionary
280
     1
281
     1
  3
ACAD_DIMASSOC
360
813
  0
DICTIONARY
  5
816
330
815
100
AcDbDictionary
280
     1
281
     1
  3
ACAD_DIMASSOC
360
817
  0
DICTIONARY
  5
819
330
818
100
AcDbDictionary
280
     1
281
     1
  3
ACAD_DIMASSOC
360
81A
  0
DICTIONARY
  5
828
330
827
100
AcDbDictionary
280
     1
281
     1
  3
ACAD_DIMASSOC
360
829
  0
DICTIONARY
  5
82F
330
82E
100
AcDbDictionary
280
     1
281
     1
  3
ACAD_DIMASSOC
360
830
  0
DICTIONARY
  5
844
330
843
100
AcDbDictionary
280
     1
281
     1
  3
ACAD_DIMASSOC
360
845
  0
DICTIONARY
  5
84F
330
84E
100
AcDbDictionary
280
     1
281
     1
  3
ACAD_DIMASSOC
360
850
  0
DICTIONARY
  5
858
330
857
100
AcDbDictionary
280
     1
281
     1
  3
ACAD_DIMASSOC
360
859
  0
DICTIONARY
  5
85E
330
85D
100
AcDbDictionary
280
     1
281
     1
  3
ACAD_DIMASSOC
360
85F
  0
DICTIONARY
  5
861
330
860
100
AcDbDictionary
280
     1
281
     1
  3
ACAD_DIMASSOC
360
862
  0
DICTIONARY
  5
865
330
864
100
AcDbDictionary
280
     1
281
     1
  3
ACAD_DIMASSOC
360
866
  0
DICTIONARY
  5
868
330
867
100
AcDbDictionary
280
     1
281
     1
  3
ACAD_DIMASSOC
360
869
  0
DICTIONARY
  5
86B
330
86A
100
AcDbDictionary
280
     1
281
     1
  3
ACAD_DIMASSOC
360
86C
  0
XRECORD
  5
1A5
102
{ACAD_REACTORS
330
C
102
}
330
C
100
AcDbXrecord
280
     1
300
ACD
300
2024
300
87798ACD_2024_0F
  0
DICTIONARY
  5
73
102
{ACAD_REACTORS
330
C
102
}
330
C
100
AcDbDictionary
281
     1
  0
DICTIONARY
  5
1AB
102
{ACAD_REACTORS
330
C
102
}
330
C
100
AcDbDictionary
281
     1
  3
Imperial24
350
1AC
  0
DICTIONARY
  5
D
102
{ACAD_REACTORS
330
C
102
}
330
C
100
AcDbDictionary
281
     1
  0
XRECORD
  5
146B
102
{ACAD_REACTORS
330
C
102
}
330
C
100
AcDbXrecord
280
     1
300
{31D09939-B1F8-1044-ABF5-3F10C6697FA6}
301
{BD32D458-FE51-3F48-A6F9-BA621326DA17}
302
{31D09939-B1F8-1044-ABF5-3F10C6697FA6}
303
C:\Users\MBT\Desktop\working plan.dwg
  0
DICTIONARY
  5
1A
102
{ACAD_REACTORS
330
C
102
}
330
C
100
AcDbDictionary
281
     1
  3
Layout1
350
59
  3
Layout2
350
5E
  3
Model
350
22
  0
DICTIONARY
  5
72
102
{ACAD_REACTORS
330
C
102
}
330
C
100
AcDbDictionary
281
     1
  3
ByBlock
350
97
  3
ByLayer
350
96
  3
Global
350
98
  0
DICTIONARY
  5
D7
102
{ACAD_REACTORS
330
C
102
}
330
C
100
AcDbDictionary
281
     1
  3
Annotative
350
E5
  3
Standard
350
D8
  0
DICTIONARY
  5
17
102
{ACAD_REACTORS
330
C
102
}
330
C
100
AcDbDictionary
281
     1
  3
Standard
350
18
  0
DICTIONARY
  5
19
102
{ACAD_REACTORS
330
C
102
}
330
C
100
AcDbDictionary
281
     1
  0
ACDBDICTIONARYWDFLT
  5
E
102
{ACAD_REACTORS
330
C
102
}
330
C
100
AcDbDictionary
281
     1
  3
Normal
350
F
100
AcDbDictionaryWithDefault
340
F
  0
DICTIONARY
  5
B6
102
{ACAD_REACTORS
330
C
102
}
330
C
100
AcDbDictionary
281
     1
  3
A0
350
B7
  3
A1
350
124
  3
A2
350
125
  3
A3
350
126
  3
A4
350
127
  3
A5
350
128
  3
A6
350
129
  3
A7
350
12A
  3
A8
350
12B
  3
A9
350
12C
  3
B0
350
12D
  3
B1
350
12E
  3
B2
350
12F
  3
B3
350
130
  3
B4
350
131
  3
B5
350
132
  3
B6
350
133
  3
B7
350
134
  3
B8
350
135
  3
B9
350
136
  3
C0
350
137
  3
C1
350
138
  3
C2
350
139
  3
C3
350
13A
  3
C4
350
13B
  3
C5
350
13C
  3
C6
350
13D
  3
C7
350
13E
  3
C8
350
13F
  3
C9
350
140
  3
D0
350
141
  3
D1
350
142
  3
D2
350
143
  0
DICTIONARY
  5
1A8
102
{ACAD_REACTORS
330
C
102
}
330
C
100
AcDbDictionary
281
     1
  3
Imperial24
350
1AA
  0
DICTIONARY
  5
86
102
{ACAD_REACTORS
330
C
102
}
330
C
100
AcDbDictionary
281
     1
  3
Standard
350
87
  0
DICTIONARY
  5
99
102
{ACAD_REACTORS
330
C
102
}
330
C
100
AcDbDictionary
281
     1
  3
2dWireframe
350
9F
  3
Basic
350
9E
  3
Brighten
350
A5
  3
ColorChange
350
A9
  3
Conceptual
350
A2
  3
Dim
350
A4
  3
EdgeColorOff
350
175
  3
Facepattern
350
A8
  3
Flat
350
9A
  3
FlatWithEdges
350
9B
  3
Gouraud
350
9C
  3
GouraudWithEdges
350
9D
  3
Hidden
350
A1
  3
JitterOff
350
173
  3
Linepattern
350
A7
  3
OverhangOff
350
174
  3
Realistic
350
A3
  3
Shaded
350
182
  3
Shaded with edges
350
181
  3
Shades of Gray
350
17E
  3
Sketchy
350
17F
  3
Thicken
350
A6
  3
Wireframe
350
A0
  3
X-Ray
350
180
  0
XRECORD
  5
14B0
102
{ACAD_REACTORS
330
C
102
}
330
C
100
AcDbXrecord
280
     1
 90
        1
330
87
  0
DICTIONARY
  5
66
102
{ACAD_REACTORS
330
C
102
}
330
C
100
AcDbDictionary
281
     1
  3
CANNOSCALE
350
F0
  3
CMLEADERSTYLE
350
EF
  3
CTABLESTYLE
350
89
  3
CVIEWDETAILSTYLE
350
1B7
  3
CVIEWSECTIONSTYLE
350
1B8
  3
DIMASSOC
350
67
  3
HIDETEXT
350
6B
  3
LAYEREVAL
350
14D
  3
LAYERNOTIFY
350
14E
  3
MSLTSCALE
350
146E
  3
XCLIPFRAME
350
146F
  0
DICTIONARY
  5
14B1
102
{ACAD_REACTORS
330
C
102
}
330
C
100
AcDbDictionary
281
     1
  3
AcDsRecords
350
14B2
  3
AcDsSchemas
350
14B3
1001
ACAD
1070
     2
  0
XRECORD
  5
146D
102
{ACAD_REACTORS
330
146C
102
}
330
146C
100
AcDbXrecord
280
     1
102
VTR_0.000_0.000_1.000_1.000_VISUALSTYLE
340
9F
102
VTR_0.000_0.000_1.000_1.000_GRIDDISPLAY
 70
     3
102
VTR_0.000_0.000_1.000_1.000_GRIDMAJOR
 70
     5
102
VTR_0.000_0.000_1.000_1.000_DEFAULTLIGHTING
280
     1
102
VTR_0.000_0.000_1.000_1.000_DEFAULTLIGHTINGTYPE
 70
     1
102
VTR_0.000_0.000_1.000_1.000_BRIGHTNESS
141
0.0
102
VTR_0.000_0.000_1.000_1.000_CONTRAST
142
0.0
  0
DICTIONARY
  5
18F
102
{ACAD_REACTORS
330
18E
102
}
330
18E
100
AcDbDictionary
281
     1
  0
SORTENTSTABLE
  5
247
102
{ACAD_REACTORS
330
246
102
}
330
246
100
AcDbSortentsTable
330
245
  0
SORTENTSTABLE
  5
24E
102
{ACAD_REACTORS
330
24D
102
}
330
24D
100
AcDbSortentsTable
330
24C
  0
SORTENTSTABLE
  5
49B
102
{ACAD_REACTORS
330
49A
102
}
330
49A
100
AcDbSortentsTable
330
499
  0
SORTENTSTABLE
  5
4A6
102
{ACAD_REACTORS
330
4A5
102
}
330
4A5
100
AcDbSortentsTable
330
4A4
  0
SORTENTSTABLE
  5
4B3
102
{ACAD_REACTORS
330
4B2
102
}
330
4B2
100
AcDbSortentsTable
330
4B1
  0
DIMASSOC
  5
7A3
102
{ACAD_REACTORS
330
7A2
102
}
330
7A2
100
AcDbDimAssoc
330
7A1
 90
        3
 70
     0
 71
     0
  1
AcDbOsnapPointRef
 72
     1
331
6FB
 73
     2
 91
        0
 40
1.0
 10
0.0
 20
0.0
 30
2.000000000000000E+50
 75
     0
  1
AcDbOsnapPointRef
 72
    13
331
6FB
 73
     2
 91
        0
 40
0.0
 10
0.0
 20
0.0
 30
2.000000000000000E+50
 75
     0
  0
DIMASSOC
  5
7A6
102
{ACAD_REACTORS
330
7A5
102
}
330
7A5
100
AcDbDimAssoc
330
7A4
 90
        3
 70
     0
 71
     0
  1
AcDbOsnapPointRef
 72
     1
331
73E
 73
     2
 91
        0
 40
1.0
 10
0.0
 20
0.0
 30
2.000000000000000E+50
 75
     0
  1
AcDbOsnapPointRef
 72
     8
331
73F
 73
     2
 91
        0
 40
0.99999999999808
 10
0.0
 20
0.0
 30
0.0
 75
     1
  1
AcDbOsnapPointRef
 72
     1
331
73E
 73
     2
 91
        0
 40
1.0
 10
0.0
 20
0.0
 30
2.000000000000000E+50
 75
     0
  0
DIMASSOC
  5
7A9
102
{ACAD_REACTORS
330
7A8
102
}
330
7A8
100
AcDbDimAssoc
330
7A7
 90
        3
 70
     0
 71
     0
  1
AcDbOsnapPointRef
 72
    13
331
712
 73
     2
 91
        0
 40
0.0
 10
0.0
 20
0.0
 30
2.000000000000000E+50
 75
     0
  1
AcDbOsnapPointRef
 72
     1
331
712
 73
     2
 91
        0
 40
1.0
 10
0.0
 20
0.0
 30
2.000000000000000E+50
 75
     0
  0
DIMASSOC
  5
7AC
102
{ACAD_REACTORS
330
7AB
102
}
330
7AB
100
AcDbDimAssoc
330
7AA
 90
        3
 70
     0
 71
     0
  1
AcDbOsnapPointRef
 72
     1
331
733
 73
     2
 91
        0
 40
1.0
 10
0.0
 20
0.0
 30
2.000000000000000E+50
 75
     0
  1
AcDbOsnapPointRef
 72
    11
331
732
 73
     2
 91
        0
 40
0.9999999999991916
 10
0.0
 20
0.0
 30
0.0
332
710
 74
     2
 92
        0
 75
     0
  0
DIMASSOC
  5
7AF
102
{ACAD_REACTORS
330
7AE
102
}
330
7AE
100
AcDbDimAssoc
330
7AD
 90
        3
 70
     0
 71
     0
  1
AcDbOsnapPointRef
 72
     1
331
710
 73
     2
 91
        0
 40
1.0
 10
0.0
 20
0.0
 30
2.000000000000000E+50
 75
     0
  1
AcDbOsnapPointRef
 72
     8
331
772
 73
     2
 91
        0
 40
0.9999999999991916
 10
0.0
 20
0.0
 30
0.0
 75
     1
  1
AcDbOsnapPointRef
 72
     1
331
710
 73
     2
 91
        0
 40
1.0
 10
0.0
 20
0.0
 30
2.000000000000000E+50
 75
     0
  0
DIMASSOC
  5
7B3
102
{ACAD_REACTORS
330
7B2
102
}
330
7B2
100
AcDbDimAssoc
330
7B1
 90
        3
 70
     0
 71
     0
  1
AcDbOsnapPointRef
 72
    10
331
711
 73
     2
 91
        0
 40
0.2467500064331318
 10
0.0
 20
0.0
 30
0.0
 75
     0
  1
AcDbOsnapPointRef
 72
     8
331
70E
 73
     2
 91
        0
 40
0.0379615394512766
 10
0.0
 20
0.0
 30
0.0
 75
     1
  1
AcDbOsnapPointRef
 72
    10
331
711
 73
     2
 91
        0
 40
0.2467500064331318
 10
0.0
 20
0.0
 30
0.0
 75
     0
  0
DIMASSOC
  5
7B6
102
{ACAD_REACTORS
330
7B5
102
}
330
7B5
100
AcDbDimAssoc
330
7B4
 90
        3
 70
     0
 71
     0
  1
AcDbOsnapPointRef
 72
     1
331
711
 73
     2
 91
        0
 40
1.0
 10
0.0
 20
0.0
 30
2.000000000000000E+50
 75
     0
  1
AcDbOsnapPointRef
 72
    13
331
711
 73
     2
 91
        0
 40
0.0
 10
0.0
 20
0.0
 30
2.000000000000000E+50
 75
     0
  0
DIMASSOC
  5
7B9
102
{ACAD_REACTORS
330
7B8
102
}
330
7B8
100
AcDbDimAssoc
330
7B7
 90
        3
 70
     0
 71
     0
  1
AcDbOsnapPointRef
 72
     1
331
758
 73
     2
 91
        0
 40
1.0
 10
0.0
 20
0.0
 30
2.000000000000000E+50
 75
     0
  1
AcDbOsnapPointRef
 72
    13
331
758
 73
     2
 91
        0
 40
0.0
 10
0.0
 20
0.0
 30
2.000000000000000E+50
 75
     0
  0
DIMASSOC
  5
7BC
102
{ACAD_REACTORS
330
7BB
102
}
330
7BB
100
AcDbDimAssoc
330
7BA
 90
        3
 70
     0
 71
     0
  1
AcDbOsnapPointRef
 72
    13
331
718
 73
     2
 91
        0
 40
0.0
 10
0.0
 20
0.0
 30
2.000000000000000E+50
 75
     0
  1
AcDbOsnapPointRef
 72
     1
331
718
 73
     2
 91
        0
 40
1.0
 10
0.0
 20
0.0
 30
2.000000000000000E+50
 75
     0
  0
DIMASSOC
  5
7BF
102
{ACAD_REACTORS
330
7BE
102
}
330
7BE
100
AcDbDimAssoc
330
7BD
 90
        2
 70
     0
 71
     0
  1
AcDbOsnapPointRef
 72
     8
331
74F
 73
     2
 91
        0
 40
1.0
 10
0.0
 20
0.0
 30
0.0
 75
     1
  1
AcDbOsnapPointRef
 72
     0
 40
0.0
 10
31623.4237978953
 20
-1241.754751016554
 30
0.0
 75
     0
  0
DIMASSOC
  5
7C2
102
{ACAD_REACTORS
330
7C1
102
}
330
7C1
100
AcDbDimAssoc
330
7C0
 90
        3
 70
     0
 71
     0
  1
AcDbOsnapPointRef
 72
    13
331
740
 73
     2
 91
        0
 40
0.0
 10
0.0
 20
0.0
 30
2.000000000000000E+50
 75
     0
  1
AcDbOsnapPointRef
 72
    13
331
6FA
 73
     2
 91
        0
 40
0.0
 10
0.0
 20
0.0
 30
2.000000000000000E+50
 75
     0
  0
DIMASSOC
  5
7C6
102
{ACAD_REACTORS
330
7C5
102
}
330
7C5
100
AcDbDimAssoc
330
7C4
 90
        3
 70
     0
 71
     0
  1
AcDbOsnapPointRef
 72
     1
331
79D
 73
     2
 91
        0
 40
1.0
 10
0.0
 20
0.0
 30
2.000000000000000E+50
 75
     0
  1
AcDbOsnapPointRef
 72
     1
331
714
 73
     2
 91
        0
 40
1.0
 10
0.0
 20
0.0
 30
2.000000000000000E+50
 75
     0
  0
DIMASSOC
  5
7CA
102
{ACAD_REACTORS
330
7C9
102
}
330
7C9
100
AcDbDimAssoc
330
7C8
 90
        3
 70
     0
 71
     0
  1
AcDbOsnapPointRef
 72
    13
331
709
 73
     2
 91
        0
 40
0.0
 10
0.0
 20
0.0
 30
2.000000000000000E+50
 75
     0
  1
AcDbOsnapPointRef
 72
     1
331
709
 73
     2
 91
        0
 40
1.0
 10
0.0
 20
0.0
 30
2.000000000000000E+50
 75
     0
  0
DIMASSOC
  5
7CD
102
{ACAD_REACTORS
330
7CC
102
}
330
7CC
100
AcDbDimAssoc
330
7CB
 90
        3
 70
     0
 71
     0
  1
AcDbOsnapPointRef
 72
     1
331
744
 73
     2
 91
        0
 40
1.0
 10
0.0
 20
0.0
 30
2.000000000000000E+50
 75
     0
  1
AcDbOsnapPointRef
 72
    13
331
744
 73
     2
 91
        0
 40
0.0
 10
0.0
 20
0.0
 30
2.000000000000000E+50
 75
     0
  0
DIMASSOC
  5
7D1
102
{ACAD_REACTORS
330
7D0
102
}
330
7D0
100
AcDbDimAssoc
330
7CF
 90
        3
 70
     0
 71
     0
  1
AcDbOsnapPointRef
 72
    10
331
72B
 73
     2
 91
        0
 40
0.8335465851014177
 10
0.0
 20
0.0
 30
0.0
 75
     0
  1
AcDbOsnapPointRef
 72
    13
331
71D
 73
     2
 91
        0
 40
0.0
 10
0.0
 20
0.0
 30
2.000000000000000E+50
 75
     0
  0
DIMASSOC
  5
7D5
102
{ACAD_REACTORS
330
7D4
102
}
330
7D4
100
AcDbDimAssoc
330
7D3
 90
        3
 70
     0
 71
     0
  1
AcDbOsnapPointRef
 72
    10
331
72A
 73
     2
 91
        0
 40
0.8313730446390101
 10
0.0
 20
0.0
 30
0.0
 75
     0
  1
AcDbOsnapPointRef
 72
     1
331
79A
 73
     2
 91
        0
 40
1.0
 10
0.0
 20
0.0
 30
2.000000000000000E+50
 75
     0
  0
DIMASSOC
  5
7D8
102
{ACAD_REACTORS
330
7D7
102
}
330
7D7
100
AcDbDimAssoc
330
7D6
 90
        3
 70
     0
 71
     0
  1
AcDbOsnapPointRef
 72
     1
331
729
 73
     2
 91
        0
 40
1.0
 10
0.0
 20
0.0
 30
2.000000000000000E+50
 75
     0
  1
AcDbOsnapPointRef
 72
    13
331
706
 73
     2
 91
        0
 40
0.0
 10
0.0
 20
0.0
 30
2.000000000000000E+50
 75
     0
  0
DIMASSOC
  5
7DB
102
{ACAD_REACTORS
330
7DA
102
}
330
7DA
100
AcDbDimAssoc
330
7D9
 90
        3
 70
     0
 71
     0
  1
AcDbOsnapPointRef
 72
     1
331
706
 73
     2
 91
        0
 40
1.0
 10
0.0
 20
0.0
 30
2.000000000000000E+50
 75
     0
  1
AcDbOsnapPointRef
 72
    13
331
706
 73
     2
 91
        0
 40
0.0
 10
0.0
 20
0.0
 30
2.000000000000000E+50
 75
     0
  0
DIMASSOC
  5
7DE
102
{ACAD_REACTORS
330
7DD
102
}
330
7DD
100
AcDbDimAssoc
330
7DC
 90
        3
 70
     0
 71
     0
  1
AcDbOsnapPointRef
 72
    13
331
79B
 73
     2
 91
        0
 40
0.0
 10
0.0
 20
0.0
 30
2.000000000000000E+50
 75
     0
  1
AcDbOsnapPointRef
 72
     1
331
79B
 73
     2
 91
        0
 40
0.9999999999999998
 10
0.0
 20
0.0
 30
2.000000000000000E+50
 75
     0
  0
DIMASSOC
  5
7E1
102
{ACAD_REACTORS
330
7E0
102
}
330
7E0
100
AcDbDimAssoc
330
7DF
 90
        3
 70
     0
 71
     0
  1
AcDbOsnapPointRef
 72
    13
331
707
 73
     2
 91
        0
 40
0.0
 10
0.0
 20
0.0
 30
2.000000000000000E+50
 75
     0
  1
AcDbOsnapPointRef
 72
     1
331
707
 73
     2
 91
        0
 40
1.0
 10
0.0
 20
0.0
 30
2.000000000000000E+50
 75
     0
  0
DIMASSOC
  5
7E4
102
{ACAD_REACTORS
330
7E3
102
}
330
7E3
100
AcDbDimAssoc
330
7E2
 90
        3
 70
     0
 71
     0
  1
AcDbOsnapPointRef
 72
    10
331
6DC
 73
     2
 91
        0
 40
0.2420022592273922
 10
0.0
 20
0.0
 30
0.0
 75
     0
  1
AcDbOsnapPointRef
 72
     8
331
6DD
 73
     2
 91
        0
 40
0.242002259227446
 10
0.0
 20
0.0
 30
0.0
 75
     1
  1
AcDbOsnapPointRef
 72
    10
331
6DC
 73
     2
 91
        0
 40
0.2420022592273922
 10
0.0
 20
0.0
 30
0.0
 75
     0
  0
DIMASSOC
  5
7E7
102
{ACAD_REACTORS
330
7E6
102
}
330
7E6
100
AcDbDimAssoc
330
7E5
 90
        3
 70
     0
 71
     0
  1
AcDbOsnapPointRef
 72
     1
331
6ED
 73
     2
 91
        0
 40
1.0
 10
0.0
 20
0.0
 30
2.000000000000000E+50
 75
     0
  1
AcDbOsnapPointRef
 72
    13
331
6ED
 73
     2
 91
        0
 40
0.0
 10
0.0
 20
0.0
 30
2.000000000000000E+50
 75
     0
  0
DIMASSOC
  5
7EA
102
{ACAD_REACTORS
330
7E9
102
}
330
7E9
100
AcDbDimAssoc
330
7E8
 90
        3
 70
     0
 71
     0
  1
AcDbOsnapPointRef
 72
    13
331
725
 73
     2
 91
        0
 40
0.0
 10
0.0
 20
0.0
 30
2.000000000000000E+50
 75
     0
  1
AcDbOsnapPointRef
 72
     1
331
725
 73
     2
 91
        0
 40
1.0
 10
0.0
 20
0.0
 30
2.000000000000000E+50
 75
     0
  0
DIMASSOC
  5
7ED
102
{ACAD_REACTORS
330
7EC
102
}
330
7EC
100
AcDbDimAssoc
330
7EB
 90
        3
 70
     0
 71
     0
  1
AcDbOsnapPointRef
 72
    13
331
723
 73
     2
 91
        0
 40
0.0
 10
0.0
 20
0.0
 30
2.000000000000000E+50
 75
     0
  1
AcDbOsnapPointRef
 72
     1
331
723
 73
     2
 91
        0
 40
1.0
 10
0.0
 20
0.0
 30
2.000000000000000E+50
 75
     0
  0
DIMASSOC
  5
7F0
102
{ACAD_REACTORS
330
7EF
102
}
330
7EF
100
AcDbDimAssoc
330
7EE
 90
        2
 70
     0
 71
     0
  1
AcDbOsnapPointRef
 72
    13
331
724
 73
     2
 91
        0
 40
0.0
 10
0.0
 20
0.0
 30
2.000000000000000E+50
 75
     0
  0
DIMASSOC
  5
7F3
102
{ACAD_REACTORS
330
7F2
102
}
330
7F2
100
AcDbDimAssoc
330
7F1
 90
        3
 70
     0
 71
     0
  1
AcDbOsnapPointRef
 72
     1
331
724
 73
     2
 91
        0
 40
1.0
 10
0.0
 20
0.0
 30
2.000000000000000E+50
 75
     0
  1
AcDbOsnapPointRef
 72
    13
331
749
 73
     2
 91
        0
 40
0.0
 10
0.0
 20
0.0
 30
2.000000000000000E+50
 75
     0
  0
DIMASSOC
  5
7F7
102
{ACAD_REACTORS
330
7F6
102
}
330
7F6
100
AcDbDimAssoc
330
7F5
 90
        3
 70
     0
 71
     0
  1
AcDbOsnapPointRef
 72
    13
331
763
 73
     2
 91
        0
 40
0.0
 10
0.0
 20
0.0
 30
2.000000000000000E+50
 75
     0
  1
AcDbOsnapPointRef
 72
     1
331
763
 73
     2
 91
        0
 40
1.0
 10
0.0
 20
0.0
 30
2.000000000000000E+50
 75
     0
  0
DIMASSOC
  5
7FA
102
{ACAD_REACTORS
330
7F9
102
}
330
7F9
100
AcDbDimAssoc
330
7F8
 90
        2
 70
     0
 71
     0
  1
AcDbOsnapPointRef
 72
     8
331
780
 73
     2
 91
        0
 40
1.0
 10
0.0
 20
0.0
 30
0.0
 75
     1
  1
AcDbOsnapPointRef
 72
     0
 40
0.0
 10
31771.92379789532
 20
-1667.692251016537
 30
0.0
 75
     0
  0
DIMASSOC
  5
7FD
102
{ACAD_REACTORS
330
7FC
102
}
330
7FC
100
AcDbDimAssoc
330
7FB
 90
        3
 70
     0
 71
     0
  1
AcDbOsnapPointRef
 72
    11
331
776
 73
     2
 91
        0
 40
1.0
 10
0.0
 20
0.0
 30
0.0
332
751
 74
     2
 92
        0
 75
     0
  1
AcDbOsnapPointRef
 72
     8
331
73D
 73
     2
 91
        0
 40
0.9999999999999976
 10
0.0
 20
0.0
 30
0.0
 75
     1
  1
AcDbOsnapPointRef
 72
    11
331
776
 73
     2
 91
        0
 40
1.0
 10
0.0
 20
0.0
 30
0.0
332
751
 74
     2
 92
        0
 75
     0
  0
DIMASSOC
  5
801
102
{ACAD_REACTORS
330
800
102
}
330
800
100
AcDbDimAssoc
330
7FF
 90
        3
 70
     0
 71
     0
  1
AcDbOsnapPointRef
 72
    13
331
741
 73
     2
 91
        0
 40
0.0
 10
0.0
 20
0.0
 30
2.000000000000000E+50
 75
     0
  1
AcDbOsnapPointRef
 72
    13
331
73E
 73
     2
 91
        0
 40
0.0
 10
0.0
 20
0.0
 30
2.000000000000000E+50
 75
     0
  0
DIMASSOC
  5
804
102
{ACAD_REACTORS
330
803
102
}
330
803
100
AcDbDimAssoc
330
802
 90
        3
 70
     0
 71
     0
  1
AcDbOsnapPointRef
 72
    13
331
790
 73
     2
 91
        0
 40
0.0
 10
0.0
 20
0.0
 30
2.000000000000000E+50
 75
     0
  1
AcDbOsnapPointRef
 72
     1
331
790
 73
     2
 91
        0
 40
1.0
 10
0.0
 20
0.0
 30
2.000000000000000E+50
 75
     0
  0
DIMASSOC
  5
807
102
{ACAD_REACTORS
330
806
102
}
330
806
100
AcDbDimAssoc
330
805
 90
        1
 70
     0
 71
     0
  1
AcDbOsnapPointRef
 72
     1
331
7A0
 73
     2
 91
        0
 40
1.0
 10
0.0
 20
0.0
 30
2.000000000000000E+50
 75
     0
  0
DIMASSOC
  5
80A
102
{ACAD_REACTORS
330
809
102
}
330
809
100
AcDbDimAssoc
330
808
 90
        3
 70
     0
 71
     0
  1
AcDbOsnapPointRef
 72
     1
331
74B
 73
     2
 91
        0
 40
1.0
 10
0.0
 20
0.0
 30
2.000000000000000E+50
 75
     0
  1
AcDbOsnapPointRef
 72
    13
331
74B
 73
     2
 91
        0
 40
0.0
 10
0.0
 20
0.0
 30
2.000000000000000E+50
 75
     0
  0
DIMASSOC
  5
80D
102
{ACAD_REACTORS
330
80C
102
}
330
80C
100
AcDbDimAssoc
330
80B
 90
        3
 70
     0
 71
     0
  1
AcDbOsnapPointRef
 72
    13
331
78F
 73
     2
 91
        0
 40
0.0
 10
0.0
 20
0.0
 30
2.000000000000000E+50
 75
     0
  1
AcDbOsnapPointRef
 72
     1
331
78F
 73
     2
 91
        0
 40
1.0
 10
0.0
 20
0.0
 30
2.000000000000000E+50
 75
     0
  0
DIMASSOC
  5
810
102
{ACAD_REACTORS
330
80F
102
}
330
80F
100
AcDbDimAssoc
330
80E
 90
        1
 70
     0
 71
     0
  1
AcDbOsnapPointRef
 72
    13
331
735
 73
     2
 91
        0
 40
0.0
 10
0.0
 20
0.0
 30
2.000000000000000E+50
 75
     0
  0
DIMASSOC
  5
813
102
{ACAD_REACTORS
330
812
102
}
330
812
100
AcDbDimAssoc
330
811
 90
        3
 70
     0
 71
     0
  1
AcDbOsnapPointRef
 72
     1
331
736
 73
     2
 91
        0
 40
1.0
 10
0.0
 20
0.0
 30
2.000000000000000E+50
 75
     0
  1
AcDbOsnapPointRef
 72
    13
331
736
 73
     2
 91
        0
 40
0.0
 10
0.0
 20
0.0
 30
2.000000000000000E+50
 75
     0
  0
DIMASSOC
  5
817
102
{ACAD_REACTORS
330
816
102
}
330
816
100
AcDbDimAssoc
330
815
 90
        2
 70
     0
 71
     0
  1
AcDbOsnapPointRef
 72
     8
331
70E
 73
     2
 91
        0
 40
0.1538461538461701
 10
0.0
 20
0.0
 30
0.0
 75
     1
  1
AcDbOsnapPointRef
 72
     0
 40
0.0
 10
31516.9237978953
 20
-1279.254751016554
 30
0.0
 75
     0
  0
DIMASSOC
  5
81A
102
{ACAD_REACTORS
330
819
102
}
330
819
100
AcDbDimAssoc
330
818
 90
        1
 70
     0
 71
     0
  1
AcDbOsnapPointRef
 72
    13
331
757
 73
     2
 91
        0
 40
0.0
 10
0.0
 20
0.0
 30
2.000000000000000E+50
 75
     0
  0
DIMASSOC
  5
829
102
{ACAD_REACTORS
330
828
102
}
330
828
100
AcDbDimAssoc
330
827
 90
        1
 70
     0
 71
     0
  1
AcDbOsnapPointRef
 72
    13
331
824
 73
     2
 91
        0
 40
0.0
 10
0.0
 20
0.0
 30
2.000000000000000E+50
 75
     0
  0
DIMASSOC
  5
830
102
{ACAD_REACTORS
330
82F
102
}
330
82F
100
AcDbDimAssoc
330
82E
 90
        1
 70
     0
 71
     0
  1
AcDbOsnapPointRef
 72
    13
331
82B
 73
     2
 91
        0
 40
0.0
 10
0.0
 20
0.0
 30
2.000000000000000E+50
 75
     0
  0
DIMASSOC
  5
845
102
{ACAD_REACTORS
330
844
102
}
330
844
100
AcDbDimAssoc
330
843
 90
        2
 70
     0
 71
     0
  1
AcDbOsnapPointRef
 72
    11
331
83D
 73
     2
 91
        0
 40
1.0
 10
0.0
 20
0.0
 30
0.0
332
735
 74
     2
 92
        0
 75
     0
  0
DIMASSOC
  5
850
102
{ACAD_REACTORS
330
84F
102
}
330
84F
100
AcDbDimAssoc
330
84E
 90
        3
 70
     0
 71
     0
  1
AcDbOsnapPointRef
 72
     1
331
839
 73
     2
 91
        0
 40
1.0
 10
0.0
 20
0.0
 30
2.000000000000000E+50
 75
     0
  1
AcDbOsnapPointRef
 72
    13
331
839
 73
     2
 91
        0
 40
0.0
 10
0.0
 20
0.0
 30
2.000000000000000E+50
 75
     0
  0
DIMASSOC
  5
859
102
{ACAD_REACTORS
330
858
102
}
330
858
100
AcDbDimAssoc
330
857
 90
        2
 70
     0
 71
     0
  1
AcDbOsnapPointRef
 72
    11
331
856
331
4A0
 73
     2
 91
        0
 40
0.999999999971856
 10
0.0
 20
0.0
 30
0.0
332
705
 74
     2
 92
        0
 75
     0
  0
DIMASSOC
  5
85F
102
{ACAD_REACTORS
330
85E
102
}
330
85E
100
AcDbDimAssoc
330
85D
 90
        3
 70
     0
 71
     0
  1
AcDbOsnapPointRef
 72
    13
331
85C
 73
     2
 91
        4
 40
0.0
 10
0.0
 20
0.0
 30
2.000000000000000E+50
 75
     0
  1
AcDbOsnapPointRef
 72
     1
331
85C
 73
     2
 91
        4
 40
1.0
 10
0.0
 20
0.0
 30
2.000000000000000E+50
 75
     0
  0
DIMASSOC
  5
862
102
{ACAD_REACTORS
330
861
102
}
330
861
100
AcDbDimAssoc
330
860
 90
        3
 70
     0
 71
     0
  1
AcDbOsnapPointRef
 72
    13
331
85C
 73
     2
 91
        3
 40
0.0
 10
0.0
 20
0.0
 30
2.000000000000000E+50
 75
     0
  1
AcDbOsnapPointRef
 72
     1
331
85C
 73
     2
 91
        3
 40
1.0
 10
0.0
 20
0.0
 30
2.000000000000000E+50
 75
     0
  0
DIMASSOC
  5
866
102
{ACAD_REACTORS
330
865
102
}
330
865
100
AcDbDimAssoc
330
864
 90
        3
 70
     0
 71
     0
  1
AcDbOsnapPointRef
 72
     1
331
842
 73
     2
 91
        0
 40
1.0
 10
0.0
 20
0.0
 30
2.000000000000000E+50
 75
     0
  1
AcDbOsnapPointRef
 72
    13
331
842
 73
     2
 91
        0
 40
0.0
 10
0.0
 20
0.0
 30
2.000000000000000E+50
 75
     0
  0
DIMASSOC
  5
869
102
{ACAD_REACTORS
330
868
102
}
330
868
100
AcDbDimAssoc
330
867
 90
        3
 70
     0
 71
     0
  1
AcDbOsnapPointRef
 72
     1
331
83A
 73
     2
 91
        0
 40
1.0
 10
0.0
 20
0.0
 30
2.000000000000000E+50
 75
     0
  1
AcDbOsnapPointRef
 72
    13
331
83A
 73
     2
 91
        0
 40
0.0
 10
0.0
 20
0.0
 30
2.000000000000000E+50
 75
     0
  0
DIMASSOC
  5
86C
102
{ACAD_REACTORS
330
86B
102
}
330
86B
100
AcDbDimAssoc
330
86A
 90
        3
 70
     0
 71
     0
  1
AcDbOsnapPointRef
 72
    13
331
767
 73
     2
 91
        0
 40
0.0
 10
0.0
 20
0.0
 30
2.000000000000000E+50
 75
     0
  1
AcDbOsnapPointRef
 72
     1
331
767
 73
     2
 91
        0
 40
1.0
 10
0.0
 20
0.0
 30
2.000000000000000E+50
 75
     0
  0
ACDBDETAILVIEWSTYLE
  5
1AC
102
{ACAD_REACTORS
330
1AB
102
}
102
{ACAD_XDICTIONARY
360
1470
102
}
330
1AB
100
AcDbModelDocViewStyle
 70
     0
  3
Imperial24
290
     0
100
AcDbDetailViewStyle
 70
     0
 71
     0
 90
        3
 71
     1
340
11
 62
   256
 40
0.24
340
0
 62
   256
 40
0.24
300

 40
0.36
280
     3
 71
     2
340
16
 90
       25
 62
   256
 71
     3
340
11
 62
   256
 40
0.24
 90
        1
 40
0.75
 90
        1
300
%<\AcVar ViewType \f "%tc1">% %<\AcVar ViewDetailId>%\PSCALE %<\AcVar ViewScale \f "%sn">%
 71
     4
340
16
 90
       25
 62
   256
340
16
 90
       25
 62
   256
280
     0
  0
LAYOUT
  5
59
102
{ACAD_REACTORS
330
1A
102
}
330
1A
100
AcDbPlotSettings
  1

  2
None
  4

  6

 40
0.0
 41
0.0
 42
0.0
 43
0.0
 44
0.0
 45
0.0
 46
0.0
 47
0.0
 48
0.0
 49
0.0
140
0.0
141
0.0
142
1.0
143
1.0
 70
   688
 72
     0
 73
     0
 74
     5
  7

 75
    16
 76
     0
 77
     2
 78
   300
147
1.0
148
0.0
149
0.0
100
AcDbLayout
  1
Layout1
 70
     1
 71
     1
 10
0.0
 20
0.0
 11
12.0
 21
9.0
 12
0.0
 22
0.0
 32
0.0
 14
0.0
 24
0.0
 34
0.0
 15
0.0
 25
0.0
 35
0.0
146
0.0
 13
0.0
 23
0.0
 33
0.0
 16
1.0
 26
0.0
 36
0.0
 17
0.0
 27
1.0
 37
0.0
 76
     0
330
58
  0
LAYOUT
  5
5E
102
{ACAD_REACTORS
330
1A
102
}
330
1A
100
AcDbPlotSettings
  1

  2
None
  4

  6

 40
0.0
 41
0.0
 42
0.0
 43
0.0
 44
0.0
 45
0.0
 46
0.0
 47
0.0
 48
0.0
 49
0.0
140
0.0
141
0.0
142
1.0
143
1.0
 70
   688
 72
     0
 73
     0
 74
     5
  7

 75
    16
 76
     0
 77
     2
 78
   300
147
1.0
148
0.0
149
0.0
100
AcDbLayout
  1
Layout2
 70
     1
 71
     2
 10
0.0
 20
0.0
 11
12.0
 21
9.0
 12
0.0
 22
0.0
 32
0.0
 14
0.0
 24
0.0
 34
0.0
 15
0.0
 25
0.0
 35
0.0
146
0.0
 13
0.0
 23
0.0
 33
0.0
 16
1.0
 26
0.0
 36
0.0
 17
0.0
 27
1.0
 37
0.0
 76
     0
330
5D
  0
LAYOUT
  5
22
102
{ACAD_REACTORS
330
1A
102
}
102
{ACAD_XDICTIONARY
360
1472
102
}
330
1A
100
AcDbPlotSettings
  1

  2
none_device
  4
ANSI_A_(8.50_x_11.00_Inches)
  6

 40
6.349999904632568
 41
19.04999923706055
 42
6.350006103515625
 43
19.04998779296875
 44
215.8999938964844
 45
279.3999938964844
 46
0.0
 47
0.0
 48
0.0
 49
0.0
140
0.0
141
0.0
142
1.0
143
2.584895464708374
 70
 11952
 72
     0
 73
     1
 74
     0
  7

 75
     0
 76
     0
 77
     2
 78
   300
147
0.3868628397755418
148
0.0
149
0.0
100
AcDbLayout
  1
Model
 70
     1
 71
     0
 10
0.0
 20
0.0
 11
12.0
 21
9.0
 12
0.0
 22
0.0
 32
0.0
 14
0.0
 24
0.0
 34
0.0
 15
0.0
 25
0.0
 35
0.0
146
0.0
 13
0.0
 23
0.0
 33
0.0
 16
1.0
 26
0.0
 36
0.0
 17
0.0
 27
1.0
 37
0.0
 76
     0
330
1F
331
94
  0
MATERIAL
  5
97
102
{ACAD_REACTORS
330
72
102
}
102
{ACAD_XDICTIONARY
360
188
102
}
330
72
100
AcDbMaterial
  1
ByBlock
 73
     2
 78
     2
172
     2
176
     2
270
     2
274
     2
  0
MATERIAL
  5
96
102
{ACAD_REACTORS
330
72
102
}
102
{ACAD_XDICTIONARY
360
186
102
}
330
72
100
AcDbMaterial
  1
ByLayer
 73
     2
 78
     2
172
     2
176
     2
270
     2
274
     2
  0
MATERIAL
  5
98
102
{ACAD_REACTORS
330
72
102
}
102
{ACAD_XDICTIONARY
360
110
102
}
330
72
100
AcDbMaterial
  1
Global
 73
     2
 43
0.0208000000566244
 43
0.0
 43
0.0
 43
0.0
 43
0.0
 43
0.0208000000566244
 43
0.0
 43
0.0
 43
0.0
 43
0.0
 43
1.0
 43
0.0
 43
0.0
 43
0.0
 43
0.0
 43
1.0
 78
     2
172
     2
 49
0.0208000000566244
 49
0.0
 49
0.0
 49
0.0
 49
0.0
 49
0.0208000000566244
 49
0.0
 49
0.0
 49
0.0
 49
0.0
 49
1.0
 49
0.0
 49
0.0
 49
0.0
 49
0.0
 49
1.0
176
     2
142
0.0208000000566244
142
0.0
142
0.0
142
0.0
142
0.0
142
0.0208000000566244
142
0.0
142
0.0
142
0.0
142
0.0
142
1.0
142
0.0
142
0.0
142
0.0
142
0.0
142
1.0
270
     2
144
0.0208000000566244
144
0.0
144
0.0
144
0.0
144
0.0
144
0.0208000000566244
144
0.0
144
0.0
144
0.0
144
0.0
144
1.0
144
0.0
144
0.0
144
0.0
144
0.0
144
1.0
274
     2
1001
ACAD
1070
    -1
1070
     3
1070
     0
1000

1071
        0
1070
     0
  0
MLEADERSTYLE
  5
E5
102
{ACAD_REACTORS
330
D7
102
}
102
{ACAD_XDICTIONARY
360
1477
102
}
330
D7
100
AcDbMLeaderStyle
170
     2
171
     1
172
     0
 90
        2
 40
0.0
 41
0.0
173
     1
 91
-1056964608
340
14
 92
       -2
290
     1
 42
0.09
291
     1
 43
0.36
  3
Standard
341
0
 44
0.18
300

342
11
174
     1
178
     1
175
     1
176
     0
 93
-1056964608
 45
0.18
292
     0
297
     0
 46
0.18
343
0
 94
-1056964608
 47
1.0
 49
1.0
140
1.0
293
     1
141
0.0
294
     1
177
     0
142
1.0
295
     0
296
     1
143
0.125
1001
ACAD_MLEADERVER
1070
     2
  0
MLEADERSTYLE
  5
D8
102
{ACAD_REACTORS
330
D7
102
}
102
{ACAD_XDICTIONARY
360
1479
102
}
330
D7
100
AcDbMLeaderStyle
170
     2
171
     1
172
     0
 90
        2
 40
0.0
 41
0.0
173
     1
 91
-1056964608
340
14
 92
       -2
290
     1
 42
0.09
291
     1
 43
0.36
  3
Standard
341
0
 44
0.18
300

342
11
174
     1
178
     1
175
     1
176
     0
 93
-1056964608
 45
0.18
292
     0
297
     0
 46
0.18
343
0
 94
-1056964608
 47
1.0
 49
1.0
140
1.0
293
     1
141
0.0
294
     1
177
     0
142
1.0
295
     0
296
     0
143
0.125
1001
ACAD_MLEADERVER
1070
     2
  0
MLINESTYLE
  5
18
102
{ACAD_REACTORS
330
17
102
}
330
17
100
AcDbMlineStyle
  2
STANDARD
 70
     0
  3

 62
   256
 51
90.0
 52
90.0
 71
     2
 49
0.5
 62
   256
  6
BYLAYER
 49
-0.5
 62
   256
  6
BYLAYER
  0
ACDBPLACEHOLDER
  5
F
102
{ACAD_REACTORS
330
E
102
}
330
E
  0
SCALE
  5
B7
102
{ACAD_REACTORS
330
B6
102
}
330
B6
100
AcDbScale
 70
     0
300
1:1
140
1.0
141
1.0
290
     1
  0
SCALE
  5
124
102
{ACAD_REACTORS
330
B6
102
}
330
B6
100
AcDbScale
 70
     0
300
1:2
140
1.0
141
2.0
290
     0
  0
SCALE
  5
125
102
{ACAD_REACTORS
330
B6
102
}
330
B6
100
AcDbScale
 70
     0
300
1:4
140
1.0
141
4.0
290
     0
  0
SCALE
  5
126
102
{ACAD_REACTORS
330
B6
102
}
330
B6
100
AcDbScale
 70
     0
300
1:5
140
1.0
141
5.0
290
     0
  0
SCALE
  5
127
102
{ACAD_REACTORS
330
B6
102
}
330
B6
100
AcDbScale
 70
     0
300
1:8
140
1.0
141
8.0
290
     0
  0
SCALE
  5
128
102
{ACAD_REACTORS
330
B6
102
}
330
B6
100
AcDbScale
 70
     0
300
1:10
140
1.0
141
10.0
290
     0
  0
SCALE
  5
129
102
{ACAD_REACTORS
330
B6
102
}
330
B6
100
AcDbScale
 70
     0
300
1:16
140
1.0
141
16.0
290
     0
  0
SCALE
  5
12A
102
{ACAD_REACTORS
330
B6
102
}
330
B6
100
AcDbScale
 70
     0
300
1:20
140
1.0
141
20.0
290
     0
  0
SCALE
  5
12B
102
{ACAD_REACTORS
330
B6
102
}
330
B6
100
AcDbScale
 70
     0
300
1:30
140
1.0
141
30.0
290
     0
  0
SCALE
  5
12C
102
{ACAD_REACTORS
330
B6
102
}
330
B6
100
AcDbScale
 70
     0
300
1:40
140
1.0
141
40.0
290
     0
  0
SCALE
  5
12D
102
{ACAD_REACTORS
330
B6
102
}
330
B6
100
AcDbScale
 70
     0
300
1:50
140
1.0
141
50.0
290
     0
  0
SCALE
  5
12E
102
{ACAD_REACTORS
330
B6
102
}
330
B6
100
AcDbScale
 70
     0
300
1:100
140
1.0
141
100.0
290
     0
  0
SCALE
  5
12F
102
{ACAD_REACTORS
330
B6
102
}
330
B6
100
AcDbScale
 70
     0
300
2:1
140
2.0
141
1.0
290
     0
  0
SCALE
  5
130
102
{ACAD_REACTORS
330
B6
102
}
330
B6
100
AcDbScale
 70
     0
300
4:1
140
4.0
141
1.0
290
     0
  0
SCALE
  5
131
102
{ACAD_REACTORS
330
B6
102
}
330
B6
100
AcDbScale
 70
     0
300
8:1
140
8.0
141
1.0
290
     0
  0
SCALE
  5
132
102
{ACAD_REACTORS
330
B6
102
}
330
B6
100
AcDbScale
 70
     0
300
10:1
140
10.0
141
1.0
290
     0
  0
SCALE
  5
133
102
{ACAD_REACTORS
330
B6
102
}
330
B6
100
AcDbScale
 70
     0
300
100:1
140
100.0
141
1.0
290
     0
  0
SCALE
  5
134
102
{ACAD_REACTORS
330
B6
102
}
330
B6
100
AcDbScale
 70
     0
300
1/128" = 1'-0"
140
0.0078125
141
12.0
290
     0
  0
SCALE
  5
135
102
{ACAD_REACTORS
330
B6
102
}
330
B6
100
AcDbScale
 70
     0
300
1/64" = 1'-0"
140
0.015625
141
12.0
290
     0
  0
SCALE
  5
136
102
{ACAD_REACTORS
330
B6
102
}
330
B6
100
AcDbScale
 70
     0
300
1/32" = 1'-0"
140
0.03125
141
12.0
290
     0
  0
SCALE
  5
137
102
{ACAD_REACTORS
330
B6
102
}
330
B6
100
AcDbScale
 70
     0
300
1/16" = 1'-0"
140
0.0625
141
12.0
290
     0
  0
SCALE
  5
138
102
{ACAD_REACTORS
330
B6
102
}
330
B6
100
AcDbScale
 70
     0
300
3/32" = 1'-0"
140
0.09375
141
12.0
290
     0
  0
SCALE
  5
139
102
{ACAD_REACTORS
330
B6
102
}
330
B6
100
AcDbScale
 70
     0
300
1/8" = 1'-0"
140
0.125
141
12.0
290
     0
  0
SCALE
  5
13A
102
{ACAD_REACTORS
330
B6
102
}
330
B6
100
AcDbScale
 70
     0
300
3/16" = 1'-0"
140
0.1875
141
12.0
290
     0
  0
SCALE
  5
13B
102
{ACAD_REACTORS
330
B6
102
}
330
B6
100
AcDbScale
 70
     0
300
1/4" = 1'-0"
140
0.25
141
12.0
290
     0
  0
SCALE
  5
13C
102
{ACAD_REACTORS
330
B6
102
}
330
B6
100
AcDbScale
 70
     0
300
3/8" = 1'-0"
140
0.375
141
12.0
290
     0
  0
SCALE
  5
13D
102
{ACAD_REACTORS
330
B6
102
}
330
B6
100
AcDbScale
 70
     0
300
1/2" = 1'-0"
140
0.5
141
12.0
290
     0
  0
SCALE
  5
13E
102
{ACAD_REACTORS
330
B6
102
}
330
B6
100
AcDbScale
 70
     0
300
3/4" = 1'-0"
140
0.75
141
12.0
290
     0
  0
SCALE
  5
13F
102
{ACAD_REACTORS
330
B6
102
}
330
B6
100
AcDbScale
 70
     0
300
1" = 1'-0"
140
1.0
141
12.0
290
     0
  0
SCALE
  5
140
102
{ACAD_REACTORS
330
B6
102
}
330
B6
100
AcDbScale
 70
     0
300
1-1/2" = 1'-0"
140
1.5
141
12.0
290
     0
  0
SCALE
  5
141
102
{ACAD_REACTORS
330
B6
102
}
330
B6
100
AcDbScale
 70
     0
300
3" = 1'-0"
140
3.0
141
12.0
290
     0
  0
SCALE
  5
142
102
{ACAD_REACTORS
330
B6
102
}
330
B6
100
AcDbScale
 70
     0
300
6" = 1'-0"
140
6.0
141
12.0
290
     0
  0
SCALE
  5
143
102
{ACAD_REACTORS
330
B6
102
}
330
B6
100
AcDbScale
 70
     0
300
1'-0" = 1'-0"
140
12.0
141
12.0
290
     0
  0
ACDBSECTIONVIEWSTYLE
  5
1AA
102
{ACAD_REACTORS
330
1A8
102
}
102
{ACAD_XDICTIONARY
360
147B
102
}
330
1A8
100
AcDbModelDocViewStyle
 70
     0
  3
Imperial24
290
     0
100
AcDbSectionViewStyle
 70
     0
 71
     0
 90
       78
 71
     1
340
11
 62
   256
 40
0.24
340
0
340
0
 62
   256
 40
0.24
300
I, O, Q, S, X, Z
 40
0.48
 90
        3
 40
0.18
 90
        1
 71
     2
340
16
 90
       25
 62
   256
340
16
 90
       50
 62
   256
 40
0.24
 40
0.0
 40
0.24
 71
     3
340
11
 62
   256
 40
0.24
 90
        1
 40
0.75
 90
        1
300
%<\AcVar ViewType \f "%tc1">% %<\AcVar ViewSectionStartId>%-%<\AcVar ViewSectionEndId>%\PSCALE %<\AcVar ViewScale \f "%sn">%
 71
     4
 62
   256
 62
   257
300
ANSI31
 40
1.0
 90
        0
290
     0
290
     0
 90
        6
 40
0.0
 40
1.570796326794897
 40
0.2617993877991494
 40
1.308996938995747
 40
-0.2617993877991494
 40
1.832595714594046
  0
TABLESTYLE
  5
87
102
{ACAD_REACTORS
330
86
102
}
102
{ACAD_XDICTIONARY
360
147D
102
}
330
86
100
AcDbTableStyle
  3
Standard
 70
     0
 71
     0
 40
0.06
 41
0.06
280
     0
281
     0
  7
Standard
140
0.18
170
     2
 62
     0
 63
   257
283
     0
274
    -2
284
     1
 64
     0
275
    -2
285
     1
 65
     0
276
    -2
286
     1
 66
     0
277
    -2
287
     1
 67
     0
278
    -2
288
     1
 68
     0
279
    -2
289
     1
 69
     0
  7
Standard
140
0.25
170
     5
 62
     0
 63
   257
283
     0
274
    -2
284
     1
 64
     0
275
    -2
285
     1
 65
     0
276
    -2
286
     1
 66
     0
277
    -2
287
     1
 67
     0
278
    -2
288
     1
 68
     0
279
    -2
289
     1
 69
     0
  7
Standard
140
0.18
170
     5
 62
     0
 63
   257
283
     0
274
    -2
284
     1
 64
     0
275
    -2
285
     1
 65
     0
276
    -2
286
     1
 66
     0
277
    -2
287
     1
 67
     0
278
    -2
288
     1
 68
     0
279
    -2
289
     1
 69
     0
  0
VISUALSTYLE
  5
9F
102
{ACAD_REACTORS
330
99
102
}
102
{ACAD_XDICTIONARY
360
1480
102
}
330
99
100
AcDbVisualStyle
  2
2dWireframe
 70
     4
 71
     0
 72
     2
 73
     1
 90
        0
 40
0.6
 41
30.0
 62
     5
 63
     7
421
 16777215
 74
     1
 91
        4
 64
     7
 65
   257
 75
     1
175
     1
 42
1.0
 92
        0
 66
   257
 43
1.0
 76
     1
 77
     6
 78
     2
 67
     7
 79
     5
170
     0
171
     0
290
     0
174
     0
 93
        1
 44
0.0
173
     0
291
     0
 45
0.0
1001
ACAD
1000
AcDbSavedByObjectVersion
1070
     0
  0
VISUALSTYLE
  5
9E
102
{ACAD_REACTORS
330
99
102
}
102
{ACAD_XDICTIONARY
360
1482
102
}
330
99
100
AcDbVisualStyle
  2
Basic
 70
     7
 71
     1
 72
     0
 73
     1
 90
        0
 40
0.6
 41
30.0
 62
     5
 63
     7
421
 16777215
 74
     0
 91
        4
 64
     7
 65
   257
 75
     1
175
     1
 42
1.0
 92
        8
 66
     7
 43
1.0
 76
     1
 77
     6
 78
     2
 67
     7
 79
     5
170
     0
171
     0
290
     0
174
     0
 93
        1
 44
0.0
173
     0
291
     1
 45
0.0
1001
ACAD
1000
AcDbSavedByObjectVersion
1070
     0
  0
VISUALSTYLE
  5
A5
102
{ACAD_REACTORS
330
99
102
}
102
{ACAD_XDICTIONARY
360
1484
102
}
330
99
100
AcDbVisualStyle
  2
Brighten
 70
    12
 71
     2
 72
     2
 73
     1
 90
        0
 40
0.6
 41
30.0
 62
     5
 63
     7
421
 16777215
 74
     1
 91
        4
 64
     7
 65
   257
 75
     1
175
     1
 42
1.0
 92
        8
 66
     7
 43
1.0
 76
     1
 77
     6
 78
     2
 67
     7
 79
     5
170
     0
171
     0
290
     0
174
     0
 93
        1
 44
50.0
173
     0
291
     1
 45
0.0
1001
ACAD
1000
AcDbSavedByObjectVersion
1070
     0
  0
VISUALSTYLE
  5
A9
102
{ACAD_REACTORS
330
99
102
}
102
{ACAD_XDICTIONARY
360
1486
102
}
330
99
100
AcDbVisualStyle
  2
ColorChange
 70
    16
 71
     2
 72
     2
 73
     3
 90
        0
 40
0.6
 41
30.0
 62
     5
 63
     8
421
  8421504
 74
     1
 91
        4
 64
     7
 65
   257
 75
     1
175
     1
 42
1.0
 92
        8
 66
     8
424
  8421504
 43
1.0
 76
     1
 77
     6
 78
     2
 67
     7
 79
     5
170
     0
171
     0
290
     0
174
     0
 93
        1
 44
0.0
173
     0
291
     1
 45
0.0
1001
ACAD
1000
AcDbSavedByObjectVersion
1070
     0
  0
VISUALSTYLE
  5
A2
102
{ACAD_REACTORS
330
99
102
}
102
{ACAD_XDICTIONARY
360
1488
102
}
330
99
100
AcDbVisualStyle
  2
Conceptual
 70
     9
 71
     3
 72
     2
 73
     1
 90
        0
 40
0.6
 41
30.0
 62
     5
 63
     7
421
 16777215
 74
     2
 91
        2
 64
     7
 65
   257
 75
     1
175
     1
 42
40.0
 92
        8
 66
     7
 43
1.0
 76
     1
 77
     6
 78
     2
 67
     7
 79
     3
170
     0
171
     0
290
     0
174
     0
 93
        1
 44
0.0
173
     0
291
     0
 45
0.0
1001
ACAD
1000
AcDbSavedByObjectVersion
1070
     0
  0
VISUALSTYLE
  5
A4
102
{ACAD_REACTORS
330
99
102
}
102
{ACAD_XDICTIONARY
360
148A
102
}
330
99
100
AcDbVisualStyle
  2
Dim
 70
    11
 71
     2
 72
     2
 73
     1
 90
        0
 40
0.6
 41
30.0
 62
     5
 63
     7
421
 16777215
 74
     1
 91
        4
 64
     7
 65
   257
 75
     1
175
     1
 42
1.0
 92
        8
 66
     7
 43
1.0
 76
     1
 77
     6
 78
     2
 67
     7
 79
     5
170
     0
171
     0
290
     0
174
     0
 93
        1
 44
-50.0
173
     0
291
     1
 45
0.0
1001
ACAD
1000
AcDbSavedByObjectVersion
1070
     0
  0
VISUALSTYLE
  5
175
102
{ACAD_REACTORS
330
99
102
}
102
{ACAD_XDICTIONARY
360
148C
102
}
330
99
100
AcDbVisualStyle
  2
EdgeColorOff
 70
    22
 71
     2
 72
     2
 73
     0
 90
        0
 40
0.6
 41
30.0
 62
     5
 63
     7
421
 16777215
 74
     1
 91
        4
 64
     7
 65
   257
 75
     1
175
     1
 42
1.0
 92
        8
 66
     7
 43
1.0
 76
     1
 77
     6
 78
     2
 67
     7
 79
     5
170
     0
171
     0
290
     0
174
     0
 93
        1
 44
0.0
173
     0
291
     1
 45
0.0
1001
ACAD
1000
AcDbSavedByObjectVersion
1070
     0
  0
VISUALSTYLE
  5
A8
102
{ACAD_REACTORS
330
99
102
}
102
{ACAD_XDICTIONARY
360
148E
102
}
330
99
100
AcDbVisualStyle
  2
Facepattern
 70
    15
 71
     2
 72
     2
 73
     1
 90
        0
 40
0.6
 41
30.0
 62
     5
 63
     7
421
 16777215
 74
     1
 91
        4
 64
     7
 65
   257
 75
     1
175
     1
 42
1.0
 92
        8
 66
     7
 43
1.0
 76
     1
 77
     6
 78
     2
 67
     7
 79
     5
170
     0
171
     0
290
     0
174
     0
 93
        1
 44
0.0
173
     0
291
     1
 45
0.0
1001
ACAD
1000
AcDbSavedByObjectVersion
1070
     0
  0
VISUALSTYLE
  5
9A
102
{ACAD_REACTORS
330
99
102
}
102
{ACAD_XDICTIONARY
360
1490
102
}
330
99
100
AcDbVisualStyle
  2
Flat
 70
     0
 71
     2
 72
     1
 73
     1
 90
        2
 40
0.6
 41
30.0
 62
     5
 63
     7
421
 16777215
 74
     0
 91
        0
 64
     7
 65
   257
 75
     1
175
     1
 42
1.0
 92
        8
 66
     7
 43
1.0
 76
     1
 77
     6
 78
     2
 67
     7
 79
     5
170
     0
171
     0
290
     0
174
     0
 93
       13
 44
0.0
173
     0
291
     1
 45
0.0
1001
ACAD
1000
AcDbSavedByObjectVersion
1070
     0
  0
VISUALSTYLE
  5
9B
102
{ACAD_REACTORS
330
99
102
}
102
{ACAD_XDICTIONARY
360
1492
102
}
330
99
100
AcDbVisualStyle
  2
FlatWithEdges
 70
     1
 71
     2
 72
     1
 73
     1
 90
        2
 40
0.6
 41
30.0
 62
     5
 63
     7
421
 16777215
 74
     1
 91
        0
 64
     7
 65
   257
 75
     1
175
     1
 42
1.0
 92
        0
 66
   257
 43
1.0
 76
     1
 77
     6
 78
     2
 67
     7
 79
     5
170
     0
171
     0
290
     0
174
     0
 93
       13
 44
0.0
173
     0
291
     1
 45
0.0
1001
ACAD
1000
AcDbSavedByObjectVersion
1070
     0
  0
VISUALSTYLE
  5
9C
102
{ACAD_REACTORS
330
99
102
}
102
{ACAD_XDICTIONARY
360
1494
102
}
330
99
100
AcDbVisualStyle
  2
Gouraud
 70
     2
 71
     2
 72
     2
 73
     1
 90
        2
 40
0.6
 41
30.0
 62
     5
 63
     7
421
 16777215
 74
     0
 91
        0
 64
     7
 65
   257
 75
     1
175
     1
 42
1.0
 92
        0
 66
     7
 43
1.0
 76
     1
 77
     6
 78
     2
 67
     7
 79
     5
170
     0
171
     0
290
     0
174
     0
 93
       13
 44
0.0
173
     0
291
     1
 45
0.0
1001
ACAD
1000
AcDbSavedByObjectVersion
1070
     0
  0
VISUALSTYLE
  5
9D
102
{ACAD_REACTORS
330
99
102
}
102
{ACAD_XDICTIONARY
360
1496
102
}
330
99
100
AcDbVisualStyle
  2
GouraudWithEdges
 70
     3
 71
     2
 72
     2
 73
     1
 90
        2
 40
0.6
 41
30.0
 62
     5
 63
     7
421
 16777215
 74
     1
 91
        0
 64
     7
 65
   257
 75
     1
175
     1
 42
1.0
 92
        0
 66
   257
 43
1.0
 76
     1
 77
     6
 78
     2
 67
     7
 79
     5
170
     0
171
     0
290
     0
174
     0
 93
       13
 44
0.0
173
     0
291
     1
 45
0.0
1001
ACAD
1000
AcDbSavedByObjectVersion
1070
     0
  0
VISUALSTYLE
  5
A1
102
{ACAD_REACTORS
330
99
102
}
102
{ACAD_XDICTIONARY
360
1498
102
}
330
99
100
AcDbVisualStyle
  2
Hidden
 70
     6
 71
     1
 72
     2
 73
     2
 90
        0
 40
0.6
 41
30.0
 62
     5
 63
     7
421
 16777215
 74
     2
 91
        2
 64
     7
 65
   257
 75
     2
175
     1
 42
40.0
 92
        0
 66
   257
 43
1.0
 76
     1
 77
     6
 78
     2
 67
     7
 79
     3
170
     0
171
     0
290
     0
174
     0
 93
        1
 44
0.0
173
     0
291
     0
 45
0.0
1001
ACAD
1000
AcDbSavedByObjectVersion
1070
     0
  0
VISUALSTYLE
  5
173
102
{ACAD_REACTORS
330
99
102
}
102
{ACAD_XDICTIONARY
360
149A
102
}
330
99
100
AcDbVisualStyle
  2
JitterOff
 70
    20
 71
     2
 72
     2
 73
     0
 90
        0
 40
0.6
 41
30.0
 62
     5
 63
     7
421
 16777215
 74
     1
 91
        4
 64
     7
 65
   257
 75
     1
175
     1
 42
1.0
 92
       10
 66
     7
 43
1.0
 76
     1
 77
     6
 78
     2
 67
     7
 79
     5
170
     0
171
     0
290
     0
174
     0
 93
        1
 44
0.0
173
     0
291
     1
 45
0.0
1001
ACAD
1000
AcDbSavedByObjectVersion
1070
     0
  0
VISUALSTYLE
  5
A7
102
{ACAD_REACTORS
330
99
102
}
102
{ACAD_XDICTIONARY
360
149C
102
}
330
99
100
AcDbVisualStyle
  2
Linepattern
 70
    14
 71
     2
 72
     2
 73
     1
 90
        0
 40
0.6
 41
30.0
 62
     5
 63
     7
421
 16777215
 74
     1
 91
        4
 64
     7
 65
   257
 75
     7
175
     7
 42
1.0
 92
        8
 66
     7
 43
1.0
 76
     1
 77
     6
 78
     2
 67
     7
 79
     5
170
     0
171
     0
290
     0
174
     0
 93
        1
 44
0.0
173
     0
291
     1
 45
0.0
1001
ACAD
1000
AcDbSavedByObjectVersion
1070
     0
  0
VISUALSTYLE
  5
174
102
{ACAD_REACTORS
330
99
102
}
102
{ACAD_XDICTIONARY
360
149E
102
}
330
99
100
AcDbVisualStyle
  2
OverhangOff
 70
    21
 71
     2
 72
     2
 73
     0
 90
        0
 40
0.6
 41
30.0
 62
     5
 63
     7
421
 16777215
 74
     1
 91
        4
 64
     7
 65
   257
 75
     1
175
     1
 42
1.0
 92
        9
 66
     7
 43
1.0
 76
     1
 77
     6
 78
     2
 67
     7
 79
     5
170
     0
171
     0
290
     0
174
     0
 93
        1
 44
0.0
173
     0
291
     1
 45
0.0
1001
ACAD
1000
AcDbSavedByObjectVersion
1070
     0
  0
VISUALSTYLE
  5
A3
102
{ACAD_REACTORS
330
99
102
}
102
{ACAD_XDICTIONARY
360
14A0
102
}
330
99
100
AcDbVisualStyle
  2
Realistic
 70
     8
 71
     2
 72
     3
 73
     0
 90
        2
 40
0.6
 41
30.0
 62
     5
 63
     7
421
 16777215
 74
     0
 91
        0
 64
     7
 65
   257
 75
     1
175
     1
 42
1.0
 92
        8
 66
   257
 43
1.0
 76
     1
 77
     6
 78
     2
 67
     7
 79
     3
170
     0
171
     0
290
     0
174
     0
 93
       13
 44
0.0
173
     0
291
     0
 45
0.0
1001
ACAD
1000
AcDbSavedByObjectVersion
1070
     0
  0
VISUALSTYLE
  5
182
102
{ACAD_REACTORS
330
99
102
}
102
{ACAD_XDICTIONARY
360
14A2
102
}
330
99
100
AcDbVisualStyle
  2
Shaded
 70
    27
 71
     2
 72
     2
 73
     1
 90
        2
 40
0.6
 41
30.0
 62
     5
 63
     7
421
 16777215
 74
     0
 91
        4
 64
     7
 65
   257
 75
     1
175
     1
 42
1.0
 92
        8
 66
   257
 43
1.0
 76
     1
 77
     6
 78
     2
 67
     8
425
  7895160
 79
     3
170
     0
171
     0
290
     0
174
     0
 93
        5
 44
0.0
173
     0
291
     0
 45
0.0
1001
ACAD
1000
AcDbSavedByObjectVersion
1070
     0
  0
VISUALSTYLE
  5
181
102
{ACAD_REACTORS
330
99
102
}
102
{ACAD_XDICTIONARY
360
14A4
102
}
330
99
100
AcDbVisualStyle
  2
Shaded with edges
 70
    26
 71
     2
 72
     2
 73
     1
 90
        2
 40
0.6
 41
30.0
 62
     5
 63
     7
421
 16777215
 74
     1
 91
        2
 64
     7
 65
   257
 75
     2
175
     1
 42
1.0
 92
        8
 66
   257
 43
1.0
 76
     1
 77
     6
 78
     2
 67
     7
 79
     3
170
     0
171
     0
290
     0
174
     0
 93
        5
 44
0.0
173
     0
291
     0
 45
0.0
1001
ACAD
1000
AcDbSavedByObjectVersion
1070
     0
  0
VISUALSTYLE
  5
17E
102
{ACAD_REACTORS
330
99
102
}
102
{ACAD_XDICTIONARY
360
14A6
102
}
330
99
100
AcDbVisualStyle
  2
Shades of Gray
 70
    23
 71
     2
 72
     2
 73
     3
 90
        0
 40
0.6
 41
30.0
 62
     5
 63
     7
421
 16777215
 74
     2
 91
        2
 64
     7
 65
     7
 75
     1
175
     1
 42
40.0
 92
        8
 66
     7
 43
1.0
 76
     1
 77
     6
 78
     2
 67
     7
 79
     3
170
     0
171
     0
290
     0
174
     0
 93
        1
 44
0.0
173
     0
291
     0
 45
0.0
1001
ACAD
1000
AcDbSavedByObjectVersion
1070
     0
  0
VISUALSTYLE
  5
17F
102
{ACAD_REACTORS
330
99
102
}
102
{ACAD_XDICTIONARY
360
14A8
102
}
330
99
100
AcDbVisualStyle
  2
Sketchy
 70
    24
 71
     1
 72
     2
 73
     2
 90
        0
 40
0.6
 41
30.0
 62
     5
 63
     7
421
 16777215
 74
     2
 91
        2
 64
     7
 65
     7
 75
     1
175
     1
 42
40.0
 92
       11
 66
     7
 43
1.0
 76
     1
 77
     6
 78
     2
 67
     7
 79
     6
170
     0
171
     0
290
     0
174
     0
 93
        1
 44
0.0
173
     0
291
     0
 45
0.0
1001
ACAD
1000
AcDbSavedByObjectVersion
1070
     0
  0
VISUALSTYLE
  5
A6
102
{ACAD_REACTORS
330
99
102
}
102
{ACAD_XDICTIONARY
360
14AA
102
}
330
99
100
AcDbVisualStyle
  2
Thicken
 70
    13
 71
     2
 72
     2
 73
     1
 90
        0
 40
0.6
 41
30.0
 62
     5
 63
     7
421
 16777215
 74
     1
 91
        4
 64
     7
 65
   257
 75
     1
175
     1
 42
1.0
 92
       12
 66
     7
 43
1.0
 76
     1
 77
     6
 78
     2
 67
     7
 79
     5
170
     0
171
     0
290
     0
174
     0
 93
        1
 44
0.0
173
     0
291
     1
 45
0.0
1001
ACAD
1000
AcDbSavedByObjectVersion
1070
     0
  0
VISUALSTYLE
  5
A0
102
{ACAD_REACTORS
330
99
102
}
102
{ACAD_XDICTIONARY
360
14AC
102
}
330
99
100
AcDbVisualStyle
  2
Wireframe
 70
     5
 71
     0
 72
     2
 73
     0
 90
        0
 40
0.6
 41
30.0
 62
     5
 63
     7
421
 16777215
 74
     1
 91
        4
 64
     7
 65
   257
 75
     1
175
     1
 42
1.0
 92
        0
 66
   257
 43
1.0
 76
     1
 77
     6
 78
     2
 67
     7
 79
     3
170
     0
171
     0
290
     0
174
     0
 93
        1
 44
0.0
173
     0
291
     0
 45
0.0
1001
ACAD
1000
AcDbSavedByObjectVersion
1070
     0
  0
VISUALSTYLE
  5
180
102
{ACAD_REACTORS
330
99
102
}
102
{ACAD_XDICTIONARY
360
14AE
102
}
330
99
100
AcDbVisualStyle
  2
X-Ray
 70
    25
 71
     2
 72
     2
 73
     1
 90
        1
 40
0.5
 41
30.0
 62
     5
 63
     7
421
 16777215
 74
     1
 91
        0
 64
     7
 65
   257
 75
     1
175
     1
 42
1.0
 92
        8
 66
     7
 43
1.0
 76
     1
 77
     6
 78
     2
 67
     7
 79
     3
170
     0
171
     0
290
     0
174
     0
 93
       13
 44
0.0
173
     0
291
     0
 45
0.0
1001
ACAD
1000
AcDbSavedByObjectVersion
1070
     0
  0
DICTIONARYVAR
  5
F0
102
{ACAD_REACTORS
330
66
102
}
330
66
100
DictionaryVariables
280
     0
  1
1:1
  0
DICTIONARYVAR
  5
EF
102
{ACAD_REACTORS
330
66
102
}
330
66
100
DictionaryVariables
280
     0
  1
Standard
  0
DICTIONARYVAR
  5
89
102
{ACAD_REACTORS
330
66
102
}
330
66
100
DictionaryVariables
280
     0
  1
Standard
  0
DICTIONARYVAR
  5
1B7
102
{ACAD_REACTORS
330
66
102
}
330
66
100
DictionaryVariables
280
     0
  1
Imperial24
  0
DICTIONARYVAR
  5
1B8
102
{ACAD_REACTORS
330
66
102
}
330
66
100
DictionaryVariables
280
     0
  1
Imperial24
  0
DICTIONARYVAR
  5
67
102
{ACAD_REACTORS
330
66
102
}
330
66
100
DictionaryVariables
280
     0
  1
2
  0
DICTIONARYVAR
  5
6B
102
{ACAD_REACTORS
330
66
102
}
330
66
100
DictionaryVariables
280
     0
  1
1
  0
DICTIONARYVAR
  5
14D
102
{ACAD_REACTORS
330
66
102
}
330
66
100
DictionaryVariables
280
     0
  1
0
  0
DICTIONARYVAR
  5
14E
102
{ACAD_REACTORS
330
66
102
}
330
66
100
DictionaryVariables
280
     0
  1
0
  0
DICTIONARYVAR
  5
146E
102
{ACAD_REACTORS
330
66
102
}
330
66
100
DictionaryVariables
280
     0
  1
1
  0
DICTIONARYVAR
  5
146F
102
{ACAD_REACTORS
330
66
102
}
330
66
100
DictionaryVariables
280
     0
  1
2
  0
DICTIONARY
  5
14B2
102
{ACAD_REACTORS
330
14B1
102
}
330
14B1
100
AcDbDictionary
281
     1
  0
DICTIONARY
  5
14B3
102
{ACAD_REACTORS
330
14B1
102
}
330
14B1
100
AcDbDictionary
281
     1
  3
8796078501448
350
14B4
  3
8796078501464
350
14B5
  3
8796078501480
350
14B6
  3
8796078501496
350
14B7
  3
8796078501512
350
14B8
  3
8796078501528
350
14B9
  0
DICTIONARY
  5
1470
330
1AC
100
AcDbDictionary
280
     1
281
     1
  3
ACAD_XREC_ROUNDTRIP
360
1471
  0
DICTIONARY
  5
1472
330
22
100
AcDbDictionary
280
     1
281
     1
  3
ADSK_XREC_LAYOUTTHUMBNAIL
360
1473
  0
DICTIONARY
  5
188
330
97
100
AcDbDictionary
280
     1
281
     1
  3
ACAD_XREC_ROUNDTRIP
360
1474
  3
FBXASSET
360
189
  0
DICTIONARY
  5
186
330
96
100
AcDbDictionary
280
     1
281
     1
  3
ACAD_XREC_ROUNDTRIP
360
1475
  3
FBXASSET
360
187
  0
DICTIONARY
  5
110
330
98
100
AcDbDictionary
280
     1
281
     1
  3
ACAD_XREC_ROUNDTRIP
360
1476
  3
FBXASSET
360
18A
  0
DICTIONARY
  5
1477
330
E5
100
AcDbDictionary
280
     1
281
     1
  3
ACAD_XREC_ROUNDTRIP
360
1478
  0
DICTIONARY
  5
1479
330
D8
100
AcDbDictionary
280
     1
281
     1
  3
ACAD_XREC_ROUNDTRIP
360
147A
  0
DICTIONARY
  5
147B
330
1AA
100
AcDbDictionary
280
     1
281
     1
  3
ACAD_XREC_ROUNDTRIP
360
147C
  0
DICTIONARY
  5
147D
330
87
100
AcDbDictionary
280
     1
281
     1
  3
ACAD_ROUNDTRIP_2008_TABLESTYLE_CELLSTYLEMAP
360
147F
  3
ACAD_XREC_ROUNDTRIP
360
147E
  0
DICTIONARY
  5
1480
330
9F
100
AcDbDictionary
280
     1
281
     1
  3
ACAD_XREC_ROUNDTRIP
360
1481
  0
DICTIONARY
  5
1482
330
9E
100
AcDbDictionary
280
     1
281
     1
  3
ACAD_XREC_ROUNDTRIP
360
1483
  0
DICTIONARY
  5
1484
330
A5
100
AcDbDictionary
280
     1
281
     1
  3
ACAD_XREC_ROUNDTRIP
360
1485
  0
DICTIONARY
  5
1486
330
A9
100
AcDbDictionary
280
     1
281
     1
  3
ACAD_XREC_ROUNDTRIP
360
1487
  0
DICTIONARY
  5
1488
330
A2
100
AcDbDictionary
280
     1
281
     1
  3
ACAD_XREC_ROUNDTRIP
360
1489
  0
DICTIONARY
  5
148A
330
A4
100
AcDbDictionary
280
     1
281
     1
  3
ACAD_XREC_ROUNDTRIP
360
148B
  0
DICTIONARY
  5
148C
330
175
100
AcDbDictionary
280
     1
281
     1
  3
ACAD_XREC_ROUNDTRIP
360
148D
  0
DICTIONARY
  5
148E
330
A8
100
AcDbDictionary
280
     1
281
     1
  3
ACAD_XREC_ROUNDTRIP
360
148F
  0
DICTIONARY
  5
1490
330
9A
100
AcDbDictionary
280
     1
281
     1
  3
ACAD_XREC_ROUNDTRIP
360
1491
  0
DICTIONARY
  5
1492
330
9B
100
AcDbDictionary
280
     1
281
     1
  3
ACAD_XREC_ROUNDTRIP
360
1493
  0
DICTIONARY
  5
1494
330
9C
100
AcDbDictionary
280
     1
281
     1
  3
ACAD_XREC_ROUNDTRIP
360
1495
  0
DICTIONARY
  5
1496
330
9D
100
AcDbDictionary
280
     1
281
     1
  3
ACAD_XREC_ROUNDTRIP
360
1497
  0
DICTIONARY
  5
1498
330
A1
100
AcDbDictionary
280
     1
281
     1
  3
ACAD_XREC_ROUNDTRIP
360
1499
  0
DICTIONARY
  5
149A
330
173
100
AcDbDictionary
280
     1
281
     1
  3
ACAD_XREC_ROUNDTRIP
360
149B
  0
DICTIONARY
  5
149C
330
A7
100
AcDbDictionary
280
     1
281
     1
  3
ACAD_XREC_ROUNDTRIP
360
149D
  0
DICTIONARY
  5
149E
330
174
100
AcDbDictionary
280
     1
281
     1
  3
ACAD_XREC_ROUNDTRIP
360
149F
  0
DICTIONARY
  5
14A0
330
A3
100
AcDbDictionary
280
     1
281
     1
  3
ACAD_XREC_ROUNDTRIP
360
14A1
  0
DICTIONARY
  5
14A2
330
182
100
AcDbDictionary
280
     1
281
     1
  3
ACAD_XREC_ROUNDTRIP
360
14A3
  0
DICTIONARY
  5
14A4
330
181
100
AcDbDictionary
280
     1
281
     1
  3
ACAD_XREC_ROUNDTRIP
360
14A5
  0
DICTIONARY
  5
14A6
330
17E
100
AcDbDictionary
280
     1
281
     1
  3
ACAD_XREC_ROUNDTRIP
360
14A7
  0
DICTIONARY
  5
14A8
330
17F
100
AcDbDictionary
280
     1
281
     1
  3
ACAD_XREC_ROUNDTRIP
360
14A9
  0
DICTIONARY
  5
14AA
330
A6
100
AcDbDictionary
280
     1
281
     1
  3
ACAD_XREC_ROUNDTRIP
360
14AB
  0
DICTIONARY
  5
14AC
330
A0
100
AcDbDictionary
280
     1
281
     1
  3
ACAD_XREC_ROUNDTRIP
360
14AD
  0
DICTIONARY
  5
14AE
330
180
100
AcDbDictionary
280
     1
281
     1
  3
ACAD_XREC_ROUNDTRIP
360
14AF
  0
XRECORD
  5
14B4
102
{ACAD_REACTORS
330
14B3
102
}
330
14B3
100
AcDbXrecord
280
     1
  1
AcDb_Thumbnail_Schema
102
{ATTRRECORD
341
14B6
  2
AcDbDs::TreatedAsObjectData
280
     1
291
     1
102
ATTRRECORD}
102
{ATTRRECORD
341
14B7
  2
AcDbDs::Legacy
280
     1
291
     1
102
ATTRRECORD}
  2
AcDbDs::ID
280
    10
 91
        8
102
{ATTRRECORD
341
14B8
  2
AcDs:Indexable
280
     1
291
     1
102
ATTRRECORD}
102
{ATTRRECORD
341
14B9
  2
AcDbDs::HandleAttribute
280
     7
282
     1
102
ATTRRECORD}
  2
Thumbnail_Data
280
    15
 91
        0
  0
XRECORD
  5
14B5
102
{ACAD_REACTORS
330
14B3
102
}
330
14B3
100
AcDbXrecord
280
     1
  1
AcDb3DSolid_ASM_Data
102
{ATTRRECORD
341
14B6
  2
AcDbDs::TreatedAsObjectData
280
     1
291
     1
102
ATTRRECORD}
102
{ATTRRECORD
341
14B7
  2
AcDbDs::Legacy
280
     1
291
     1
102
ATTRRECORD}
  2
AcDbDs::ID
280
    10
 91
        8
102
{ATTRRECORD
341
14B8
  2
AcDs:Indexable
280
     1
291
     1
102
ATTRRECORD}
102
{ATTRRECORD
341
14B9
  2
AcDbDs::HandleAttribute
280
     7
282
     1
102
ATTRRECORD}
  2
ASM_Data
280
    15
 91
        0
  0
XRECORD
  5
14B6
102
{ACAD_REACTORS
330
14B3
102
}
330
14B3
100
AcDbXrecord
280
     1
  1
AcDbDs::TreatedAsObjectDataSchema
  2
AcDbDs::TreatedAsObjectData
280
     1
 91
        0
  0
XRECORD
  5
14B7
102
{ACAD_REACTORS
330
14B3
102
}
330
14B3
100
AcDbXrecord
280
     1
  1
AcDbDs::LegacySchema
  2
AcDbDs::Legacy
280
     1
 91
        0
  0
XRECORD
  5
14B8
102
{ACAD_REACTORS
330
14B3
102
}
330
14B3
100
AcDbXrecord
280
     1
  1
AcDbDs::IndexedPropertySchema
  2
AcDs:Indexable
280
     1
 91
        0
  0
XRECORD
  5
14B9
102
{ACAD_REACTORS
330
14B3
102
}
330
14B3
100
AcDbXrecord
280
     1
  1
AcDbDs::HandleAttributeSchema
  2
AcDbDs::HandleAttribute
280
     7
 91
        1
284
     1
  0
XRECORD
  5
1471
102
{ACAD_REACTORS
330
1470
102
}
330
1470
100
AcDbXrecord
280
     1
102
DISPLAYNAME
  1
Imperial24
102
FLAGS
 90
        0
  0
XRECORD
  5
1473
102
{ACAD_REACTORS
330
1472
102
}
330
1472
100
AcDbXrecord
280
     1
310
2800000000010000910000000100080000000000009100000000000000000000000000000000000030282100FFFFFF00302821000000000000000000000000000000000000000000000000000000000000000000330000006600000099000000CC000000FF00000000330000333300006633000099330000CC330000FF3300
310
0000660000336600006666000099660000CC660000FF66000000990000339900006699000099990000CC990000FF99000000CC000033CC000066CC000099CC0000CCCC0000FFCC000000FF000033FF000066FF000099FF0000CCFF0000FFFF000000003300330033006600330099003300CC003300FF003300003333003333
310
33006633330099333300CC333300FF33330000663300336633006666330099663300CC663300FF66330000993300339933006699330099993300CC993300FF99330000CC330033CC330066CC330099CC3300CCCC3300FFCC330000FF330033FF330066FF330099FF3300CCFF3300FFFF330000006600330066006600660099
310
006600CC006600FF00660000336600333366006633660099336600CC336600FF33660000666600336666006666660099666600CC666600FF66660000996600339966006699660099996600CC996600FF99660000CC660033CC660066CC660099CC6600CCCC6600FFCC660000FF660033FF660066FF660099FF6600CCFF6600
310
FFFF660000009900330099006600990099009900CC009900FF00990000339900333399006633990099339900CC339900FF33990000669900336699006666990099669900CC669900FF66990000999900339999006699990099999900CC999900FF99990000CC990033CC990066CC990099CC9900CCCC9900FFCC990000FF99
310
0033FF990066FF990099FF9900CCFF9900FFFF99000000CC003300CC006600CC009900CC00CC00CC00FF00CC000033CC003333CC006633CC009933CC00CC33CC00FF33CC000066CC003366CC006666CC009966CC00CC66CC00FF66CC000099CC003399CC006699CC009999CC00CC99CC00FF99CC0000CCCC0033CCCC0066CC
310
CC0099CCCC00CCCCCC00FFCCCC0000FFCC0033FFCC0066FFCC0099FFCC00CCFFCC00FFFFCC000000FF003300FF006600FF009900FF00CC00FF00FF00FF000033FF003333FF006633FF009933FF00CC33FF00FF33FF000066FF003366FF006666FF009966FF00CC66FF00FF66FF000099FF003399FF006699FF009999FF00CC
310
99FF00FF99FF0000CCFF0033CCFF0066CCFF0099CCFF00CCCCFF00FFCCFF0000FFFF0033FFFF0066FFFF0099FFFF00CCFFFF00FFFFFF00000000000D0D0D001A1A1A00282828003535350043434300505050005D5D5D006B6B6B00787878008686860093939300A1A1A100AEAEAE00BBBBBB00C9C9C900D6D6D600E4E4E400
310
F1F1F100FFFFFF000000000000000000000000000000000000000000000000000000000000000000000000000000000000000000000000000000000000000000000000000000000000000000000000000000000000000000000000000000000000000000000000000000000000000000000000000000000000000000000000
310
00000000000000000000000000000000000000000000000000000000000000000000000000000000000000000000000000000000000000000000000000000000000000000000000000000000000000000000000000000000000000000000000000000000000000000000000000000000000000000000000000000000000000
310
00000000000000000000000000000000000000000000000000000000000000000000000000000000000000000000000000000000000000000000000000000000000000000000000000000000000000000000000000000000000000000000000000000000000000000000000000000000000000000000000000000000000000
310
00000000000000000000000000000000000000000000000000000000000000000000000000000000000000000000000000000000000000000000000000000000000000000000000000000000000000000000000000000000000000000000000000000000000000000000000000000000000000000000000000000000000000
310
00000000000000000000000000000000000000000000000000000000000000000000000000000000000000000000000000000000000000000000000000000000000000000000000000000000000000000000000000000000000000000000000000000000000000000000000000000000000000000000000000000000000000
310
00000000000000000000000000000000000000000000000000000000000000000000000000000000000000000000000000000000000000000000000000000000000000000000000000000000000000000000000000000000000000000000000000000000000000000000000000000000000000000000000000000000000000
310
00000000000000000000000000000000000000000000000000000000000000000000000000000000000000000000000000000000000000000000000000000000000000000000000000000000000000000000000000000000000000000000000000000000000000000000000000000000000000000000000000000000000000
310
00000000000000000000000000000000000000000000000000000000000000000000000000000000000000000000000000000000000000000000000000000000000000000000000000000000000000000000000000000000000000000000000000000000000000000000000000000000000000000000000000000000000000
310
00000000000000000000000000000000000000000000000000000000000000000000000000000000000000000000000000000000000000000000000000000000000000000000000000000000000000000000000000000000000000000000000000000000000000000000000000000000000000000000000000000000000000
310
00000000000000000000000000000000000000000000000000000000000000000000000000000000000000000000000000000000000000000000000000000000000000000000000000000000000000000000000000000000000000000000000000000000000000000000000000000000000000000000000000000000000000
310
00000000000000000000000000000000000000000000000000000000000000000000000000000000000000000000000000000000000000000000000000000000000000000000000000000000000000000000000000000000000000000000000000000000000000000000000000000000000000000000000000000000000000
310
00000000000000000000000000000000000000000000000000000000000000000000000000000000000000000000000000000000000000000000000000000000000000000000000000000000000000000000000000000000000000000000000000000000000000000000000000000000000000000000000000000000000000
310
00000000000000000000000000000000000000000000000000000000000000000000000000000000000000000000000000000000000000000000000000000000000000000000000000000000000000000000000000000000000000000000000000000000000000000000000000000000000000000000000000000000000000
310
00000000000000000000000000000000000000000000000000000000000000000000000000000000000000000000000000000000000000000000000000000000000000000000000000000000000000000000000000000000000000000000000000000000000000000000000000000000000000000000000000000000000000
310
00000000000000000000000000000000000000000000000000000000000000000000000000000000000000000000000000000000000000000000000000000000000000000000000000000000000000000000000000000000000000000000000000000000000000000000000000000000000000000000000000000000000000
310
00000000000000000000000000000000000000000000000000000000000000000000000000000000000000000000000000000000000000000000000000000000000000000000000000000000000000000000000000000000000000000000000000000000000000000000000000000000000000000000000000000000000000
310
00000000000000000000000000000000000000000000000000000000000000000000000000000000000000000000000000000000000000000000000000000000000000000000000000000000000000000000000000000000000000000000000000000000000000000000000000000000000000000000000000000000000000
310
00000000000000000000000000000000000000000000000000000000000000000000000000000000000000000000000000000000000000000000000000000000000000000000000000000000000000000000000000000000000000000000000000000000000000000000000000000000000000000000000000000000000000
310
00000000000000000000000000000000000000000000000000000000000000000000000000000000000000000000000000000000000000000000000000000000000000000000000000000000000000000000000000000000000000000000000000000000000000000000000000000000000000000000000000000000000000
310
00000000000000000000000000000000000000000000000000000000000000000000000000000000000000000000000000000000000000000000000000000000000000000000000000000000000000000000000000000000000000000000000000000000000000000000000000000000000000000000000000000000000000
310
00000000000000000000000000000000000000000000000000000000000000000000000000000000000000000000000000000000000000000000000000000000000000000000000000000000000000000000000000000000000000000000000000000000000000000000000000000000000000000000000000000000000000
310
00000000000000000000000000000000000000000000000000000000000000000000000000000000000000000000000000000000000000000000000000000000000000000000000000000000000000000000000000000000000000000000000000000000000000000000000000000000000000000000000000000000000000
310
00000000000000000000000000000000000000000000000000000000000000000000000000000000000000000000000000000000000000000000000000000000000000000000000000000000000000000000000000000000000000000000000000000000000000000000000000000000000000000000000000000000000000
310
00000000000000000000000000000000000000000000000000000000000000000000000000000000000000000000000000000000000000000000000000000000000000000000000000000000000000000000000000000000000000000000000000000000000000000000000000000000000000000000000000000000000000
310
00000000000000000000000000000000000000000000000000000000000000000000000000000000000000000000000000000000000000000000000000000000000000000000000000000000000000000000000000000000000000000000000000000000000000000000000000000000000000000000000000000000000000
310
00000000000000000000000000000000000000000000000000000000000000000000000000000000000000000000000000000000000000000000000000000000000000000000000000000000000000000000000000000000000000000000000000000000000000000000000000000000000000000000000000000000000000
310
00000000000000000000000000000000000000000000000000000000000000000000000000000000000000000000000000000000000000000000000000000000000000000000000000000000000000000000000000000000000000000000000000000000000000000000000000000000000000000000000000000000000000
310
00000000000000000000000000000000000000000000000000000000000000000000000000000000000000000000000000000000000000000000000000000000000000000000000000000000000000000000000000000000000000000000000000000000000000000000000000000000000000000000000000000000000000
310
00000000000000000000000000000000000000000000000000000000000000000000000000000000000000000000000000000000000000000000000000000000000000000000000000000000000000000000000000000000000000000000000000000000000000000000000000000000000000000000000000000000000000
310
00000000000000000000000000000000000000000000000000000000000000000000000000000000000000000000000000000000000000000000000000000000000000000000000000000000000000000000000000000000000000000000000000000000000000000000000000000000000000000000000000000000000000
310
00000000000000000000000000000000000000000000000000000000000000000000000000000000000000000000000000000000000000000000000000000000000000000000000000000000000000000000000000000000000000000000000000000000000000000000000000000000000000000000000000000000000000
310
00000000000000000000000000000000000000000000000000000000000000000000000000000000000000000000000000000000000000000000000000000000000000000000000000000000000000000000000000000000000000000000000000000000000000000000000000000000000000000000000000000000000000
310
00000000000000000000000000000000000000000000000000000000000000000000000000000000000000000000000000000000000000000000000000000000000000000000000000000000000000000000000000000000000000000000000000000000000000000000000000000000000000000000000000000000000000
310
00000000000000000000000000000000000000000000000000000000000000000000000000000000000000000000000000000000000000000000000000000000000000000000000000000000000000000000000000000000000000000000000000000000000000000000000000000000000000000000000000000000000000
310
00000000000000000000000000000000000000000000000000000000000000000000000000000000000000000000000000000000000000000000000000000000000000000000000000000000000000000000000000000000000000000000000000000000000000000000000000000000000000000000000000000000000000
310
00000000000000000000000000000000000000000000000000000000000000000000000000000000000000000000000000000000000000000000000000000000000000000000000000000000000000000000000000000000000000000000000000000000000000000000000000000000000000000000000000000000000000
310
00000000000000000000000000000000000000000000000000000000000000000000000000000000000000000000000000000000000000000000000000000000000000000000000000000000000000000000000000000000000000000000000000000000000000000000000000000000000000000000000000000000000000
310
00000000000000000000000000000000000000000000000000000000000000000000000000000000000000000000000000000000000000000000000000000000000000000000000000000000000000000000000000000000000000000000000000000000000000000000000000000000000000000000000000000000000000
310
00000000000000000000000000000000000000000000000000000000000000000000000000000000000000000000000000000000000000000000000000000000000000000000000000000000000000000000000000000000000000000000000000000000000000000000000000000000000000000000000000000000000000
310
00000000000000000000000000000000000000000000000000000000000000000000000000000000000000000000000000000000000000000000000000000000000000000000000000000000000000000000000000000000000000000000000000000000000000000000000000000000000000000000000000000000000000
310
00000000000000000000000000000000000000000000000000000000000000000000000000000000000000000000000000000000000000000000000000000000000000000000000000000000000000000000000000000000000000000000000000000000000000000000000000000000000000000000000000000000000000
310
00000000000000000000000000000000000000000000000000000000000000000000000000000000000000000000000000000000000000000000000000000000000000000000000000000000000000000000000000000000000000000000000000000000000000000000000000000000000000000000000000000000000000
310
00000000000000000000000000000000000000000000000000000000000000000000000000000000000000000000000000000000000000000000000000000000000000000000000000000000000000000000000000000000000000000000000000000000000000000000000000000000000000000000000000000000000000
310
00000000000000000000000000000000000000000000000000000000000000000000000000000000000000000000000000000000000000000000000000000000000000000000000000000000000000000000000000000000000000000000000000000000000000000000000000000000000000000000000000000000000000
310
00000000000000000000000000000000000000000000000000000000000000000000000000000000000000000000000000000000000000000000000000000000000000000000000000000000000000000000000000000000000000000000000000000000000000000000000000000000000000000000000000000000000000
310
00000000000000000000000000000000000000000000000000000000000000000000000000000000000000000000000000000000000000000000000000000000000000000000000000000000000000000000000000000000000000000000000000000000000000000000000000000000000000000000000000000000000000
310
00000000000000000000000000000000000000000000000000000000000000000000000000000000000000000000000000000000000000000000000000000000000000000000000000000000000000000000000000000000000000000000000000000000000000000000000000000000000000000000000000000000000000
310
00000000000000000000000000000000000000000000000000000000000000000000000000000000000000000000000000000000000000000000000000000000000000000000000000000000000000000000000000000000000000000000000000000000000000000000000000000000000000000000000000000000000000
310
00000000000000000000000000000000000000000000000000000000000000000000000000000000000000000000000000000000000000000000000000000000000000000000000000000000000000000000000000000000000000000000000000000000000000000000000000000000000000000000000000000000000000
310
00000000000000000000000000000000000000000000000000000000000000000000000000000000000000000000000000000000000000000000000000000000000000000000000000000000000000000000000000000000000000000000000000000000000000000000000000000000000000000000000000000000000000
310
00000000000000000000000000000000000000000000000000000000000000000000000000000000000000000000000000000000000000000000000000000000000000000000000000000000000000000000000000000000000000000000000000000000000000000000000000000000000000000000000000000000000000
310
00000000000000000000000000000000000000000000000000000000000000000000000000000000000000000000000000000000000000000000000000000000000000000000000000000000000000000000000000000000000000000000000000000000000000000000000000000000000000000000000000000000000000
310
00000000000000000000000000000000000000000000000000000000000000000000000000000000000000000000000000000000000000000000000000000000000000000000000000000000000000000000000000000000000000000000000000000000000000000000000000000000000000000000000000000000000000
310
00000000000000000000000000000000000000000000000000000000000000000000000000000000000000000000000000000000000000000000000000000000000000000000000000000000000000000000000000000000000000000000000000000000000000000000000000000000000000000000000000000000000000
310
00000000000000000000000000000000000000000000000000000000000000000000000000000000000000000000000000000000000000000000000000000000000000000000000000000000000000000000000000000000000000000000000000000000000000000000000000000000000000000000000000000000000000
310
00000000000000000000000000000000000000000000000000000000000000000000000000000000000000000000000000000000000000000000000000000000000000000000000000000000000000000000000000000000000000000000000000000000000000000000000000000000000000000000000000000000000000
310
00000000000000000000000000000000000000000000000000000000000000000000000000000000000000000000000000000000000000000000000000000000000000000000000000000000000000000000000000000000000000000000000000000000000000000000000000000000000000000000000000000000000000
310
00000000000000000000000000000000000000000000000000000000000000000000000000000000000000000000000000000000000000000000000000000000000000000000000000000000000000000000000000000000000000000000000000000000000000000000000000000000000000000000000000000000000000
310
00000000000000000000000000000000000000000000000000000000000000000000000000000000000000000000000000000000000000000000000000000000000000000000000000000000000000000000000000000000000000000000000000000000000000000000000000000000000000000000000000000000000000
310
00000000000000000000000000000000000000000000000000000000000000000000000000000000000000000000000000000000000000000000000000000000000000000000000000000000000000000000000000000000000000000000000000000000000000000000000000000000000000000000000000000000000000
310
00000000000000000000000000000000000000000000000000000000000000000000000000000000000000000000000000000000000000000000000000000000000000000000000000000000000000000000000000000000000000000000000000000000000000000000000000000000000000000000000000000000000000
310
00000000000000000000000000000000000000000000000000000000000000000000000000000000000000000000000000000000000000000000000000000000000000000000000000000000000000000000000000000000000000000000000000000000000000000000000000000000000000000000000000000000000000
310
00000000000000000000000000000000000000000000000000000000000000000000000000000000000000000000000000000000000000000000000000000000000000000000000000000000000000000000000000000000000000000000000000000000000000000000000000000000000000000000000000000000000000
310
00000000000000000000000000000000000000000000000000000000000000000000000000000000000000000000000000000000000000000000000000000000000000000000000000000000000000000000000000000000000000000000000000000000000000000000000000000000000000000000000000000000000000
310
00000000000000000000000000000000000000000000000000000000000000000000000000000000000000000000000000000000000000000000000000000000000000000000000000000000000000000000000000000000000000000000000000000000000000000000000000000000000000000000000000000000000000
310
00000000000000000000000000000000000000000000000000000000000000000000000000000000000000000000000000000000000000000000000000000000000000000000000000000000000000000000000000000000000000000000000000000000000000000000000000000000000000000000000000000000000000
310
00000000000000000000000000000000000000000000000000000000000000000000000000000000000000000000000000000000000000000000000000000000000000000000000000000000000000000000000000000000000000000000000000000000000000000000000000000000000000000000000000000000000000
310
00000000000000000000000000000000000000000000000000000000000000000000000000000000000000000000000000000000000000000000000000000000000000000000000000000000000000000000000000000000000000000000000000000000000000000000000000000000000000000000000000000000000000
310
00000000000000000000000000000000000000000000000000000000000000000000000000000000000000000000000000000000000000000000000000000000000000000000000000000000000000000000000000000000000000000000000000000000000000000000000000000000000000000000000000000000000000
310
00000000000000000000000000000000000000000000000000000000000000000000000000000000000000000000000000000000000000000000000000000000000000000000000000000000000000000000000000000000000000000000000000000000000000000000000000000000000000000000000000000000000000
310
00000000000000000000000000000000000000000000000000000000000000000000000000000000000000000000000000000000000000000000000000000000000000000000000000000000000000000000000000000000000000000000000000000000000000000000000000000000000000000000000000000000000000
310
00000000000000000000000000000000000000000000000000000000000000000000000000000000000000000000000000000000000000000000000000000000000000000000000000000000000000000000000000000000000000000000000000000000000000000000000000000000000000000000000000000000000000
310
00000000000000000000000000000000000000000000000000000000000000000000000000000000000000000000000000000000000000000000000000000000000000000000000000000000000000000000000000000000000000000000000000000000000000000000000000000000000000000000000000000000000000
310
00000000000000000000000000000000000000000000000000000000000000000000000000000000000000000000000000000000000000000000000000000000000000000000000000000000000000000000000000000000000000000000000000000000000000000000000000000000000000000000000000000000000000
310
00000000000000000000000000000000000000000000000000000000000000000000000000000000000000000000000000000000000000000000000000000000000000000000000000000000000000000000000000000000000000000000000000000000000000000000000000000000000000000000000000000000000000
310
00000000000000000000000000000000000000000000000000000000000000000000000000000000000000000000000000000000000000000000000000000000000000000000000000000000000000000000000000000000000000000000000000000000000000000000000000000000000000000000000000000000000000
310
00000000000000000000000000000000000000000000000000000000000000000000000000000000000000000000000000000000000000000000000000000000000000000000000000000000000000000000000000000000000000000000000000000000000000000000000000000000000000000000000000000000000000
310
00000000000000000000000000000000000000000000000000000000000000000000000000000000000000000000000000000000000000000000000000000000000000000000000000000000000000000000000000000000000000000000000000000000000000000000000000000000000000000000000000000000000000
310
00000000000000000000000000000000000000000000000000000000000000000000000000000000000000000000000000000000000000000000000000000000000000000000000000000000000000000000000000000000000000000000000000000000000000000000000000000000000000000000000000000000000000
310
00000000000000000000000000000000000000000000000000000000000000000000000000000000000000000000000000000000000000000000000000000000000000000000000000000000000000000000000000000000000000000000000000000000000000000000000000000000000000000000000000000000000000
310
00000000000000000000000000000000000000000000000000000000000000000000000000000000000000000000000000000000000000000000000000000000000000000000000000000000000000000000000000000000000000000000000000000000000000000000000000000000000000000000000000000000000000
310
00000000000000000000000000000000000000000000000000000000000000000000000000000000000000000000000000000000000000000000000000000000000000000000000000000000000000000000000000000000000000000000000000000000000000000000000000000000000000000000000000000000000000
310
00000000000000000000000000000000000000000000000000000000000000000000000000000000000000000000000000000000000000000000000000000000000000000000000000000000000000000000000000000000000000000000000000000000000000000000000000000000000000000000000000000000000000
310
00000000000000000000000000000000000000000000000000000000000000000000000000000000000000000000000000000000000000000000000000000000000000000000000000000000000000000000000000000000000000000000000000000000000000000000000000000000000000000000000000000000000000
310
00000000000000000000000000000000000000000000000000000000000000000000000000000000000000000000000000000000000000000000000000000000000000000000000000000000000000000000000000000000000000000000000000000000000000000000000000000000000000000000000000000000000000
310
00000000000000000000000000000000000000000000000000000000000000000000000000000000000000000000000000000000000000000000000000000000000000000000000000000000000000000000000000000000000000000000000000000000000000000000000000000000000000000000000000000000000000
310
00000000000000000000000000000000000000000000000000000000000000000000000000000000000000000000000000000000000000000000000000000000000000000000000000000000000000000000000000000000000000000000000000000000000000000000000000000000000000000000000000000000000000
310
00000000000000000000000000000000000000000000000000000000000000000000000000000000000000000000000000000000000000000000000000000000000000000000000000000000000000000000000000000000000000000000000000000000000000000000000000000000000000000000000000000000000000
310
00000000000000000000000000000000000000000000000000000000000000000000000000000000000000000000000000000000000000000000000000000000000000000000000000000000000000000000000000000000000000000000000000000000000000000000000000000000000000000000000000000000000000
310
00000000000000000000000000000000000000000000000000000000000000000000000000000000000000000000000000000000000000000000000000000000000000000000000000000000000000000000000000000000000000000000000000000000000000000000000000000000000000000000000000000000000000
310
00000000000000000000000000000000000000000000000000000000000000000000000000000000000000000000000000000000000000000000000000000000000000000000000000000000000000000000000000000000000000000000000000000000000000000000000000000000000000000000000000000000000000
310
00000000000000000000000000000000000000000000000000000000000000000000000000000000000000000000000000000000000000000000000000000000000000000000000000000000000000000000000000000000000000000000000000000000000000000000000000000000000000000000000000000000000000
310
00000000000000000000000000000000000000000000000000000000000000000000000000000000000000000000000000000000000000000000000000000000000000000000000000000000000000000000000000000000000000000000000000000000000000000000000000000000000000000000000000000000000000
310
00000000000000000000000000000000000000000000000000000000000000000000000000000000000000000000000000000000000000000000000000000000000000000000000000000000000000000000000000000000000000000000000000000000000000000000000000000000000000000000000000000000000000
310
00000000000000000000000000000000000000000000000000000000000000000000000000000000000000000000000000000000000000000000000000000000000000000000000000000000000000000000000000000000000000000000000000000000000000000000000000000000000000000000000000000000000000
310
00000000000000000000000000000000000000000000000000000000000000000000000000000000000000000000000000000000000000000000000000000000000000000000000000000000000000000000000000000000000000000000000000000000000000000000000000000000000000000000000000000000000000
310
00000000000000000000000000000000000000000000000000000000000000000000000000000000000000000000000000000000000000000000000000000000000000000000000000000000000000000000000000000000000000000000000000000000000000000000000000000000000000000000000000000000000000
310
00000000000000000000000000000000000000000000000000000000000000000000000000000000000000000000000000000000000000000000000000000000000000000000000000000000000000000000000000000000000000000000000000000000000000000000000000000000000000000000000000000000000000
310
00000000000000000000000000000000000000000000000000000000000000000000000000000000000000000000000000000000000000000000000000000000000000000000000000000000000000000000000000000000000000000000000000000000000000000000000000000000000000000000000000000000000000
310
00000000000000000000000000000000000000000000000000000000000000000000000000000000000000000000000000000000000000000000000000000000000000000000000000000000000000000000000000000000000000000000000000000000000000000000000000000000000000000000000000000000000000
310
00000000000000000000000000000000000000000000000000000000000000000000000000000000000000000000000000000000000000000000000000000000000000000000000000000000000000000000000000000000000000000000000000000000000000000000000000000000000000000000000000000000000000
310
00000000000000000000000000000000000000000000000000000000000000000000000000000000000000000000000000000000000000000000000000000000000000000000000000000000000000000000000000000000000000000000000000000000000000000000000000000000000000000000000000000000000000
310
00000000000000000000000000000000000000000000000000000000000000000000000000000000000000000000000000000000000000000000000000000000000000000000000000000000000000000000000000000000000000000000000000000000000000000000000000000000000000000000000000000000000000
310
00000000000000000000000000000000000000000000000000000000000000000000000000000000000000000000000000000000000000000000000000000000000000000000000000000000000000000000000000000000000000000000000000000000000000000000000000000000000000000000000000000000000000
310
00000000000000000000000000000000000000000000000000000000000000000000000000000000000000000000000000000000000000000000000000000000000000000000000000000000000000000000000000000000000000000000000000000000000000000000000000000000000000000000000000000000000000
310
00000000000000000000000000000000000000000000000000000000000000000000000000000000000000000000000000000000000000000000000000000000000000000000000000000000000000000000000000000000000000000000000000000000000000000000000000000000000000000000000000000000000000
310
00000000000000000000000000000000000000000000000000000000000000000000000000000000000000000000000000000000000000000000000000000000000000000000000000000000000000000000000000000000000000000000000000000000000000000000000000000000000000000000000000000000000000
310
00000000000000000000000000000000000000000000000000000000000000000000000000000000000000000000000000000000000000000000000000000000000000000000000000000000000000000000000000000000000000000000000000000000000000000000000000000000000000000000000000000000000000
310
00000000000000000000000000000000000000000000000000000000000000000000000000000000000000000000000000000000000000000000000000000000000000000000000000000000000000000000000000000000000000000000000000000000000000000000000000000000000000000000000000000000000000
310
00000000000000000000000000000000000000000000000000000000000000000000000000000000000000000000000000000000000000000000000000000000000000000000000000000000000000000000000000000000000000000000000000000000000000000000000000000000000000000000000000000000000000
310
00000000000000000000000000000000000000000000000000000000000000000000000000000000000000000000000000000000000000000000000000000000000000000000000000000000000000000000000000000000000000000000000000000000000000000000000000000000000000000000000000000000000000
310
00000000000000000000000000000000000000000000000000000000000000000000000000000000000000000000000000000000000000000000000000000000000000000000000000000000000000000000000000000000000000000000000000000000000000000000000000000000000000000000000000000000000000
310
00000000000000000000000000000000000000000000000000000000000000000000000000000000000000000000000000000000000000000000000000000000000000000000000000000000000000000000000000000000000000000000000000000000000000000000000000000000000000000000000000000000000000
310
00000000000000000000000000000000000000000000000000000000000000000000000000000000000000000000000000000000000000000000000000000000000000000000000000000000000000000000000000000000000000000000000000000000000000000000000000000000000000000000000000000000000000
310
00000000000000000000000000000000000000000000000000000000000000000000000000000000000000000000000000000000000000000000000000000000000000000000000000000000000000000000000000000000000000000000000000000000000000000000000000000000000000000000000000000000000000
310
00000000000000000000000000000000000000000000000000000000000000000000000000000000000000000000000000000000000000000000000000000000000000000000000000000000000000000000000000000000000000000000000000000000000000000000000000000000000000000000000000000000000000
310
00000000000000000000000000000000000000000000000000000000000000000000000000000000000000000000000000000000000000000000000000000000000000000000000000000000000000000000000000000000000000000000000000000000000000000000000000000000000000000000000000000000000000
310
00000000000000000000000000000000000000000000000000000000000000000000000000000000000000000000000000000000000000000000000000000000000000000000000000000000000000000000000000000000000000000000000000000000000000000000000000000000000000000000000000000000000000
310
00000000000000000000000000000000000000000000000000000000000000000000000000000000000000000000000000000000000000000000000000000000000000000000000000000000000000000000000000000000000000000000000000000000000000000000000000000000000000000000000000000000000000
310
00000000000000000000000000000000000000000000000000000000000000000000000000000000000000000000000000000000000000000000000000000000000000000000000000000000000000000000000000000000000000000000000000000000000000000000000000000000000000000000000000000000000000
310
00000000000000000000000000000000000000000000000000000000000000000000000000000000000000000000000000000000000000000000000000000000000000000000000000000000000000000000000000000000000000000000000000000000000000000000000000000000000000000000000000000000000000
310
00000000000000000000000000000000000000000000000000000000000000000000000000000000000000000000000000000000000000000000000000000000000000000000000000000000000000000000000000000000000000000000000000000000000000000000000000000000000000000000000000000000000000
310
00000000000000000000000000000000000000000000000000000000000000000000000000000000000000000000000000000000000000000000000000000000000000000000000000000000000000000000000000000000000000000000000000000000000000000000000000000000000000000000000000000000000000
310
00000000000000000000000000000000000000000000000000000000000000000000000000000000000000000000000000000000000000000000000000000000000000000000000000000000000000000000000000000000000000000000000000000000000000000000000000000000000000000000000000000000000000
310
00000000000000000000000000000000000000000000000000000000000000000000000000000000000000000000000000000000000000000000000000000000000000000000000000000000000000000000000000000000000000000000000000000000000000000000000000000000000000000000000000000000000000
310
00000000000000000000000000000000000000000000000000000000000000000000000000000000000000000000000000000000000000000000000000000000000000000000000000000000000000000000000000000000000000000000000000000000000000000000000000000000000000000000000000000000000000
310
00000000000000000000000000000000000000000000000000000000000000000000000000000000000000000000000000000000000000000000000000000000000000000000000000000000000000000000000000000000000000000000000000000000000000000000000000000000000000000000000000000000000000
310
00000000000000000000000000000000000000000000000000000000000000000000000000000000000000000000000000000000000000000000000000000000000000000000000000000000000000000000000000000000000000000000000000000000000000000000000000000000000000000000000000000000000000
310
00000000000000000000000000000000000000000000000000000000000000000000000000000000000000000000000000000000000000000000000000000000000000000000000000000000000000000000000000000000000000000000000000000000000000000000000000000000000000000000000000000000000000
310
00000000000000000000000000000000000000000000000000000000000000000000000000000000000000000000000000000000000000000000000000000000000000000000000000000000000000000000000000000000000000000000000000000000000000000000000000000000000000000000000000000000000000
310
00000000000000000000000000000000000000000000000000000000000000000000000000000000000000000000000000000000000000000000000000000000000000000000000000000000000000000000000000000000000000000000000000000000000000000000000000000000000000000000000000000000000000
310
00000000000000000000000000000000000000000000000000000000000000000000000000000000000000000000000000000000000000000000000000000000000000000000000000000000000000000000000000000000000000000000000000000000000000000000000000000000000000000000000000000000000000
310
00000000000000000000000000000000000000000000000000000000000000000000000000000000000000000000000000000000000000000000000000000000000000000000000000000000000000000000000000000000000000000000000000000000000000000000000000000000000000000000000000000000000000
310
00000000000000000000000000000000000000000000000000000000000000000000000000000000000000000000000000000000000000000000000000000000000000000000000000000000000000000000000000000000000000000000000000000000000000000000000000000000000000000000000000000000000000
310
00000000000000000000000000000000000000000000000000000000000000000000000000000000000000000000000000000000000000000000000000000000000000000000000000000000000000000000000000000000000000000000000000000000000000000000000000000000000000000000000000000000000000
310
00000000000000000000000000000000000000000000000000000000000000000000000000000000000000000000000000000000000000000000000000000000000000000000000000000000000000000000000000000000000000000000000000000000000000000000000000000000000000000000000000000000000000
310
00000000000000000000000000000000000000000000000000000000000000000000000000000000000000000000000000000000000000000000000000000000000000000000000000000000000000000000000000000000000000000000000000000000000000000000000000000000000000000000000000000000000000
310
00000000000000000000000000000000000000000000000000000000000000000000000000000000000000000000000000000000000000000000000000000000000000000000000000000000000000000000000000000000000000000000000000000000000000000000000000000000000000000000000000000000000000
310
00000000000000000000000000000000000000000000000000000000000000000000000000000000000000000000000000000000000000000000000000000000000000000000000000000000000000000000000000000000000000000000000000000000000000000000000000000000000000000000000000000000000000
310
00000000000000000000000000000000000000000000000000000000000000000000000000000000000000000000000000000000000000000000000000000000000000000000000000000000000000000000000000000000000000000000000000000000000000000000000000000000000000000000000000000000000000
310
00000000000000000000000000000000000000000000000000000000000000000000000000000000000000000000000000000000000000000000000000000000000000000000000000000000000000000000000000000000000000000000000000000000000000000000000000000000000000000000000000000000000000
310
00000000000000000000000000000000000000000000000000000000000000000000000000000000000000000000000000000000000000000000000000000000000000000000000000000000000000000000000000000000000000000000000000000000000000000000000000000000000000000000000000000000000000
310
00000000000000000000000000000000000000000000000000000000000000000000000000000000000000000000000000000000000000000000000000000000000000000000000000000000000000000000000000000000000000000000000000000000000000000000000000000000000000000000000000000000000000
310
00000000000000000000000000000000000000000000000000000000000000000000000000000000000000000000000000000000000000000000000000000000000000000000000000000000000000000000000000000000000000000000000000000000000000000000000000000000000000000000000000000000000000
310
00000000000000000000000000000000000000000000000000000000000000000000000000000000000000000000000000000000000000000000000000000000000000000000000000000000000000000000000000000000000000000000000000000000000000000000000000000000000000000000000000000000000000
310
00000000000000000000000000000000000000000000000000000000000000000000000000000000000000000000000000000000000000000000000000000000000000000000000000000000000000000000000000000000000000000000000000000000000000000000000000000000000000000000000000000000000000
310
00000000000000000000000000000000000000000000000000000000000000000000000000000000000000000000000000000000000000000000000000000000000000000000000000000000000000000000000000000000000000000000000000000000000000000000000000000000000000000000000000000000000000
310
00000000000000000000000000000000000000000000000000000000000000000000000000000000000000000000000000000000000000000000000000000000000000000000000000000000000000000000000000000000000000000000000000000000000000000000000000000000000000000000000000000000000000
310
00000000000000000000000000000000000000000000000000000000000000000000000000000000000000000000000000000000000000000000000000000000000000000000000000000000000000000000000000000000000000000000000000000000000000000000000000000000000000000000000000000000000000
310
00000000000000000000000000000000000000000000000000000000000000000000000000000000000000000000000000000000000000000000000000000000000000000000000000000000000000000000000000000000000000000000000000000000000000000000000000000000000000000000000000000000000000
310
00000000000000000000000000000000000000000000000000000000000000000000000000000000000000000000000000000000000000000000000000000000000000000000000000000000000000000000000000000000000000000000000000000000000000000000000000000000000000000000000000000000000000
310
00000000000000000000000000000000000000000000000000000000000000000000000000000000000000000000000000000000000000000000000000000000000000000000000000000000000000000000000000000000000000000000000000000000000000000000000000000000000000000000000000000000000000
310
00000000000000000000000000000000000000000000000000000000000000000000000000000000000000000000000000000000000000000000000000000000000000000000000000000000000000000000000000000000000000000000000000000000000000000000000000000000000000000000000000000000000000
310
00000000000000000000000000000000000000000000000000000000000000000000000000000000000000000000000000000000000000000000000000000000000000000000000000000000000000000000000000000000000000000000000000000000000000000000000000000000000000000000000000000000000000
310
00000000000000000000000000000000000000000000000000000000000000000000000000000000000000000000000000000000000000000000000000000000000000000000000000000000000000000000000000000000000000000000000000000000000000000000000000000000000000000000000000000000000000
310
00000000000000000000000000000000000000000000000000000000000000000000000000000000000000000000000000000000000000000000000000000000000000000000000000000000000000000000000000000000000000000000000000000000000000000000000000000000000000000000000000000000000000
310
00000000000000000000000000000000000000000000000000000000000000000000000000000000000000000000000000000000000000000000000000000000000000000000000000000000000000000000000000000000000000000000000000000000000000000000000000000000000000000000000000000000000000
310
00000000000000000000000000000000000000000000000000000000000000000000000000000000000000000000000000000000000000000000000000000000000000000000000000000000000000000000000000000000000000000000000000000000000000000000000000000000000000000000000000000000000000
310
00000000000000000000000000000000000000000000000000000000000000000000000000000000000000000000000000000000000000000000000000000000000000000000000000000000000000000000000000000000000000000000000000000000000000000000000000000000000000000000000000000000000000
310
00000000000000000000000000000000000000000000000000000000000000000000000000000000000000000000000000000000000000000000000000000000000000000000000000000000000000000000000000000000000000000000000000000000000000000000000000000000000000000000000000000000000000
310
00000000000000000000000000000000000000000000000000000000000000000000000000000000000000000000000000000000000000000000000000000000000000000000000000000000000000000000000000000000000000000000000000000000000000000000000000000000000000000000000000000000000000
310
00000000000000000000000000000000000000000000000000000000000000000000000000000000000000000000000000000000000000000000000000000000000000000000000000000000000000000000000000000000000000000000000000000000000000000000000000000000000000000000000000000000000000
310
00000000000000000000000000000000000000000000000000000000000000000000000000000000000000000000000000000000000000000000000000000000000000000000000000000000000000000000000000000000000000000000000000000000000000000000000000000000000000000000000000000000000000
310
00000000000000000000000000000000000000000000000000000000000000000000000000000000000000000000000000000000000000000000000000000000000000000000000000000000000000000000000000000000000000000000000000000000000000000000000000000000000000000000000000000000000000
310
00000000000000000000000000000000000000000000000000000000000000000000000000000000000000000000000000000000000000000000000000000000000000000000000000000000000000000000000000000000000000000000000000000000000000000000000000000000000000000000000000000000000000
310
00000000000000000000000000000000000000000000000000000000000000000000000000000000000000000000000000000000000000000000000000000000000000000000000000000000000000000000000000000000000000000000000000000000000000000000000000000000000000000000000000000000000000
310
00000000000000000000000000000000000000000000000000000000000000000000000000000000000000000000000000000000000000000000000000000000000000000000000000000000000000000000000000000000000000000000000000000000000000000000000000000000000000000000000000000000000000
310
00000000000000000000000000000000000000000000000000000000000000000000000000000000000000000000000000000000000000000000000000000000000000000000000000000000000000000000000000000000000000000000000000000000000000000000000000000000000000000000000000000000000000
310
00000000000000000000000000000000000000000000000000000000000000000000000000000000000000000000000000000000000000000000000000000000000000000000000000000000000000000000000000000000000000000000000000000000000000000000000000000000000000000000000000000000000000
310
00000000000000000000000000000000000000000000000000000000000000000000000000000000000000000000000000000000000000000000000000000000000000000000000000000000000000000000000000000000000000000000000000000000000000000000000000000000000000000000000000000000000000
310
00000000000000000000000000000000000000000000000000000000000000000000000000000000000000000000000000000000000000000000000000000000000000000000000000000000000000000000000000000000000000000000000000000000000000000000000000000000000000000000000000000000000000
310
00000000000000000000000000000000000000000000000000000000000000000000000000000000000000000000000000000000000000000000000000000000000000000000000000000000000000000000000000000000000000000000000000000000000000000000000000000000000000000000000000000000000000
310
00000000000000000000000000000000000000000000000000000000000000000000000000000000000000000000000000000000000000000000000000000000000000000000000000000000000000000000000000000000000000000000000000000000000000000000000000000000000000000000000000000000000000
310
00000000000000000000000000000000000000000000000000000000000000000000000000000000000000000000000000000000000000000000000000000000000000000000000000000000000000000000000000000000000000000000000000000000000000000000000000000000000000000000000000000000000000
310
00000000000000000000000000000000000000000000000000000000000000000000000000000000000000000000000000000000000000000000000000000000000000000000000000000000000000000000000000000000000000000000000000000000000000000000000000000000000000000000000000000000000000
310
00000000000000000000000000000000000000000000000000000000000000000000000000000000000000000000000000000000000000000000000000000000000000000000000000000000000000000000000000000000000000000000000000000000000000000000000000000000000000000000000000000000000000
310
00000000000000000000000000000000000000000000000000000000000000000000000000000000000000000000000000000000000000000000000000000000000000000000000000000000000000000000000000000000000000000000000000000000000000000000000000000000000000000000000000000000000000
310
00000000000000000000000000000000000000000000000000000000000000000000000000000000000000000000000000000000000000000000000000000000000000000000000000000000000000000000000000000000000000000000000000000000000000000000000000000000000000000000000000000000000000
310
00000000000000000000000000000000000000000000000000000000000000000000000000000000000000000000000000000000000000000000000000000000000000000000000000000000000000000000000000000000000000000000000000000000000000000000000000000000000000000000000000000000000000
310
00000000000000000000000000000000000000000000000000000000000000000000000000000000000000000000000000000000000000000000000000000000000000000000000000000000000000000000000000000000000000000000000000000000000000000000000000000000000000000000000000000000000000
310
00000000000000000000000000000000000000000000000000000000000000000000000000000000000000000000000000000000000000000000000000000000000000000000000000000000000000000000000000000000000000000000000000000000000000000000000000000000000000000000000000000000000000
310
00000000000000000000000000000000000000000000000000000000000000000000000000000000000000000000000000000000000000000000000000000000000000000000000000000000000000000000000000000000000000000000000000000000000000000000000000000000000000000000000000000000000000
310
00000000000000000000000000000000000000000000000000000000000000000000000000000000000000000000000000000000000000000000000000000000000000000000000000000000000000000000000000000000000000000000000000000000000000000000000000000000000000000000000000000000000000
310
00000000000000000000000000000000000000000000000000000000000000000000000000000000000000000000000000000000000000000000000000000000000000000000000000000000000000000000000000000000000000000000000000000000000000000000000000000000000000000000000000000000000000
310
00000000000000000000000000000000000000000000000000000000000000000000000000000000000000000000000000000000000000000000000000000000000000000000000000000000000000000000000000000000000000000000000000000000000000000000000000000000000000000000000000000000000000
310
00000000000000000000000000000000000000000000000000000000000000000000000000000000000000000000000000000000000000000000000000000000000000000000000000000000000000000000000000000000000000000000000000000000000000000000000000000000000000000000000000000000000000
310
00000000000000000000000000000000000000000000000000000000000000000000000000000000000000000000000000000000000000000000000000000000000000000000000000000000000000000000000000000000000000000000000000000000000000000000000000000000000000000000000000000000000000
310
00000000000000000000000000000000000000000000000000000000000000000000000000000000000000000000000000000000000000000000000000000000000000000000000000000000000000000000000000000000000000000000000000000000000000000000000000000000000000000000000000000000000000
310
00000000000000000000000000000000000000000000000000000000000000000000000000000000000000000000000000000000000000000000000000000000000000000000000000000000000000000000000000000000000000000000000000000000000000000000000000000000000000000000000000000000000000
310
00000000000000000000000000000000000000000000000000000000000000000000000000000000000000000000000000000000000000000000000000000000000000000000000000000000000000000000000000000000000000000000000000000000000000000000000000000000000000000000000000000000000000
310
00000000000000000000000000000000000000000000000000000000000000000000000000000000000000000000000000000000000000000000000000000000000000000000000000000000000000000000000000000000000000000000000000000000000000000000000000000000000000000000000000000000000000
310
00000000000000000000000000000000000000000000000000000000000000000000000000000000000000000000000000000000000000000000000000000000000000000000000000000000000000000000000000000000000000000000000000000000000000000000000000000000000000000000000000000000000000
310
00000000000000000000000000000000000000000000000000000000000000000000000000000000000000000000000000000000000000000000000000000000000000000000000000000000000000000000000000000000000000000000000000000000000000000000000000000000000000000000000000000000000000
310
00000000000000000000000000000000000000000000000000000000000000000000000000000000000000000000000000000000000000000000000000000000000000000000000000000000000000000000000000000000000000000000000000000000000000000000000000000000000000000000000000000000000000
310
00000000000000000000000000000000000000000000000000000000000000000000000000000000000000000000000000000000000000000000000000000000000000000000000000000000000000000000000000000000000000000000000000000000000000000000000000000000000000000000000000000000000000
310
00000000000000000000000000000000000000000000000000000000000000000000000000000000000000000000000000000000000000000000000000000000000000000000000000000000000000000000000000000000000000000000000000000000000000000000000000000000000000000000000000000000000000
310
00000000000000000000000000000000000000000000000000000000000000000000000000000000000000000000000000000000000000000000000000000000000000000000000000000000000000000000000000000000000000000000000000000000000000000000000000000000000000000000000000000000000000
310
00000000000000000000000000000000000000000000000000000000000000000000000000000000000000000000000000000000000000000000000000000000000000000000000000000000000000000000000000000000000000000000000000000000000000000000000000000000000000000000000000000000000000
310
00000000000000000000000000000000000000000000000000000000000000000000000000000000000000000000000000000000000000000000000000000000000000000000000000000000000000000000000000000000000000000000000000000000000000000000000000000000000000000000000000000000000000
310
00000000000000000000000000000000000000000000000000000000000000000000000000000000000000000000000000000000000000000000000000000000000000000000000000000000000000000000000000000000000000000000000000000000000000000000000000000000000000000000000000000000000000
310
00000000000000000000000000000000000000000000000000000000000000000000000000000000000000000000000000000000000000000000000000000000000000000000000000000000000000000000000000000000000000000000000000000000000000000000000000000000000000000000000000000000000000
310
00000000000000000000000000000000000000000000000000000000000000000000000000000000000000000000000000000000000000000000000000000000000000000000000000000000000000000000000000000000000000000000000000000000000000000000000000000000000000000000000000000000000000
310
00000000000000000000000000000000000000000000000000000000000000000000000000000000000000000000000000000000000000000000000000000000000000000000000000000000000000000000000000000000000000000000000000000000000000000000000000000000000000000000000000000000000000
310
00000000000000000000000000000000000000000000000000000000000000000000000000000000000000000000000000000000000000000000000000000000000000000000000000000000000000000000000000000000000000000000000000000000000000000000000000000000000000000000000000000000000000
310
00000000000000000000000000000000000000000000000000000000000000000000000000000000000000000000000000000000000000000000000000000000000000000000000000000000000000000000000000000000000000000000000000000000000000000000000000000000000000000000000000000000000000
310
00000000000000000000000000000000000000000000000000000000000000000000000000000000000000000000000000000000000000000000000000000000000000000000000000000000000000000000000000000000000000000000000000000000000000000000000000000000000000000000000000000000000000
310
00000000000000000000000000000000000000000000000000000000000000000000000000000000000000000000000000000000000000000000000000000000000000000000000000000000000000000000000000000000000000000000000000000000000000000000000000000000000000000000000000000000000000
310
00000000000000000000000000000000000000000000000000000000000000000000000000000000000000000000000000000000000000000000000000000000000000000000000000000000000000000000000000000000000000000000000000000000000000000000000000000000000000000000000000000000000000
310
00000000000000000000000000000000000000000000000000000000000000000000000000000000000000000000000000000000000000000000000000000000000000000000000000000000000000000000000000000000000000000000000000000000000000000000000000000000000000000000000000000000000000
310
00000000000000000000000000000000000000000000000000000000000000000000000000000000000000000000000000000000000000000000000000000000000000000000000000000000000000000000000000000000000000000000000000000000000000000000000000000000000000000000000000000000000000
310
00000000000000000000000000000000000000000000000000000000000000000000000000000000000000000000000000000000000000000000000000000000000000000000000000000000000000000000000000000000000000000000000000000000000000000000000000000000000000000000000000000000000000
310
00000000000000000000000000000000000000000000000000000000000000000000000000000000000000000000000000000000000000000000000000000000000000000000000000000000000000000000000000000000000000000000000000000000000000000000000000000000000000000000000000000000000000
310
00000000000000000000000000000000000000000000000000000000000000000000000000000000000000000000000000000000000000000000000000000000000000000000000000000000000000000000000000000000000000000000000000000000000000000000000000000000000000000000000000000000000000
310
00000000000000000000000000000000000000000000000000000000000000000000000000000000000000000000000000000000000000000000000000000000000000000000000000000000000000000000000000000000000000000000000000000000000000000000000000000000000000000000000000000000000000
310
00000000000000000000000000000000000000000000000000000000000000000000000000000000000000000000000000000000000000000000000000000000000000000000000000000000000000000000000000000000000000000000000000000000000000000000000000000000000000000000000000000000000000
310
00000000000000000000000000000000000000000000000000000000000000000000000000000000000000000000000000000000000000000000000000000000000000000000000000000000000000000000000000000000000000000000000000000000000000000000000000000000000000000000000000000000000000
310
00000000000000000000000000000000000000000000000000000000000000000000000000000000000000000000000000000000000000000000000000000000000000000000000000000000000000000000000000000000000000000000000000000000000000000000000000000000000000000000000000000000000000
310
00000000000000000000000000000000000000000000000000000000000000000000000000000000000000000000000000000000000000000000000000000000000000000000000000000000000000000000000000000000000000000000000000000000000000000000000000000000000000000000000000000000000000
310
00000000000000000000000000000000000000000000000000000000000000000000000000000000000000000000000000000000000000000000000000000000000000000000000000000000000000000000000000000000000000000000000000000000000000000000000000000000000000000000000000000000000000
310
00000000000000000000000000000000000000000000000000000000000000000000000000000000000000000000000000000000000000000000000000000000000000000000000000000000000000000000000000000000000000000000000000000000000000000000000000000000000000000000000000000000000000
310
00000000000000000000000000000000000000000000000000000000000000000000000000000000000000000000000000000000000000000000000000000000000000000000000000000000000000000000000000000000000000000000000000000000000000000000000000000000000000000000000000000000000000
310
00000000000000000000000000000000000000000000000000000000000000000000000000000000000000000000000000000000000000000000000000000000000000000000000000000000000000000000000000000000000000000000000000000000000000000000000000000000000000000000000000000000000000
310
00000000000000000000000000000000000000000000000000000000000000000000000000000000000000000000000000000000000000000000000000000000000000000000000000000000000000000000000000000000000000000000000000000000000000000000000000000000000000000000000000000000000000
310
00000000000000000000000000000000000000000000000000000000000000000000000000000000000000000000000000000000000000000000000000000000000000000000000000000000000000000000000000000000000000000000000000000000000000000000000000000000000000000000000000000000000000
310
00000000000000000000000000000000000000000000000000000000000000000000000000000000000000000000000000000000000000000000000000000000000000000000000000000000000000000000000000000000000000000000000000000000000000000000000000000000000000000000000000000000000000
310
00000000000000000000000000000000000000000000000000000000000000000000000000000000000000000000000000000000000000000000000000000000000000000000000000000000000000000000000000000000000000000000000000000000000000000000000000000000000000000000000000000000000000
310
00000000000000000000000000000000000000000000000000000000000000000000000000000000000000000000000000000000000000000000000000000000000000000000000000000000000000000000000000000000000000000000000000000000000000000000000000000000000000000000000000000000000000
310
00000000000000000000000000000000000000000000000000000000000000000000000000000000000000000000000000000000000000000000000000000000000000000000000000000000000000000000000000000000000000000000000000000000000000000000000000000000000000000000000000000000000000
310
00000000000000000000000000000000000000000000000000000000000000000000000000000000000000000000000000000000000000000000000000000000000000000000000000000000000000000000000000000000000000000000000000000000000000000000000000000000000000000000000000000000000000
310
00000000000000000000000000000000000000000000000000000000000000000000000000000000000000000000000000000000000000000000000000000000000000000000000000000000000000000000000000000000000000000000000000000000000000000000000000000000000000000000000000000000000000
310
00000000000000000000000000000000000000000000000000000000000000000000000000000000000000000000000000000000000000000000000000000000000000000000000000000000000000000000000000000000000000000000000000000000000000000000000000000000000000000000000000000000000000
310
00000000000000000000000000000000000000000000000000000000000000000000000000000000000000000000000000000000000000000000000000000000000000000000000000000000000000000000000000000000000000000000000000000000000000000000000000000000000000000000000000000000000000
310
00000000000000000000000000000000000000000000000000000000000000000000000000000000000000000000000000000000000000000000000000000000000000000000000000000000000000000000000000000000000000000000000000000000000000000000000000000000000000000000000000000000000000
310
00000000000000000000000000000000000000000000000000000000000000000000000000000000000000000000000000000000000000000000000000000000000000000000000000000000000000000000000000000000000000000000000000000000000000000000000000000000000000000000000000000000000000
310
00000000000000000000000000000000000000000000000000000000000000000000000000000000000000000000000000000000000000000000000000000000000000000000000000000000000000000000000000000000000000000000000000000000000000000000000000000000000000000000000000000000000000
310
00000000000000000000000000000000000000000000000000000000000000000000000000000000000000000000000000000000000000000000000000000000000000000000000000000000000000000000000000000000000000000000000000000000000000000000000000000000000000000000000000000000000000
310
00000000000000000000000000000000000000000000000000000000000000000000000000000000000000000000000000000000000000000000000000000000000000000000000000000000000000000000000000000000000000000000000000000000000000000000000000000000000000000000000000000000000000
310
00000000000000000000000000000000000000000000000000000000000000000000000000000000000000000000000000000000000000000000000000000000000000000000000000000000000000000000000000000000000000000000000000000000000000000000000000000000000000000000000000000000000000
310
00000000000000000000000000000000000000000000000000000000000000000000000000000000000000000000000000000000000000000000000000000000000000000000000000000000000000000000000000000000000000000000000000000000000000000000000000000000000000000000000000000000000000
310
00000000000000000000000000000000000000000000000000000000000000000000000000000000000000000000000000000000000000000000000000000000000000000000000000000000000000000000000000000000000000000000000000000000000000000000000000000000000000000000000000000000000000
310
00000000000000000000000000000000000000000000000000000000000000000000000000000000000000000000000000000000000000000000000000000000000000000000000000000000000000000000000000000000000000000000000000000000000000000000000000000000000000000000000000000000000000
310
00000000000000000000000000000000000000000000000000000000000000000000000000000000000000000000000000000000000000000000000000000000000000000000000000000000000000000000000000000000000000000000000000000000000000000000000000000000000000000000000000000000000000
310
00000000000000000000000000000000000000000000000000000000000000000000000000000000000000000000000000000000000000000000000000000000000000000000000000000000000000000000000000000000000000000000000000000000000000000000000000000000000000000000000000000000000000
310
00000000000000000000000000000000000000000000000000000000000000000000000000000000000000000000000000000000000000000000000000000000000000000000000000000000000000000000000000000000000000000000000000000000000000000000000000000000000000000000000000000000000000
310
00000000000000000000000000000000000000000000000000000000000000000000000000000000000000000000000000000000000000000000000000000000000000000000000000000000000000000000000000000000000000000000000000000000000000000000000000000000000000000000000000000000000000
310
00000000000000000000000000000000000000000000000000000000000000000000000000000000000000000000000000000000000000000000000000000000000000000000000000000000000000000000000000000000000000000000000000000000000000000000000000000000000000000000000000000000000000
310
00000000000000000000000000000000000000000000000000000000000000000000000000000000000000000000000000000000000000000000000000000000000000000000000000000000000000000000000000000000000000000000000000000000000000000000000000000000000000000000000000000000000000
310
00000000000000000000000000000000000000000000000000000000000000000000000000000000000000000000000000000000000000000000000000000000000000000000000000000000000000000000000000000000000000000000000000000000000000000000000000000000000000000000000000000000000000
310
00000000000000000000000000000000000000000000000000000000000000000000000000000000000000000000000000000000000000000000000000000000000000000000000000000000000000000000000000000000000000000000000000000000000000000000000000000000000000000000000000000000000000
310
00000000000000000000000000000000000000000000000000000000000000000000000000000000000000000000000000000000000000000000000000000000000000000000000000000000000000000000000000000000000000000000000000000000000000000000000000000000000000000000000000000000000000
310
00000000000000000000000000000000000000000000000000000000000000000000000000000000000000000000000000000000000000000000000000000000000000000000000000000000000000000000000000000000000000000000000000000000000000000000000000000000000000000000000000000000000000
310
00000000000000000000000000000000000000000000000000000000000000000000000000000000000000000000000000000000000000000000000000000000000000000000000000000000000000000000000000000000000000000000000000000000000000000000000000000000000000000000000000000000000000
310
00000000000000000000000000000000000000000000000000000000000000000000000000000000000000000000000000000000000000000000000000000000000000000000000000000000000000000000000000000000000000000000000000000000000000000000000000000000000000000000000000000000000000
310
00000000000000000000000000000000000000000000000000000000000000000000000000000000000000000000000000000000000000000000000000000000000000000000000000000000000000000000000000000000000000000000000000000000000000000000000000000000000000000000000000000000000000
310
00000000000000000000000000000000000000000000000000000000000000000000000000000000000000000000000000000000000000000000000000000000000000000000000000000000000000000000000000000000000000000000000000000000000000000000000000000000000000000000000000000000000000
310
00000000000000000000000000000000000000000000000000000000000000000000000000000000000000000000000000000000000000000000000000000000000000000000000000000000000000000000000000000000000000000000000000000000000000000000000000000000000000000000000000000000000000
310
00000000000000000000000000000000000000000000000000000000000000000000000000000000000000000000000000000000000000000000000000000000000000000000000000000000000000000000000000000000000000000000000000000000000000000000000000000000000000000000000000000000000000
310
00000000000000000000000000000000000000000000000000000000000000000000000000000000000000000000000000000000000000000000000000000000000000000000000000000000000000000000000000000000000000000000000000000000000000000000000000000000000000000000000000000000000000
310
00000000000000000000000000000000000000000000000000000000000000000000000000000000000000000000000000000000000000000000000000000000000000000000000000000000000000000000000000000000000000000000000000000000000000000000000000000000000000000000000000000000000000
310
00000000000000000000000000000000000000000000000000000000000000000000000000000000000000000000000000000000000000000000000000000000000000000000000000000000000000000000000000000000000000000000000000000000000000000000000000000000000000000000000000000000000000
310
00000000000000000000000000000000000000000000000000000000000000000000000000000000000000000000000000000000000000000000000000000000000000000000000000000000000000000000000000000000000000000000000000000000000000000000000000000000000000000000000000000000000000
310
00000000000000000000000000000000000000000000000000000000000000000000000000000000000000000000000000000000000000000000000000000000000000000000000000000000000000000000000000000000000000000000000000000000000000000000000000000000000000000000000000000000000000
310
00000000000000000000000000000000000000000000000000000000000000000000000000000000000000000000000000000000000000000000000000000000000000000000000000000000000000000000000000000000000000000000000000000000000000000000000000000000000000000000000000000000000000
310
00000000000000000000000000000000000000000000000000000000000000000000000000000000000000000000000000000000000000000000000000000000000000000000000000000000000000000000000000000000000000000000000000000000000000000000000000000000000000000000000000000000000000
310
00000000000000000000000000000000000000000000000000000000000000000000000000000000000000000000000000000000000000000000000000000000000000000000000000000000000000000000000000000000000000000000000000000000000000000000000000000000000000000000000000000000000000
310
00000000000000000000000000000000000000000000000000000000000000000000000000000000000000000000000000000000000000000000000000000000000000000000000000000000000000000000000000000000000000000000000000000000000000000000000000000000000000000000000000000000000000
310
00000000000000000000000000000000000000000000000000000000000000000000000000000000000000000000000000000000000000000000000000000000000000000000000000000000000000000000000000000000000000000000000000000000000000000000000000000000000000000000000000000000000000
310
00000000000000000000000000000000000000000000000000000000000000000000000000000000000000000000000000000000000000000000000000000000000000000000000000000000000000000000000000000000000000000000000000000000000000000000000000000000000000000000000000000000000000
310
00000000000000000000000000000000000000000000000000000000000000000000000000000000000000000000000000000000000000000000000000000000000000000000000000000000000000000000000000000000000000000000000000000000000000000000000000000000000000000000000000000000000000
310
00000000000000000000000000000000000000000000000000000000000000000000000000000000000000000000000000000000000000000000000000000000000000000000000000000000000000000000000000000000000000000000000000000000000000000000000000000000000000000000000000000000000000
310
00000000000000000000000000000000000000000000000000000000000000000000000000000000000000000000000000000000000000000000000000000000000000000000000000000000000000000000000000000000000000000000000000000000000000000000000000000000000000000000000000000000000000
310
00000000000000000000000000000000000000000000000000000000000000000000000000000000000000000000000000000000000000000000000000000000000000000000000000000000000000000000000000000000000000000000000000000000000000000000000000000000000000000000000000000000000000
310
00000000000000000000000000000000000000000000000000000000000000000000000000000000000000000000000000000000000000000000000000000000000000000000000000000000000000000000000000000000000000000000000000000000000000000000000000000000000000000000000000000000000000
310
00000000000000000000000000000000000000000000000000000000000000000000000000000000000000000000000000000000000000000000000000000000000000000000000000000000000000000000000000000000000000000000000000000000000000000000000000000000000000000000000000000000000000
310
00000000000000000000000000000000000000000000000000000000000000000000000000000000000000000000000000000000000000000000000000000000000000000000000000000000000000000000000000000000000000000000000000000000000000000000000000000000000000000000000000000000000000
310
00000000000000000000000000000000000000000000000000000000000000000000000000000000000000000000000000000000000000000000000000000000000000000000000000000000000000000000000000000000000000000000000000000000000000000000000000000000000000000000000000000000000000
310
00000000000000000000000000000000000000000000000000000000000000000000000000000000000000000000000000000000000000000000000000000000000000000000000000000000000000000000000000000000000000000000000000000000000000000000000000000000000000000000000000000000000000
310
00000000000000000000000000000000000000000000000000000000000000000000000000000000000000000000000000000000000000000000000000000000000000000000000000000000000000000000000000000000000000000000000000000000000000000000000000000000000000000000000000000000000000
310
00000000000000000000000000000000000000000000000000000000000000000000000000000000000000000000000000000000000000000000000000000000000000000000000000000000000000000000000000000000000000000000000000000000000000000000000000000000000000000000000000000000000000
310
00000000000000000000000000000000000000000000000000000000000000000000000000000000000000000000000000000000000000000000000000000000000000000000000000000000000000000000000000000000000000000000000000000000000000000000000000000000000000000000000000000000000000
310
00000000000000000000000000000000000000000000000000000000000000000000000000000000000000000000000000000000000000000000000000000000000000000000000000000000000000000000000000000000000000000000000000000000000000000000000000000000000000000000000000000000000000
310
00000000000000000000000000000000000000000000000000000000000000000000000000000000000000000000000000000000000000000000000000000000000000000000000000000000000000000000000000000000000000000000000000000000000000000000000000000000000000000000000000000000000000
310
00000000000000000000000000000000000000000000000000000000000000000000000000000000000000000000000000000000000000000000000000000000000000000000000000000000000000000000000000000000000000000000000000000000000000000000000000000000000000000000000000000000000000
310
00000000000000000000000000000000000000000000000000000000000000000000000000000000000000000000000000000000000000000000000000000000000000000000000000000000000000000000000000000000000000000000000000000000000000000000000000000000000000000000000000000000000000
310
00000000000000000000000000000000000000000000000000000000000000000000000000000000000000000000000000000000000000000000000000000000000000000000000000000000000000000000000000000000000000000000000000000000000000000000000000000000000000000000000000000000000000
310
00000000000000000000000000000000000000000000000000000000000000000000000000000000000000000000000000000000000000000000000000000000000000000000000000000000000000000000000000000000000000000000000000000000000000000000000000000000000000000000000000000000000000
310
00000000000000000000000000000000000000000000000000000000000000000000000000000000000000000000000000000000000000000000000000000000000000000000000000000000000000000000000000000000000000000000000000000000000000000000000000000000000000000000000000000000000000
310
00000000000000000000000000000000000000000000000000000000000000000000000000000000000000000000000000000000000000000000000000000000000000000000000000000000000000000000000000000000000000000000000000000000000000000000000000000000000000000000000000000000000000
310
00000000000000000000000000000000000000000000000000000000000000000000000000000000000000000000000000000000000000000000000000000000000000000000000000000000000000000000000000000000000000000000000000000000000000000000000000000000000000000000000000000000000000
310
00000000000000000000000000000000000000000000000000000000000000000000000000000000000000000000000000000000000000000000000000000000000000000000000000000000000000000000000000000000000000000000000000000000000000000000000000000000000000000000000000000000000000
310
00000000000000000000000000000000000000000000000000000000000000000000000000000000000000000000000000000000000000000000000000000000000000000000000000000000000000000000000000000000000000000000000000000000000000000000000000000000000000000000000000000000000000
310
00000000000000000000000000000000000000000000000000000000000000000000000000000000000000000000000000000000000000000000000000000000000000000000000000000000000000000000000000000000000000000000000000000000000000000000000000000000000000000000000000000000000000
310
000000000000000000000000000000000000000000000000000000000000000000000000000000000000000000000000000000000000000000000000000000000000000000000000000000000000000000000000
  0
XRECORD
  5
1474
102
{ACAD_REACTORS
330
188
102
}
330
188
100
AcDbXrecord
280
     1
102
MATERIAL
148
0.0
149
0.0
149
0.0
 93
        0
 94
       63
282
     0
 72
     1
 77
     1
171
     1
175
     1
179
     1
273
     0
  0
XRECORD
  5
189
102
{ACAD_REACTORS
330
188
102
}
330
188
100
AcDbXrecord
280
     1
 70
     1
 90
429727718
  1
508B35C9-AEE7-456F-BE74-D52651303AC6
310
504B03040A0000080000B670623B3DEE336E79000000790000001B0000006175746F6465736B2D64657369676E2D7061636B6167652E786D6C3C3F786D6C2076657273696F6E3D22312E302220656E636F64696E673D227574662D3822203F3E3C666F726D6174733E3C666F726D61743E687474703A2F2F736368656D612E
310
6175746F6465736B2E636F6D2F64657369676E2D7061636B6167652F323030393C2F666F726D61743E3C2F666F726D6174733E504B0304140006080800B670623BD486FD9CA0000000F4000000130000005B436F6E74656E745F54797065735D2E786D6C7D8EC10E82300C865F65E91D8A1E8C310C0EEA1BF002731658846E
310
D98AC1B77784ABF1D8FE5FBFBF75BBCE937A534CCEB38643598122B6FEE978D0B0485F9C41B54DDD7D022595594E1A469170414C76A4D9A4D207E29CF43ECE46F218070CC6BECC4078ACAA135ACF422C856C0E68EA1BF5669944DDD7BCDE7B1F8E415D77AECB980613C2E4AC91FC167A2B244592486606FC29C8FD7F045B9A
310
EF7053A7E60B504B0304140006080800B670623B28ED286BEB0000007C01000008000000636F72652E786D6C8D90416EC3201045AF82665B6183218D6D61A254764FD00B204C5C94182C03558F5F9C3852BBEB6A467FFE9B197D71FA9E6FE8CBACC17AD7012D0820E3B41FAD9B3A48F1826B40272956EFE32F1B20A766D3C1
310
268314D3EAD3B24BDABB685CCCAAF3A3D94515828980F42D371D04FD696655A814B3235C8B45E9AB9A4C419F5D8653B2237A1CB163DE672FD6AC209BF3C08E0D1B30EB19C3FC9D72FCC6EB231EFA33EDE96BDD341517E5064B11EDFCBCAF57A3A2194156843498524CAA0FCA5B7268F9E185D42D21A2DCEC7FA0B48CFF8492
310
759155FBBB0F2C80A4F991FB408A72CB22977B50B96EB9C91F504B0304140006080800B670623B55019EA25F0000007C00000007000000636E782E786D6C4DCB3B0E80201045D1AD90E915ED2CF8AC45050C11660C8261F98AB1B07AC9C97D42D718D865D3E909258CFD00CCE24AC6E326A164D74DC0B4128928FF32603847
310
2BA13128B1252AC747C6BAB984FC68F0B87FE8960A5C09FE86CFB69FBA01504B0304140006080800B670623B7BC41AC871010000D40300000C0000006662782F636F72652E786D6CC553ED6E8320147D15C2DF4501B56B6D90A64BBB27D80B50A5CE54C120983EFEAE1F4DD7A56BBA5FF3879273EEE59E7310BE393735EA95
310
ED2AA333CC428A91D2B9292A5D66D8BB63B0C26823B835C67D2BC348CB46657880B1E0A535BE9DA1DC68A7B403549B42CDA0EC3AE530CA6B5864B8CB3F552343E91D5474A7B095F949962A6421D0502778E72C0840D390E18DC5F170E664C205F7BE2A66B62A605A75AC94C522DDEEE3651AEF837817C741F2CE92E02D592D
310
83FD6ECB76EC7595A651C2C9D02CB8AB9A8BBADC2AE954814544691A3016D0E883256BBA58278B17BA5A53CAC9507ED3E4DBE2C9265F691747B3DCA9ADC382819091F8E1162272A8933DE82182932144F88C09DF060D8140C84E1EEA8B8F1340BDCA9DB1093085F157AA97B557309586747CD0EF0B4EA64E983A6E0EAEEFCE
310
889E9EF17847386AA94B30211D2C0FDE0D3AF9A4610EAD5536E8DD1969631B593F67E381C33F5157F17725E5A636F6BF1491F980C8FC7B90E13E8A2F504B0304140006080800B670623B70102A487D0000009D0000000B0000006662782F636E782E786D6C4DCCD10A83201886E15B91FFDC95A5C30335ACCDFB886521330D
310
A76397BF1A1DECE883878F57749FD5A3B74D2F17830472A901D9F088930B8B849267CC01754AA418F3DF0D5018572BE160506249B16C274D761E8BCFBB7A179E27F65CB39A0F14D396184C9921B81F34C3ACA1B4B99ABB6E6F062A25AA5F69DF23ACBE504B0304140006080800B670623B3610CA3329010000120200003100
310
00006662782F42384135303843342D343331462D343546312D424341352D3532343432364645413344462F636F72652E786D6C8D515B6EC32010BC0AE22B55850D0E446E848992B43E412FE000495162B07854397EA176A4F62F3F2C9A9D991D58BEBB8F37F0AD7D30CE76905418026DA553C65E3A98E219B510EC04F7CEC5
310
3F3408EC30EA0E16180A7EF12E4D0B249D8DDAC68C5AA7F4020E21E80881BCE54B0783FCD2E3500D296646B856D320AFC34557A4CAEDCC133C449F0380794839A138B47B86DB2345744D7A44594FD0E1B867883594369BFE63BF7EEF793D0B054FC9A8456E548E63CE46FB674D8A58F068C6477CE9F510B582A2C1F80D1182
310
70F349E816B32D65AFB8DD62CCEB42FF274A937A52948C8DEB66893BCB021484D7734370E5D2E9F608A3EF93F3119479ABA0E50B14B8C298119A43CCC4FCFCECB8A18B6388CEE7EF5D5D4F994BD86CBBA182D76543B9FCAE2FD7B24DF103504B0304140006080800B670623B1B8617914E0100003303000030000000666278
310
2F42384135303843342D343331462D343546312D424341352D3532343432364645413344462F636E782E786D6CD593C16EC32010447F0571AD6CE3D489D20813A9877E410FBD62D82434182CC055F3F75D1292E692438FBD206B7698593D61BEFD1E2DF982108D773D6D6B460938E5B571FB9ECE6957AD29D90A1EBC4F7736
310
4A9C1CA1A759A682EF839FA72269D8C9D92654AD71C72206887E0E0A22CAF926B15E498B01E0AA19451807D01A34B919F16B070157417138917400F2F6FA41FCF0092A45DEE414C19BDC21783E4BD39D891265658C3D8DEA00A3ACE59CBC8678ACB54CB26EEB6BD7839D7E9348BE70AD9C8321B9BCA7F9A4A26C542347DEE0
310
50F09802D22BA6749A800A394DD62899107273365E3C82CFC6A55557BC06C10774B7ABE7AEC3B0F34CF06446280E154026D0542C187BA9DAB6628BF7B6DBB0E5A65B3EB1F58631DE64BBE083F7B65CC218087E22CABB042E51D1F2268F1FE12B3EA24D40D63E9CFE00120194D60B9D5BC67FE6D39CDF37E20AF817881F504B
310
0304140006080800B670623BBFEF2E3B690500003C100000340000006662782F42384135303843342D343331462D343546312D424341352D3532343432364645413344462F6F626A656374732E786D6CAD575D739B3814FD2B0CFB0C98D84E931D4227B6938EA793B6534F3BFB90198F0099B001899144EAECAFDF231018B0
310
D37A3FFC609090EEE7B94757C1FB7D915B2F54C88CB31BDB7727B64559CC938CA53776A576CE956DBD0F03C1B9EA2DB32D460A7A63EB693B0C52C1ABD24C257447AA5C8D66EF177F5832A68CDA569C13296F6C193FD182B8A4523CA1F2D94D88226EBADBBBBEDB2C1C8A4D05299F46424B222853B014F30C52ACC6287F389C
310
D85E1878FA7B18E87FB36AFAF62AAFF667A83F635211161F291B8999FAB3D5DDC5FCDA99CF6653677679E13B8BFBC5CAF1DF4D27CBCBE5F2FAF6EE1A8AA51290642C117467871F101B91C581D77CEA2C36869F3229E68CD1B8F61F1ED6361B89092D294B90C78C4A68EB793D190E7D1D9BDEE7A91E1B95FDE9F3BCEAEFE809
310
6A6D6F9F7D4B79F4275C90E7A04248AA51D5C4C738DAE06F72885AC4796EBE65D22A88A22223B995679120E2D50EB1542F098381188D4EA111AE3DB043FF20AF6F2B4AE3D7D83D65E5AECA730D4D3BAC91BD05FEA992B565D95F549CD6069B90AB2A63EACA38A45E4B6A87D781574F86817E4C2FCCC72690D62E2729520E37
310
9BAF234797BAF6D62B3BFC781FED37BA1E4F2B2F052FA9501A3E80569BB8F6A9A364D4FA67654E6F803383981F82F21591FF84F23D9882BC896C3FDBCF8C162508933B2E0AE4C69DD43F6BD2BE38DDDBF10BF86CB4FA784D37F3AF16075E67EC9030DECA1FC0A55373F5DFF3378C591FA9BDF485C10B0A8C8BA909E5262639
310
A8E72163488806A595734C81CB77D1DE0ED7604A303B76913CEC0272F412782FF88EFF4636D8AA56DF7B322474C4B767303F625997056C7B032C473C592B36CEBD15F3F9FF5233B7ABCDC74D257624A60F8658567497B14CE1EC3C80B76FD02011038F9EE9EB0F2E12387A9C844D3F09855125116D1D731DF8B43D2CF4E0A0
310
79A020C6BE946BCE0B7EA1E1219331CD73C228AF5A2DDD31A4B1DA918CE91350854D40A71723140BFA92E94E62B0626016CEFA5864A50E5977E8753CEDBEE1CBB7F52780D20E17AF0BA0F5F9B02A3AD07DCC732EB6D1EBB661421BE0C39E21BABF0FE16D22EA6929407C8DE596724C88B749B6DB5512BC7B228ADFD7CB7EA6
310
3A22397E690BA8D5D8D4E40CEC8CDA23C2C0B7D5898640101CEC9C6D331CE328CB93CAFBBAC70A642DF70DF95155945B52F08AA973C23469FD69ADEF84F7BB18F983A8F8C90E37F5D35980B2139A1C523540813E824EF83448CF7C72B598CE97D7CEEDDDDD3B6736BFBC771677EF66CE6A7E7139F7A793E9EDF2B2B3A8B624
310
0CDA13AA5F8388264EC4A0129909F3B7F5A16CEDF08128E97D680ACA4B9BE7B7B58BB638F0B00700EF36AE8B32A705658A68F83EE897FC2B41573190D1CCAF0B92D233A47CFEB019D9809933F67DD1A5467F8CF69AD9A5AE859342D45355448C64F968A371DC2D596ADC6E43D93D1B466F877A64E2893E54F23C4B40388995
310
525E5005DA3983ED45412510D3EFCA13737B3863F74BD30F2A12E5B4B5E489A025CE25500DB855B11ACE5BBFA185D35DD48D8DC3CE7DC69F2944DB42AA6F6CF09BCA622ADD08C7A36E7C6AE18000BAB08E040135C2D21C9D75B3A91B77BB746C403F38018DFE6EC939DD92F16B40BC05294B9CDA035AAD6D330AE27FE4786B
310
8E45145EA34A75BE1C263A676A35A8ACC6297337400BF16C54EF515F3F77CB77EB3583889C754FFA29081AA98E2222ADEF05DA3E63D2EDEA8B8756C05A7FB6CABC4A91CBF325398202CC952E70A008A830324BA200D5E5EF8F5F04C75DB4B0EE3340E071C98B823333B83577596BF3849B69F2085AA0FAFA212F26BEFF5877
310
FDE622B28D88A42E49E43326DA82D31E8CB006401E1DA726059ECEC168F97A6599036306A135688F9AD2E61A6EA178F4CD51974A9F2CCB9F36FE5EBD14601068D9C3BF01504B0304140006080000B670623B000000000000000000000000350000006662782F42384135303843342D343331462D343546312D424341352D35
310
32343432364645413344462F76657274696365732E62696E504B0304140006080800B670623BF270F1330600000004000000360000006662782F42384135303843342D343331462D343546312D424341352D3532343432364645413344462F747269616E676C65732E62696E636660600000504B0304140006080000B67062
310
3B000000000000000000000000370000006662782F42384135303843342D343331462D343546312D424341352D3532343432364645413344462F617474726962757465732E62696E504B0304140006080800B670623B08DA0BD19000000041010000360000006662782F42384135303843342D343331462D343546312D4243
310
41352D3532343432364645413344462F6469726563746F72792E786D6C858F410AC3201045AF22B36F53E9A60B35CBEEBAE80D244E44489C6234F4F835464A48035D0DF398FF9F8AF63D0E6CC63039F212F8F9020C7D47C6792B21C5FE7403D62A1188E2E60C98D7234A5830286103A55745067B9D86B8A3CF9C7F90C11DE6
310
07FB144396D7B6A82D282E9A152AD114D5EF2CB866EEE831B8EEA07A7BB5A8D7D61A2BAAEB7FD5F70921FF497D00504B0304140006080800B670623B3B4606F3FE000000A00100003B0000006662782F42384135303843342D343331462D343546312D424341352D3532343432364645413344462F7265736F75726365732F
310
636F72652E786D6C8D504B6E833010BD0A9A6D65B08134808CA354A427E8052C332156828DFCA97AFC9A40A576D7CDCCE87D344F8F9FBEE647F689CE6B6B7A6039850C8DB2A336530F315C4903D94970676DF82583CCC8197B5861107C72362E3BA4AC096842428D1D7107A5F71820538F74F4E0D50D6799CB1892C2DFF345
310
AABB9C306779A2934E701F5C0A906D4FD609C2A1B7D129F4BCD858C163D4E3AED163FAA9AF1A1D88F67CA98E6D35906AA82A52BFB39ABCD5CD915C86331BD86BD3B665CD8BD52C78D0F34F46E550061C419494B6843142CB0F5677F4D0D58717DA7494F26295FF31C565FCA7296A13AA728FBBD93C0896823C09C18BB5AFB4
310
9E65A6BD762BBE01504B010214000A0000080000B670623B3DEE336E79000000790000001B00000000000000000000000000000000006175746F6465736B2D64657369676E2D7061636B6167652E786D6C504B01021400140006080800B670623BD486FD9CA0000000F40000001300000000000000000000000000B2000000
310
5B436F6E74656E745F54797065735D2E786D6C504B01021400140006080800B670623B28ED286BEB0000007C010000080000000000000000000000000083010000636F72652E786D6C504B01021400140006080800B670623B55019EA25F0000007C000000070000000000000000000000000094020000636E782E786D6C50
310
4B01021400140006080800B670623B7BC41AC871010000D40300000C00000000000000000000000000180300006662782F636F72652E786D6C504B01021400140006080800B670623B70102A487D0000009D0000000B00000000000000000000000000B30400006662782F636E782E786D6C504B01021400140006080800B6
310
70623B3610CA3329010000120200003100000000000000000000000000590500006662782F42384135303843342D343331462D343546312D424341352D3532343432364645413344462F636F72652E786D6C504B01021400140006080800B670623B1B8617914E010000330300003000000000000000000000000000D10600
310
006662782F42384135303843342D343331462D343546312D424341352D3532343432364645413344462F636E782E786D6C504B01021400140006080800B670623BBFEF2E3B690500003C10000034000000000000000000000000006D0800006662782F42384135303843342D343331462D343546312D424341352D35323434
310
32364645413344462F6F626A656374732E786D6C504B01021400140006080000B670623B0000000000000000000000003500000000000000000000000000280E00006662782F42384135303843342D343331462D343546312D424341352D3532343432364645413344462F76657274696365732E62696E504B010214001400
310
06080800B670623BF270F133060000000400000036000000000000000000000000007B0E00006662782F42384135303843342D343331462D343546312D424341352D3532343432364645413344462F747269616E676C65732E62696E504B01021400140006080000B670623B00000000000000000000000037000000000000
310
00000000000000D50E00006662782F42384135303843342D343331462D343546312D424341352D3532343432364645413344462F617474726962757465732E62696E504B01021400140006080800B670623B08DA0BD1900000004101000036000000000000000000000000002A0F00006662782F42384135303843342D3433
310
31462D343546312D424341352D3532343432364645413344462F6469726563746F72792E786D6C504B01021400140006080800B670623B3B4606F3FE000000A00100003B000000000000000000000000000E1000006662782F42384135303843342D343331462D343546312D424341352D3532343432364645413344462F72
310
65736F75726365732F636F72652E786D6C504B0506000000000E000E0080040000651100000000
  0
XRECORD
  5
1475
102
{ACAD_REACTORS
330
186
102
}
330
186
100
AcDbXrecord
280
     1
102
MATERIAL
148
0.0
149
0.0
149
0.0
 93
        0
 94
       63
282
     0
 72
     1
 77
     1
171
     1
175
     1
179
     1
273
     0
  0
XRECORD
  5
187
102
{ACAD_REACTORS
330
186
102
}
330
186
100
AcDbXrecord
280
     1
 70
     1
 90
429727718
  1
887D55A9-D0DD-414E-B741-A7DCD4DA2B4C
310
504B03040A0000080000B670623B3DEE336E79000000790000001B0000006175746F6465736B2D64657369676E2D7061636B6167652E786D6C3C3F786D6C2076657273696F6E3D22312E302220656E636F64696E673D227574662D3822203F3E3C666F726D6174733E3C666F726D61743E687474703A2F2F736368656D612E
310
6175746F6465736B2E636F6D2F64657369676E2D7061636B6167652F323030393C2F666F726D61743E3C2F666F726D6174733E504B0304140006080800B670623BD486FD9CA0000000F4000000130000005B436F6E74656E745F54797065735D2E786D6C7D8EC10E82300C865F65E91D8A1E8C310C0EEA1BF002731658846E
310
D98AC1B77784ABF1D8FE5FBFBF75BBCE937A534CCEB38643598122B6FEE978D0B0485F9C41B54DDD7D022595594E1A469170414C76A4D9A4D207E29CF43ECE46F218070CC6BECC4078ACAA135ACF422C856C0E68EA1BF5669944DDD7BCDE7B1F8E415D77AECB980613C2E4AC91FC167A2B244592486606FC29C8FD7F045B9A
310
EF7053A7E60B504B0304140006080800B670623BBC1638F5EC0000007C01000008000000636F72652E786D6C8D90416EC3201045AF82665B61836BE2D8C24471DB9CA01740401C94182C03558F5F9C3852BBEB6A467FFE9B197D7EF89E6EE8CB2CC17AD7032D0820E394D7D68D3DA478C67B4007C117EFE32F1B202727D3C3
310
2A83E0E3E2D3BC49CABB685CCCAAF3DA6CA20CC14440EA969B1E82BA98491632C5EC08D76296EA2A4753D06797E194AC468F2356E77DF66CCD02825543D50CACC62D39ED70FDC68EB8FD68F6F8787A6784342D1DDA1D2F5758F068A7E77DB518198D065111D2624A31A93E69DD11D6D5EC85EC3B4278B9DAFF4069D6FF8492
310
75F1B5DADE7D600104CD8FDC0782976B16B9DC83CA75CD4DFC00504B0304140006080800B670623B55019EA25F0000007C00000007000000636E782E786D6C4DCB3B0E80201045D1AD90E915ED2CF8AC45050C11660C8261F98AB1B07AC9C97D42D718D865D3E909258CFD00CCE24AC6E326A164D74DC0B4128928FF326038
310
472BA13128B1252AC747C6BAB984FC68F0B87FE8960A5C09FE86CFB69FBA01504B0304140006080800B670623B3586FFB671010000D40300000C0000006662782F636F72652E786D6CC553ED6E8320147D15C2DF4541A76D6D90A6DDD627D80B50A4CE54C120983EFEAE1F4DD7A55BBA5FF3879273EEE59E7310B6393735EA
310
95ED2AA3731C851423A5A5292A5DE6D8BB63B0C268C39935C67D29C3488B46E578803167A535BE9D2169B453DA01AA4DA16650749D7218C91A1639EEE4876A4428BC838AEE14B6429E44A9C228041AEA38EB9C0501681A32BC313F1ECE8C4C3867DE57C5CC56054CAB8E95B298A7F12E5EEED224C8E87E11242FE936C8DE96
310
AB60BB7F4D295D66D12E5B30323473E6AAE6A24E5A259C2A308F29CD82280A68FC1E256B9AAE93F489AED694323294DF34F9B678B0C957DA3DC7B3DCA9ADC33C022123F1CD2D44E450277AD04338234388F01913BE0D1A0281909D38D4171F27807A259DB1093085F157AA17B557309586747CD0CF0B46A64E983A6E0EAEEF
310
CE881F9EF1FB8E70D44297604238581EBC1B74B249C31C5AAB6CD0BB33D2C636A27ECCC62F0EFF445DC5DF95244D6DEC7F2922F30191F9F720C37DE49F504B0304140006080800B670623B4220A0FF7D0000009D0000000B0000006662782F636E782E786D6C4DCCD10A83201886E15B91FFDCE542CB0335D0EC3E6259C84A
310
C3E9D8E5AF46073BFAE0E1E315DD675BD1DBA5978F41C2FD4600B9F088930F8B849267CC01754AA418F3DF0D50183727E164506249B1EC174D6E1ECB9A0F5D7D785E68DB8151CD286E5A5363CA6B8A39E90D36D40E96B086F55A43A544F52B1D7B86D517504B0304140006080800B670623B2FA3FEDE290100001202000031
310
0000006662782F45374635344235342D363743322D343832342D383044432D4334454645303536354442422F636F72652E786D6C8D515B6EC32010BC0AE22B55850D2E386E848994D7097A0117488A1283C5A3CAF10BB523B57FF961D1ECCCECC0F2ED7DBC816FED8371B687A4C210682B9D32F6D2C314CFA883602BB8772E
310
FEA141608751F7B0C050F08B77695A20E96CD43666D43AA5177008414708E42D5F7A18E4971E876A483133C2B59A06791D2EBA22556E679EE021FA1C00CC43CA09C5717D6274C7286AD7FB06D1AEA1A8C3873DDAD3E3E98859CB0EBB1DAF67A1E02919B5C88DCA71CCD968FFAC49110B1ECDF8882FBD1EA256503418BF2342
310
106E3E08DD60B6A1EC15771B8C795DE8FF4469524F8A92B1F1AD59E2CEB20005E1F5DC105CB9F4797B84D1F7C9F908CABC55D0F2050A5C61CC1AD2F27A26E6E767C7962E8E213A9FBF7775FDCC5CC266DB960A5E970DE5F2BBBE5CCB36C50F504B0304140006080800B670623B1B8617914E01000033030000300000006662
310
782F45374635344235342D363743322D343832342D383044432D4334454645303536354442422F636E782E786D6CD593C16EC32010447F0571AD6CE3D489D20813A9877E410FBD62D82434182CC055F3F75D1292E692438FBD206B7698593D61BEFD1E2DF982108D773D6D6B460938E5B571FB9ECE6957AD29D90A1EBC4F77
310
364A9C1CA1A759A682EF839FA72269D8C9D92654AD71C72206887E0E0A22CAF926B15E498B01E0AA19451807D01A34B919F16B070157417138917400F2F6FA41FCF0092A45DEE414C19BDC21783E4BD39D891265658C3D8DEA00A3ACE59CBC8678ACB54CB26EEB6BD7839D7E9348BE70AD9C8321B9BCA7F9A4A26C542347DE
310
E050F09802D22BA6749A800A394DD62899107273365E3C82CFC6A55557BC06C10774B7ABE7AEC3B0F34CF06446280E154026D0542C187BA9DAB6628BF7B6DBB0E5A65B3EB1F58631DE64BBE083F7B65CC218087E22CABB042E51D1F2268F1FE12B3EA24D40D63E9CFE00120194D60B9D5BC67FE6D39CDF37E20AF817881F50
310
4B0304140006080800B670623B29652116630500003C100000340000006662782F45374635344235342D363743322D343832342D383044432D4334454645303536354442422F6F626A656374732E786D6CAD575D739B3814FD2B0CFB0C989834C90EA1639B24E3E9A6EDD4D3CE3E64C623834CD8006224913AFDF57B040203
310
B65BEF871F0C12D2FD3CF7E8CA7FBFCB33E3957291B2E2D674ED8969D02262715A24B76625B7D6B569BC0F7CCE98EC2D338D82E4F4D654D366E0279C55A59E8AE99654991CCDDECFFF3444440B6A1A514684B83545F44C7362934AB2988A173B2692D8C97667BB76B3702836E1A47C1E092D09A78584A5982F20C5688C7287
310
C389E904BEA3BE07BEFAD7ABA6A75739B53F43FD69212429A20365233153D70BEF2E2E6FAC4BCF9B5ADEBB0BD79ADFCF43CBBD9A4E16EF168B9BD9DD0D140BC921495BC2E9D60C1E101B9E46BED37CEA2CD6861F3329624541A3DA7F7858DBAC25C6B4A4458C3CA654405BCFEBC970E8AAD8F43E4FD558ABEC4F9FE7557F47
310
4F506B7BFBEC5BCA367FC105710E2AB8A00A554D7CB4A30DFE26FBA86D18CBF4B75418399194A72433B274C3097F33032C554B027F2046A1932B842B0FCCC0DDCBEBDB8AD2F835768F59B9ADB24C41D30C6A64AF817F2A456D59FA83F2E3DA60137255A585BCD60EC9B7929AC18DEFD49381AF1ED30BFDB109A4B1CD488294
310
C3CDE6EBC8D185AABD6568061FEE37BB95AAC7E3CA4BCE4ACAA5820FA0D526AE7DAA2869B5EE5999531BE0CC20E6FBA07C41E43FA27CF7A6206F3CDD793B4F6B919C1462CB788EDCD893FA674CDA17AB7B3B7C019F8D561FAEE966FED562DFE98C1D12C6A9FC015C2A35D7FF3D7FC398F591DA4B5FE0BFA2C0189FEA50AE22
310
92817A1ED3020951A03432862970F976B33383259812CC8E5D240BBA801CBCF8CE2BBEE3BF910DB6AAD5F79E05123AE2DB33981FB1ACCB02B69D00CB014FD68AB573A7627EF9BFD4CC2C5C7D58557C4B22FAA88925A4DBB44825CECE3D78FB060D1231F0E885BE7D673C86A3874958F593906B5502D1563157814FDAC3420D
310
F69A070A22EC4B98E23CFF171A1E5311D12C23056555ABA53B8614563B92D17D02AAB009E8F46284624E5F53D5490C560CCCC2591FF1B45421EB0EBD8EA7ED13BE7C5D7E0428CD60FEF60779EB13E6664FF711CB185F6FDED60D139A001FF60CD1FD6D086F1D51474901E26B2CB794A343BC8ED3EDB612E0DD2351FCB65CF4
310
33D511C9E14B5B40ADC6A6263DB0336A8F700DDF56271A024E70B0B3629DE21847591E55DED73D56206AB927E46FAABC5C939C55853C274C93D69FD6FA4E78BF8B11DF898C9ECD60553FAD39283BA6F18984AA23E8884F83F45C5F5F859797B31B2B9C84A1E5B9DE9D35BFF25C6B76152E422F9C5DCC3D847F5801ED09D5AF
310
41441327A25FF15487F9EB725FB666F048A4701E9A827292E6F97569A32DF61DEC01C0BB8DCBBCCC684E0B49147C1FD54BF685A0AB18C868E6973949E819523E3DAC463660E68C7D9F55A9D1EFA3BD7A76A16AE1A810F95CE59B82A4D968A376DC2E8B44BBDD86B27B368CDE0ED548C7137DA860591A83706223A12CA712B4
310
7306DBF39C0A20A6DF95C7FAF670C6EED7A61F946493D1D6926782963813403548A78AE470DEF80D2D9CEAA26E4D1C76F60BFE74219A06527D6B82DF641A51616F703CAAC6A7160E08A00BEB4810A0274592A1B36E3675E36E978A0DE80727A0D6DF2D39A75BD27E0D8837276589537B40ABB56D5A41F48F1C6FCD3188C4EB
310
A6929D2FFB89CE995A4D00AE813BDD032DC48B56BD437DFDDC2DD7AED70C2272D63DE9A72068A45A92F0A4BE17A8A06B9366E16707AD80B1FC649459952097E74BB23805982B55E0401150A165964402AA8BDF9F3E7386BB686EDCA780C0D382E5392BF460A6EFB2C6EA1937D3F809B440D5F5435C4C5CF7A9EEFAF54564BD
310
2182DA24162F98680B4E7930C21A0079709CEAEB99A372305ABE0C0D7D6078105A83F6A0296DAEE1068A47DD1C55A9F4C9B2FC69E3EFD44B81028E963DF81B504B0304140006080000B670623B000000000000000000000000350000006662782F45374635344235342D363743322D343832342D383044432D433445464530
310
3536354442422F76657274696365732E62696E504B0304140006080800B670623BF270F1330600000004000000360000006662782F45374635344235342D363743322D343832342D383044432D4334454645303536354442422F747269616E676C65732E62696E636660600000504B0304140006080000B670623B00000000
310
0000000000000000370000006662782F45374635344235342D363743322D343832342D383044432D4334454645303536354442422F617474726962757465732E62696E504B0304140006080800B670623B08DA0BD19000000041010000360000006662782F45374635344235342D363743322D343832342D383044432D4334
310
454645303536354442422F6469726563746F72792E786D6C858F410AC3201045AF22B36F53E9A60B35CBEEBAE80D244E44489C6234F4F835464A48035D0DF398FF9F8AF63D0E6CC63039F212F8F9020C7D47C6792B21C5FE7403D62A1188E2E60C98D7234A5830286103A55745067B9D86B8A3CF9C7F90C11DE607FB144396
310
D7B6A82D282E9A152AD114D5EF2CB866EEE831B8EEA07A7BB5A8D7D61A2BAAEB7FD5F70921FF497D00504B0304140006080800B670623B6378F24DFF000000A00100003B0000006662782F45374635344235342D363743322D343832342D383044432D4334454645303536354442422F7265736F75726365732F636F72652E
310
786D6C8D504B6E833010BD0A9A6D65B0094E42641C85B639412F6099496225D8C89FAAC7AF09546A77DDCC8CDE47F3F4C4F16B7C149FE88371B603565228D06A37187BED20C50BD9437194C23B177FC9A0B06AC40E6618A4B87A97A615D2CE46B431A3D60DB8822A048C50E8473E3A08FA86A32A558A5911EEE5A4F45D5DB1
310
6465A6B34E8A107D0E502C4FE609D26370C96B0CA25A58295232C3AA3143FE692E063D485EF7F5AEE71BD2D2F39634AFFC44DAF7DD9E9CCE6F9CD25DCBFA762BAAD92C4534E34F46ED51451C40D694B6843142EB0FD61C283F34FC85EE0F948A6A96FF31A569F8A729191B37F51A77B105902C0779125254735F793DCBCC7B
310
EE567E03504B010214000A0000080000B670623B3DEE336E79000000790000001B00000000000000000000000000000000006175746F6465736B2D64657369676E2D7061636B6167652E786D6C504B01021400140006080800B670623BD486FD9CA0000000F40000001300000000000000000000000000B20000005B436F6E
310
74656E745F54797065735D2E786D6C504B01021400140006080800B670623BBC1638F5EC0000007C010000080000000000000000000000000083010000636F72652E786D6C504B01021400140006080800B670623B55019EA25F0000007C000000070000000000000000000000000095020000636E782E786D6C504B010214
310
00140006080800B670623B3586FFB671010000D40300000C00000000000000000000000000190300006662782F636F72652E786D6C504B01021400140006080800B670623B4220A0FF7D0000009D0000000B00000000000000000000000000B40400006662782F636E782E786D6C504B01021400140006080800B670623B2F
310
A3FEDE290100001202000031000000000000000000000000005A0500006662782F45374635344235342D363743322D343832342D383044432D4334454645303536354442422F636F72652E786D6C504B01021400140006080800B670623B1B8617914E010000330300003000000000000000000000000000D2060000666278
310
2F45374635344235342D363743322D343832342D383044432D4334454645303536354442422F636E782E786D6C504B01021400140006080800B670623B29652116630500003C10000034000000000000000000000000006E0800006662782F45374635344235342D363743322D343832342D383044432D4334454645303536
310
354442422F6F626A656374732E786D6C504B01021400140006080000B670623B0000000000000000000000003500000000000000000000000000230E00006662782F45374635344235342D363743322D343832342D383044432D4334454645303536354442422F76657274696365732E62696E504B01021400140006080800
310
B670623BF270F13306000000040000003600000000000000000000000000760E00006662782F45374635344235342D363743322D343832342D383044432D4334454645303536354442422F747269616E676C65732E62696E504B01021400140006080000B670623B0000000000000000000000003700000000000000000000
310
000000D00E00006662782F45374635344235342D363743322D343832342D383044432D4334454645303536354442422F617474726962757465732E62696E504B01021400140006080800B670623B08DA0BD190000000410100003600000000000000000000000000250F00006662782F45374635344235342D363743322D34
310
3832342D383044432D4334454645303536354442422F6469726563746F72792E786D6C504B01021400140006080800B670623B6378F24DFF000000A00100003B00000000000000000000000000091000006662782F45374635344235342D363743322D343832342D383044432D4334454645303536354442422F7265736F75
310
726365732F636F72652E786D6C504B0506000000000E000E0080040000611100000000
  0
XRECORD
  5
1476
102
{ACAD_REACTORS
330
110
102
}
330
110
100
AcDbXrecord
280
     1
102
MATERIAL
148
0.0
149
0.0
149
0.0
 93
        0
 94
       63
282
     0
 72
     1
 77
     1
171
     1
175
     1
179
     1
273
     0
  0
XRECORD
  5
18A
102
{ACAD_REACTORS
330
110
102
}
330
110
100
AcDbXrecord
280
     1
 70
     0
 90
1778669749
  1
9BF507EE-FAF7-4A99-A33D-4EE51894BC40
310
504B03040A0000080000B670623B3DEE336E79000000790000001B0000006175746F6465736B2D64657369676E2D7061636B6167652E786D6C3C3F786D6C2076657273696F6E3D22312E302220656E636F64696E673D227574662D3822203F3E3C666F726D6174733E3C666F726D61743E687474703A2F2F736368656D612E
310
6175746F6465736B2E636F6D2F64657369676E2D7061636B6167652F323030393C2F666F726D61743E3C2F666F726D6174733E504B0304140006080800B670623BD486FD9CA0000000F4000000130000005B436F6E74656E745F54797065735D2E786D6C7D8EC10E82300C865F65E91D8A1E8C310C0EEA1BF002731658846E
310
D98AC1B77784ABF1D8FE5FBFBF75BBCE937A534CCEB38643598122B6FEE978D0B0485F9C41B54DDD7D022595594E1A469170414C76A4D9A4D207E29CF43ECE46F218070CC6BECC4078ACAA135ACF422C856C0E68EA1BF5669944DDD7BCDE7B1F8E415D77AECB980613C2E4AC91FC167A2B244592486606FC29C8FD7F045B9A
310
EF7053A7E60B504B0304140006080800B670623BCA089DFFEC0000007C01000008000000636F72652E786D6C8D90416E83301045AF62CDB632D8402020E32882F604BD80653BC44AB011B6AB1EBF262152BBEB6A467FFE9B197D76FA9EEFE84BAFDE38DB03CD08206DA553C64E3DC470C1474027CE56E7C22F1B202B66DDC3
310
260367D3EAE2B24BD2D9A06D48AA754AEFA2F05E0740F29E9A1EBCBCEA59642286E4F0B76C11F226269DD15797E0188D42CF2346A57DE662F40ABCAEC77628C6120F654571D50C04B7F5B9C1E3997CD4F550BE3745C3F20DE62C98F9755FAE5A04AD801784B498524C8A4F5A75E4D055873772EC0861F966FF03C545FD138A
310
C686B2D8DF7D621E384D8F3C069CE55B16A93C824A75CB8DFF00504B0304140006080800B670623B55019EA25F0000007C00000007000000636E782E786D6C4DCB3B0E80201045D1AD90E915ED2CF8AC45050C11660C8261F98AB1B07AC9C97D42D718D865D3E909258CFD00CCE24AC6E326A164D74DC0B4128928FF326038
310
472BA13128B1252AC747C6BAB984FC68F0B87FE8960A5C09FE86CFB69FBA01504B0304140006080800B670623B68FC0B7272010000D40300000C0000006662782F636F72652E786D6CC5535B6E833010BC8AE5DF0A6C1E8124328E22D29EA01770C0A128602363A31CBFCB234A53A555FA553EC09AD9F5CE8C31DB5DDA060D
310
D2F4B556190E7C8A9154852E6B5565D8D993B7C668C799D1DA7E29C3488956667884316795D1AE5BA0422B2B950554E9522EA0E87B69312A1A5864B82F3E642B7CE12C54F467BF13C55954D20F7CA0A18EB3DE1A1080E621E31BF3D3F1C2C88C73E65C5D2E6C5DC2B4FA544B8379921C36797888BC3C8A032F4E73EA6D927D
310
EA1DF6F42D49F2E8350D5346C666CE6CDD5ED515460A2B4BCC434A375E1078347C0FE22D5D6DE3D50B5D6F2965642CBF6B725DF96493AB958DC245EEDCD6631E809089F8E61622B2A81703E8219C913144F84C09DF070D8140C8561C9BAB8F3340832CAC363130A576376A108D933095FA747AD0CF0B46E64E983A6D0EAE1F
310
CE089F9EF1FB8E70D44255604258581E9D1D75B259C3125A278D37D80B52DAB4A279CEC62F0EFF44DDC43F9454E8469BFF5244960322CBEF41C6FBC83F01504B0304140006080800B670623B0F71DDB67E0000009D0000000B0000006662782F636E782E786D6C4DCCD10A83201886E15B91FFDCA54DB73F502386BB8F5816
310
32D3703976F9ABD1C18E3E78F87855FB990379BBFCF2296AE02706C4C5471A7C9C349475A408A4352AA7B4FEDD80C47E761A7606A3A69CCA72D0E0C6BE8475D3E0E3F3409428EA6B27A84079A782899AA2EC1A7AE3ECCC2FD858CB2D544655BFD2B67BD87C01504B0304140006080800B670623BE134B4FB28010000120200
310
00310000006662782F38353834323741342D343835462D343034322D383541392D4331303331363839454531452F636F72652E786D6C8D515B6EC32010BC0AE22B55850D0EA424C24451959EA0172086A42831583CAA1CBF503B52FB971F16CDCECC0EACD8DFC71BF836215AEF7A481A0C817183D7D65D7A98D3197108F652
310
04EFD31F1A044E8DA6871586525C82CFD3020DDE25E352419DD76601558C264130DCCAA58771F832A36A544E8511AFCDA486ABBA988634A55D7852C4144A00300FA927949C71DABD1D28A29C7D208A6987383B6CD13BC16BB2E1DBE3911C453B0BA5C8D9EA456E758963CFD684674DAA588A64C747FC2118958C86B2C3788B
310
0841B8FB247487D98EB257CC77188BB6D2FF89F2A49F1465EBD2BA5BE2CEB2082511EDDC9042FB7CBA3DC298FBE4430275DE2A9AE1054ADC60CC08E3A29D89E5F9C5714317C7987C28DFBBBA9E0A97B0D97643A568EB864AF95D5FA9759BF207504B0304140006080800B670623B1B8617914E010000330300003000000066
310
62782F38353834323741342D343835462D343034322D383541392D4331303331363839454531452F636E782E786D6CD593C16EC32010447F0571AD6CE3D489D20813A9877E410FBD62D82434182CC055F3F75D1292E692438FBD206B7698593D61BEFD1E2DF982108D773D6D6B460938E5B571FB9ECE6957AD29D90A1EBC4F
310
77364A9C1CA1A759A682EF839FA72269D8C9D92654AD71C72206887E0E0A22CAF926B15E498B01E0AA19451807D01A34B919F16B070157417138917400F2F6FA41FCF0092A45DEE414C19BDC21783E4BD39D891265658C3D8DEA00A3ACE59CBC8678ACB54CB26EEB6BD7839D7E9348BE70AD9C8321B9BCA7F9A4A26C542347
310
DEE050F09802D22BA6749A800A394DD62899107273365E3C82CFC6A55557BC06C10774B7ABE7AEC3B0F34CF06446280E154026D0542C187BA9DAB6628BF7B6DBB0E5A65B3EB1F58631DE64BBE083F7B65CC218087E22CABB042E51D1F2268F1FE12B3EA24D40D63E9CFE00120194D60B9D5BC67FE6D39CDF37E20AF817881F
310
504B0304140006080800B670623B5933D422630500003B100000340000006662782F38353834323741342D343835462D343034322D383541392D4331303331363839454531452F6F626A656374732E786D6CAD575B6FA33814FE2B887D0642934E9B156594264D158D3A534DD4D13E548A0C38942D60649B4EBABF7E3F8321
310
40924EF6928780CDF1B97EE762EFF32E4B8D37CA45C2F21BD3B547A641F39045491EDF98A5DC5AD7A6F1D9F73863B243661A39C9E88DA9B64DDF8B392B0BBD15D12D295339D85DDEFE618890E6D434C2940871638AF08566C426A5641115AF764424B1E3EDCE76ED9AB0CF36E6A47819302D08A7B984A6D8CFC1C5A89572FB
310
CB91E9F89EA3BEFB9EFAD754E3D3544E654F5F7E920B49F2F040D880CDD89D2CEE2E2EA7D6E56432B6269F2E5CEB7679BBB0DCABF168FE693E9FCEEEA6102C240727AD09A75BD3BF876F78127A4EFDA9D5582B7E4CA590E5390D2BFB6161A5B3E618D182E611E2985001691DAB47FDA5AB7CD3F93C566B2DB2BB7D9E55DD13
310
1D468DEECDB3AB290BFE8409E21C54704115AA6AFF68436BFC8DF65E0B184BF5B74418199194272435D224E084BF9B3E481589EFF5D828747285706581E9BB7B7E5D5D911ABFC6EE312DB7659A2A689A7E85EC0DF04FA5A8344BFEA2FCB834E8845895492EAFB541F2BDA0A63FF59C6AD3F7D4637CA13FD68E34B629891172
310
98597F1D183A57B9B75A98FE9765B05BAB7C3C2EBCE0ACA05C2AF8005A4DE09AA7F29216EB9E15397500C6F47CBE77CA7778FE2BD277AF0AE2C693DD6437D1522427B9D8329E2136F6A8FA19A3E6C56ADF0E5F50CF06D48734EDCEBF22F69C56D97EC138153F804B85E6FABFC7AFEFB32E523BE1F3BD372418E363EDCA7548
310
52949E8724474014288D94610BB57C1BEC4C7F854A89CA8E5324F55B871CBC78CE1BBEE3BFE68D6A5589EF3C730474506FCFA8FCF0659516D0ED04580EEA6425581B77CAE797FF4BCECC16EB2FEB926F49481F746159D06D922712BD730FDEAE42BD40F42C7AA5EF3F198F60E86110D6DD20645A9480B795CF95E3E3A659A8
310
C55E724F408873315335CFFB8584874484344D494E59D94869DB90C26A5B64F49C802CAC1D3ABE18A098D3B7444D123D8A9E5AE8F5214F0AE5B2B6E9B575DA3E61CBD3EA2B4009FA940524DD1305FB6A1FB294F14DF0BEA90BA109ECE1481FDC3FFAE8D60E75141700BE82725371B4873751B2DD960265F788137FACE6DD40
310
B575E4F0A5C99F46629D92131467A41EE11ABD8D4CCC039CA0AFB37C93A08B232B8F0AEFCA1E0A1015DF13FC83322B362463652ECF71D3A8B1A7D1BE65DE1D62C44F22C317D35F574FEB16153BA2D13E543D10A80E74C4A65E78A6B7CBCBD1D5DD9DB59C2DAFACC96C3AB566E3F1C29ADCDD5DBAD7D3C9ED7C822ED74F80A6
310
41755310DE4443F44A9E68373FADF6596BFA0F440AE7BECE2727AE9F4F2B1B53B1E7E00CF0DD1E5C65454A339A4BA2D0FBA05ED2EF0443458F47BDBFCA484CCFE0F2ED7E3DD0013B679C7B5499467F0ECEEADDB9CA85A34CE44B99053949D2C1416DB85DE4B136BB7165FBAC0B7AB3542BED4F8CA182A549847A1319316519
310
95A83A67147B9E5101C47487F2485F1ECE38FD568F839204296D3479219888530154036E6528FBFBC66F98E0D4107563A2D7D9AFF8D389681A08F58D89F22693900A3B407754734FC51C10C010D6D640809EE4718AC1BA3ED4AEDB53CA37283F68805A7E4B72CEB0A4EDEAD5DD8C14059A76AFAA56BA6901E13F32BC51C720
310
12AF41295B5BF61BAD3195181FB506E6B40F4C10AF5AF40EF9F5B159AE5DD1F43C72D635E94310D45C2D49785C5D0B94D3B54AB3C5A38349C0587D338AB48C11CBF339599C02CCA54A70A008A8D03C0B2201D5F9EFCF8F9CE12A9A19CB0410789EB32C63B95ECCF455D658BFE0621A3DA32C5075FB101723D77DAE867E7D0F
310
D90444509B44E2151B4DC2290B065803200FBAA9BE9D392A0603F2D5C2D00D6302A615680F66D2FA166E2079D4C551A54AB758161FCEFD4E450A14704CECFEDF504B0304140006080000B670623B000000000000000000000000350000006662782F38353834323741342D343835462D343034322D383541392D4331303331
310
363839454531452F76657274696365732E62696E504B0304140006080800B670623BF270F1330600000004000000360000006662782F38353834323741342D343835462D343034322D383541392D4331303331363839454531452F747269616E676C65732E62696E636660600000504B0304140006080000B670623B000000
310
000000000000000000370000006662782F38353834323741342D343835462D343034322D383541392D4331303331363839454531452F617474726962757465732E62696E504B0304140006080800B670623B08DA0BD19000000041010000360000006662782F38353834323741342D343835462D343034322D383541392D43
310
31303331363839454531452F6469726563746F72792E786D6C858F410AC3201045AF22B36F53E9A60B35CBEEBAE80D244E44489C6234F4F835464A48035D0DF398FF9F8AF63D0E6CC63039F212F8F9020C7D47C6792B21C5FE7403D62A1188E2E60C98D7234A5830286103A55745067B9D86B8A3CF9C7F90C11DE607FB1443
310
96D7B6A82D282E9A152AD114D5EF2CB866EEE831B8EEA07A7BB5A8D7D61A2BAAEB7FD5F70921FF497D00504B0304140006080800B670623BD9A3B367FE000000A00100003B0000006662782F38353834323741342D343835462D343034322D383541392D4331303331363839454531452F7265736F75726365732F636F7265
310
2E786D6C8D504B6E833010BD0A9A6D65B01D0201194711694FD00B586642AD043BF2A7EAF16B122AB5BB6E6646EFA3797AE2F8B5DC8A4FF4C1383B002B291468B59B8C9D0748F1420E501CA5F0CEC55F3228AC5A708015062966EFD27D83B4B3116DCCA875136EA00A012314FA968F0182FEC045952AC5AC08D7F2AEF455CD
310
58B232D3592745883E07289E4FD609D26370C96B0CA27AB252A464A64D63A6FCD35C0C7A904D73EE467EE664DCD58CD4ED4849D79C5A723ED1B7A61977AF2D6F45B59AA58866F9C9A83DAA8813484E6947182394BFB3BAA7FBBEDEBFD0434FA9A856F91F53BA4FFF342563E38E6F719FB60092E5200F428A6AED2BAF479979
310
AFDDCA6F504B010214000A0000080000B670623B3DEE336E79000000790000001B00000000000000000000000000000000006175746F6465736B2D64657369676E2D7061636B6167652E786D6C504B01021400140006080800B670623BD486FD9CA0000000F40000001300000000000000000000000000B20000005B436F6E
310
74656E745F54797065735D2E786D6C504B01021400140006080800B670623BCA089DFFEC0000007C010000080000000000000000000000000083010000636F72652E786D6C504B01021400140006080800B670623B55019EA25F0000007C000000070000000000000000000000000095020000636E782E786D6C504B010214
310
00140006080800B670623B68FC0B7272010000D40300000C00000000000000000000000000190300006662782F636F72652E786D6C504B01021400140006080800B670623B0F71DDB67E0000009D0000000B00000000000000000000000000B50400006662782F636E782E786D6C504B01021400140006080800B670623BE1
310
34B4FB280100001202000031000000000000000000000000005C0500006662782F38353834323741342D343835462D343034322D383541392D4331303331363839454531452F636F72652E786D6C504B01021400140006080800B670623B1B8617914E010000330300003000000000000000000000000000D3060000666278
310
2F38353834323741342D343835462D343034322D383541392D4331303331363839454531452F636E782E786D6C504B01021400140006080800B670623B5933D422630500003B10000034000000000000000000000000006F0800006662782F38353834323741342D343835462D343034322D383541392D4331303331363839
310
454531452F6F626A656374732E786D6C504B01021400140006080000B670623B0000000000000000000000003500000000000000000000000000240E00006662782F38353834323741342D343835462D343034322D383541392D4331303331363839454531452F76657274696365732E62696E504B01021400140006080800
310
B670623BF270F13306000000040000003600000000000000000000000000770E00006662782F38353834323741342D343835462D343034322D383541392D4331303331363839454531452F747269616E676C65732E62696E504B01021400140006080000B670623B0000000000000000000000003700000000000000000000
310
000000D10E00006662782F38353834323741342D343835462D343034322D383541392D4331303331363839454531452F617474726962757465732E62696E504B01021400140006080800B670623B08DA0BD190000000410100003600000000000000000000000000260F00006662782F38353834323741342D343835462D34
310
3034322D383541392D4331303331363839454531452F6469726563746F72792E786D6C504B01021400140006080800B670623BD9A3B367FE000000A00100003B000000000000000000000000000A1000006662782F38353834323741342D343835462D343034322D383541392D4331303331363839454531452F7265736F75
310
726365732F636F72652E786D6C504B0506000000000E000E0080040000611100000000
  0
XRECORD
  5
1478
102
{ACAD_REACTORS
330
1477
102
}
330
1477
100
AcDbXrecord
280
     1
102
ACAD_ROUNDTRIP_2010_MLEADER_STYLE
  0
XRECORD
  5
147A
102
{ACAD_REACTORS
330
1479
102
}
330
1479
100
AcDbXrecord
280
     1
102
ACAD_ROUNDTRIP_2010_MLEADER_STYLE
  0
XRECORD
  5
147C
102
{ACAD_REACTORS
330
147B
102
}
330
147B
100
AcDbXrecord
280
     1
102
DISPLAYNAME
  1
Imperial24
102
FLAGS
 90
        0
  0
CELLSTYLEMAP
  5
147F
102
{ACAD_REACTORS
330
147D
102
}
330
147D
100
AcDbCellStyleMap
 90
        3
300
CELLSTYLE
  1
TABLEFORMAT_BEGIN
 90
        5
170
     1
 91
        0
 92
    32768
 62
   257
 93
        1
300
CONTENTFORMAT
  1
CONTENTFORMAT_BEGIN
 90
        0
 91
        0
 92
      512
 93
        0
300

 40
0.0
140
1.0
 94
        5
 62
     0
340
11
144
0.25
309
CONTENTFORMAT_END
171
     1
301
MARGIN
  1
CELLMARGIN_BEGIN
 40
0.06
 40
0.06
 40
0.06
 40
0.06
 40
0.18
 40
0.18
309
CELLMARGIN_END
 94
        6
 95
        1
302
GRIDFORMAT
  1
GRIDFORMAT_BEGIN
 90
        0
 91
        1
 62
     0
 92
       -2
340
0
 93
        0
 40
0.045
309
GRIDFORMAT_END
 95
        2
302
GRIDFORMAT
  1
GRIDFORMAT_BEGIN
 90
        0
 91
        1
 62
     0
 92
       -2
340
0
 93
        0
 40
0.045
309
GRIDFORMAT_END
 95
        4
302
GRIDFORMAT
  1
GRIDFORMAT_BEGIN
 90
        0
 91
        1
 62
     0
 92
       -2
340
0
 93
        0
 40
0.045
309
GRIDFORMAT_END
 95
        8
302
GRIDFORMAT
  1
GRIDFORMAT_BEGIN
 90
        0
 91
        1
 62
     0
 92
       -2
340
0
 93
        0
 40
0.045
309
GRIDFORMAT_END
 95
       16
302
GRIDFORMAT
  1
GRIDFORMAT_BEGIN
 90
        0
 91
        1
 62
     0
 92
       -2
340
0
 93
        0
 40
0.045
309
GRIDFORMAT_END
 95
       32
302
GRIDFORMAT
  1
GRIDFORMAT_BEGIN
 90
        0
 91
        1
 62
     0
 92
       -2
340
0
 93
        0
 40
0.045
309
GRIDFORMAT_END
309
TABLEFORMAT_END
  1
CELLSTYLE_BEGIN
 90
        1
 91
        1
300
_TITLE
309
CELLSTYLE_END
300
CELLSTYLE
  1
TABLEFORMAT_BEGIN
 90
        5
170
     1
 91
        0
 92
        0
 62
   257
 93
        1
300
CONTENTFORMAT
  1
CONTENTFORMAT_BEGIN
 90
        0
 91
        0
 92
      512
 93
        0
300

 40
0.0
140
1.0
 94
        5
 62
     0
340
11
144
0.18
309
CONTENTFORMAT_END
171
     1
301
MARGIN
  1
CELLMARGIN_BEGIN
 40
0.06
 40
0.06
 40
0.06
 40
0.06
 40
0.18
 40
0.18
309
CELLMARGIN_END
 94
        6
 95
        1
302
GRIDFORMAT
  1
GRIDFORMAT_BEGIN
 90
        0
 91
        1
 62
     0
 92
       -2
340
0
 93
        0
 40
0.045
309
GRIDFORMAT_END
 95
        2
302
GRIDFORMAT
  1
GRIDFORMAT_BEGIN
 90
        0
 91
        1
 62
     0
 92
       -2
340
0
 93
        0
 40
0.045
309
GRIDFORMAT_END
 95
        4
302
GRIDFORMAT
  1
GRIDFORMAT_BEGIN
 90
        0
 91
        1
 62
     0
 92
       -2
340
0
 93
        0
 40
0.045
309
GRIDFORMAT_END
 95
        8
302
GRIDFORMAT
  1
GRIDFORMAT_BEGIN
 90
        0
 91
        1
 62
     0
 92
       -2
340
0
 93
        0
 40
0.045
309
GRIDFORMAT_END
 95
       16
302
GRIDFORMAT
  1
GRIDFORMAT_BEGIN
 90
        0
 91
        1
 62
     0
 92
       -2
340
0
 93
        0
 40
0.045
309
GRIDFORMAT_END
 95
       32
302
GRIDFORMAT
  1
GRIDFORMAT_BEGIN
 90
        0
 91
        1
 62
     0
 92
       -2
340
0
 93
        0
 40
0.045
309
GRIDFORMAT_END
309
TABLEFORMAT_END
  1
CELLSTYLE_BEGIN
 90
        2
 91
        1
300
_HEADER
309
CELLSTYLE_END
300
CELLSTYLE
  1
TABLEFORMAT_BEGIN
 90
        5
170
     1
 91
        0
 92
        0
 62
   257
 93
        1
300
CONTENTFORMAT
  1
CONTENTFORMAT_BEGIN
 90
        0
 91
        0
 92
      512
 93
        0
300

 40
0.0
140
1.0
 94
        2
 62
     0
340
11
144
0.18
309
CONTENTFORMAT_END
171
     1
301
MARGIN
  1
CELLMARGIN_BEGIN
 40
0.06
 40
0.06
 40
0.06
 40
0.06
 40
0.18
 40
0.18
309
CELLMARGIN_END
 94
        6
 95
        1
302
GRIDFORMAT
  1
GRIDFORMAT_BEGIN
 90
        0
 91
        1
 62
     0
 92
       -2
340
0
 93
        0
 40
0.045
309
GRIDFORMAT_END
 95
        2
302
GRIDFORMAT
  1
GRIDFORMAT_BEGIN
 90
        0
 91
        1
 62
     0
 92
       -2
340
0
 93
        0
 40
0.045
309
GRIDFORMAT_END
 95
        4
302
GRIDFORMAT
  1
GRIDFORMAT_BEGIN
 90
        0
 91
        1
 62
     0
 92
       -2
340
0
 93
        0
 40
0.045
309
GRIDFORMAT_END
 95
        8
302
GRIDFORMAT
  1
GRIDFORMAT_BEGIN
 90
        0
 91
        1
 62
     0
 92
       -2
340
0
 93
        0
 40
0.045
309
GRIDFORMAT_END
 95
       16
302
GRIDFORMAT
  1
GRIDFORMAT_BEGIN
 90
        0
 91
        1
 62
     0
 92
       -2
340
0
 93
        0
 40
0.045
309
GRIDFORMAT_END
 95
       32
302
GRIDFORMAT
  1
GRIDFORMAT_BEGIN
 90
        0
 91
        1
 62
     0
 92
       -2
340
0
 93
        0
 40
0.045
309
GRIDFORMAT_END
309
TABLEFORMAT_END
  1
CELLSTYLE_BEGIN
 90
        3
 91
        2
300
_DATA
309
CELLSTYLE_END
  0
XRECORD
  5
147E
102
{ACAD_REACTORS
330
147D
102
}
330
147D
100
AcDbXrecord
280
     1
102
ACAD_ROUNDTRIP_PRE2007_TABLESTYLE
 90
      512
 91
        0
  1

 92
      512
 93
        0
  2

 94
      512
 95
        0
  3

  0
XRECORD
  5
1481
102
{ACAD_REACTORS
330
1480
102
}
330
1480
100
AcDbXrecord
280
     1
102
RTVSPropertyOp0
 70
     1
102
RTVSPropertyOp1
 70
     1
102
RTVSPropertyOp2
 70
     1
102
RTVSPropertyOp3
 70
     1
102
RTVSPropertyOp4
 70
     1
102
RTVSPropertyOp5
 70
     1
102
RTVSPropertyOp6
 70
     1
102
RTVSPropertyOp7
 70
     1
102
RTVSPropertyOp8
 70
     1
102
RTVSPropertyOp9
 70
     1
102
RTVSPropertyOp10
 70
     1
102
RTVSPropertyOp11
 70
     1
102
RTVSPropertyOp12
 70
     1
102
RTVSPropertyOp13
 70
     1
102
RTVSPropertyOp14
 70
     1
102
RTVSPropertyOp15
 70
     1
102
RTVSPropertyOp16
 70
     1
102
RTVSPropertyOp17
 70
     1
102
RTVSPropertyOp18
 70
     1
102
RTVSPropertyOp19
 70
     1
102
RTVSPropertyOp20
 70
     1
102
RTVSPropertyOp21
 70
     1
102
RTVSPropertyOp22
 70
     1
102
RTVSPropertyOp23
 70
     1
102
RTVSPropertyOp24
 70
     1
102
RTVSPropertyOp25
 70
     1
102
RTVSPropertyOp26
 70
     1
102
RTVSPropertyOp27
 70
     1
102
RTVSPropertyOp28
 70
     1
102
RTVSPropertyOp29
 70
     1
102
RTVSPropertyOp30
 70
     1
102
RTVSPropertyOp31
 70
     1
102
RTVSPropertyOp32
 70
     1
102
RTVSPropertyOp33
 70
     1
102
RTVSPropertyOp34
 70
     1
102
RTVSPropertyOp35
 70
     1
102
RTVSPropertyOp36
 70
     1
102
RTVSPropertyOp37
 70
     1
102
RTVSPropertyOp38
 70
     1
102
RTVSPropertyOp39
 70
     1
102
RTVSPropertyOp40
 70
     1
102
RTVSPropertyOp41
 70
     1
102
RTVSPropertyOp42
 70
     1
102
RTVSPropertyOp43
 70
     1
102
RTVSPropertyOp44
 70
     1
102
RTVSPropertyOp45
 70
     1
102
RTVSPropertyOp46
 70
     1
102
RTVSPropertyOp47
 70
     1
102
RTVSPropertyOp48
 70
     1
102
RTVSPropertyOp49
 70
     1
102
RTVSPropertyOp50
 70
     1
102
RTVSPropertyOp51
 70
     0
102
RTVSPropertyOp52
 70
     0
102
RTVSPropertyOp53
 70
     1
102
RTVSPropertyOp54
 70
     1
102
RTVSPropertyOp55
 70
     1
102
RTVSPropertyOp56
 70
     1
102
RTVSPropertyOp57
 70
     1
102
RTVSPost2010Prop28
280
     1
102
RTVSPost2010PropOp28
 70
     1
102
RTVSPost2010Prop29
280
     1
102
RTVSPost2010PropOp29
 70
     1
102
RTVSPost2010Prop30
280
     0
102
RTVSPost2010PropOp30
 70
     1
102
RTVSPost2010Prop31
280
     0
102
RTVSPost2010PropOp31
 70
     1
102
RTVSPost2010Prop32
280
     0
102
RTVSPost2010PropOp32
 70
     1
102
RTVSPost2010Prop33
280
     0
102
RTVSPost2010PropOp33
 70
     1
102
RTVSPost2010Prop34
280
     0
102
RTVSPost2010PropOp34
 70
     1
102
RTVSPost2010Prop35
280
     0
102
RTVSPost2010PropOp35
 70
     1
102
RTVSPost2010Prop36
280
     0
102
RTVSPost2010PropOp36
 70
     1
102
RTVSPost2010Prop37
 90
       50
102
RTVSPost2010PropOp37
 70
     1
102
RTVSPost2010Prop38
140
0.0
102
RTVSPost2010PropOp38
 70
     1
102
RTVSPost2010Prop39
140
1.0
102
RTVSPost2010PropOp39
 70
     1
102
RTVSPost2010Prop40
 90
        0
102
RTVSPost2010PropOp40
 70
     1
102
RTVSPost2010Prop41ColorIndex
 90
       18
102
RTVSPost2010Prop41ColorRGB
 90
        0
102
RTVSPost2010PropOp41
 70
     1
102
RTVSPost2010Prop42
 90
       50
102
RTVSPost2010PropOp42
 70
     1
102
RTVSPost2010Prop43
 90
        3
102
RTVSPost2010PropOp43
 70
     1
102
RTVSPost2010Prop44ColorIndex
 90
        5
102
RTVSPost2010Prop44ColorRGB
 90
      255
102
RTVSPost2010PropOp44
 70
     1
102
RTVSPost2010Prop45
280
     0
102
RTVSPost2010PropOp45
 70
     1
102
RTVSPost2010Prop46
 90
       50
102
RTVSPost2010PropOp46
 70
     1
102
RTVSPost2010Prop47
 90
       50
102
RTVSPost2010PropOp47
 70
     1
102
RTVSPost2010Prop48
 90
       50
102
RTVSPost2010PropOp48
 70
     1
102
RTVSPost2010Prop49
280
     0
102
RTVSPost2010PropOp49
 70
     1
102
RTVSPost2010Prop50
 90
       50
102
RTVSPost2010PropOp50
 70
     1
102
RTVSPost2010Prop51ColorIndex
 90
      256
102
RTVSPost2010Prop51ColorRGB
 90
-16777216
102
RTVSPost2010PropOp51
 70
     0
102
RTVSPost2010Prop52
140
1.0
102
RTVSPost2010PropOp52
 70
     0
102
RTVSPost2010Prop53
 90
        2
102
RTVSPost2010PropOp53
 70
     1
102
RTVSPost2010Prop54
  1
strokes_ogs.tif
102
RTVSPost2010PropOp54
 70
     1
102
RTVSPost2010Prop55
280
     0
102
RTVSPost2010PropOp55
 70
     1
102
RTVSPost2010Prop56
140
1.0
102
RTVSPost2010PropOp56
 70
     1
102
RTVSPost2010Prop57
140
1.0
102
RTVSPost2010PropOp57
 70
     1
  0
XRECORD
  5
1483
102
{ACAD_REACTORS
330
1482
102
}
330
1482
100
AcDbXrecord
280
     1
102
RTVSPropertyOp0
 70
     1
102
RTVSPropertyOp1
 70
     1
102
RTVSPropertyOp2
 70
     1
102
RTVSPropertyOp3
 70
     1
102
RTVSPropertyOp4
 70
     1
102
RTVSPropertyOp5
 70
     1
102
RTVSPropertyOp6
 70
     1
102
RTVSPropertyOp7
 70
     1
102
RTVSPropertyOp8
 70
     1
102
RTVSPropertyOp9
 70
     1
102
RTVSPropertyOp10
 70
     1
102
RTVSPropertyOp11
 70
     1
102
RTVSPropertyOp12
 70
     1
102
RTVSPropertyOp13
 70
     1
102
RTVSPropertyOp14
 70
     1
102
RTVSPropertyOp15
 70
     1
102
RTVSPropertyOp16
 70
     1
102
RTVSPropertyOp17
 70
     1
102
RTVSPropertyOp18
 70
     1
102
RTVSPropertyOp19
 70
     1
102
RTVSPropertyOp20
 70
     1
102
RTVSPropertyOp21
 70
     1
102
RTVSPropertyOp22
 70
     1
102
RTVSPropertyOp23
 70
     1
102
RTVSPropertyOp24
 70
     1
102
RTVSPropertyOp25
 70
     1
102
RTVSPropertyOp26
 70
     1
102
RTVSPropertyOp27
 70
     1
102
RTVSPropertyOp28
 70
     1
102
RTVSPropertyOp29
 70
     1
102
RTVSPropertyOp30
 70
     1
102
RTVSPropertyOp31
 70
     1
102
RTVSPropertyOp32
 70
     1
102
RTVSPropertyOp33
 70
     1
102
RTVSPropertyOp34
 70
     1
102
RTVSPropertyOp35
 70
     1
102
RTVSPropertyOp36
 70
     1
102
RTVSPropertyOp37
 70
     1
102
RTVSPropertyOp38
 70
     1
102
RTVSPropertyOp39
 70
     1
102
RTVSPropertyOp40
 70
     1
102
RTVSPropertyOp41
 70
     1
102
RTVSPropertyOp42
 70
     1
102
RTVSPropertyOp43
 70
     1
102
RTVSPropertyOp44
 70
     1
102
RTVSPropertyOp45
 70
     1
102
RTVSPropertyOp46
 70
     1
102
RTVSPropertyOp47
 70
     1
102
RTVSPropertyOp48
 70
     1
102
RTVSPropertyOp49
 70
     1
102
RTVSPropertyOp50
 70
     1
102
RTVSPropertyOp51
 70
     0
102
RTVSPropertyOp52
 70
     0
102
RTVSPropertyOp53
 70
     1
102
RTVSPropertyOp54
 70
     1
102
RTVSPropertyOp55
 70
     1
102
RTVSPropertyOp56
 70
     1
102
RTVSPropertyOp57
 70
     1
102
RTVSPost2010Prop28
280
     0
102
RTVSPost2010PropOp28
 70
     1
102
RTVSPost2010Prop29
280
     1
102
RTVSPost2010PropOp29
 70
     1
102
RTVSPost2010Prop30
280
     1
102
RTVSPost2010PropOp30
 70
     1
102
RTVSPost2010Prop31
280
     0
102
RTVSPost2010PropOp31
 70
     1
102
RTVSPost2010Prop32
280
     0
102
RTVSPost2010PropOp32
 70
     1
102
RTVSPost2010Prop33
280
     0
102
RTVSPost2010PropOp33
 70
     1
102
RTVSPost2010Prop34
280
     0
102
RTVSPost2010PropOp34
 70
     1
102
RTVSPost2010Prop35
280
     0
102
RTVSPost2010PropOp35
 70
     1
102
RTVSPost2010Prop36
280
     0
102
RTVSPost2010PropOp36
 70
     1
102
RTVSPost2010Prop37
 90
       50
102
RTVSPost2010PropOp37
 70
     1
102
RTVSPost2010Prop38
140
0.0
102
RTVSPost2010PropOp38
 70
     1
102
RTVSPost2010Prop39
140
1.0
102
RTVSPost2010PropOp39
 70
     1
102
RTVSPost2010Prop40
 90
        0
102
RTVSPost2010PropOp40
 70
     1
102
RTVSPost2010Prop41ColorIndex
 90
       18
102
RTVSPost2010Prop41ColorRGB
 90
        0
102
RTVSPost2010PropOp41
 70
     1
102
RTVSPost2010Prop42
 90
       50
102
RTVSPost2010PropOp42
 70
     1
102
RTVSPost2010Prop43
 90
        3
102
RTVSPost2010PropOp43
 70
     1
102
RTVSPost2010Prop44ColorIndex
 90
        5
102
RTVSPost2010Prop44ColorRGB
 90
      255
102
RTVSPost2010PropOp44
 70
     1
102
RTVSPost2010Prop45
280
     0
102
RTVSPost2010PropOp45
 70
     1
102
RTVSPost2010Prop46
 90
       50
102
RTVSPost2010PropOp46
 70
     1
102
RTVSPost2010Prop47
 90
       50
102
RTVSPost2010PropOp47
 70
     1
102
RTVSPost2010Prop48
 90
       50
102
RTVSPost2010PropOp48
 70
     1
102
RTVSPost2010Prop49
280
     0
102
RTVSPost2010PropOp49
 70
     1
102
RTVSPost2010Prop50
 90
       50
102
RTVSPost2010PropOp50
 70
     1
102
RTVSPost2010Prop51ColorIndex
 90
      256
102
RTVSPost2010Prop51ColorRGB
 90
-16777216
102
RTVSPost2010PropOp51
 70
     0
102
RTVSPost2010Prop52
140
1.0
102
RTVSPost2010PropOp52
 70
     0
102
RTVSPost2010Prop53
 90
        2
102
RTVSPost2010PropOp53
 70
     1
102
RTVSPost2010Prop54
  1
strokes_ogs.tif
102
RTVSPost2010PropOp54
 70
     1
102
RTVSPost2010Prop55
280
     0
102
RTVSPost2010PropOp55
 70
     1
102
RTVSPost2010Prop56
140
1.0
102
RTVSPost2010PropOp56
 70
     1
102
RTVSPost2010Prop57
140
1.0
102
RTVSPost2010PropOp57
 70
     1
  0
XRECORD
  5
1485
102
{ACAD_REACTORS
330
1484
102
}
330
1484
100
AcDbXrecord
280
     1
102
RTVSPropertyOp0
 70
     1
102
RTVSPropertyOp1
 70
     1
102
RTVSPropertyOp2
 70
     1
102
RTVSPropertyOp3
 70
     1
102
RTVSPropertyOp4
 70
     1
102
RTVSPropertyOp5
 70
     1
102
RTVSPropertyOp6
 70
     1
102
RTVSPropertyOp7
 70
     1
102
RTVSPropertyOp8
 70
     1
102
RTVSPropertyOp9
 70
     1
102
RTVSPropertyOp10
 70
     1
102
RTVSPropertyOp11
 70
     1
102
RTVSPropertyOp12
 70
     1
102
RTVSPropertyOp13
 70
     1
102
RTVSPropertyOp14
 70
     1
102
RTVSPropertyOp15
 70
     1
102
RTVSPropertyOp16
 70
     1
102
RTVSPropertyOp17
 70
     1
102
RTVSPropertyOp18
 70
     1
102
RTVSPropertyOp19
 70
     1
102
RTVSPropertyOp20
 70
     1
102
RTVSPropertyOp21
 70
     1
102
RTVSPropertyOp22
 70
     1
102
RTVSPropertyOp23
 70
     1
102
RTVSPropertyOp24
 70
     1
102
RTVSPropertyOp25
 70
     1
102
RTVSPropertyOp26
 70
     1
102
RTVSPropertyOp27
 70
     1
102
RTVSPropertyOp28
 70
     1
102
RTVSPropertyOp29
 70
     1
102
RTVSPropertyOp30
 70
     1
102
RTVSPropertyOp31
 70
     1
102
RTVSPropertyOp32
 70
     1
102
RTVSPropertyOp33
 70
     1
102
RTVSPropertyOp34
 70
     1
102
RTVSPropertyOp35
 70
     1
102
RTVSPropertyOp36
 70
     1
102
RTVSPropertyOp37
 70
     1
102
RTVSPropertyOp38
 70
     1
102
RTVSPropertyOp39
 70
     1
102
RTVSPropertyOp40
 70
     1
102
RTVSPropertyOp41
 70
     1
102
RTVSPropertyOp42
 70
     1
102
RTVSPropertyOp43
 70
     1
102
RTVSPropertyOp44
 70
     1
102
RTVSPropertyOp45
 70
     1
102
RTVSPropertyOp46
 70
     1
102
RTVSPropertyOp47
 70
     1
102
RTVSPropertyOp48
 70
     1
102
RTVSPropertyOp49
 70
     1
102
RTVSPropertyOp50
 70
     1
102
RTVSPropertyOp51
 70
     0
102
RTVSPropertyOp52
 70
     0
102
RTVSPropertyOp53
 70
     1
102
RTVSPropertyOp54
 70
     1
102
RTVSPropertyOp55
 70
     1
102
RTVSPropertyOp56
 70
     1
102
RTVSPropertyOp57
 70
     1
102
RTVSPost2010Prop28
280
     0
102
RTVSPost2010PropOp28
 70
     1
102
RTVSPost2010Prop29
280
     1
102
RTVSPost2010PropOp29
 70
     1
102
RTVSPost2010Prop30
280
     1
102
RTVSPost2010PropOp30
 70
     1
102
RTVSPost2010Prop31
280
     0
102
RTVSPost2010PropOp31
 70
     1
102
RTVSPost2010Prop32
280
     0
102
RTVSPost2010PropOp32
 70
     1
102
RTVSPost2010Prop33
280
     0
102
RTVSPost2010PropOp33
 70
     1
102
RTVSPost2010Prop34
280
     0
102
RTVSPost2010PropOp34
 70
     1
102
RTVSPost2010Prop35
280
     0
102
RTVSPost2010PropOp35
 70
     1
102
RTVSPost2010Prop36
280
     0
102
RTVSPost2010PropOp36
 70
     1
102
RTVSPost2010Prop37
 90
       50
102
RTVSPost2010PropOp37
 70
     1
102
RTVSPost2010Prop38
140
0.0
102
RTVSPost2010PropOp38
 70
     1
102
RTVSPost2010Prop39
140
1.0
102
RTVSPost2010PropOp39
 70
     1
102
RTVSPost2010Prop40
 90
        0
102
RTVSPost2010PropOp40
 70
     1
102
RTVSPost2010Prop41ColorIndex
 90
       18
102
RTVSPost2010Prop41ColorRGB
 90
        0
102
RTVSPost2010PropOp41
 70
     1
102
RTVSPost2010Prop42
 90
       50
102
RTVSPost2010PropOp42
 70
     1
102
RTVSPost2010Prop43
 90
        3
102
RTVSPost2010PropOp43
 70
     1
102
RTVSPost2010Prop44ColorIndex
 90
        5
102
RTVSPost2010Prop44ColorRGB
 90
      255
102
RTVSPost2010PropOp44
 70
     1
102
RTVSPost2010Prop45
280
     0
102
RTVSPost2010PropOp45
 70
     1
102
RTVSPost2010Prop46
 90
       50
102
RTVSPost2010PropOp46
 70
     1
102
RTVSPost2010Prop47
 90
       50
102
RTVSPost2010PropOp47
 70
     1
102
RTVSPost2010Prop48
 90
       50
102
RTVSPost2010PropOp48
 70
     1
102
RTVSPost2010Prop49
280
     0
102
RTVSPost2010PropOp49
 70
     1
102
RTVSPost2010Prop50
 90
       50
102
RTVSPost2010PropOp50
 70
     1
102
RTVSPost2010Prop51ColorIndex
 90
      256
102
RTVSPost2010Prop51ColorRGB
 90
-16777216
102
RTVSPost2010PropOp51
 70
     0
102
RTVSPost2010Prop52
140
1.0
102
RTVSPost2010PropOp52
 70
     0
102
RTVSPost2010Prop53
 90
        2
102
RTVSPost2010PropOp53
 70
     1
102
RTVSPost2010Prop54
  1
strokes_ogs.tif
102
RTVSPost2010PropOp54
 70
     1
102
RTVSPost2010Prop55
280
     0
102
RTVSPost2010PropOp55
 70
     1
102
RTVSPost2010Prop56
140
1.0
102
RTVSPost2010PropOp56
 70
     1
102
RTVSPost2010Prop57
140
1.0
102
RTVSPost2010PropOp57
 70
     1
  0
XRECORD
  5
1487
102
{ACAD_REACTORS
330
1486
102
}
330
1486
100
AcDbXrecord
280
     1
102
RTVSPropertyOp0
 70
     1
102
RTVSPropertyOp1
 70
     1
102
RTVSPropertyOp2
 70
     1
102
RTVSPropertyOp3
 70
     1
102
RTVSPropertyOp4
 70
     1
102
RTVSPropertyOp5
 70
     1
102
RTVSPropertyOp6
 70
     1
102
RTVSPropertyOp7
 70
     1
102
RTVSPropertyOp8
 70
     1
102
RTVSPropertyOp9
 70
     1
102
RTVSPropertyOp10
 70
     1
102
RTVSPropertyOp11
 70
     1
102
RTVSPropertyOp12
 70
     1
102
RTVSPropertyOp13
 70
     1
102
RTVSPropertyOp14
 70
     1
102
RTVSPropertyOp15
 70
     1
102
RTVSPropertyOp16
 70
     1
102
RTVSPropertyOp17
 70
     1
102
RTVSPropertyOp18
 70
     1
102
RTVSPropertyOp19
 70
     1
102
RTVSPropertyOp20
 70
     1
102
RTVSPropertyOp21
 70
     1
102
RTVSPropertyOp22
 70
     1
102
RTVSPropertyOp23
 70
     1
102
RTVSPropertyOp24
 70
     1
102
RTVSPropertyOp25
 70
     1
102
RTVSPropertyOp26
 70
     1
102
RTVSPropertyOp27
 70
     1
102
RTVSPropertyOp28
 70
     1
102
RTVSPropertyOp29
 70
     1
102
RTVSPropertyOp30
 70
     1
102
RTVSPropertyOp31
 70
     1
102
RTVSPropertyOp32
 70
     1
102
RTVSPropertyOp33
 70
     1
102
RTVSPropertyOp34
 70
     1
102
RTVSPropertyOp35
 70
     1
102
RTVSPropertyOp36
 70
     1
102
RTVSPropertyOp37
 70
     1
102
RTVSPropertyOp38
 70
     1
102
RTVSPropertyOp39
 70
     1
102
RTVSPropertyOp40
 70
     1
102
RTVSPropertyOp41
 70
     1
102
RTVSPropertyOp42
 70
     1
102
RTVSPropertyOp43
 70
     1
102
RTVSPropertyOp44
 70
     1
102
RTVSPropertyOp45
 70
     1
102
RTVSPropertyOp46
 70
     1
102
RTVSPropertyOp47
 70
     1
102
RTVSPropertyOp48
 70
     1
102
RTVSPropertyOp49
 70
     1
102
RTVSPropertyOp50
 70
     1
102
RTVSPropertyOp51
 70
     0
102
RTVSPropertyOp52
 70
     0
102
RTVSPropertyOp53
 70
     1
102
RTVSPropertyOp54
 70
     1
102
RTVSPropertyOp55
 70
     1
102
RTVSPropertyOp56
 70
     1
102
RTVSPropertyOp57
 70
     1
102
RTVSPost2010Prop28
280
     0
102
RTVSPost2010PropOp28
 70
     1
102
RTVSPost2010Prop29
280
     1
102
RTVSPost2010PropOp29
 70
     1
102
RTVSPost2010Prop30
280
     1
102
RTVSPost2010PropOp30
 70
     1
102
RTVSPost2010Prop31
280
     0
102
RTVSPost2010PropOp31
 70
     1
102
RTVSPost2010Prop32
280
     0
102
RTVSPost2010PropOp32
 70
     1
102
RTVSPost2010Prop33
280
     0
102
RTVSPost2010PropOp33
 70
     1
102
RTVSPost2010Prop34
280
     0
102
RTVSPost2010PropOp34
 70
     1
102
RTVSPost2010Prop35
280
     0
102
RTVSPost2010PropOp35
 70
     1
102
RTVSPost2010Prop36
280
     0
102
RTVSPost2010PropOp36
 70
     1
102
RTVSPost2010Prop37
 90
       50
102
RTVSPost2010PropOp37
 70
     1
102
RTVSPost2010Prop38
140
0.0
102
RTVSPost2010PropOp38
 70
     1
102
RTVSPost2010Prop39
140
1.0
102
RTVSPost2010PropOp39
 70
     1
102
RTVSPost2010Prop40
 90
        0
102
RTVSPost2010PropOp40
 70
     1
102
RTVSPost2010Prop41ColorIndex
 90
       18
102
RTVSPost2010Prop41ColorRGB
 90
        0
102
RTVSPost2010PropOp41
 70
     1
102
RTVSPost2010Prop42
 90
       50
102
RTVSPost2010PropOp42
 70
     1
102
RTVSPost2010Prop43
 90
        3
102
RTVSPost2010PropOp43
 70
     1
102
RTVSPost2010Prop44ColorIndex
 90
        5
102
RTVSPost2010Prop44ColorRGB
 90
      255
102
RTVSPost2010PropOp44
 70
     1
102
RTVSPost2010Prop45
280
     0
102
RTVSPost2010PropOp45
 70
     1
102
RTVSPost2010Prop46
 90
       50
102
RTVSPost2010PropOp46
 70
     1
102
RTVSPost2010Prop47
 90
       50
102
RTVSPost2010PropOp47
 70
     1
102
RTVSPost2010Prop48
 90
       50
102
RTVSPost2010PropOp48
 70
     1
102
RTVSPost2010Prop49
280
     0
102
RTVSPost2010PropOp49
 70
     1
102
RTVSPost2010Prop50
 90
       50
102
RTVSPost2010PropOp50
 70
     1
102
RTVSPost2010Prop51ColorIndex
 90
      256
102
RTVSPost2010Prop51ColorRGB
 90
-16777216
102
RTVSPost2010PropOp51
 70
     0
102
RTVSPost2010Prop52
140
1.0
102
RTVSPost2010PropOp52
 70
     0
102
RTVSPost2010Prop53
 90
        2
102
RTVSPost2010PropOp53
 70
     1
102
RTVSPost2010Prop54
  1
strokes_ogs.tif
102
RTVSPost2010PropOp54
 70
     1
102
RTVSPost2010Prop55
280
     0
102
RTVSPost2010PropOp55
 70
     1
102
RTVSPost2010Prop56
140
1.0
102
RTVSPost2010PropOp56
 70
     1
102
RTVSPost2010Prop57
140
1.0
102
RTVSPost2010PropOp57
 70
     1
  0
XRECORD
  5
1489
102
{ACAD_REACTORS
330
1488
102
}
330
1488
100
AcDbXrecord
280
     1
102
RTVSPropertyOp0
 70
     1
102
RTVSPropertyOp1
 70
     1
102
RTVSPropertyOp2
 70
     1
102
RTVSPropertyOp3
 70
     1
102
RTVSPropertyOp4
 70
     1
102
RTVSPropertyOp5
 70
     1
102
RTVSPropertyOp6
 70
     1
102
RTVSPropertyOp7
 70
     1
102
RTVSPropertyOp8
 70
     1
102
RTVSPropertyOp9
 70
     1
102
RTVSPropertyOp10
 70
     1
102
RTVSPropertyOp11
 70
     1
102
RTVSPropertyOp12
 70
     1
102
RTVSPropertyOp13
 70
     1
102
RTVSPropertyOp14
 70
     1
102
RTVSPropertyOp15
 70
     1
102
RTVSPropertyOp16
 70
     1
102
RTVSPropertyOp17
 70
     1
102
RTVSPropertyOp18
 70
     1
102
RTVSPropertyOp19
 70
     1
102
RTVSPropertyOp20
 70
     1
102
RTVSPropertyOp21
 70
     1
102
RTVSPropertyOp22
 70
     1
102
RTVSPropertyOp23
 70
     1
102
RTVSPropertyOp24
 70
     1
102
RTVSPropertyOp25
 70
     1
102
RTVSPropertyOp26
 70
     1
102
RTVSPropertyOp27
 70
     1
102
RTVSPropertyOp28
 70
     1
102
RTVSPropertyOp29
 70
     1
102
RTVSPropertyOp30
 70
     1
102
RTVSPropertyOp31
 70
     1
102
RTVSPropertyOp32
 70
     1
102
RTVSPropertyOp33
 70
     1
102
RTVSPropertyOp34
 70
     1
102
RTVSPropertyOp35
 70
     1
102
RTVSPropertyOp36
 70
     1
102
RTVSPropertyOp37
 70
     1
102
RTVSPropertyOp38
 70
     1
102
RTVSPropertyOp39
 70
     1
102
RTVSPropertyOp40
 70
     1
102
RTVSPropertyOp41
 70
     1
102
RTVSPropertyOp42
 70
     1
102
RTVSPropertyOp43
 70
     1
102
RTVSPropertyOp44
 70
     1
102
RTVSPropertyOp45
 70
     1
102
RTVSPropertyOp46
 70
     1
102
RTVSPropertyOp47
 70
     1
102
RTVSPropertyOp48
 70
     1
102
RTVSPropertyOp49
 70
     1
102
RTVSPropertyOp50
 70
     1
102
RTVSPropertyOp51
 70
     0
102
RTVSPropertyOp52
 70
     0
102
RTVSPropertyOp53
 70
     1
102
RTVSPropertyOp54
 70
     1
102
RTVSPropertyOp55
 70
     1
102
RTVSPropertyOp56
 70
     1
102
RTVSPropertyOp57
 70
     1
102
RTVSPost2010Prop28
280
     0
102
RTVSPost2010PropOp28
 70
     1
102
RTVSPost2010Prop29
280
     1
102
RTVSPost2010PropOp29
 70
     1
102
RTVSPost2010Prop30
280
     1
102
RTVSPost2010PropOp30
 70
     1
102
RTVSPost2010Prop31
280
     0
102
RTVSPost2010PropOp31
 70
     1
102
RTVSPost2010Prop32
280
     0
102
RTVSPost2010PropOp32
 70
     1
102
RTVSPost2010Prop33
280
     0
102
RTVSPost2010PropOp33
 70
     1
102
RTVSPost2010Prop34
280
     0
102
RTVSPost2010PropOp34
 70
     1
102
RTVSPost2010Prop35
280
     0
102
RTVSPost2010PropOp35
 70
     1
102
RTVSPost2010Prop36
280
     0
102
RTVSPost2010PropOp36
 70
     1
102
RTVSPost2010Prop37
 90
       50
102
RTVSPost2010PropOp37
 70
     1
102
RTVSPost2010Prop38
140
0.0
102
RTVSPost2010PropOp38
 70
     1
102
RTVSPost2010Prop39
140
1.0
102
RTVSPost2010PropOp39
 70
     1
102
RTVSPost2010Prop40
 90
        0
102
RTVSPost2010PropOp40
 70
     1
102
RTVSPost2010Prop41ColorIndex
 90
       18
102
RTVSPost2010Prop41ColorRGB
 90
        0
102
RTVSPost2010PropOp41
 70
     1
102
RTVSPost2010Prop42
 90
       50
102
RTVSPost2010PropOp42
 70
     1
102
RTVSPost2010Prop43
 90
        3
102
RTVSPost2010PropOp43
 70
     1
102
RTVSPost2010Prop44ColorIndex
 90
        5
102
RTVSPost2010Prop44ColorRGB
 90
      255
102
RTVSPost2010PropOp44
 70
     1
102
RTVSPost2010Prop45
280
     0
102
RTVSPost2010PropOp45
 70
     1
102
RTVSPost2010Prop46
 90
       50
102
RTVSPost2010PropOp46
 70
     1
102
RTVSPost2010Prop47
 90
       50
102
RTVSPost2010PropOp47
 70
     1
102
RTVSPost2010Prop48
 90
       50
102
RTVSPost2010PropOp48
 70
     1
102
RTVSPost2010Prop49
280
     0
102
RTVSPost2010PropOp49
 70
     1
102
RTVSPost2010Prop50
 90
       50
102
RTVSPost2010PropOp50
 70
     1
102
RTVSPost2010Prop51ColorIndex
 90
      256
102
RTVSPost2010Prop51ColorRGB
 90
-16777216
102
RTVSPost2010PropOp51
 70
     0
102
RTVSPost2010Prop52
140
1.0
102
RTVSPost2010PropOp52
 70
     0
102
RTVSPost2010Prop53
 90
        2
102
RTVSPost2010PropOp53
 70
     1
102
RTVSPost2010Prop54
  1
strokes_ogs.tif
102
RTVSPost2010PropOp54
 70
     1
102
RTVSPost2010Prop55
280
     0
102
RTVSPost2010PropOp55
 70
     1
102
RTVSPost2010Prop56
140
1.0
102
RTVSPost2010PropOp56
 70
     1
102
RTVSPost2010Prop57
140
1.0
102
RTVSPost2010PropOp57
 70
     1
  0
XRECORD
  5
148B
102
{ACAD_REACTORS
330
148A
102
}
330
148A
100
AcDbXrecord
280
     1
102
RTVSPropertyOp0
 70
     1
102
RTVSPropertyOp1
 70
     1
102
RTVSPropertyOp2
 70
     1
102
RTVSPropertyOp3
 70
     1
102
RTVSPropertyOp4
 70
     1
102
RTVSPropertyOp5
 70
     1
102
RTVSPropertyOp6
 70
     1
102
RTVSPropertyOp7
 70
     1
102
RTVSPropertyOp8
 70
     1
102
RTVSPropertyOp9
 70
     1
102
RTVSPropertyOp10
 70
     1
102
RTVSPropertyOp11
 70
     1
102
RTVSPropertyOp12
 70
     1
102
RTVSPropertyOp13
 70
     1
102
RTVSPropertyOp14
 70
     1
102
RTVSPropertyOp15
 70
     1
102
RTVSPropertyOp16
 70
     1
102
RTVSPropertyOp17
 70
     1
102
RTVSPropertyOp18
 70
     1
102
RTVSPropertyOp19
 70
     1
102
RTVSPropertyOp20
 70
     1
102
RTVSPropertyOp21
 70
     1
102
RTVSPropertyOp22
 70
     1
102
RTVSPropertyOp23
 70
     1
102
RTVSPropertyOp24
 70
     1
102
RTVSPropertyOp25
 70
     1
102
RTVSPropertyOp26
 70
     1
102
RTVSPropertyOp27
 70
     1
102
RTVSPropertyOp28
 70
     1
102
RTVSPropertyOp29
 70
     1
102
RTVSPropertyOp30
 70
     1
102
RTVSPropertyOp31
 70
     1
102
RTVSPropertyOp32
 70
     1
102
RTVSPropertyOp33
 70
     1
102
RTVSPropertyOp34
 70
     1
102
RTVSPropertyOp35
 70
     1
102
RTVSPropertyOp36
 70
     1
102
RTVSPropertyOp37
 70
     1
102
RTVSPropertyOp38
 70
     1
102
RTVSPropertyOp39
 70
     1
102
RTVSPropertyOp40
 70
     1
102
RTVSPropertyOp41
 70
     1
102
RTVSPropertyOp42
 70
     1
102
RTVSPropertyOp43
 70
     1
102
RTVSPropertyOp44
 70
     1
102
RTVSPropertyOp45
 70
     1
102
RTVSPropertyOp46
 70
     1
102
RTVSPropertyOp47
 70
     1
102
RTVSPropertyOp48
 70
     1
102
RTVSPropertyOp49
 70
     1
102
RTVSPropertyOp50
 70
     1
102
RTVSPropertyOp51
 70
     0
102
RTVSPropertyOp52
 70
     0
102
RTVSPropertyOp53
 70
     1
102
RTVSPropertyOp54
 70
     1
102
RTVSPropertyOp55
 70
     1
102
RTVSPropertyOp56
 70
     1
102
RTVSPropertyOp57
 70
     1
102
RTVSPost2010Prop28
280
     0
102
RTVSPost2010PropOp28
 70
     1
102
RTVSPost2010Prop29
280
     1
102
RTVSPost2010PropOp29
 70
     1
102
RTVSPost2010Prop30
280
     1
102
RTVSPost2010PropOp30
 70
     1
102
RTVSPost2010Prop31
280
     0
102
RTVSPost2010PropOp31
 70
     1
102
RTVSPost2010Prop32
280
     0
102
RTVSPost2010PropOp32
 70
     1
102
RTVSPost2010Prop33
280
     0
102
RTVSPost2010PropOp33
 70
     1
102
RTVSPost2010Prop34
280
     0
102
RTVSPost2010PropOp34
 70
     1
102
RTVSPost2010Prop35
280
     0
102
RTVSPost2010PropOp35
 70
     1
102
RTVSPost2010Prop36
280
     0
102
RTVSPost2010PropOp36
 70
     1
102
RTVSPost2010Prop37
 90
       50
102
RTVSPost2010PropOp37
 70
     1
102
RTVSPost2010Prop38
140
0.0
102
RTVSPost2010PropOp38
 70
     1
102
RTVSPost2010Prop39
140
1.0
102
RTVSPost2010PropOp39
 70
     1
102
RTVSPost2010Prop40
 90
        0
102
RTVSPost2010PropOp40
 70
     1
102
RTVSPost2010Prop41ColorIndex
 90
       18
102
RTVSPost2010Prop41ColorRGB
 90
        0
102
RTVSPost2010PropOp41
 70
     1
102
RTVSPost2010Prop42
 90
       50
102
RTVSPost2010PropOp42
 70
     1
102
RTVSPost2010Prop43
 90
        3
102
RTVSPost2010PropOp43
 70
     1
102
RTVSPost2010Prop44ColorIndex
 90
        5
102
RTVSPost2010Prop44ColorRGB
 90
      255
102
RTVSPost2010PropOp44
 70
     1
102
RTVSPost2010Prop45
280
     0
102
RTVSPost2010PropOp45
 70
     1
102
RTVSPost2010Prop46
 90
       50
102
RTVSPost2010PropOp46
 70
     1
102
RTVSPost2010Prop47
 90
       50
102
RTVSPost2010PropOp47
 70
     1
102
RTVSPost2010Prop48
 90
       50
102
RTVSPost2010PropOp48
 70
     1
102
RTVSPost2010Prop49
280
     0
102
RTVSPost2010PropOp49
 70
     1
102
RTVSPost2010Prop50
 90
       50
102
RTVSPost2010PropOp50
 70
     1
102
RTVSPost2010Prop51ColorIndex
 90
      256
102
RTVSPost2010Prop51ColorRGB
 90
-16777216
102
RTVSPost2010PropOp51
 70
     0
102
RTVSPost2010Prop52
140
1.0
102
RTVSPost2010PropOp52
 70
     0
102
RTVSPost2010Prop53
 90
        2
102
RTVSPost2010PropOp53
 70
     1
102
RTVSPost2010Prop54
  1
strokes_ogs.tif
102
RTVSPost2010PropOp54
 70
     1
102
RTVSPost2010Prop55
280
     0
102
RTVSPost2010PropOp55
 70
     1
102
RTVSPost2010Prop56
140
1.0
102
RTVSPost2010PropOp56
 70
     1
102
RTVSPost2010Prop57
140
1.0
102
RTVSPost2010PropOp57
 70
     1
  0
XRECORD
  5
148D
102
{ACAD_REACTORS
330
148C
102
}
330
148C
100
AcDbXrecord
280
     1
102
RTVSPropertyOp0
 70
     0
102
RTVSPropertyOp1
 70
     0
102
RTVSPropertyOp2
 70
     0
102
RTVSPropertyOp3
 70
     0
102
RTVSPropertyOp4
 70
     0
102
RTVSPropertyOp5
 70
     0
102
RTVSPropertyOp6
 70
     0
102
RTVSPropertyOp7
 70
     0
102
RTVSPropertyOp8
 70
     0
102
RTVSPropertyOp9
 70
     0
102
RTVSPropertyOp10
 70
     0
102
RTVSPropertyOp11
 70
     0
102
RTVSPropertyOp12
 70
     0
102
RTVSPropertyOp13
 70
     0
102
RTVSPropertyOp14
 70
     2
102
RTVSPropertyOp15
 70
     0
102
RTVSPropertyOp16
 70
     0
102
RTVSPropertyOp17
 70
     0
102
RTVSPropertyOp18
 70
     0
102
RTVSPropertyOp19
 70
     0
102
RTVSPropertyOp20
 70
     0
102
RTVSPropertyOp21
 70
     0
102
RTVSPropertyOp22
 70
     0
102
RTVSPropertyOp23
 70
     0
102
RTVSPropertyOp24
 70
     0
102
RTVSPropertyOp25
 70
     0
102
RTVSPropertyOp26
 70
     0
102
RTVSPropertyOp27
 70
     0
102
RTVSPropertyOp28
 70
     1
102
RTVSPropertyOp29
 70
     1
102
RTVSPropertyOp30
 70
     1
102
RTVSPropertyOp31
 70
     1
102
RTVSPropertyOp32
 70
     1
102
RTVSPropertyOp33
 70
     1
102
RTVSPropertyOp34
 70
     1
102
RTVSPropertyOp35
 70
     1
102
RTVSPropertyOp36
 70
     1
102
RTVSPropertyOp37
 70
     1
102
RTVSPropertyOp38
 70
     1
102
RTVSPropertyOp39
 70
     1
102
RTVSPropertyOp40
 70
     1
102
RTVSPropertyOp41
 70
     1
102
RTVSPropertyOp42
 70
     1
102
RTVSPropertyOp43
 70
     1
102
RTVSPropertyOp44
 70
     1
102
RTVSPropertyOp45
 70
     1
102
RTVSPropertyOp46
 70
     1
102
RTVSPropertyOp47
 70
     1
102
RTVSPropertyOp48
 70
     1
102
RTVSPropertyOp49
 70
     1
102
RTVSPropertyOp50
 70
     1
102
RTVSPropertyOp51
 70
     0
102
RTVSPropertyOp52
 70
     0
102
RTVSPropertyOp53
 70
     1
102
RTVSPropertyOp54
 70
     1
102
RTVSPropertyOp55
 70
     1
102
RTVSPropertyOp56
 70
     1
102
RTVSPropertyOp57
 70
     1
102
RTVSPost2010Prop28
280
     0
102
RTVSPost2010PropOp28
 70
     1
102
RTVSPost2010Prop29
280
     1
102
RTVSPost2010PropOp29
 70
     1
102
RTVSPost2010Prop30
280
     1
102
RTVSPost2010PropOp30
 70
     1
102
RTVSPost2010Prop31
280
     0
102
RTVSPost2010PropOp31
 70
     1
102
RTVSPost2010Prop32
280
     0
102
RTVSPost2010PropOp32
 70
     1
102
RTVSPost2010Prop33
280
     0
102
RTVSPost2010PropOp33
 70
     1
102
RTVSPost2010Prop34
280
     0
102
RTVSPost2010PropOp34
 70
     1
102
RTVSPost2010Prop35
280
     0
102
RTVSPost2010PropOp35
 70
     1
102
RTVSPost2010Prop36
280
     0
102
RTVSPost2010PropOp36
 70
     1
102
RTVSPost2010Prop37
 90
       50
102
RTVSPost2010PropOp37
 70
     1
102
RTVSPost2010Prop38
140
0.0
102
RTVSPost2010PropOp38
 70
     1
102
RTVSPost2010Prop39
140
1.0
102
RTVSPost2010PropOp39
 70
     1
102
RTVSPost2010Prop40
 90
        0
102
RTVSPost2010PropOp40
 70
     1
102
RTVSPost2010Prop41ColorIndex
 90
       18
102
RTVSPost2010Prop41ColorRGB
 90
        0
102
RTVSPost2010PropOp41
 70
     1
102
RTVSPost2010Prop42
 90
       50
102
RTVSPost2010PropOp42
 70
     1
102
RTVSPost2010Prop43
 90
        3
102
RTVSPost2010PropOp43
 70
     1
102
RTVSPost2010Prop44ColorIndex
 90
        5
102
RTVSPost2010Prop44ColorRGB
 90
      255
102
RTVSPost2010PropOp44
 70
     1
102
RTVSPost2010Prop45
280
     0
102
RTVSPost2010PropOp45
 70
     1
102
RTVSPost2010Prop46
 90
       50
102
RTVSPost2010PropOp46
 70
     1
102
RTVSPost2010Prop47
 90
       50
102
RTVSPost2010PropOp47
 70
     1
102
RTVSPost2010Prop48
 90
       50
102
RTVSPost2010PropOp48
 70
     1
102
RTVSPost2010Prop49
280
     0
102
RTVSPost2010PropOp49
 70
     1
102
RTVSPost2010Prop50
 90
       50
102
RTVSPost2010PropOp50
 70
     1
102
RTVSPost2010Prop51ColorIndex
 90
      256
102
RTVSPost2010Prop51ColorRGB
 90
-16777216
102
RTVSPost2010PropOp51
 70
     0
102
RTVSPost2010Prop52
140
1.0
102
RTVSPost2010PropOp52
 70
     0
102
RTVSPost2010Prop53
 90
        2
102
RTVSPost2010PropOp53
 70
     1
102
RTVSPost2010Prop54
  1
strokes_ogs.tif
102
RTVSPost2010PropOp54
 70
     1
102
RTVSPost2010Prop55
280
     0
102
RTVSPost2010PropOp55
 70
     1
102
RTVSPost2010Prop56
140
1.0
102
RTVSPost2010PropOp56
 70
     1
102
RTVSPost2010Prop57
140
1.0
102
RTVSPost2010PropOp57
 70
     1
  0
XRECORD
  5
148F
102
{ACAD_REACTORS
330
148E
102
}
330
148E
100
AcDbXrecord
280
     1
102
RTVSPropertyOp0
 70
     1
102
RTVSPropertyOp1
 70
     1
102
RTVSPropertyOp2
 70
     1
102
RTVSPropertyOp3
 70
     1
102
RTVSPropertyOp4
 70
     1
102
RTVSPropertyOp5
 70
     1
102
RTVSPropertyOp6
 70
     1
102
RTVSPropertyOp7
 70
     1
102
RTVSPropertyOp8
 70
     1
102
RTVSPropertyOp9
 70
     1
102
RTVSPropertyOp10
 70
     1
102
RTVSPropertyOp11
 70
     1
102
RTVSPropertyOp12
 70
     1
102
RTVSPropertyOp13
 70
     1
102
RTVSPropertyOp14
 70
     1
102
RTVSPropertyOp15
 70
     1
102
RTVSPropertyOp16
 70
     1
102
RTVSPropertyOp17
 70
     1
102
RTVSPropertyOp18
 70
     1
102
RTVSPropertyOp19
 70
     1
102
RTVSPropertyOp20
 70
     1
102
RTVSPropertyOp21
 70
     1
102
RTVSPropertyOp22
 70
     1
102
RTVSPropertyOp23
 70
     1
102
RTVSPropertyOp24
 70
     1
102
RTVSPropertyOp25
 70
     1
102
RTVSPropertyOp26
 70
     1
102
RTVSPropertyOp27
 70
     1
102
RTVSPropertyOp28
 70
     1
102
RTVSPropertyOp29
 70
     1
102
RTVSPropertyOp30
 70
     1
102
RTVSPropertyOp31
 70
     1
102
RTVSPropertyOp32
 70
     1
102
RTVSPropertyOp33
 70
     1
102
RTVSPropertyOp34
 70
     1
102
RTVSPropertyOp35
 70
     1
102
RTVSPropertyOp36
 70
     1
102
RTVSPropertyOp37
 70
     1
102
RTVSPropertyOp38
 70
     1
102
RTVSPropertyOp39
 70
     1
102
RTVSPropertyOp40
 70
     1
102
RTVSPropertyOp41
 70
     1
102
RTVSPropertyOp42
 70
     1
102
RTVSPropertyOp43
 70
     1
102
RTVSPropertyOp44
 70
     1
102
RTVSPropertyOp45
 70
     1
102
RTVSPropertyOp46
 70
     1
102
RTVSPropertyOp47
 70
     1
102
RTVSPropertyOp48
 70
     1
102
RTVSPropertyOp49
 70
     1
102
RTVSPropertyOp50
 70
     1
102
RTVSPropertyOp51
 70
     0
102
RTVSPropertyOp52
 70
     0
102
RTVSPropertyOp53
 70
     1
102
RTVSPropertyOp54
 70
     1
102
RTVSPropertyOp55
 70
     1
102
RTVSPropertyOp56
 70
     1
102
RTVSPropertyOp57
 70
     1
102
RTVSPost2010Prop28
280
     0
102
RTVSPost2010PropOp28
 70
     1
102
RTVSPost2010Prop29
280
     1
102
RTVSPost2010PropOp29
 70
     1
102
RTVSPost2010Prop30
280
     1
102
RTVSPost2010PropOp30
 70
     1
102
RTVSPost2010Prop31
280
     0
102
RTVSPost2010PropOp31
 70
     1
102
RTVSPost2010Prop32
280
     0
102
RTVSPost2010PropOp32
 70
     1
102
RTVSPost2010Prop33
280
     0
102
RTVSPost2010PropOp33
 70
     1
102
RTVSPost2010Prop34
280
     0
102
RTVSPost2010PropOp34
 70
     1
102
RTVSPost2010Prop35
280
     0
102
RTVSPost2010PropOp35
 70
     1
102
RTVSPost2010Prop36
280
     0
102
RTVSPost2010PropOp36
 70
     1
102
RTVSPost2010Prop37
 90
       50
102
RTVSPost2010PropOp37
 70
     1
102
RTVSPost2010Prop38
140
0.0
102
RTVSPost2010PropOp38
 70
     1
102
RTVSPost2010Prop39
140
1.0
102
RTVSPost2010PropOp39
 70
     1
102
RTVSPost2010Prop40
 90
        0
102
RTVSPost2010PropOp40
 70
     1
102
RTVSPost2010Prop41ColorIndex
 90
       18
102
RTVSPost2010Prop41ColorRGB
 90
        0
102
RTVSPost2010PropOp41
 70
     1
102
RTVSPost2010Prop42
 90
       50
102
RTVSPost2010PropOp42
 70
     1
102
RTVSPost2010Prop43
 90
        3
102
RTVSPost2010PropOp43
 70
     1
102
RTVSPost2010Prop44ColorIndex
 90
        5
102
RTVSPost2010Prop44ColorRGB
 90
      255
102
RTVSPost2010PropOp44
 70
     1
102
RTVSPost2010Prop45
280
     0
102
RTVSPost2010PropOp45
 70
     1
102
RTVSPost2010Prop46
 90
       50
102
RTVSPost2010PropOp46
 70
     1
102
RTVSPost2010Prop47
 90
       50
102
RTVSPost2010PropOp47
 70
     1
102
RTVSPost2010Prop48
 90
       50
102
RTVSPost2010PropOp48
 70
     1
102
RTVSPost2010Prop49
280
     0
102
RTVSPost2010PropOp49
 70
     1
102
RTVSPost2010Prop50
 90
       50
102
RTVSPost2010PropOp50
 70
     1
102
RTVSPost2010Prop51ColorIndex
 90
      256
102
RTVSPost2010Prop51ColorRGB
 90
-16777216
102
RTVSPost2010PropOp51
 70
     0
102
RTVSPost2010Prop52
140
1.0
102
RTVSPost2010PropOp52
 70
     0
102
RTVSPost2010Prop53
 90
        2
102
RTVSPost2010PropOp53
 70
     1
102
RTVSPost2010Prop54
  1
strokes_ogs.tif
102
RTVSPost2010PropOp54
 70
     1
102
RTVSPost2010Prop55
280
     0
102
RTVSPost2010PropOp55
 70
     1
102
RTVSPost2010Prop56
140
1.0
102
RTVSPost2010PropOp56
 70
     1
102
RTVSPost2010Prop57
140
1.0
102
RTVSPost2010PropOp57
 70
     1
  0
XRECORD
  5
1491
102
{ACAD_REACTORS
330
1490
102
}
330
1490
100
AcDbXrecord
280
     1
102
RTVSPropertyOp0
 70
     1
102
RTVSPropertyOp1
 70
     1
102
RTVSPropertyOp2
 70
     1
102
RTVSPropertyOp3
 70
     1
102
RTVSPropertyOp4
 70
     1
102
RTVSPropertyOp5
 70
     1
102
RTVSPropertyOp6
 70
     1
102
RTVSPropertyOp7
 70
     1
102
RTVSPropertyOp8
 70
     1
102
RTVSPropertyOp9
 70
     1
102
RTVSPropertyOp10
 70
     1
102
RTVSPropertyOp11
 70
     1
102
RTVSPropertyOp12
 70
     1
102
RTVSPropertyOp13
 70
     1
102
RTVSPropertyOp14
 70
     1
102
RTVSPropertyOp15
 70
     1
102
RTVSPropertyOp16
 70
     1
102
RTVSPropertyOp17
 70
     1
102
RTVSPropertyOp18
 70
     1
102
RTVSPropertyOp19
 70
     1
102
RTVSPropertyOp20
 70
     1
102
RTVSPropertyOp21
 70
     1
102
RTVSPropertyOp22
 70
     1
102
RTVSPropertyOp23
 70
     1
102
RTVSPropertyOp24
 70
     1
102
RTVSPropertyOp25
 70
     1
102
RTVSPropertyOp26
 70
     1
102
RTVSPropertyOp27
 70
     1
102
RTVSPropertyOp28
 70
     1
102
RTVSPropertyOp29
 70
     1
102
RTVSPropertyOp30
 70
     1
102
RTVSPropertyOp31
 70
     1
102
RTVSPropertyOp32
 70
     1
102
RTVSPropertyOp33
 70
     1
102
RTVSPropertyOp34
 70
     1
102
RTVSPropertyOp35
 70
     1
102
RTVSPropertyOp36
 70
     1
102
RTVSPropertyOp37
 70
     1
102
RTVSPropertyOp38
 70
     1
102
RTVSPropertyOp39
 70
     1
102
RTVSPropertyOp40
 70
     1
102
RTVSPropertyOp41
 70
     1
102
RTVSPropertyOp42
 70
     1
102
RTVSPropertyOp43
 70
     1
102
RTVSPropertyOp44
 70
     1
102
RTVSPropertyOp45
 70
     1
102
RTVSPropertyOp46
 70
     1
102
RTVSPropertyOp47
 70
     1
102
RTVSPropertyOp48
 70
     1
102
RTVSPropertyOp49
 70
     1
102
RTVSPropertyOp50
 70
     1
102
RTVSPropertyOp51
 70
     0
102
RTVSPropertyOp52
 70
     0
102
RTVSPropertyOp53
 70
     1
102
RTVSPropertyOp54
 70
     1
102
RTVSPropertyOp55
 70
     1
102
RTVSPropertyOp56
 70
     1
102
RTVSPropertyOp57
 70
     1
102
RTVSPost2010Prop28
280
     0
102
RTVSPost2010PropOp28
 70
     1
102
RTVSPost2010Prop29
280
     1
102
RTVSPost2010PropOp29
 70
     1
102
RTVSPost2010Prop30
280
     1
102
RTVSPost2010PropOp30
 70
     1
102
RTVSPost2010Prop31
280
     0
102
RTVSPost2010PropOp31
 70
     1
102
RTVSPost2010Prop32
280
     0
102
RTVSPost2010PropOp32
 70
     1
102
RTVSPost2010Prop33
280
     0
102
RTVSPost2010PropOp33
 70
     1
102
RTVSPost2010Prop34
280
     0
102
RTVSPost2010PropOp34
 70
     1
102
RTVSPost2010Prop35
280
     0
102
RTVSPost2010PropOp35
 70
     1
102
RTVSPost2010Prop36
280
     0
102
RTVSPost2010PropOp36
 70
     1
102
RTVSPost2010Prop37
 90
       50
102
RTVSPost2010PropOp37
 70
     1
102
RTVSPost2010Prop38
140
0.0
102
RTVSPost2010PropOp38
 70
     1
102
RTVSPost2010Prop39
140
1.0
102
RTVSPost2010PropOp39
 70
     1
102
RTVSPost2010Prop40
 90
        0
102
RTVSPost2010PropOp40
 70
     1
102
RTVSPost2010Prop41ColorIndex
 90
       18
102
RTVSPost2010Prop41ColorRGB
 90
        0
102
RTVSPost2010PropOp41
 70
     1
102
RTVSPost2010Prop42
 90
       50
102
RTVSPost2010PropOp42
 70
     1
102
RTVSPost2010Prop43
 90
        3
102
RTVSPost2010PropOp43
 70
     1
102
RTVSPost2010Prop44ColorIndex
 90
        5
102
RTVSPost2010Prop44ColorRGB
 90
      255
102
RTVSPost2010PropOp44
 70
     1
102
RTVSPost2010Prop45
280
     0
102
RTVSPost2010PropOp45
 70
     1
102
RTVSPost2010Prop46
 90
       50
102
RTVSPost2010PropOp46
 70
     1
102
RTVSPost2010Prop47
 90
       50
102
RTVSPost2010PropOp47
 70
     1
102
RTVSPost2010Prop48
 90
       50
102
RTVSPost2010PropOp48
 70
     1
102
RTVSPost2010Prop49
280
     0
102
RTVSPost2010PropOp49
 70
     1
102
RTVSPost2010Prop50
 90
       50
102
RTVSPost2010PropOp50
 70
     1
102
RTVSPost2010Prop51ColorIndex
 90
      256
102
RTVSPost2010Prop51ColorRGB
 90
-16777216
102
RTVSPost2010PropOp51
 70
     0
102
RTVSPost2010Prop52
140
1.0
102
RTVSPost2010PropOp52
 70
     0
102
RTVSPost2010Prop53
 90
        2
102
RTVSPost2010PropOp53
 70
     1
102
RTVSPost2010Prop54
  1
strokes_ogs.tif
102
RTVSPost2010PropOp54
 70
     1
102
RTVSPost2010Prop55
280
     0
102
RTVSPost2010PropOp55
 70
     1
102
RTVSPost2010Prop56
140
1.0
102
RTVSPost2010PropOp56
 70
     1
102
RTVSPost2010Prop57
140
1.0
102
RTVSPost2010PropOp57
 70
     1
  0
XRECORD
  5
1493
102
{ACAD_REACTORS
330
1492
102
}
330
1492
100
AcDbXrecord
280
     1
102
RTVSPropertyOp0
 70
     1
102
RTVSPropertyOp1
 70
     1
102
RTVSPropertyOp2
 70
     1
102
RTVSPropertyOp3
 70
     1
102
RTVSPropertyOp4
 70
     1
102
RTVSPropertyOp5
 70
     1
102
RTVSPropertyOp6
 70
     1
102
RTVSPropertyOp7
 70
     1
102
RTVSPropertyOp8
 70
     1
102
RTVSPropertyOp9
 70
     1
102
RTVSPropertyOp10
 70
     1
102
RTVSPropertyOp11
 70
     1
102
RTVSPropertyOp12
 70
     1
102
RTVSPropertyOp13
 70
     1
102
RTVSPropertyOp14
 70
     1
102
RTVSPropertyOp15
 70
     1
102
RTVSPropertyOp16
 70
     1
102
RTVSPropertyOp17
 70
     1
102
RTVSPropertyOp18
 70
     1
102
RTVSPropertyOp19
 70
     1
102
RTVSPropertyOp20
 70
     1
102
RTVSPropertyOp21
 70
     1
102
RTVSPropertyOp22
 70
     1
102
RTVSPropertyOp23
 70
     1
102
RTVSPropertyOp24
 70
     1
102
RTVSPropertyOp25
 70
     1
102
RTVSPropertyOp26
 70
     1
102
RTVSPropertyOp27
 70
     1
102
RTVSPropertyOp28
 70
     1
102
RTVSPropertyOp29
 70
     1
102
RTVSPropertyOp30
 70
     1
102
RTVSPropertyOp31
 70
     1
102
RTVSPropertyOp32
 70
     1
102
RTVSPropertyOp33
 70
     1
102
RTVSPropertyOp34
 70
     1
102
RTVSPropertyOp35
 70
     1
102
RTVSPropertyOp36
 70
     1
102
RTVSPropertyOp37
 70
     1
102
RTVSPropertyOp38
 70
     1
102
RTVSPropertyOp39
 70
     1
102
RTVSPropertyOp40
 70
     1
102
RTVSPropertyOp41
 70
     1
102
RTVSPropertyOp42
 70
     1
102
RTVSPropertyOp43
 70
     1
102
RTVSPropertyOp44
 70
     1
102
RTVSPropertyOp45
 70
     1
102
RTVSPropertyOp46
 70
     1
102
RTVSPropertyOp47
 70
     1
102
RTVSPropertyOp48
 70
     1
102
RTVSPropertyOp49
 70
     1
102
RTVSPropertyOp50
 70
     1
102
RTVSPropertyOp51
 70
     0
102
RTVSPropertyOp52
 70
     0
102
RTVSPropertyOp53
 70
     1
102
RTVSPropertyOp54
 70
     1
102
RTVSPropertyOp55
 70
     1
102
RTVSPropertyOp56
 70
     1
102
RTVSPropertyOp57
 70
     1
102
RTVSPost2010Prop28
280
     0
102
RTVSPost2010PropOp28
 70
     1
102
RTVSPost2010Prop29
280
     1
102
RTVSPost2010PropOp29
 70
     1
102
RTVSPost2010Prop30
280
     1
102
RTVSPost2010PropOp30
 70
     1
102
RTVSPost2010Prop31
280
     0
102
RTVSPost2010PropOp31
 70
     1
102
RTVSPost2010Prop32
280
     0
102
RTVSPost2010PropOp32
 70
     1
102
RTVSPost2010Prop33
280
     0
102
RTVSPost2010PropOp33
 70
     1
102
RTVSPost2010Prop34
280
     0
102
RTVSPost2010PropOp34
 70
     1
102
RTVSPost2010Prop35
280
     0
102
RTVSPost2010PropOp35
 70
     1
102
RTVSPost2010Prop36
280
     0
102
RTVSPost2010PropOp36
 70
     1
102
RTVSPost2010Prop37
 90
       50
102
RTVSPost2010PropOp37
 70
     1
102
RTVSPost2010Prop38
140
0.0
102
RTVSPost2010PropOp38
 70
     1
102
RTVSPost2010Prop39
140
1.0
102
RTVSPost2010PropOp39
 70
     1
102
RTVSPost2010Prop40
 90
        0
102
RTVSPost2010PropOp40
 70
     1
102
RTVSPost2010Prop41ColorIndex
 90
       18
102
RTVSPost2010Prop41ColorRGB
 90
        0
102
RTVSPost2010PropOp41
 70
     1
102
RTVSPost2010Prop42
 90
       50
102
RTVSPost2010PropOp42
 70
     1
102
RTVSPost2010Prop43
 90
        3
102
RTVSPost2010PropOp43
 70
     1
102
RTVSPost2010Prop44ColorIndex
 90
        5
102
RTVSPost2010Prop44ColorRGB
 90
      255
102
RTVSPost2010PropOp44
 70
     1
102
RTVSPost2010Prop45
280
     0
102
RTVSPost2010PropOp45
 70
     1
102
RTVSPost2010Prop46
 90
       50
102
RTVSPost2010PropOp46
 70
     1
102
RTVSPost2010Prop47
 90
       50
102
RTVSPost2010PropOp47
 70
     1
102
RTVSPost2010Prop48
 90
       50
102
RTVSPost2010PropOp48
 70
     1
102
RTVSPost2010Prop49
280
     0
102
RTVSPost2010PropOp49
 70
     1
102
RTVSPost2010Prop50
 90
       50
102
RTVSPost2010PropOp50
 70
     1
102
RTVSPost2010Prop51ColorIndex
 90
      256
102
RTVSPost2010Prop51ColorRGB
 90
-16777216
102
RTVSPost2010PropOp51
 70
     0
102
RTVSPost2010Prop52
140
1.0
102
RTVSPost2010PropOp52
 70
     0
102
RTVSPost2010Prop53
 90
        2
102
RTVSPost2010PropOp53
 70
     1
102
RTVSPost2010Prop54
  1
strokes_ogs.tif
102
RTVSPost2010PropOp54
 70
     1
102
RTVSPost2010Prop55
280
     0
102
RTVSPost2010PropOp55
 70
     1
102
RTVSPost2010Prop56
140
1.0
102
RTVSPost2010PropOp56
 70
     1
102
RTVSPost2010Prop57
140
1.0
102
RTVSPost2010PropOp57
 70
     1
  0
XRECORD
  5
1495
102
{ACAD_REACTORS
330
1494
102
}
330
1494
100
AcDbXrecord
280
     1
102
RTVSPropertyOp0
 70
     1
102
RTVSPropertyOp1
 70
     1
102
RTVSPropertyOp2
 70
     1
102
RTVSPropertyOp3
 70
     1
102
RTVSPropertyOp4
 70
     1
102
RTVSPropertyOp5
 70
     1
102
RTVSPropertyOp6
 70
     1
102
RTVSPropertyOp7
 70
     1
102
RTVSPropertyOp8
 70
     1
102
RTVSPropertyOp9
 70
     1
102
RTVSPropertyOp10
 70
     1
102
RTVSPropertyOp11
 70
     1
102
RTVSPropertyOp12
 70
     1
102
RTVSPropertyOp13
 70
     1
102
RTVSPropertyOp14
 70
     1
102
RTVSPropertyOp15
 70
     1
102
RTVSPropertyOp16
 70
     1
102
RTVSPropertyOp17
 70
     1
102
RTVSPropertyOp18
 70
     1
102
RTVSPropertyOp19
 70
     1
102
RTVSPropertyOp20
 70
     1
102
RTVSPropertyOp21
 70
     1
102
RTVSPropertyOp22
 70
     1
102
RTVSPropertyOp23
 70
     1
102
RTVSPropertyOp24
 70
     1
102
RTVSPropertyOp25
 70
     1
102
RTVSPropertyOp26
 70
     1
102
RTVSPropertyOp27
 70
     1
102
RTVSPropertyOp28
 70
     1
102
RTVSPropertyOp29
 70
     1
102
RTVSPropertyOp30
 70
     1
102
RTVSPropertyOp31
 70
     1
102
RTVSPropertyOp32
 70
     1
102
RTVSPropertyOp33
 70
     1
102
RTVSPropertyOp34
 70
     1
102
RTVSPropertyOp35
 70
     1
102
RTVSPropertyOp36
 70
     1
102
RTVSPropertyOp37
 70
     1
102
RTVSPropertyOp38
 70
     1
102
RTVSPropertyOp39
 70
     1
102
RTVSPropertyOp40
 70
     1
102
RTVSPropertyOp41
 70
     1
102
RTVSPropertyOp42
 70
     1
102
RTVSPropertyOp43
 70
     1
102
RTVSPropertyOp44
 70
     1
102
RTVSPropertyOp45
 70
     1
102
RTVSPropertyOp46
 70
     1
102
RTVSPropertyOp47
 70
     1
102
RTVSPropertyOp48
 70
     1
102
RTVSPropertyOp49
 70
     1
102
RTVSPropertyOp50
 70
     1
102
RTVSPropertyOp51
 70
     0
102
RTVSPropertyOp52
 70
     0
102
RTVSPropertyOp53
 70
     1
102
RTVSPropertyOp54
 70
     1
102
RTVSPropertyOp55
 70
     1
102
RTVSPropertyOp56
 70
     1
102
RTVSPropertyOp57
 70
     1
102
RTVSPost2010Prop28
280
     0
102
RTVSPost2010PropOp28
 70
     1
102
RTVSPost2010Prop29
280
     1
102
RTVSPost2010PropOp29
 70
     1
102
RTVSPost2010Prop30
280
     1
102
RTVSPost2010PropOp30
 70
     1
102
RTVSPost2010Prop31
280
     0
102
RTVSPost2010PropOp31
 70
     1
102
RTVSPost2010Prop32
280
     0
102
RTVSPost2010PropOp32
 70
     1
102
RTVSPost2010Prop33
280
     0
102
RTVSPost2010PropOp33
 70
     1
102
RTVSPost2010Prop34
280
     0
102
RTVSPost2010PropOp34
 70
     1
102
RTVSPost2010Prop35
280
     0
102
RTVSPost2010PropOp35
 70
     1
102
RTVSPost2010Prop36
280
     0
102
RTVSPost2010PropOp36
 70
     1
102
RTVSPost2010Prop37
 90
       50
102
RTVSPost2010PropOp37
 70
     1
102
RTVSPost2010Prop38
140
0.0
102
RTVSPost2010PropOp38
 70
     1
102
RTVSPost2010Prop39
140
1.0
102
RTVSPost2010PropOp39
 70
     1
102
RTVSPost2010Prop40
 90
        0
102
RTVSPost2010PropOp40
 70
     1
102
RTVSPost2010Prop41ColorIndex
 90
       18
102
RTVSPost2010Prop41ColorRGB
 90
        0
102
RTVSPost2010PropOp41
 70
     1
102
RTVSPost2010Prop42
 90
       50
102
RTVSPost2010PropOp42
 70
     1
102
RTVSPost2010Prop43
 90
        3
102
RTVSPost2010PropOp43
 70
     1
102
RTVSPost2010Prop44ColorIndex
 90
        5
102
RTVSPost2010Prop44ColorRGB
 90
      255
102
RTVSPost2010PropOp44
 70
     1
102
RTVSPost2010Prop45
280
     0
102
RTVSPost2010PropOp45
 70
     1
102
RTVSPost2010Prop46
 90
       50
102
RTVSPost2010PropOp46
 70
     1
102
RTVSPost2010Prop47
 90
       50
102
RTVSPost2010PropOp47
 70
     1
102
RTVSPost2010Prop48
 90
       50
102
RTVSPost2010PropOp48
 70
     1
102
RTVSPost2010Prop49
280
     0
102
RTVSPost2010PropOp49
 70
     1
102
RTVSPost2010Prop50
 90
       50
102
RTVSPost2010PropOp50
 70
     1
102
RTVSPost2010Prop51ColorIndex
 90
      256
102
RTVSPost2010Prop51ColorRGB
 90
-16777216
102
RTVSPost2010PropOp51
 70
     0
102
RTVSPost2010Prop52
140
1.0
102
RTVSPost2010PropOp52
 70
     0
102
RTVSPost2010Prop53
 90
        2
102
RTVSPost2010PropOp53
 70
     1
102
RTVSPost2010Prop54
  1
strokes_ogs.tif
102
RTVSPost2010PropOp54
 70
     1
102
RTVSPost2010Prop55
280
     0
102
RTVSPost2010PropOp55
 70
     1
102
RTVSPost2010Prop56
140
1.0
102
RTVSPost2010PropOp56
 70
     1
102
RTVSPost2010Prop57
140
1.0
102
RTVSPost2010PropOp57
 70
     1
  0
XRECORD
  5
1497
102
{ACAD_REACTORS
330
1496
102
}
330
1496
100
AcDbXrecord
280
     1
102
RTVSPropertyOp0
 70
     1
102
RTVSPropertyOp1
 70
     1
102
RTVSPropertyOp2
 70
     1
102
RTVSPropertyOp3
 70
     1
102
RTVSPropertyOp4
 70
     1
102
RTVSPropertyOp5
 70
     1
102
RTVSPropertyOp6
 70
     1
102
RTVSPropertyOp7
 70
     1
102
RTVSPropertyOp8
 70
     1
102
RTVSPropertyOp9
 70
     1
102
RTVSPropertyOp10
 70
     1
102
RTVSPropertyOp11
 70
     1
102
RTVSPropertyOp12
 70
     1
102
RTVSPropertyOp13
 70
     1
102
RTVSPropertyOp14
 70
     1
102
RTVSPropertyOp15
 70
     1
102
RTVSPropertyOp16
 70
     1
102
RTVSPropertyOp17
 70
     1
102
RTVSPropertyOp18
 70
     1
102
RTVSPropertyOp19
 70
     1
102
RTVSPropertyOp20
 70
     1
102
RTVSPropertyOp21
 70
     1
102
RTVSPropertyOp22
 70
     1
102
RTVSPropertyOp23
 70
     1
102
RTVSPropertyOp24
 70
     1
102
RTVSPropertyOp25
 70
     1
102
RTVSPropertyOp26
 70
     1
102
RTVSPropertyOp27
 70
     1
102
RTVSPropertyOp28
 70
     1
102
RTVSPropertyOp29
 70
     1
102
RTVSPropertyOp30
 70
     1
102
RTVSPropertyOp31
 70
     1
102
RTVSPropertyOp32
 70
     1
102
RTVSPropertyOp33
 70
     1
102
RTVSPropertyOp34
 70
     1
102
RTVSPropertyOp35
 70
     1
102
RTVSPropertyOp36
 70
     1
102
RTVSPropertyOp37
 70
     1
102
RTVSPropertyOp38
 70
     1
102
RTVSPropertyOp39
 70
     1
102
RTVSPropertyOp40
 70
     1
102
RTVSPropertyOp41
 70
     1
102
RTVSPropertyOp42
 70
     1
102
RTVSPropertyOp43
 70
     1
102
RTVSPropertyOp44
 70
     1
102
RTVSPropertyOp45
 70
     1
102
RTVSPropertyOp46
 70
     1
102
RTVSPropertyOp47
 70
     1
102
RTVSPropertyOp48
 70
     1
102
RTVSPropertyOp49
 70
     1
102
RTVSPropertyOp50
 70
     1
102
RTVSPropertyOp51
 70
     0
102
RTVSPropertyOp52
 70
     0
102
RTVSPropertyOp53
 70
     1
102
RTVSPropertyOp54
 70
     1
102
RTVSPropertyOp55
 70
     1
102
RTVSPropertyOp56
 70
     1
102
RTVSPropertyOp57
 70
     1
102
RTVSPost2010Prop28
280
     0
102
RTVSPost2010PropOp28
 70
     1
102
RTVSPost2010Prop29
280
     1
102
RTVSPost2010PropOp29
 70
     1
102
RTVSPost2010Prop30
280
     1
102
RTVSPost2010PropOp30
 70
     1
102
RTVSPost2010Prop31
280
     0
102
RTVSPost2010PropOp31
 70
     1
102
RTVSPost2010Prop32
280
     0
102
RTVSPost2010PropOp32
 70
     1
102
RTVSPost2010Prop33
280
     0
102
RTVSPost2010PropOp33
 70
     1
102
RTVSPost2010Prop34
280
     0
102
RTVSPost2010PropOp34
 70
     1
102
RTVSPost2010Prop35
280
     0
102
RTVSPost2010PropOp35
 70
     1
102
RTVSPost2010Prop36
280
     0
102
RTVSPost2010PropOp36
 70
     1
102
RTVSPost2010Prop37
 90
       50
102
RTVSPost2010PropOp37
 70
     1
102
RTVSPost2010Prop38
140
0.0
102
RTVSPost2010PropOp38
 70
     1
102
RTVSPost2010Prop39
140
1.0
102
RTVSPost2010PropOp39
 70
     1
102
RTVSPost2010Prop40
 90
        0
102
RTVSPost2010PropOp40
 70
     1
102
RTVSPost2010Prop41ColorIndex
 90
       18
102
RTVSPost2010Prop41ColorRGB
 90
        0
102
RTVSPost2010PropOp41
 70
     1
102
RTVSPost2010Prop42
 90
       50
102
RTVSPost2010PropOp42
 70
     1
102
RTVSPost2010Prop43
 90
        3
102
RTVSPost2010PropOp43
 70
     1
102
RTVSPost2010Prop44ColorIndex
 90
        5
102
RTVSPost2010Prop44ColorRGB
 90
      255
102
RTVSPost2010PropOp44
 70
     1
102
RTVSPost2010Prop45
280
     0
102
RTVSPost2010PropOp45
 70
     1
102
RTVSPost2010Prop46
 90
       50
102
RTVSPost2010PropOp46
 70
     1
102
RTVSPost2010Prop47
 90
       50
102
RTVSPost2010PropOp47
 70
     1
102
RTVSPost2010Prop48
 90
       50
102
RTVSPost2010PropOp48
 70
     1
102
RTVSPost2010Prop49
280
     0
102
RTVSPost2010PropOp49
 70
     1
102
RTVSPost2010Prop50
 90
       50
102
RTVSPost2010PropOp50
 70
     1
102
RTVSPost2010Prop51ColorIndex
 90
      256
102
RTVSPost2010Prop51ColorRGB
 90
-16777216
102
RTVSPost2010PropOp51
 70
     0
102
RTVSPost2010Prop52
140
1.0
102
RTVSPost2010PropOp52
 70
     0
102
RTVSPost2010Prop53
 90
        2
102
RTVSPost2010PropOp53
 70
     1
102
RTVSPost2010Prop54
  1
strokes_ogs.tif
102
RTVSPost2010PropOp54
 70
     1
102
RTVSPost2010Prop55
280
     0
102
RTVSPost2010PropOp55
 70
     1
102
RTVSPost2010Prop56
140
1.0
102
RTVSPost2010PropOp56
 70
     1
102
RTVSPost2010Prop57
140
1.0
102
RTVSPost2010PropOp57
 70
     1
  0
XRECORD
  5
1499
102
{ACAD_REACTORS
330
1498
102
}
330
1498
100
AcDbXrecord
280
     1
102
RTVSPropertyOp0
 70
     1
102
RTVSPropertyOp1
 70
     1
102
RTVSPropertyOp2
 70
     1
102
RTVSPropertyOp3
 70
     1
102
RTVSPropertyOp4
 70
     1
102
RTVSPropertyOp5
 70
     1
102
RTVSPropertyOp6
 70
     1
102
RTVSPropertyOp7
 70
     1
102
RTVSPropertyOp8
 70
     1
102
RTVSPropertyOp9
 70
     1
102
RTVSPropertyOp10
 70
     1
102
RTVSPropertyOp11
 70
     1
102
RTVSPropertyOp12
 70
     1
102
RTVSPropertyOp13
 70
     1
102
RTVSPropertyOp14
 70
     1
102
RTVSPropertyOp15
 70
     1
102
RTVSPropertyOp16
 70
     1
102
RTVSPropertyOp17
 70
     1
102
RTVSPropertyOp18
 70
     1
102
RTVSPropertyOp19
 70
     1
102
RTVSPropertyOp20
 70
     1
102
RTVSPropertyOp21
 70
     1
102
RTVSPropertyOp22
 70
     1
102
RTVSPropertyOp23
 70
     1
102
RTVSPropertyOp24
 70
     1
102
RTVSPropertyOp25
 70
     1
102
RTVSPropertyOp26
 70
     1
102
RTVSPropertyOp27
 70
     1
102
RTVSPropertyOp28
 70
     1
102
RTVSPropertyOp29
 70
     1
102
RTVSPropertyOp30
 70
     1
102
RTVSPropertyOp31
 70
     1
102
RTVSPropertyOp32
 70
     1
102
RTVSPropertyOp33
 70
     1
102
RTVSPropertyOp34
 70
     1
102
RTVSPropertyOp35
 70
     1
102
RTVSPropertyOp36
 70
     1
102
RTVSPropertyOp37
 70
     1
102
RTVSPropertyOp38
 70
     1
102
RTVSPropertyOp39
 70
     1
102
RTVSPropertyOp40
 70
     1
102
RTVSPropertyOp41
 70
     1
102
RTVSPropertyOp42
 70
     1
102
RTVSPropertyOp43
 70
     1
102
RTVSPropertyOp44
 70
     1
102
RTVSPropertyOp45
 70
     1
102
RTVSPropertyOp46
 70
     1
102
RTVSPropertyOp47
 70
     1
102
RTVSPropertyOp48
 70
     1
102
RTVSPropertyOp49
 70
     1
102
RTVSPropertyOp50
 70
     1
102
RTVSPropertyOp51
 70
     0
102
RTVSPropertyOp52
 70
     0
102
RTVSPropertyOp53
 70
     1
102
RTVSPropertyOp54
 70
     1
102
RTVSPropertyOp55
 70
     1
102
RTVSPropertyOp56
 70
     1
102
RTVSPropertyOp57
 70
     1
102
RTVSPost2010Prop28
280
     0
102
RTVSPost2010PropOp28
 70
     1
102
RTVSPost2010Prop29
280
     1
102
RTVSPost2010PropOp29
 70
     1
102
RTVSPost2010Prop30
280
     1
102
RTVSPost2010PropOp30
 70
     1
102
RTVSPost2010Prop31
280
     0
102
RTVSPost2010PropOp31
 70
     1
102
RTVSPost2010Prop32
280
     0
102
RTVSPost2010PropOp32
 70
     1
102
RTVSPost2010Prop33
280
     0
102
RTVSPost2010PropOp33
 70
     1
102
RTVSPost2010Prop34
280
     0
102
RTVSPost2010PropOp34
 70
     1
102
RTVSPost2010Prop35
280
     0
102
RTVSPost2010PropOp35
 70
     1
102
RTVSPost2010Prop36
280
     0
102
RTVSPost2010PropOp36
 70
     1
102
RTVSPost2010Prop37
 90
       50
102
RTVSPost2010PropOp37
 70
     1
102
RTVSPost2010Prop38
140
0.0
102
RTVSPost2010PropOp38
 70
     1
102
RTVSPost2010Prop39
140
1.0
102
RTVSPost2010PropOp39
 70
     1
102
RTVSPost2010Prop40
 90
        0
102
RTVSPost2010PropOp40
 70
     1
102
RTVSPost2010Prop41ColorIndex
 90
       18
102
RTVSPost2010Prop41ColorRGB
 90
        0
102
RTVSPost2010PropOp41
 70
     1
102
RTVSPost2010Prop42
 90
       50
102
RTVSPost2010PropOp42
 70
     1
102
RTVSPost2010Prop43
 90
        3
102
RTVSPost2010PropOp43
 70
     1
102
RTVSPost2010Prop44ColorIndex
 90
        5
102
RTVSPost2010Prop44ColorRGB
 90
      255
102
RTVSPost2010PropOp44
 70
     1
102
RTVSPost2010Prop45
280
     0
102
RTVSPost2010PropOp45
 70
     1
102
RTVSPost2010Prop46
 90
       50
102
RTVSPost2010PropOp46
 70
     1
102
RTVSPost2010Prop47
 90
       50
102
RTVSPost2010PropOp47
 70
     1
102
RTVSPost2010Prop48
 90
       50
102
RTVSPost2010PropOp48
 70
     1
102
RTVSPost2010Prop49
280
     0
102
RTVSPost2010PropOp49
 70
     1
102
RTVSPost2010Prop50
 90
       50
102
RTVSPost2010PropOp50
 70
     1
102
RTVSPost2010Prop51ColorIndex
 90
      256
102
RTVSPost2010Prop51ColorRGB
 90
-16777216
102
RTVSPost2010PropOp51
 70
     0
102
RTVSPost2010Prop52
140
1.0
102
RTVSPost2010PropOp52
 70
     0
102
RTVSPost2010Prop53
 90
        2
102
RTVSPost2010PropOp53
 70
     1
102
RTVSPost2010Prop54
  1
strokes_ogs.tif
102
RTVSPost2010PropOp54
 70
     1
102
RTVSPost2010Prop55
280
     0
102
RTVSPost2010PropOp55
 70
     1
102
RTVSPost2010Prop56
140
1.0
102
RTVSPost2010PropOp56
 70
     1
102
RTVSPost2010Prop57
140
1.0
102
RTVSPost2010PropOp57
 70
     1
  0
XRECORD
  5
149B
102
{ACAD_REACTORS
330
149A
102
}
330
149A
100
AcDbXrecord
280
     1
102
RTVSPropertyOp0
 70
     0
102
RTVSPropertyOp1
 70
     0
102
RTVSPropertyOp2
 70
     0
102
RTVSPropertyOp3
 70
     0
102
RTVSPropertyOp4
 70
     0
102
RTVSPropertyOp5
 70
     0
102
RTVSPropertyOp6
 70
     0
102
RTVSPropertyOp7
 70
     0
102
RTVSPropertyOp8
 70
     0
102
RTVSPropertyOp9
 70
     0
102
RTVSPropertyOp10
 70
     0
102
RTVSPropertyOp11
 70
     0
102
RTVSPropertyOp12
 70
     0
102
RTVSPropertyOp13
 70
     0
102
RTVSPropertyOp14
 70
     2
102
RTVSPropertyOp15
 70
     0
102
RTVSPropertyOp16
 70
     0
102
RTVSPropertyOp17
 70
     0
102
RTVSPropertyOp18
 70
     0
102
RTVSPropertyOp19
 70
     0
102
RTVSPropertyOp20
 70
     0
102
RTVSPropertyOp21
 70
     0
102
RTVSPropertyOp22
 70
     0
102
RTVSPropertyOp23
 70
     0
102
RTVSPropertyOp24
 70
     0
102
RTVSPropertyOp25
 70
     0
102
RTVSPropertyOp26
 70
     0
102
RTVSPropertyOp27
 70
     0
102
RTVSPropertyOp28
 70
     1
102
RTVSPropertyOp29
 70
     1
102
RTVSPropertyOp30
 70
     1
102
RTVSPropertyOp31
 70
     1
102
RTVSPropertyOp32
 70
     1
102
RTVSPropertyOp33
 70
     1
102
RTVSPropertyOp34
 70
     1
102
RTVSPropertyOp35
 70
     1
102
RTVSPropertyOp36
 70
     1
102
RTVSPropertyOp37
 70
     1
102
RTVSPropertyOp38
 70
     1
102
RTVSPropertyOp39
 70
     1
102
RTVSPropertyOp40
 70
     1
102
RTVSPropertyOp41
 70
     1
102
RTVSPropertyOp42
 70
     1
102
RTVSPropertyOp43
 70
     1
102
RTVSPropertyOp44
 70
     1
102
RTVSPropertyOp45
 70
     1
102
RTVSPropertyOp46
 70
     1
102
RTVSPropertyOp47
 70
     1
102
RTVSPropertyOp48
 70
     1
102
RTVSPropertyOp49
 70
     1
102
RTVSPropertyOp50
 70
     1
102
RTVSPropertyOp51
 70
     0
102
RTVSPropertyOp52
 70
     0
102
RTVSPropertyOp53
 70
     1
102
RTVSPropertyOp54
 70
     1
102
RTVSPropertyOp55
 70
     1
102
RTVSPropertyOp56
 70
     1
102
RTVSPropertyOp57
 70
     1
102
RTVSPost2010Prop28
280
     0
102
RTVSPost2010PropOp28
 70
     1
102
RTVSPost2010Prop29
280
     1
102
RTVSPost2010PropOp29
 70
     1
102
RTVSPost2010Prop30
280
     1
102
RTVSPost2010PropOp30
 70
     1
102
RTVSPost2010Prop31
280
     0
102
RTVSPost2010PropOp31
 70
     1
102
RTVSPost2010Prop32
280
     0
102
RTVSPost2010PropOp32
 70
     1
102
RTVSPost2010Prop33
280
     0
102
RTVSPost2010PropOp33
 70
     1
102
RTVSPost2010Prop34
280
     0
102
RTVSPost2010PropOp34
 70
     1
102
RTVSPost2010Prop35
280
     0
102
RTVSPost2010PropOp35
 70
     1
102
RTVSPost2010Prop36
280
     0
102
RTVSPost2010PropOp36
 70
     1
102
RTVSPost2010Prop37
 90
       50
102
RTVSPost2010PropOp37
 70
     1
102
RTVSPost2010Prop38
140
0.0
102
RTVSPost2010PropOp38
 70
     1
102
RTVSPost2010Prop39
140
1.0
102
RTVSPost2010PropOp39
 70
     1
102
RTVSPost2010Prop40
 90
        0
102
RTVSPost2010PropOp40
 70
     1
102
RTVSPost2010Prop41ColorIndex
 90
       18
102
RTVSPost2010Prop41ColorRGB
 90
        0
102
RTVSPost2010PropOp41
 70
     1
102
RTVSPost2010Prop42
 90
       50
102
RTVSPost2010PropOp42
 70
     1
102
RTVSPost2010Prop43
 90
        3
102
RTVSPost2010PropOp43
 70
     1
102
RTVSPost2010Prop44ColorIndex
 90
        5
102
RTVSPost2010Prop44ColorRGB
 90
      255
102
RTVSPost2010PropOp44
 70
     1
102
RTVSPost2010Prop45
280
     0
102
RTVSPost2010PropOp45
 70
     1
102
RTVSPost2010Prop46
 90
       50
102
RTVSPost2010PropOp46
 70
     1
102
RTVSPost2010Prop47
 90
       50
102
RTVSPost2010PropOp47
 70
     1
102
RTVSPost2010Prop48
 90
       50
102
RTVSPost2010PropOp48
 70
     1
102
RTVSPost2010Prop49
280
     0
102
RTVSPost2010PropOp49
 70
     1
102
RTVSPost2010Prop50
 90
       50
102
RTVSPost2010PropOp50
 70
     1
102
RTVSPost2010Prop51ColorIndex
 90
      256
102
RTVSPost2010Prop51ColorRGB
 90
-16777216
102
RTVSPost2010PropOp51
 70
     0
102
RTVSPost2010Prop52
140
1.0
102
RTVSPost2010PropOp52
 70
     0
102
RTVSPost2010Prop53
 90
        2
102
RTVSPost2010PropOp53
 70
     1
102
RTVSPost2010Prop54
  1
strokes_ogs.tif
102
RTVSPost2010PropOp54
 70
     1
102
RTVSPost2010Prop55
280
     0
102
RTVSPost2010PropOp55
 70
     1
102
RTVSPost2010Prop56
140
1.0
102
RTVSPost2010PropOp56
 70
     1
102
RTVSPost2010Prop57
140
1.0
102
RTVSPost2010PropOp57
 70
     1
  0
XRECORD
  5
149D
102
{ACAD_REACTORS
330
149C
102
}
330
149C
100
AcDbXrecord
280
     1
102
RTVSPropertyOp0
 70
     1
102
RTVSPropertyOp1
 70
     1
102
RTVSPropertyOp2
 70
     1
102
RTVSPropertyOp3
 70
     1
102
RTVSPropertyOp4
 70
     1
102
RTVSPropertyOp5
 70
     1
102
RTVSPropertyOp6
 70
     1
102
RTVSPropertyOp7
 70
     1
102
RTVSPropertyOp8
 70
     1
102
RTVSPropertyOp9
 70
     1
102
RTVSPropertyOp10
 70
     1
102
RTVSPropertyOp11
 70
     1
102
RTVSPropertyOp12
 70
     1
102
RTVSPropertyOp13
 70
     1
102
RTVSPropertyOp14
 70
     1
102
RTVSPropertyOp15
 70
     1
102
RTVSPropertyOp16
 70
     1
102
RTVSPropertyOp17
 70
     1
102
RTVSPropertyOp18
 70
     1
102
RTVSPropertyOp19
 70
     1
102
RTVSPropertyOp20
 70
     1
102
RTVSPropertyOp21
 70
     1
102
RTVSPropertyOp22
 70
     1
102
RTVSPropertyOp23
 70
     1
102
RTVSPropertyOp24
 70
     1
102
RTVSPropertyOp25
 70
     1
102
RTVSPropertyOp26
 70
     1
102
RTVSPropertyOp27
 70
     1
102
RTVSPropertyOp28
 70
     1
102
RTVSPropertyOp29
 70
     1
102
RTVSPropertyOp30
 70
     1
102
RTVSPropertyOp31
 70
     1
102
RTVSPropertyOp32
 70
     1
102
RTVSPropertyOp33
 70
     1
102
RTVSPropertyOp34
 70
     1
102
RTVSPropertyOp35
 70
     1
102
RTVSPropertyOp36
 70
     1
102
RTVSPropertyOp37
 70
     1
102
RTVSPropertyOp38
 70
     1
102
RTVSPropertyOp39
 70
     1
102
RTVSPropertyOp40
 70
     1
102
RTVSPropertyOp41
 70
     1
102
RTVSPropertyOp42
 70
     1
102
RTVSPropertyOp43
 70
     1
102
RTVSPropertyOp44
 70
     1
102
RTVSPropertyOp45
 70
     1
102
RTVSPropertyOp46
 70
     1
102
RTVSPropertyOp47
 70
     1
102
RTVSPropertyOp48
 70
     1
102
RTVSPropertyOp49
 70
     1
102
RTVSPropertyOp50
 70
     1
102
RTVSPropertyOp51
 70
     0
102
RTVSPropertyOp52
 70
     0
102
RTVSPropertyOp53
 70
     1
102
RTVSPropertyOp54
 70
     1
102
RTVSPropertyOp55
 70
     1
102
RTVSPropertyOp56
 70
     1
102
RTVSPropertyOp57
 70
     1
102
RTVSPost2010Prop28
280
     0
102
RTVSPost2010PropOp28
 70
     1
102
RTVSPost2010Prop29
280
     1
102
RTVSPost2010PropOp29
 70
     1
102
RTVSPost2010Prop30
280
     1
102
RTVSPost2010PropOp30
 70
     1
102
RTVSPost2010Prop31
280
     0
102
RTVSPost2010PropOp31
 70
     1
102
RTVSPost2010Prop32
280
     0
102
RTVSPost2010PropOp32
 70
     1
102
RTVSPost2010Prop33
280
     0
102
RTVSPost2010PropOp33
 70
     1
102
RTVSPost2010Prop34
280
     0
102
RTVSPost2010PropOp34
 70
     1
102
RTVSPost2010Prop35
280
     0
102
RTVSPost2010PropOp35
 70
     1
102
RTVSPost2010Prop36
280
     0
102
RTVSPost2010PropOp36
 70
     1
102
RTVSPost2010Prop37
 90
       50
102
RTVSPost2010PropOp37
 70
     1
102
RTVSPost2010Prop38
140
0.0
102
RTVSPost2010PropOp38
 70
     1
102
RTVSPost2010Prop39
140
1.0
102
RTVSPost2010PropOp39
 70
     1
102
RTVSPost2010Prop40
 90
        0
102
RTVSPost2010PropOp40
 70
     1
102
RTVSPost2010Prop41ColorIndex
 90
       18
102
RTVSPost2010Prop41ColorRGB
 90
        0
102
RTVSPost2010PropOp41
 70
     1
102
RTVSPost2010Prop42
 90
       50
102
RTVSPost2010PropOp42
 70
     1
102
RTVSPost2010Prop43
 90
        3
102
RTVSPost2010PropOp43
 70
     1
102
RTVSPost2010Prop44ColorIndex
 90
        5
102
RTVSPost2010Prop44ColorRGB
 90
      255
102
RTVSPost2010PropOp44
 70
     1
102
RTVSPost2010Prop45
280
     0
102
RTVSPost2010PropOp45
 70
     1
102
RTVSPost2010Prop46
 90
       50
102
RTVSPost2010PropOp46
 70
     1
102
RTVSPost2010Prop47
 90
       50
102
RTVSPost2010PropOp47
 70
     1
102
RTVSPost2010Prop48
 90
       50
102
RTVSPost2010PropOp48
 70
     1
102
RTVSPost2010Prop49
280
     0
102
RTVSPost2010PropOp49
 70
     1
102
RTVSPost2010Prop50
 90
       50
102
RTVSPost2010PropOp50
 70
     1
102
RTVSPost2010Prop51ColorIndex
 90
      256
102
RTVSPost2010Prop51ColorRGB
 90
-16777216
102
RTVSPost2010PropOp51
 70
     0
102
RTVSPost2010Prop52
140
1.0
102
RTVSPost2010PropOp52
 70
     0
102
RTVSPost2010Prop53
 90
        2
102
RTVSPost2010PropOp53
 70
     1
102
RTVSPost2010Prop54
  1
strokes_ogs.tif
102
RTVSPost2010PropOp54
 70
     1
102
RTVSPost2010Prop55
280
     0
102
RTVSPost2010PropOp55
 70
     1
102
RTVSPost2010Prop56
140
1.0
102
RTVSPost2010PropOp56
 70
     1
102
RTVSPost2010Prop57
140
1.0
102
RTVSPost2010PropOp57
 70
     1
  0
XRECORD
  5
149F
102
{ACAD_REACTORS
330
149E
102
}
330
149E
100
AcDbXrecord
280
     1
102
RTVSPropertyOp0
 70
     0
102
RTVSPropertyOp1
 70
     0
102
RTVSPropertyOp2
 70
     0
102
RTVSPropertyOp3
 70
     0
102
RTVSPropertyOp4
 70
     0
102
RTVSPropertyOp5
 70
     0
102
RTVSPropertyOp6
 70
     0
102
RTVSPropertyOp7
 70
     0
102
RTVSPropertyOp8
 70
     0
102
RTVSPropertyOp9
 70
     0
102
RTVSPropertyOp10
 70
     0
102
RTVSPropertyOp11
 70
     0
102
RTVSPropertyOp12
 70
     0
102
RTVSPropertyOp13
 70
     0
102
RTVSPropertyOp14
 70
     2
102
RTVSPropertyOp15
 70
     0
102
RTVSPropertyOp16
 70
     0
102
RTVSPropertyOp17
 70
     0
102
RTVSPropertyOp18
 70
     0
102
RTVSPropertyOp19
 70
     0
102
RTVSPropertyOp20
 70
     0
102
RTVSPropertyOp21
 70
     0
102
RTVSPropertyOp22
 70
     0
102
RTVSPropertyOp23
 70
     0
102
RTVSPropertyOp24
 70
     0
102
RTVSPropertyOp25
 70
     0
102
RTVSPropertyOp26
 70
     0
102
RTVSPropertyOp27
 70
     0
102
RTVSPropertyOp28
 70
     1
102
RTVSPropertyOp29
 70
     1
102
RTVSPropertyOp30
 70
     1
102
RTVSPropertyOp31
 70
     1
102
RTVSPropertyOp32
 70
     1
102
RTVSPropertyOp33
 70
     1
102
RTVSPropertyOp34
 70
     1
102
RTVSPropertyOp35
 70
     1
102
RTVSPropertyOp36
 70
     1
102
RTVSPropertyOp37
 70
     1
102
RTVSPropertyOp38
 70
     1
102
RTVSPropertyOp39
 70
     1
102
RTVSPropertyOp40
 70
     1
102
RTVSPropertyOp41
 70
     1
102
RTVSPropertyOp42
 70
     1
102
RTVSPropertyOp43
 70
     1
102
RTVSPropertyOp44
 70
     1
102
RTVSPropertyOp45
 70
     1
102
RTVSPropertyOp46
 70
     1
102
RTVSPropertyOp47
 70
     1
102
RTVSPropertyOp48
 70
     1
102
RTVSPropertyOp49
 70
     1
102
RTVSPropertyOp50
 70
     1
102
RTVSPropertyOp51
 70
     0
102
RTVSPropertyOp52
 70
     0
102
RTVSPropertyOp53
 70
     1
102
RTVSPropertyOp54
 70
     1
102
RTVSPropertyOp55
 70
     1
102
RTVSPropertyOp56
 70
     1
102
RTVSPropertyOp57
 70
     1
102
RTVSPost2010Prop28
280
     0
102
RTVSPost2010PropOp28
 70
     1
102
RTVSPost2010Prop29
280
     1
102
RTVSPost2010PropOp29
 70
     1
102
RTVSPost2010Prop30
280
     1
102
RTVSPost2010PropOp30
 70
     1
102
RTVSPost2010Prop31
280
     0
102
RTVSPost2010PropOp31
 70
     1
102
RTVSPost2010Prop32
280
     0
102
RTVSPost2010PropOp32
 70
     1
102
RTVSPost2010Prop33
280
     0
102
RTVSPost2010PropOp33
 70
     1
102
RTVSPost2010Prop34
280
     0
102
RTVSPost2010PropOp34
 70
     1
102
RTVSPost2010Prop35
280
     0
102
RTVSPost2010PropOp35
 70
     1
102
RTVSPost2010Prop36
280
     0
102
RTVSPost2010PropOp36
 70
     1
102
RTVSPost2010Prop37
 90
       50
102
RTVSPost2010PropOp37
 70
     1
102
RTVSPost2010Prop38
140
0.0
102
RTVSPost2010PropOp38
 70
     1
102
RTVSPost2010Prop39
140
1.0
102
RTVSPost2010PropOp39
 70
     1
102
RTVSPost2010Prop40
 90
        0
102
RTVSPost2010PropOp40
 70
     1
102
RTVSPost2010Prop41ColorIndex
 90
       18
102
RTVSPost2010Prop41ColorRGB
 90
        0
102
RTVSPost2010PropOp41
 70
     1
102
RTVSPost2010Prop42
 90
       50
102
RTVSPost2010PropOp42
 70
     1
102
RTVSPost2010Prop43
 90
        3
102
RTVSPost2010PropOp43
 70
     1
102
RTVSPost2010Prop44ColorIndex
 90
        5
102
RTVSPost2010Prop44ColorRGB
 90
      255
102
RTVSPost2010PropOp44
 70
     1
102
RTVSPost2010Prop45
280
     0
102
RTVSPost2010PropOp45
 70
     1
102
RTVSPost2010Prop46
 90
       50
102
RTVSPost2010PropOp46
 70
     1
102
RTVSPost2010Prop47
 90
       50
102
RTVSPost2010PropOp47
 70
     1
102
RTVSPost2010Prop48
 90
       50
102
RTVSPost2010PropOp48
 70
     1
102
RTVSPost2010Prop49
280
     0
102
RTVSPost2010PropOp49
 70
     1
102
RTVSPost2010Prop50
 90
       50
102
RTVSPost2010PropOp50
 70
     1
102
RTVSPost2010Prop51ColorIndex
 90
      256
102
RTVSPost2010Prop51ColorRGB
 90
-16777216
102
RTVSPost2010PropOp51
 70
     0
102
RTVSPost2010Prop52
140
1.0
102
RTVSPost2010PropOp52
 70
     0
102
RTVSPost2010Prop53
 90
        2
102
RTVSPost2010PropOp53
 70
     1
102
RTVSPost2010Prop54
  1
strokes_ogs.tif
102
RTVSPost2010PropOp54
 70
     1
102
RTVSPost2010Prop55
280
     0
102
RTVSPost2010PropOp55
 70
     1
102
RTVSPost2010Prop56
140
1.0
102
RTVSPost2010PropOp56
 70
     1
102
RTVSPost2010Prop57
140
1.0
102
RTVSPost2010PropOp57
 70
     1
  0
XRECORD
  5
14A1
102
{ACAD_REACTORS
330
14A0
102
}
330
14A0
100
AcDbXrecord
280
     1
102
RTVSPropertyOp0
 70
     1
102
RTVSPropertyOp1
 70
     1
102
RTVSPropertyOp2
 70
     1
102
RTVSPropertyOp3
 70
     1
102
RTVSPropertyOp4
 70
     1
102
RTVSPropertyOp5
 70
     1
102
RTVSPropertyOp6
 70
     1
102
RTVSPropertyOp7
 70
     1
102
RTVSPropertyOp8
 70
     1
102
RTVSPropertyOp9
 70
     1
102
RTVSPropertyOp10
 70
     1
102
RTVSPropertyOp11
 70
     1
102
RTVSPropertyOp12
 70
     1
102
RTVSPropertyOp13
 70
     1
102
RTVSPropertyOp14
 70
     1
102
RTVSPropertyOp15
 70
     1
102
RTVSPropertyOp16
 70
     1
102
RTVSPropertyOp17
 70
     1
102
RTVSPropertyOp18
 70
     1
102
RTVSPropertyOp19
 70
     1
102
RTVSPropertyOp20
 70
     1
102
RTVSPropertyOp21
 70
     1
102
RTVSPropertyOp22
 70
     1
102
RTVSPropertyOp23
 70
     1
102
RTVSPropertyOp24
 70
     1
102
RTVSPropertyOp25
 70
     1
102
RTVSPropertyOp26
 70
     1
102
RTVSPropertyOp27
 70
     1
102
RTVSPropertyOp28
 70
     1
102
RTVSPropertyOp29
 70
     1
102
RTVSPropertyOp30
 70
     1
102
RTVSPropertyOp31
 70
     1
102
RTVSPropertyOp32
 70
     1
102
RTVSPropertyOp33
 70
     1
102
RTVSPropertyOp34
 70
     1
102
RTVSPropertyOp35
 70
     1
102
RTVSPropertyOp36
 70
     1
102
RTVSPropertyOp37
 70
     1
102
RTVSPropertyOp38
 70
     1
102
RTVSPropertyOp39
 70
     1
102
RTVSPropertyOp40
 70
     1
102
RTVSPropertyOp41
 70
     1
102
RTVSPropertyOp42
 70
     1
102
RTVSPropertyOp43
 70
     1
102
RTVSPropertyOp44
 70
     1
102
RTVSPropertyOp45
 70
     1
102
RTVSPropertyOp46
 70
     1
102
RTVSPropertyOp47
 70
     1
102
RTVSPropertyOp48
 70
     1
102
RTVSPropertyOp49
 70
     1
102
RTVSPropertyOp50
 70
     1
102
RTVSPropertyOp51
 70
     0
102
RTVSPropertyOp52
 70
     0
102
RTVSPropertyOp53
 70
     1
102
RTVSPropertyOp54
 70
     1
102
RTVSPropertyOp55
 70
     1
102
RTVSPropertyOp56
 70
     1
102
RTVSPropertyOp57
 70
     1
102
RTVSPost2010Prop28
280
     0
102
RTVSPost2010PropOp28
 70
     1
102
RTVSPost2010Prop29
280
     1
102
RTVSPost2010PropOp29
 70
     1
102
RTVSPost2010Prop30
280
     1
102
RTVSPost2010PropOp30
 70
     1
102
RTVSPost2010Prop31
280
     0
102
RTVSPost2010PropOp31
 70
     1
102
RTVSPost2010Prop32
280
     0
102
RTVSPost2010PropOp32
 70
     1
102
RTVSPost2010Prop33
280
     0
102
RTVSPost2010PropOp33
 70
     1
102
RTVSPost2010Prop34
280
     0
102
RTVSPost2010PropOp34
 70
     1
102
RTVSPost2010Prop35
280
     0
102
RTVSPost2010PropOp35
 70
     1
102
RTVSPost2010Prop36
280
     0
102
RTVSPost2010PropOp36
 70
     1
102
RTVSPost2010Prop37
 90
       50
102
RTVSPost2010PropOp37
 70
     1
102
RTVSPost2010Prop38
140
0.0
102
RTVSPost2010PropOp38
 70
     1
102
RTVSPost2010Prop39
140
1.0
102
RTVSPost2010PropOp39
 70
     1
102
RTVSPost2010Prop40
 90
        0
102
RTVSPost2010PropOp40
 70
     1
102
RTVSPost2010Prop41ColorIndex
 90
       18
102
RTVSPost2010Prop41ColorRGB
 90
        0
102
RTVSPost2010PropOp41
 70
     1
102
RTVSPost2010Prop42
 90
       50
102
RTVSPost2010PropOp42
 70
     1
102
RTVSPost2010Prop43
 90
        3
102
RTVSPost2010PropOp43
 70
     1
102
RTVSPost2010Prop44ColorIndex
 90
        5
102
RTVSPost2010Prop44ColorRGB
 90
      255
102
RTVSPost2010PropOp44
 70
     1
102
RTVSPost2010Prop45
280
     0
102
RTVSPost2010PropOp45
 70
     1
102
RTVSPost2010Prop46
 90
       50
102
RTVSPost2010PropOp46
 70
     1
102
RTVSPost2010Prop47
 90
       50
102
RTVSPost2010PropOp47
 70
     1
102
RTVSPost2010Prop48
 90
       50
102
RTVSPost2010PropOp48
 70
     1
102
RTVSPost2010Prop49
280
     0
102
RTVSPost2010PropOp49
 70
     1
102
RTVSPost2010Prop50
 90
       50
102
RTVSPost2010PropOp50
 70
     1
102
RTVSPost2010Prop51ColorIndex
 90
      256
102
RTVSPost2010Prop51ColorRGB
 90
-16777216
102
RTVSPost2010PropOp51
 70
     0
102
RTVSPost2010Prop52
140
1.0
102
RTVSPost2010PropOp52
 70
     0
102
RTVSPost2010Prop53
 90
        2
102
RTVSPost2010PropOp53
 70
     1
102
RTVSPost2010Prop54
  1
strokes_ogs.tif
102
RTVSPost2010PropOp54
 70
     1
102
RTVSPost2010Prop55
280
     0
102
RTVSPost2010PropOp55
 70
     1
102
RTVSPost2010Prop56
140
1.0
102
RTVSPost2010PropOp56
 70
     1
102
RTVSPost2010Prop57
140
1.0
102
RTVSPost2010PropOp57
 70
     1
  0
XRECORD
  5
14A3
102
{ACAD_REACTORS
330
14A2
102
}
330
14A2
100
AcDbXrecord
280
     1
102
RTVSPropertyOp0
 70
     1
102
RTVSPropertyOp1
 70
     1
102
RTVSPropertyOp2
 70
     1
102
RTVSPropertyOp3
 70
     1
102
RTVSPropertyOp4
 70
     1
102
RTVSPropertyOp5
 70
     1
102
RTVSPropertyOp6
 70
     1
102
RTVSPropertyOp7
 70
     1
102
RTVSPropertyOp8
 70
     1
102
RTVSPropertyOp9
 70
     1
102
RTVSPropertyOp10
 70
     1
102
RTVSPropertyOp11
 70
     1
102
RTVSPropertyOp12
 70
     1
102
RTVSPropertyOp13
 70
     1
102
RTVSPropertyOp14
 70
     1
102
RTVSPropertyOp15
 70
     1
102
RTVSPropertyOp16
 70
     1
102
RTVSPropertyOp17
 70
     1
102
RTVSPropertyOp18
 70
     1
102
RTVSPropertyOp19
 70
     1
102
RTVSPropertyOp20
 70
     1
102
RTVSPropertyOp21
 70
     1
102
RTVSPropertyOp22
 70
     1
102
RTVSPropertyOp23
 70
     1
102
RTVSPropertyOp24
 70
     1
102
RTVSPropertyOp25
 70
     1
102
RTVSPropertyOp26
 70
     1
102
RTVSPropertyOp27
 70
     1
102
RTVSPropertyOp28
 70
     1
102
RTVSPropertyOp29
 70
     1
102
RTVSPropertyOp30
 70
     1
102
RTVSPropertyOp31
 70
     1
102
RTVSPropertyOp32
 70
     1
102
RTVSPropertyOp33
 70
     1
102
RTVSPropertyOp34
 70
     1
102
RTVSPropertyOp35
 70
     1
102
RTVSPropertyOp36
 70
     1
102
RTVSPropertyOp37
 70
     1
102
RTVSPropertyOp38
 70
     1
102
RTVSPropertyOp39
 70
     1
102
RTVSPropertyOp40
 70
     1
102
RTVSPropertyOp41
 70
     1
102
RTVSPropertyOp42
 70
     1
102
RTVSPropertyOp43
 70
     1
102
RTVSPropertyOp44
 70
     1
102
RTVSPropertyOp45
 70
     1
102
RTVSPropertyOp46
 70
     1
102
RTVSPropertyOp47
 70
     1
102
RTVSPropertyOp48
 70
     1
102
RTVSPropertyOp49
 70
     1
102
RTVSPropertyOp50
 70
     1
102
RTVSPropertyOp51
 70
     0
102
RTVSPropertyOp52
 70
     0
102
RTVSPropertyOp53
 70
     1
102
RTVSPropertyOp54
 70
     1
102
RTVSPropertyOp55
 70
     1
102
RTVSPropertyOp56
 70
     1
102
RTVSPropertyOp57
 70
     1
102
RTVSPost2010Prop28
280
     0
102
RTVSPost2010PropOp28
 70
     1
102
RTVSPost2010Prop29
280
     1
102
RTVSPost2010PropOp29
 70
     1
102
RTVSPost2010Prop30
280
     1
102
RTVSPost2010PropOp30
 70
     1
102
RTVSPost2010Prop31
280
     0
102
RTVSPost2010PropOp31
 70
     1
102
RTVSPost2010Prop32
280
     0
102
RTVSPost2010PropOp32
 70
     1
102
RTVSPost2010Prop33
280
     0
102
RTVSPost2010PropOp33
 70
     1
102
RTVSPost2010Prop34
280
     0
102
RTVSPost2010PropOp34
 70
     1
102
RTVSPost2010Prop35
280
     0
102
RTVSPost2010PropOp35
 70
     1
102
RTVSPost2010Prop36
280
     0
102
RTVSPost2010PropOp36
 70
     1
102
RTVSPost2010Prop37
 90
       50
102
RTVSPost2010PropOp37
 70
     1
102
RTVSPost2010Prop38
140
0.0
102
RTVSPost2010PropOp38
 70
     1
102
RTVSPost2010Prop39
140
1.0
102
RTVSPost2010PropOp39
 70
     1
102
RTVSPost2010Prop40
 90
        0
102
RTVSPost2010PropOp40
 70
     1
102
RTVSPost2010Prop41ColorIndex
 90
       18
102
RTVSPost2010Prop41ColorRGB
 90
        0
102
RTVSPost2010PropOp41
 70
     1
102
RTVSPost2010Prop42
 90
       50
102
RTVSPost2010PropOp42
 70
     1
102
RTVSPost2010Prop43
 90
        3
102
RTVSPost2010PropOp43
 70
     1
102
RTVSPost2010Prop44ColorIndex
 90
        5
102
RTVSPost2010Prop44ColorRGB
 90
      255
102
RTVSPost2010PropOp44
 70
     1
102
RTVSPost2010Prop45
280
     0
102
RTVSPost2010PropOp45
 70
     1
102
RTVSPost2010Prop46
 90
       50
102
RTVSPost2010PropOp46
 70
     1
102
RTVSPost2010Prop47
 90
       50
102
RTVSPost2010PropOp47
 70
     1
102
RTVSPost2010Prop48
 90
       50
102
RTVSPost2010PropOp48
 70
     1
102
RTVSPost2010Prop49
280
     0
102
RTVSPost2010PropOp49
 70
     1
102
RTVSPost2010Prop50
 90
       50
102
RTVSPost2010PropOp50
 70
     1
102
RTVSPost2010Prop51ColorIndex
 90
      256
102
RTVSPost2010Prop51ColorRGB
 90
-16777216
102
RTVSPost2010PropOp51
 70
     0
102
RTVSPost2010Prop52
140
1.0
102
RTVSPost2010PropOp52
 70
     0
102
RTVSPost2010Prop53
 90
        2
102
RTVSPost2010PropOp53
 70
     1
102
RTVSPost2010Prop54
  1
strokes_ogs.tif
102
RTVSPost2010PropOp54
 70
     1
102
RTVSPost2010Prop55
280
     0
102
RTVSPost2010PropOp55
 70
     1
102
RTVSPost2010Prop56
140
1.0
102
RTVSPost2010PropOp56
 70
     1
102
RTVSPost2010Prop57
140
1.0
102
RTVSPost2010PropOp57
 70
     1
  0
XRECORD
  5
14A5
102
{ACAD_REACTORS
330
14A4
102
}
330
14A4
100
AcDbXrecord
280
     1
102
RTVSPropertyOp0
 70
     1
102
RTVSPropertyOp1
 70
     1
102
RTVSPropertyOp2
 70
     1
102
RTVSPropertyOp3
 70
     1
102
RTVSPropertyOp4
 70
     1
102
RTVSPropertyOp5
 70
     1
102
RTVSPropertyOp6
 70
     1
102
RTVSPropertyOp7
 70
     1
102
RTVSPropertyOp8
 70
     1
102
RTVSPropertyOp9
 70
     1
102
RTVSPropertyOp10
 70
     1
102
RTVSPropertyOp11
 70
     1
102
RTVSPropertyOp12
 70
     1
102
RTVSPropertyOp13
 70
     1
102
RTVSPropertyOp14
 70
     1
102
RTVSPropertyOp15
 70
     1
102
RTVSPropertyOp16
 70
     1
102
RTVSPropertyOp17
 70
     1
102
RTVSPropertyOp18
 70
     1
102
RTVSPropertyOp19
 70
     1
102
RTVSPropertyOp20
 70
     1
102
RTVSPropertyOp21
 70
     1
102
RTVSPropertyOp22
 70
     1
102
RTVSPropertyOp23
 70
     1
102
RTVSPropertyOp24
 70
     1
102
RTVSPropertyOp25
 70
     1
102
RTVSPropertyOp26
 70
     1
102
RTVSPropertyOp27
 70
     1
102
RTVSPropertyOp28
 70
     1
102
RTVSPropertyOp29
 70
     1
102
RTVSPropertyOp30
 70
     1
102
RTVSPropertyOp31
 70
     1
102
RTVSPropertyOp32
 70
     1
102
RTVSPropertyOp33
 70
     1
102
RTVSPropertyOp34
 70
     1
102
RTVSPropertyOp35
 70
     1
102
RTVSPropertyOp36
 70
     1
102
RTVSPropertyOp37
 70
     1
102
RTVSPropertyOp38
 70
     1
102
RTVSPropertyOp39
 70
     1
102
RTVSPropertyOp40
 70
     1
102
RTVSPropertyOp41
 70
     1
102
RTVSPropertyOp42
 70
     1
102
RTVSPropertyOp43
 70
     1
102
RTVSPropertyOp44
 70
     1
102
RTVSPropertyOp45
 70
     1
102
RTVSPropertyOp46
 70
     1
102
RTVSPropertyOp47
 70
     1
102
RTVSPropertyOp48
 70
     1
102
RTVSPropertyOp49
 70
     1
102
RTVSPropertyOp50
 70
     1
102
RTVSPropertyOp51
 70
     0
102
RTVSPropertyOp52
 70
     0
102
RTVSPropertyOp53
 70
     1
102
RTVSPropertyOp54
 70
     1
102
RTVSPropertyOp55
 70
     1
102
RTVSPropertyOp56
 70
     1
102
RTVSPropertyOp57
 70
     1
102
RTVSPost2010Prop28
280
     0
102
RTVSPost2010PropOp28
 70
     1
102
RTVSPost2010Prop29
280
     1
102
RTVSPost2010PropOp29
 70
     1
102
RTVSPost2010Prop30
280
     1
102
RTVSPost2010PropOp30
 70
     1
102
RTVSPost2010Prop31
280
     0
102
RTVSPost2010PropOp31
 70
     1
102
RTVSPost2010Prop32
280
     0
102
RTVSPost2010PropOp32
 70
     1
102
RTVSPost2010Prop33
280
     0
102
RTVSPost2010PropOp33
 70
     1
102
RTVSPost2010Prop34
280
     0
102
RTVSPost2010PropOp34
 70
     1
102
RTVSPost2010Prop35
280
     0
102
RTVSPost2010PropOp35
 70
     1
102
RTVSPost2010Prop36
280
     0
102
RTVSPost2010PropOp36
 70
     1
102
RTVSPost2010Prop37
 90
       50
102
RTVSPost2010PropOp37
 70
     1
102
RTVSPost2010Prop38
140
0.0
102
RTVSPost2010PropOp38
 70
     1
102
RTVSPost2010Prop39
140
1.0
102
RTVSPost2010PropOp39
 70
     1
102
RTVSPost2010Prop40
 90
        0
102
RTVSPost2010PropOp40
 70
     1
102
RTVSPost2010Prop41ColorIndex
 90
       18
102
RTVSPost2010Prop41ColorRGB
 90
        0
102
RTVSPost2010PropOp41
 70
     1
102
RTVSPost2010Prop42
 90
       50
102
RTVSPost2010PropOp42
 70
     1
102
RTVSPost2010Prop43
 90
        3
102
RTVSPost2010PropOp43
 70
     1
102
RTVSPost2010Prop44ColorIndex
 90
        5
102
RTVSPost2010Prop44ColorRGB
 90
      255
102
RTVSPost2010PropOp44
 70
     1
102
RTVSPost2010Prop45
280
     0
102
RTVSPost2010PropOp45
 70
     1
102
RTVSPost2010Prop46
 90
       50
102
RTVSPost2010PropOp46
 70
     1
102
RTVSPost2010Prop47
 90
       50
102
RTVSPost2010PropOp47
 70
     1
102
RTVSPost2010Prop48
 90
       50
102
RTVSPost2010PropOp48
 70
     1
102
RTVSPost2010Prop49
280
     0
102
RTVSPost2010PropOp49
 70
     1
102
RTVSPost2010Prop50
 90
       50
102
RTVSPost2010PropOp50
 70
     1
102
RTVSPost2010Prop51ColorIndex
 90
      256
102
RTVSPost2010Prop51ColorRGB
 90
-16777216
102
RTVSPost2010PropOp51
 70
     0
102
RTVSPost2010Prop52
140
1.0
102
RTVSPost2010PropOp52
 70
     0
102
RTVSPost2010Prop53
 90
        2
102
RTVSPost2010PropOp53
 70
     1
102
RTVSPost2010Prop54
  1
strokes_ogs.tif
102
RTVSPost2010PropOp54
 70
     1
102
RTVSPost2010Prop55
280
     0
102
RTVSPost2010PropOp55
 70
     1
102
RTVSPost2010Prop56
140
1.0
102
RTVSPost2010PropOp56
 70
     1
102
RTVSPost2010Prop57
140
1.0
102
RTVSPost2010PropOp57
 70
     1
  0
XRECORD
  5
14A7
102
{ACAD_REACTORS
330
14A6
102
}
330
14A6
100
AcDbXrecord
280
     1
102
RTVSPropertyOp0
 70
     1
102
RTVSPropertyOp1
 70
     1
102
RTVSPropertyOp2
 70
     1
102
RTVSPropertyOp3
 70
     1
102
RTVSPropertyOp4
 70
     1
102
RTVSPropertyOp5
 70
     1
102
RTVSPropertyOp6
 70
     1
102
RTVSPropertyOp7
 70
     1
102
RTVSPropertyOp8
 70
     1
102
RTVSPropertyOp9
 70
     1
102
RTVSPropertyOp10
 70
     1
102
RTVSPropertyOp11
 70
     1
102
RTVSPropertyOp12
 70
     1
102
RTVSPropertyOp13
 70
     1
102
RTVSPropertyOp14
 70
     1
102
RTVSPropertyOp15
 70
     1
102
RTVSPropertyOp16
 70
     1
102
RTVSPropertyOp17
 70
     1
102
RTVSPropertyOp18
 70
     1
102
RTVSPropertyOp19
 70
     1
102
RTVSPropertyOp20
 70
     1
102
RTVSPropertyOp21
 70
     1
102
RTVSPropertyOp22
 70
     1
102
RTVSPropertyOp23
 70
     1
102
RTVSPropertyOp24
 70
     1
102
RTVSPropertyOp25
 70
     1
102
RTVSPropertyOp26
 70
     1
102
RTVSPropertyOp27
 70
     1
102
RTVSPropertyOp28
 70
     1
102
RTVSPropertyOp29
 70
     1
102
RTVSPropertyOp30
 70
     1
102
RTVSPropertyOp31
 70
     1
102
RTVSPropertyOp32
 70
     1
102
RTVSPropertyOp33
 70
     1
102
RTVSPropertyOp34
 70
     1
102
RTVSPropertyOp35
 70
     1
102
RTVSPropertyOp36
 70
     1
102
RTVSPropertyOp37
 70
     1
102
RTVSPropertyOp38
 70
     1
102
RTVSPropertyOp39
 70
     1
102
RTVSPropertyOp40
 70
     1
102
RTVSPropertyOp41
 70
     1
102
RTVSPropertyOp42
 70
     1
102
RTVSPropertyOp43
 70
     1
102
RTVSPropertyOp44
 70
     1
102
RTVSPropertyOp45
 70
     1
102
RTVSPropertyOp46
 70
     1
102
RTVSPropertyOp47
 70
     1
102
RTVSPropertyOp48
 70
     1
102
RTVSPropertyOp49
 70
     1
102
RTVSPropertyOp50
 70
     1
102
RTVSPropertyOp51
 70
     0
102
RTVSPropertyOp52
 70
     0
102
RTVSPropertyOp53
 70
     1
102
RTVSPropertyOp54
 70
     1
102
RTVSPropertyOp55
 70
     1
102
RTVSPropertyOp56
 70
     1
102
RTVSPropertyOp57
 70
     1
102
RTVSPost2010Prop28
280
     0
102
RTVSPost2010PropOp28
 70
     1
102
RTVSPost2010Prop29
280
     1
102
RTVSPost2010PropOp29
 70
     1
102
RTVSPost2010Prop30
280
     1
102
RTVSPost2010PropOp30
 70
     1
102
RTVSPost2010Prop31
280
     0
102
RTVSPost2010PropOp31
 70
     1
102
RTVSPost2010Prop32
280
     0
102
RTVSPost2010PropOp32
 70
     1
102
RTVSPost2010Prop33
280
     0
102
RTVSPost2010PropOp33
 70
     1
102
RTVSPost2010Prop34
280
     0
102
RTVSPost2010PropOp34
 70
     1
102
RTVSPost2010Prop35
280
     0
102
RTVSPost2010PropOp35
 70
     1
102
RTVSPost2010Prop36
280
     0
102
RTVSPost2010PropOp36
 70
     1
102
RTVSPost2010Prop37
 90
       50
102
RTVSPost2010PropOp37
 70
     1
102
RTVSPost2010Prop38
140
0.0
102
RTVSPost2010PropOp38
 70
     1
102
RTVSPost2010Prop39
140
1.0
102
RTVSPost2010PropOp39
 70
     1
102
RTVSPost2010Prop40
 90
        0
102
RTVSPost2010PropOp40
 70
     1
102
RTVSPost2010Prop41ColorIndex
 90
       18
102
RTVSPost2010Prop41ColorRGB
 90
        0
102
RTVSPost2010PropOp41
 70
     1
102
RTVSPost2010Prop42
 90
       50
102
RTVSPost2010PropOp42
 70
     1
102
RTVSPost2010Prop43
 90
        3
102
RTVSPost2010PropOp43
 70
     1
102
RTVSPost2010Prop44ColorIndex
 90
        5
102
RTVSPost2010Prop44ColorRGB
 90
      255
102
RTVSPost2010PropOp44
 70
     1
102
RTVSPost2010Prop45
280
     0
102
RTVSPost2010PropOp45
 70
     1
102
RTVSPost2010Prop46
 90
       50
102
RTVSPost2010PropOp46
 70
     1
102
RTVSPost2010Prop47
 90
       50
102
RTVSPost2010PropOp47
 70
     1
102
RTVSPost2010Prop48
 90
       50
102
RTVSPost2010PropOp48
 70
     1
102
RTVSPost2010Prop49
280
     0
102
RTVSPost2010PropOp49
 70
     1
102
RTVSPost2010Prop50
 90
       50
102
RTVSPost2010PropOp50
 70
     1
102
RTVSPost2010Prop51ColorIndex
 90
      256
102
RTVSPost2010Prop51ColorRGB
 90
-16777216
102
RTVSPost2010PropOp51
 70
     0
102
RTVSPost2010Prop52
140
1.0
102
RTVSPost2010PropOp52
 70
     0
102
RTVSPost2010Prop53
 90
        2
102
RTVSPost2010PropOp53
 70
     1
102
RTVSPost2010Prop54
  1
strokes_ogs.tif
102
RTVSPost2010PropOp54
 70
     1
102
RTVSPost2010Prop55
280
     0
102
RTVSPost2010PropOp55
 70
     1
102
RTVSPost2010Prop56
140
1.0
102
RTVSPost2010PropOp56
 70
     1
102
RTVSPost2010Prop57
140
1.0
102
RTVSPost2010PropOp57
 70
     1
  0
XRECORD
  5
14A9
102
{ACAD_REACTORS
330
14A8
102
}
330
14A8
100
AcDbXrecord
280
     1
102
RTVSPropertyOp0
 70
     1
102
RTVSPropertyOp1
 70
     1
102
RTVSPropertyOp2
 70
     1
102
RTVSPropertyOp3
 70
     1
102
RTVSPropertyOp4
 70
     1
102
RTVSPropertyOp5
 70
     1
102
RTVSPropertyOp6
 70
     1
102
RTVSPropertyOp7
 70
     1
102
RTVSPropertyOp8
 70
     1
102
RTVSPropertyOp9
 70
     1
102
RTVSPropertyOp10
 70
     1
102
RTVSPropertyOp11
 70
     1
102
RTVSPropertyOp12
 70
     1
102
RTVSPropertyOp13
 70
     1
102
RTVSPropertyOp14
 70
     1
102
RTVSPropertyOp15
 70
     1
102
RTVSPropertyOp16
 70
     1
102
RTVSPropertyOp17
 70
     1
102
RTVSPropertyOp18
 70
     1
102
RTVSPropertyOp19
 70
     1
102
RTVSPropertyOp20
 70
     1
102
RTVSPropertyOp21
 70
     1
102
RTVSPropertyOp22
 70
     1
102
RTVSPropertyOp23
 70
     1
102
RTVSPropertyOp24
 70
     1
102
RTVSPropertyOp25
 70
     1
102
RTVSPropertyOp26
 70
     1
102
RTVSPropertyOp27
 70
     1
102
RTVSPropertyOp28
 70
     1
102
RTVSPropertyOp29
 70
     1
102
RTVSPropertyOp30
 70
     1
102
RTVSPropertyOp31
 70
     1
102
RTVSPropertyOp32
 70
     1
102
RTVSPropertyOp33
 70
     1
102
RTVSPropertyOp34
 70
     1
102
RTVSPropertyOp35
 70
     1
102
RTVSPropertyOp36
 70
     1
102
RTVSPropertyOp37
 70
     1
102
RTVSPropertyOp38
 70
     1
102
RTVSPropertyOp39
 70
     1
102
RTVSPropertyOp40
 70
     1
102
RTVSPropertyOp41
 70
     1
102
RTVSPropertyOp42
 70
     1
102
RTVSPropertyOp43
 70
     1
102
RTVSPropertyOp44
 70
     1
102
RTVSPropertyOp45
 70
     1
102
RTVSPropertyOp46
 70
     1
102
RTVSPropertyOp47
 70
     1
102
RTVSPropertyOp48
 70
     1
102
RTVSPropertyOp49
 70
     1
102
RTVSPropertyOp50
 70
     1
102
RTVSPropertyOp51
 70
     0
102
RTVSPropertyOp52
 70
     0
102
RTVSPropertyOp53
 70
     1
102
RTVSPropertyOp54
 70
     1
102
RTVSPropertyOp55
 70
     1
102
RTVSPropertyOp56
 70
     1
102
RTVSPropertyOp57
 70
     1
102
RTVSPost2010Prop28
280
     0
102
RTVSPost2010PropOp28
 70
     1
102
RTVSPost2010Prop29
280
     1
102
RTVSPost2010PropOp29
 70
     1
102
RTVSPost2010Prop30
280
     1
102
RTVSPost2010PropOp30
 70
     1
102
RTVSPost2010Prop31
280
     0
102
RTVSPost2010PropOp31
 70
     1
102
RTVSPost2010Prop32
280
     0
102
RTVSPost2010PropOp32
 70
     1
102
RTVSPost2010Prop33
280
     0
102
RTVSPost2010PropOp33
 70
     1
102
RTVSPost2010Prop34
280
     0
102
RTVSPost2010PropOp34
 70
     1
102
RTVSPost2010Prop35
280
     0
102
RTVSPost2010PropOp35
 70
     1
102
RTVSPost2010Prop36
280
     0
102
RTVSPost2010PropOp36
 70
     1
102
RTVSPost2010Prop37
 90
       50
102
RTVSPost2010PropOp37
 70
     1
102
RTVSPost2010Prop38
140
0.0
102
RTVSPost2010PropOp38
 70
     1
102
RTVSPost2010Prop39
140
1.0
102
RTVSPost2010PropOp39
 70
     1
102
RTVSPost2010Prop40
 90
        0
102
RTVSPost2010PropOp40
 70
     1
102
RTVSPost2010Prop41ColorIndex
 90
       18
102
RTVSPost2010Prop41ColorRGB
 90
        0
102
RTVSPost2010PropOp41
 70
     1
102
RTVSPost2010Prop42
 90
       50
102
RTVSPost2010PropOp42
 70
     1
102
RTVSPost2010Prop43
 90
        3
102
RTVSPost2010PropOp43
 70
     1
102
RTVSPost2010Prop44ColorIndex
 90
        5
102
RTVSPost2010Prop44ColorRGB
 90
      255
102
RTVSPost2010PropOp44
 70
     1
102
RTVSPost2010Prop45
280
     0
102
RTVSPost2010PropOp45
 70
     1
102
RTVSPost2010Prop46
 90
       50
102
RTVSPost2010PropOp46
 70
     1
102
RTVSPost2010Prop47
 90
       50
102
RTVSPost2010PropOp47
 70
     1
102
RTVSPost2010Prop48
 90
       50
102
RTVSPost2010PropOp48
 70
     1
102
RTVSPost2010Prop49
280
     0
102
RTVSPost2010PropOp49
 70
     1
102
RTVSPost2010Prop50
 90
       50
102
RTVSPost2010PropOp50
 70
     1
102
RTVSPost2010Prop51ColorIndex
 90
      256
102
RTVSPost2010Prop51ColorRGB
 90
-16777216
102
RTVSPost2010PropOp51
 70
     0
102
RTVSPost2010Prop52
140
1.0
102
RTVSPost2010PropOp52
 70
     0
102
RTVSPost2010Prop53
 90
        2
102
RTVSPost2010PropOp53
 70
     1
102
RTVSPost2010Prop54
  1
strokes_ogs.tif
102
RTVSPost2010PropOp54
 70
     1
102
RTVSPost2010Prop55
280
     0
102
RTVSPost2010PropOp55
 70
     1
102
RTVSPost2010Prop56
140
1.0
102
RTVSPost2010PropOp56
 70
     1
102
RTVSPost2010Prop57
140
1.0
102
RTVSPost2010PropOp57
 70
     1
  0
XRECORD
  5
14AB
102
{ACAD_REACTORS
330
14AA
102
}
330
14AA
100
AcDbXrecord
280
     1
102
RTVSPropertyOp0
 70
     1
102
RTVSPropertyOp1
 70
     1
102
RTVSPropertyOp2
 70
     1
102
RTVSPropertyOp3
 70
     1
102
RTVSPropertyOp4
 70
     1
102
RTVSPropertyOp5
 70
     1
102
RTVSPropertyOp6
 70
     1
102
RTVSPropertyOp7
 70
     1
102
RTVSPropertyOp8
 70
     1
102
RTVSPropertyOp9
 70
     1
102
RTVSPropertyOp10
 70
     1
102
RTVSPropertyOp11
 70
     1
102
RTVSPropertyOp12
 70
     1
102
RTVSPropertyOp13
 70
     1
102
RTVSPropertyOp14
 70
     1
102
RTVSPropertyOp15
 70
     1
102
RTVSPropertyOp16
 70
     1
102
RTVSPropertyOp17
 70
     1
102
RTVSPropertyOp18
 70
     1
102
RTVSPropertyOp19
 70
     1
102
RTVSPropertyOp20
 70
     1
102
RTVSPropertyOp21
 70
     1
102
RTVSPropertyOp22
 70
     1
102
RTVSPropertyOp23
 70
     1
102
RTVSPropertyOp24
 70
     1
102
RTVSPropertyOp25
 70
     1
102
RTVSPropertyOp26
 70
     1
102
RTVSPropertyOp27
 70
     1
102
RTVSPropertyOp28
 70
     1
102
RTVSPropertyOp29
 70
     1
102
RTVSPropertyOp30
 70
     1
102
RTVSPropertyOp31
 70
     1
102
RTVSPropertyOp32
 70
     1
102
RTVSPropertyOp33
 70
     1
102
RTVSPropertyOp34
 70
     1
102
RTVSPropertyOp35
 70
     1
102
RTVSPropertyOp36
 70
     1
102
RTVSPropertyOp37
 70
     1
102
RTVSPropertyOp38
 70
     1
102
RTVSPropertyOp39
 70
     1
102
RTVSPropertyOp40
 70
     1
102
RTVSPropertyOp41
 70
     1
102
RTVSPropertyOp42
 70
     1
102
RTVSPropertyOp43
 70
     1
102
RTVSPropertyOp44
 70
     1
102
RTVSPropertyOp45
 70
     1
102
RTVSPropertyOp46
 70
     1
102
RTVSPropertyOp47
 70
     1
102
RTVSPropertyOp48
 70
     1
102
RTVSPropertyOp49
 70
     1
102
RTVSPropertyOp50
 70
     1
102
RTVSPropertyOp51
 70
     0
102
RTVSPropertyOp52
 70
     0
102
RTVSPropertyOp53
 70
     1
102
RTVSPropertyOp54
 70
     1
102
RTVSPropertyOp55
 70
     1
102
RTVSPropertyOp56
 70
     1
102
RTVSPropertyOp57
 70
     1
102
RTVSPost2010Prop28
280
     0
102
RTVSPost2010PropOp28
 70
     1
102
RTVSPost2010Prop29
280
     1
102
RTVSPost2010PropOp29
 70
     1
102
RTVSPost2010Prop30
280
     1
102
RTVSPost2010PropOp30
 70
     1
102
RTVSPost2010Prop31
280
     0
102
RTVSPost2010PropOp31
 70
     1
102
RTVSPost2010Prop32
280
     0
102
RTVSPost2010PropOp32
 70
     1
102
RTVSPost2010Prop33
280
     0
102
RTVSPost2010PropOp33
 70
     1
102
RTVSPost2010Prop34
280
     0
102
RTVSPost2010PropOp34
 70
     1
102
RTVSPost2010Prop35
280
     0
102
RTVSPost2010PropOp35
 70
     1
102
RTVSPost2010Prop36
280
     0
102
RTVSPost2010PropOp36
 70
     1
102
RTVSPost2010Prop37
 90
       50
102
RTVSPost2010PropOp37
 70
     1
102
RTVSPost2010Prop38
140
0.0
102
RTVSPost2010PropOp38
 70
     1
102
RTVSPost2010Prop39
140
1.0
102
RTVSPost2010PropOp39
 70
     1
102
RTVSPost2010Prop40
 90
        0
102
RTVSPost2010PropOp40
 70
     1
102
RTVSPost2010Prop41ColorIndex
 90
       18
102
RTVSPost2010Prop41ColorRGB
 90
        0
102
RTVSPost2010PropOp41
 70
     1
102
RTVSPost2010Prop42
 90
       50
102
RTVSPost2010PropOp42
 70
     1
102
RTVSPost2010Prop43
 90
        3
102
RTVSPost2010PropOp43
 70
     1
102
RTVSPost2010Prop44ColorIndex
 90
        5
102
RTVSPost2010Prop44ColorRGB
 90
      255
102
RTVSPost2010PropOp44
 70
     1
102
RTVSPost2010Prop45
280
     0
102
RTVSPost2010PropOp45
 70
     1
102
RTVSPost2010Prop46
 90
       50
102
RTVSPost2010PropOp46
 70
     1
102
RTVSPost2010Prop47
 90
       50
102
RTVSPost2010PropOp47
 70
     1
102
RTVSPost2010Prop48
 90
       50
102
RTVSPost2010PropOp48
 70
     1
102
RTVSPost2010Prop49
280
     0
102
RTVSPost2010PropOp49
 70
     1
102
RTVSPost2010Prop50
 90
       50
102
RTVSPost2010PropOp50
 70
     1
102
RTVSPost2010Prop51ColorIndex
 90
      256
102
RTVSPost2010Prop51ColorRGB
 90
-16777216
102
RTVSPost2010PropOp51
 70
     0
102
RTVSPost2010Prop52
140
1.0
102
RTVSPost2010PropOp52
 70
     0
102
RTVSPost2010Prop53
 90
        2
102
RTVSPost2010PropOp53
 70
     1
102
RTVSPost2010Prop54
  1
strokes_ogs.tif
102
RTVSPost2010PropOp54
 70
     1
102
RTVSPost2010Prop55
280
     0
102
RTVSPost2010PropOp55
 70
     1
102
RTVSPost2010Prop56
140
1.0
102
RTVSPost2010PropOp56
 70
     1
102
RTVSPost2010Prop57
140
1.0
102
RTVSPost2010PropOp57
 70
     1
  0
XRECORD
  5
14AD
102
{ACAD_REACTORS
330
14AC
102
}
330
14AC
100
AcDbXrecord
280
     1
102
RTVSPropertyOp0
 70
     1
102
RTVSPropertyOp1
 70
     1
102
RTVSPropertyOp2
 70
     1
102
RTVSPropertyOp3
 70
     1
102
RTVSPropertyOp4
 70
     1
102
RTVSPropertyOp5
 70
     1
102
RTVSPropertyOp6
 70
     1
102
RTVSPropertyOp7
 70
     1
102
RTVSPropertyOp8
 70
     1
102
RTVSPropertyOp9
 70
     1
102
RTVSPropertyOp10
 70
     1
102
RTVSPropertyOp11
 70
     1
102
RTVSPropertyOp12
 70
     1
102
RTVSPropertyOp13
 70
     1
102
RTVSPropertyOp14
 70
     1
102
RTVSPropertyOp15
 70
     1
102
RTVSPropertyOp16
 70
     1
102
RTVSPropertyOp17
 70
     1
102
RTVSPropertyOp18
 70
     1
102
RTVSPropertyOp19
 70
     1
102
RTVSPropertyOp20
 70
     1
102
RTVSPropertyOp21
 70
     1
102
RTVSPropertyOp22
 70
     1
102
RTVSPropertyOp23
 70
     1
102
RTVSPropertyOp24
 70
     1
102
RTVSPropertyOp25
 70
     1
102
RTVSPropertyOp26
 70
     1
102
RTVSPropertyOp27
 70
     1
102
RTVSPropertyOp28
 70
     1
102
RTVSPropertyOp29
 70
     1
102
RTVSPropertyOp30
 70
     1
102
RTVSPropertyOp31
 70
     1
102
RTVSPropertyOp32
 70
     1
102
RTVSPropertyOp33
 70
     1
102
RTVSPropertyOp34
 70
     1
102
RTVSPropertyOp35
 70
     1
102
RTVSPropertyOp36
 70
     1
102
RTVSPropertyOp37
 70
     1
102
RTVSPropertyOp38
 70
     1
102
RTVSPropertyOp39
 70
     1
102
RTVSPropertyOp40
 70
     1
102
RTVSPropertyOp41
 70
     1
102
RTVSPropertyOp42
 70
     1
102
RTVSPropertyOp43
 70
     1
102
RTVSPropertyOp44
 70
     1
102
RTVSPropertyOp45
 70
     1
102
RTVSPropertyOp46
 70
     1
102
RTVSPropertyOp47
 70
     1
102
RTVSPropertyOp48
 70
     1
102
RTVSPropertyOp49
 70
     1
102
RTVSPropertyOp50
 70
     1
102
RTVSPropertyOp51
 70
     0
102
RTVSPropertyOp52
 70
     0
102
RTVSPropertyOp53
 70
     1
102
RTVSPropertyOp54
 70
     1
102
RTVSPropertyOp55
 70
     1
102
RTVSPropertyOp56
 70
     1
102
RTVSPropertyOp57
 70
     1
102
RTVSPost2010Prop28
280
     0
102
RTVSPost2010PropOp28
 70
     1
102
RTVSPost2010Prop29
280
     1
102
RTVSPost2010PropOp29
 70
     1
102
RTVSPost2010Prop30
280
     1
102
RTVSPost2010PropOp30
 70
     1
102
RTVSPost2010Prop31
280
     0
102
RTVSPost2010PropOp31
 70
     1
102
RTVSPost2010Prop32
280
     0
102
RTVSPost2010PropOp32
 70
     1
102
RTVSPost2010Prop33
280
     0
102
RTVSPost2010PropOp33
 70
     1
102
RTVSPost2010Prop34
280
     0
102
RTVSPost2010PropOp34
 70
     1
102
RTVSPost2010Prop35
280
     0
102
RTVSPost2010PropOp35
 70
     1
102
RTVSPost2010Prop36
280
     0
102
RTVSPost2010PropOp36
 70
     1
102
RTVSPost2010Prop37
 90
       50
102
RTVSPost2010PropOp37
 70
     1
102
RTVSPost2010Prop38
140
0.0
102
RTVSPost2010PropOp38
 70
     1
102
RTVSPost2010Prop39
140
1.0
102
RTVSPost2010PropOp39
 70
     1
102
RTVSPost2010Prop40
 90
        0
102
RTVSPost2010PropOp40
 70
     1
102
RTVSPost2010Prop41ColorIndex
 90
       18
102
RTVSPost2010Prop41ColorRGB
 90
        0
102
RTVSPost2010PropOp41
 70
     1
102
RTVSPost2010Prop42
 90
       50
102
RTVSPost2010PropOp42
 70
     1
102
RTVSPost2010Prop43
 90
        3
102
RTVSPost2010PropOp43
 70
     1
102
RTVSPost2010Prop44ColorIndex
 90
        5
102
RTVSPost2010Prop44ColorRGB
 90
      255
102
RTVSPost2010PropOp44
 70
     1
102
RTVSPost2010Prop45
280
     0
102
RTVSPost2010PropOp45
 70
     1
102
RTVSPost2010Prop46
 90
       50
102
RTVSPost2010PropOp46
 70
     1
102
RTVSPost2010Prop47
 90
       50
102
RTVSPost2010PropOp47
 70
     1
102
RTVSPost2010Prop48
 90
       50
102
RTVSPost2010PropOp48
 70
     1
102
RTVSPost2010Prop49
280
     0
102
RTVSPost2010PropOp49
 70
     1
102
RTVSPost2010Prop50
 90
       50
102
RTVSPost2010PropOp50
 70
     1
102
RTVSPost2010Prop51ColorIndex
 90
      256
102
RTVSPost2010Prop51ColorRGB
 90
-16777216
102
RTVSPost2010PropOp51
 70
     0
102
RTVSPost2010Prop52
140
1.0
102
RTVSPost2010PropOp52
 70
     0
102
RTVSPost2010Prop53
 90
        2
102
RTVSPost2010PropOp53
 70
     1
102
RTVSPost2010Prop54
  1
strokes_ogs.tif
102
RTVSPost2010PropOp54
 70
     1
102
RTVSPost2010Prop55
280
     0
102
RTVSPost2010PropOp55
 70
     1
102
RTVSPost2010Prop56
140
1.0
102
RTVSPost2010PropOp56
 70
     1
102
RTVSPost2010Prop57
140
1.0
102
RTVSPost2010PropOp57
 70
     1
  0
XRECORD
  5
14AF
102
{ACAD_REACTORS
330
14AE
102
}
330
14AE
100
AcDbXrecord
280
     1
102
RTVSPropertyOp0
 70
     1
102
RTVSPropertyOp1
 70
     1
102
RTVSPropertyOp2
 70
     1
102
RTVSPropertyOp3
 70
     1
102
RTVSPropertyOp4
 70
     1
102
RTVSPropertyOp5
 70
     1
102
RTVSPropertyOp6
 70
     1
102
RTVSPropertyOp7
 70
     1
102
RTVSPropertyOp8
 70
     1
102
RTVSPropertyOp9
 70
     1
102
RTVSPropertyOp10
 70
     1
102
RTVSPropertyOp11
 70
     1
102
RTVSPropertyOp12
 70
     1
102
RTVSPropertyOp13
 70
     1
102
RTVSPropertyOp14
 70
     1
102
RTVSPropertyOp15
 70
     1
102
RTVSPropertyOp16
 70
     1
102
RTVSPropertyOp17
 70
     1
102
RTVSPropertyOp18
 70
     1
102
RTVSPropertyOp19
 70
     1
102
RTVSPropertyOp20
 70
     1
102
RTVSPropertyOp21
 70
     1
102
RTVSPropertyOp22
 70
     1
102
RTVSPropertyOp23
 70
     1
102
RTVSPropertyOp24
 70
     1
102
RTVSPropertyOp25
 70
     1
102
RTVSPropertyOp26
 70
     1
102
RTVSPropertyOp27
 70
     1
102
RTVSPropertyOp28
 70
     1
102
RTVSPropertyOp29
 70
     1
102
RTVSPropertyOp30
 70
     1
102
RTVSPropertyOp31
 70
     1
102
RTVSPropertyOp32
 70
     1
102
RTVSPropertyOp33
 70
     1
102
RTVSPropertyOp34
 70
     1
102
RTVSPropertyOp35
 70
     1
102
RTVSPropertyOp36
 70
     1
102
RTVSPropertyOp37
 70
     1
102
RTVSPropertyOp38
 70
     1
102
RTVSPropertyOp39
 70
     1
102
RTVSPropertyOp40
 70
     1
102
RTVSPropertyOp41
 70
     1
102
RTVSPropertyOp42
 70
     1
102
RTVSPropertyOp43
 70
     1
102
RTVSPropertyOp44
 70
     1
102
RTVSPropertyOp45
 70
     1
102
RTVSPropertyOp46
 70
     1
102
RTVSPropertyOp47
 70
     1
102
RTVSPropertyOp48
 70
     1
102
RTVSPropertyOp49
 70
     1
102
RTVSPropertyOp50
 70
     1
102
RTVSPropertyOp51
 70
     0
102
RTVSPropertyOp52
 70
     0
102
RTVSPropertyOp53
 70
     1
102
RTVSPropertyOp54
 70
     1
102
RTVSPropertyOp55
 70
     1
102
RTVSPropertyOp56
 70
     1
102
RTVSPropertyOp57
 70
     1
102
RTVSPost2010Prop28
280
     0
102
RTVSPost2010PropOp28
 70
     1
102
RTVSPost2010Prop29
280
     1
102
RTVSPost2010PropOp29
 70
     1
102
RTVSPost2010Prop30
280
     1
102
RTVSPost2010PropOp30
 70
     1
102
RTVSPost2010Prop31
280
     0
102
RTVSPost2010PropOp31
 70
     1
102
RTVSPost2010Prop32
280
     0
102
RTVSPost2010PropOp32
 70
     1
102
RTVSPost2010Prop33
280
     0
102
RTVSPost2010PropOp33
 70
     1
102
RTVSPost2010Prop34
280
     0
102
RTVSPost2010PropOp34
 70
     1
102
RTVSPost2010Prop35
280
     0
102
RTVSPost2010PropOp35
 70
     1
102
RTVSPost2010Prop36
280
     0
102
RTVSPost2010PropOp36
 70
     1
102
RTVSPost2010Prop37
 90
       50
102
RTVSPost2010PropOp37
 70
     1
102
RTVSPost2010Prop38
140
0.0
102
RTVSPost2010PropOp38
 70
     1
102
RTVSPost2010Prop39
140
1.0
102
RTVSPost2010PropOp39
 70
     1
102
RTVSPost2010Prop40
 90
        0
102
RTVSPost2010PropOp40
 70
     1
102
RTVSPost2010Prop41ColorIndex
 90
       18
102
RTVSPost2010Prop41ColorRGB
 90
        0
102
RTVSPost2010PropOp41
 70
     1
102
RTVSPost2010Prop42
 90
       50
102
RTVSPost2010PropOp42
 70
     1
102
RTVSPost2010Prop43
 90
        3
102
RTVSPost2010PropOp43
 70
     1
102
RTVSPost2010Prop44ColorIndex
 90
        5
102
RTVSPost2010Prop44ColorRGB
 90
      255
102
RTVSPost2010PropOp44
 70
     1
102
RTVSPost2010Prop45
280
     0
102
RTVSPost2010PropOp45
 70
     1
102
RTVSPost2010Prop46
 90
       50
102
RTVSPost2010PropOp46
 70
     1
102
RTVSPost2010Prop47
 90
       50
102
RTVSPost2010PropOp47
 70
     1
102
RTVSPost2010Prop48
 90
       50
102
RTVSPost2010PropOp48
 70
     1
102
RTVSPost2010Prop49
280
     0
102
RTVSPost2010PropOp49
 70
     1
102
RTVSPost2010Prop50
 90
       50
102
RTVSPost2010PropOp50
 70
     1
102
RTVSPost2010Prop51ColorIndex
 90
      256
102
RTVSPost2010Prop51ColorRGB
 90
-16777216
102
RTVSPost2010PropOp51
 70
     0
102
RTVSPost2010Prop52
140
1.0
102
RTVSPost2010PropOp52
 70
     0
102
RTVSPost2010Prop53
 90
        2
102
RTVSPost2010PropOp53
 70
     1
102
RTVSPost2010Prop54
  1
strokes_ogs.tif
102
RTVSPost2010PropOp54
 70
     1
102
RTVSPost2010Prop55
280
     0
102
RTVSPost2010PropOp55
 70
     1
102
RTVSPost2010Prop56
140
1.0
102
RTVSPost2010PropOp56
 70
     1
102
RTVSPost2010Prop57
140
1.0
102
RTVSPost2010PropOp57
 70
     1
  0
ENDSEC
  0
EOF
